match_id,date,league,league_name,stufe,season,team,gegner,gegner_platz_spieltag,gegner_spiele_spieltag,gegnerstaerke,faire_heimquote,odds_quelle,minute,endstand,ergebnis,treffer
SC0-0506-2005-07-30-hibernian-dunfermline,2005-07-30,SC0,Scottish Premiership,1,0506,hibernian,dunfermline,,0,unbekannt,1.7955,B365,12,1:1,unentschieden,0
D1-0506-2005-08-07-schalke-04-kaiserslautern,2005-08-07,D1,Bundesliga,1,0506,schalke 04,kaiserslautern,,0,unbekannt,1.6786,B365,33,2:1,sieg,1
E1-0506-2005-08-09-norwich-crewe,2005-08-09,E1,Championship,2,0506,norwich,crewe,5,1,stark,1.6786,B365,19,1:1,unentschieden,0
D1-0506-2005-08-14-stuttgart-koln,2005-08-14,D1,Bundesliga,1,0506,stuttgart,koln,7,1,schwach,1.6604,B365,8,2:3,niederlage,0
N1-0506-2005-08-21-psv-eindhoven-vitesse,2005-08-21,N1,Eredivisie,1,0506,psv eindhoven,vitesse,11,1,schwach,1.3971,B365,21,2:1,sieg,1
E0-0506-2005-08-24-arsenal-fulham,2005-08-24,E0,Premier League,1,0506,Arsenal,Fulham,15,2,schwach,1.3157,B365,22,4:1,sieg,1
D1-0506-2005-08-27-hamburg-hannover,2005-08-27,D1,Bundesliga,1,0506,hamburg,hannover,9,2,schwach,1.6667,B365,18,1:1,unentschieden,0
E0-0506-2005-09-10-newcastle-fulham,2005-09-10,E0,Premier League,1,0506,Newcastle,Fulham,14,4,schwach,1.7419,B365,13,1:1,unentschieden,0
SP1-0506-2005-09-10-real-madrid-celta,2005-09-10,SP1,La Liga,1,0506,real madrid,celta,2,1,stark,1.3889,B365,8,2:3,niederlage,0
SC0-0506-2005-09-10-hibernian-dundee-united,2005-09-10,SC0,Scottish Premiership,1,0506,hibernian,dundee united,8,5,schwach,1.782,B365,14,2:1,sieg,1
E1-0506-2005-09-10-leeds-brighton,2005-09-10,E1,Championship,2,0506,Leeds,Brighton,16,6,schwach,1.782,B365,28,3:3,unentschieden,0
E1-0506-2005-09-10-southampton-qpr,2005-09-10,E1,Championship,2,0506,Southampton,qpr,13,6,schwach,1.782,B365,32,1:1,unentschieden,0
D1-0506-2005-09-17-werder-bremen-dortmund,2005-09-17,D1,Bundesliga,1,0506,werder bremen,dortmund,9,4,schwach,1.7931,B365,8,3:2,sieg,1
N1-0506-2005-09-18-feyenoord-heerenveen,2005-09-18,N1,Eredivisie,1,0506,feyenoord,heerenveen,10,4,schwach,1.5733,B365,12,5:1,sieg,1
SP1-0506-2005-09-21-villarreal-celta,2005-09-21,SP1,La Liga,1,0506,villarreal,celta,3,3,stark,1.7931,B365,27,1:2,niederlage,0
F1-0506-2005-09-21-st-etienne-nancy,2005-09-21,F1,Ligue 1,1,0506,st etienne,nancy,18,7,schwach,1.7959,B365,31,0:2,niederlage,0
SP1-0506-2005-09-22-real-madrid-ath-bilbao,2005-09-22,SP1,La Liga,1,0506,real madrid,ath bilbao,14,3,schwach,1.552,B365,25,3:1,sieg,1
F1-0506-2005-09-22-lyon-lens,2005-09-22,F1,Ligue 1,1,0506,lyon,lens,7,7,schwach,1.7959,B365,6,1:1,unentschieden,0
E0-0506-2005-09-24-man-united-blackburn,2005-09-24,E0,Premier League,1,0506,Manchester United,blackburn,18,6,schwach,1.4002,B365,33,1:2,niederlage,0
F1-0506-2005-09-24-marseille-metz,2005-09-24,F1,Ligue 1,1,0506,marseille,metz,20,8,schwach,1.7472,B365,11,3:1,sieg,1
SC0-0506-2005-09-24-kilmarnock-falkirk,2005-09-24,SC0,Scottish Premiership,1,0506,kilmarnock,falkirk,10,7,schwach,1.734,B365,11,1:1,unentschieden,0
E0-0506-2005-09-25-middlesbrough-sunderland,2005-09-25,E0,Premier League,1,0506,middlesbrough,Sunderland,20,6,schwach,1.6901,B365,2,0:2,niederlage,0
E1-0506-2005-09-30-wolves-burnley,2005-09-30,E1,Championship,2,0506,Wolves,Burnley,19,11,schwach,1.5534,B365,23,0:1,niederlage,0
SP1-0506-2005-10-02-la-coruna-osasuna,2005-10-02,SP1,La Liga,1,0506,la coruna,osasuna,7,5,schwach,1.7901,B365,19,0:1,niederlage,0
I1-0506-2005-10-02-roma-siena,2005-10-02,I1,Serie A,1,0506,roma,siena,12,5,schwach,1.6557,B365,17,2:3,niederlage,0
E0-0506-2005-10-15-chelsea-bolton,2005-10-15,E0,Premier League,1,0506,Chelsea,bolton,6,8,stark,1.3829,B365,4,5:1,sieg,1
D1-0506-2005-10-15-hamburg-wolfsburg,2005-10-15,D1,Bundesliga,1,0506,hamburg,wolfsburg,7,8,schwach,1.7501,B365,19,0:1,niederlage,0
N1-0506-2005-10-16-feyenoord-groningen,2005-10-16,N1,Eredivisie,1,0506,feyenoord,groningen,12,7,schwach,1.4066,B365,9,4:1,sieg,1
SP1-0506-2005-10-23-real-madrid-valencia,2005-10-23,SP1,La Liga,1,0506,real madrid,valencia,6,7,stark,1.7901,B365,22,1:2,niederlage,0
I1-0506-2005-10-23-milan-palermo,2005-10-23,I1,Serie A,1,0506,milan,palermo,7,7,schwach,1.5056,B365,28,2:1,sieg,1
I1-0506-2005-10-26-inter-roma,2005-10-26,I1,Serie A,1,0506,inter,roma,14,8,schwach,1.7419,B365,11,2:3,niederlage,0
SP1-0506-2005-10-27-valencia-sevilla,2005-10-27,SP1,La Liga,1,0506,valencia,sevilla,10,8,schwach,1.7901,B365,20,0:2,niederlage,0
D1-0506-2005-10-29-werder-bremen-ein-frankfurt,2005-10-29,D1,Bundesliga,1,0506,werder bremen,ein frankfurt,13,10,schwach,1.5654,B365,19,4:1,sieg,1
SC0-0506-2005-10-29-rangers-inverness-c,2005-10-29,SC0,Scottish Premiership,1,0506,rangers,inverness c,8,12,schwach,1.3457,B365,26,1:1,unentschieden,0
I1-0506-2005-10-30-fiorentina-cagliari,2005-10-30,I1,Serie A,1,0506,fiorentina,cagliari,19,9,schwach,1.5213,B365,23,2:1,sieg,1
D1-0506-2005-11-05-bayern-munich-werder-bremen,2005-11-05,D1,Bundesliga,1,0506,bayern munich,werder bremen,2,11,stark,1.7931,B365,1,3:1,sieg,1
F1-0506-2005-11-19-lyon-troyes,2005-11-19,F1,Ligue 1,1,0506,lyon,troyes,16,14,schwach,1.3889,B365,21,2:1,sieg,1
SC0-0506-2005-11-26-celtic-dunfermline,2005-11-26,SC0,Scottish Premiership,1,0506,celtic,dunfermline,12,15,schwach,1.2114,B365,17,0:1,niederlage,0
I1-0506-2005-11-27-juventus-treviso,2005-11-27,I1,Serie A,1,0506,juventus,treviso,18,12,schwach,1.2297,B365,25,3:1,sieg,1
E0-0506-2005-12-03-tottenham-sunderland,2005-12-03,E0,Premier League,1,0506,Tottenham,Sunderland,20,15,schwach,1.4402,B365,16,3:2,sieg,1
N1-0506-2005-12-10-heerenveen-willem-ii,2005-12-10,N1,Eredivisie,1,0506,heerenveen,willem ii,17,13,schwach,1.6667,B365,10,3:3,unentschieden,0
E0-0506-2005-12-11-man-united-everton,2005-12-11,E0,Premier League,1,0506,Manchester United,Everton,17,14,schwach,1.3972,B365,7,1:1,unentschieden,0
E0-0506-2005-12-12-tottenham-portsmouth,2005-12-12,E0,Premier League,1,0506,Tottenham,portsmouth,19,15,schwach,1.552,B365,24,3:1,sieg,1
F1-0506-2005-12-16-lyon-lille,2005-12-16,F1,Ligue 1,1,0506,lyon,lille,8,18,schwach,1.6287,B365,8,1:3,niederlage,0
F1-0506-2005-12-17-auxerre-nancy,2005-12-17,F1,Ligue 1,1,0506,auxerre,nancy,15,18,schwach,1.7282,B365,5,0:1,niederlage,0
N1-0506-2005-12-17-psv-eindhoven-willem-ii,2005-12-17,N1,Eredivisie,1,0506,psv eindhoven,willem ii,17,15,schwach,1.2558,B365,15,4:1,sieg,1
SP1-0506-2005-12-18-villarreal-getafe,2005-12-18,SP1,La Liga,1,0506,villarreal,getafe,9,15,schwach,1.6901,B365,20,2:1,sieg,1
SP1-0506-2005-12-21-real-madrid-santander,2005-12-21,SP1,La Liga,1,0506,real madrid,santander,14,16,schwach,1.3462,B365,21,1:2,niederlage,0
E1-0506-2005-12-31-burnley-sheffield-weds,2005-12-31,E1,Championship,2,0506,Burnley,sheffield weds,23,26,schwach,1.782,B365,5,1:2,niederlage,0
E0-0506-2006-01-02-blackburn-portsmouth,2006-01-02,E0,Premier League,1,0506,blackburn,portsmouth,18,20,schwach,1.7901,B365,3,2:1,sieg,1
E0-0506-2006-01-02-fulham-sunderland,2006-01-02,E0,Premier League,1,0506,Fulham,Sunderland,20,19,schwach,1.6901,B365,7,2:1,sieg,1
F1-0506-2006-01-04-st-etienne-troyes,2006-01-04,F1,Ligue 1,1,0506,st etienne,troyes,16,19,schwach,1.7959,B365,34,1:1,unentschieden,0
I1-0506-2006-01-08-lazio-ascoli,2006-01-08,I1,Serie A,1,0506,lazio,ascoli,15,17,schwach,1.6901,B365,13,4:1,sieg,1
I1-0506-2006-01-08-milan-parma,2006-01-08,I1,Serie A,1,0506,milan,parma,16,17,schwach,1.2753,B365,24,4:3,sieg,1
F1-0506-2006-01-11-lens-nancy,2006-01-11,F1,Ligue 1,1,0506,lens,nancy,12,20,schwach,1.7472,B365,29,1:2,niederlage,0
F1-0506-2006-01-11-lyon-marseille,2006-01-11,F1,Ligue 1,1,0506,lyon,marseille,7,20,schwach,1.7472,B365,19,2:1,sieg,1
SC0-0506-2006-01-14-hibernian-aberdeen,2006-01-14,SC0,Scottish Premiership,1,0506,hibernian,aberdeen,8,21,schwach,1.782,B365,4,1:2,niederlage,0
SP1-0506-2006-01-15-barcelona-ath-bilbao,2006-01-15,SP1,La Liga,1,0506,barcelona,ath bilbao,19,18,schwach,1.2558,B365,16,2:1,sieg,1
SP1-0506-2006-01-15-la-coruna-alaves,2006-01-15,SP1,La Liga,1,0506,la coruna,alaves,20,18,schwach,1.552,B365,22,0:2,niederlage,0
N1-0506-2006-01-15-ajax-nijmegen,2006-01-15,N1,Eredivisie,1,0506,ajax,nijmegen,9,17,schwach,1.4267,B365,5,1:1,unentschieden,0
F1-0506-2006-01-21-bordeaux-strasbourg,2006-01-21,F1,Ligue 1,1,0506,bordeaux,strasbourg,18,22,schwach,1.6167,B365,9,2:1,sieg,1
N1-0506-2006-01-21-az-alkmaar-groningen,2006-01-21,N1,Eredivisie,1,0506,az alkmaar,groningen,5,19,stark,1.4803,B365,16,1:1,unentschieden,0
N1-0506-2006-01-21-vitesse-willem-ii,2006-01-21,N1,Eredivisie,1,0506,vitesse,willem ii,17,19,schwach,1.6786,B365,24,2:1,sieg,1
I1-0506-2006-01-22-juventus-empoli,2006-01-22,I1,Serie A,1,0506,juventus,empoli,15,20,schwach,1.2297,B365,3,2:1,sieg,1
I1-0506-2006-01-22-livorno-treviso,2006-01-22,I1,Serie A,1,0506,livorno,treviso,20,20,schwach,1.6861,B365,7,1:1,unentschieden,0
N1-0506-2006-01-29-ajax-utrecht,2006-01-29,N1,Eredivisie,1,0506,ajax,utrecht,7,20,schwach,1.6786,B365,2,1:4,niederlage,0
E0-0506-2006-02-01-arsenal-west-ham,2006-02-01,E0,Premier League,1,0506,Arsenal,West Ham,9,23,schwach,1.51,B365,25,2:3,niederlage,0
N1-0506-2006-02-03-willem-ii-roosendaal,2006-02-03,N1,Eredivisie,1,0506,willem ii,roosendaal,18,21,schwach,1.6894,B365,2,3:1,sieg,1
D1-0506-2006-02-04-hamburg-bielefeld,2006-02-04,D1,Bundesliga,1,0506,hamburg,bielefeld,12,18,schwach,1.4722,B365,26,2:1,sieg,1
D1-0506-2006-02-04-werder-bremen-mainz,2006-02-04,D1,Bundesliga,1,0506,werder bremen,mainz,13,18,schwach,1.4044,B365,1,4:2,sieg,1
F1-0506-2006-02-04-paris-sg-st-etienne,2006-02-04,F1,Ligue 1,1,0506,paris sg,st etienne,10,23,schwach,1.7419,B365,16,2:2,unentschieden,0
N1-0506-2006-02-04-psv-eindhoven-roda-jc,2006-02-04,N1,Eredivisie,1,0506,psv eindhoven,roda jc,11,21,schwach,1.3889,B365,2,3:2,sieg,1
SP1-0506-2006-02-05-barcelona-ath-madrid,2006-02-05,SP1,La Liga,1,0506,barcelona,ath madrid,11,21,schwach,1.51,B365,33,1:3,niederlage,0
SP1-0506-2006-02-05-villarreal-cadiz,2006-02-05,SP1,La Liga,1,0506,villarreal,cadiz,16,21,schwach,1.6604,B365,1,1:1,unentschieden,0
I1-0506-2006-02-08-roma-cagliari,2006-02-08,I1,Serie A,1,0506,roma,cagliari,16,23,schwach,1.51,B365,15,4:3,sieg,1
E0-0506-2006-02-11-arsenal-bolton,2006-02-11,E0,Premier League,1,0506,Arsenal,bolton,7,23,schwach,1.625,B365,12,1:1,unentschieden,0
E1-0506-2006-02-11-wolves-crewe,2006-02-11,E1,Championship,2,0506,Wolves,crewe,24,32,schwach,1.6,B365,6,1:1,unentschieden,0
SC0-0506-2006-02-18-kilmarnock-livingston,2006-02-18,SC0,Scottish Premiership,1,0506,kilmarnock,livingston,12,26,schwach,1.5213,B365,14,3:1,sieg,1
E0-0506-2006-02-19-tottenham-wigan,2006-02-19,E0,Premier League,1,0506,Tottenham,wigan,9,26,schwach,1.7931,B365,10,2:2,unentschieden,0
I1-0506-2006-02-19-fiorentina-lazio,2006-02-19,I1,Serie A,1,0506,fiorentina,lazio,9,25,schwach,1.7954,B365,34,1:2,niederlage,0
N1-0506-2006-02-19-az-alkmaar-utrecht,2006-02-19,N1,Eredivisie,1,0506,az alkmaar,utrecht,8,24,schwach,1.6667,B365,3,2:3,niederlage,0
F1-0506-2006-02-25-bordeaux-metz,2006-02-25,F1,Ligue 1,1,0506,bordeaux,metz,20,26,schwach,1.5213,B365,15,3:3,unentschieden,0
F1-0506-2006-02-25-lyon-rennes,2006-02-25,F1,Ligue 1,1,0506,lyon,rennes,12,27,schwach,1.5213,B365,20,1:4,niederlage,0
E1-0506-2006-02-25-sheffield-united-qpr,2006-02-25,E1,Championship,2,0506,Sheffield United,qpr,15,34,schwach,1.65,B365,6,2:3,niederlage,0
I1-0506-2006-02-26-juventus-lecce,2006-02-26,I1,Serie A,1,0506,juventus,lecce,19,26,schwach,1.2558,B365,10,3:1,sieg,1
SP1-0506-2006-03-04-villarreal-alaves,2006-03-04,SP1,La Liga,1,0506,villarreal,alaves,18,25,schwach,1.6978,B365,11,3:2,sieg,1
D1-0506-2006-03-04-bayern-munich-hamburg,2006-03-04,D1,Bundesliga,1,0506,bayern munich,hamburg,3,23,stark,1.6576,B365,16,1:2,niederlage,0
E1-0506-2006-03-04-watford-derby,2006-03-04,E1,Championship,2,0506,watford,derby,19,36,schwach,1.734,B365,19,2:2,unentschieden,0
SC0-0506-2006-03-11-dundee-united-livingston,2006-03-11,SC0,Scottish Premiership,1,0506,dundee united,livingston,12,28,schwach,1.7501,B365,17,3:1,sieg,1
D1-0506-2006-03-18-leverkusen-mainz,2006-03-18,D1,Bundesliga,1,0506,leverkusen,mainz,15,25,schwach,1.6978,B365,34,1:2,niederlage,0
SP1-0506-2006-03-21-barcelona-getafe,2006-03-21,SP1,La Liga,1,0506,barcelona,getafe,11,28,schwach,1.3462,B365,5,3:1,sieg,1
D1-0506-2006-03-25-hamburg-dortmund,2006-03-25,D1,Bundesliga,1,0506,hamburg,dortmund,8,26,schwach,1.7901,B365,25,2:4,niederlage,0
I1-0506-2006-03-25-milan-fiorentina,2006-03-25,I1,Serie A,1,0506,milan,fiorentina,4,30,stark,1.7419,B365,12,3:1,sieg,1
I1-0506-2006-03-26-siena-lecce,2006-03-26,I1,Serie A,1,0506,siena,lecce,19,30,schwach,1.7472,B365,4,1:2,niederlage,0
E0-0506-2006-03-27-tottenham-west-brom,2006-03-27,E0,Premier League,1,0506,Tottenham,west brom,17,30,schwach,1.552,B365,21,2:1,sieg,1
E0-0506-2006-04-09-chelsea-west-ham,2006-04-09,E0,Premier League,1,0506,Chelsea,West Ham,9,32,schwach,1.3234,B365,10,4:1,sieg,1
I1-0506-2006-04-09-milan-chievo,2006-04-09,I1,Serie A,1,0506,milan,chievo,6,32,stark,1.4356,B365,13,4:1,sieg,1
I1-0506-2006-04-22-juventus-lazio,2006-04-22,I1,Serie A,1,0506,juventus,lazio,6,34,stark,1.7955,B365,29,1:1,unentschieden,0
SP1-0506-2006-04-23-real-madrid-malaga,2006-04-23,SP1,La Liga,1,0506,real madrid,malaga,20,33,schwach,1.2945,B365,22,2:1,sieg,1
F1-0506-2006-04-30-bordeaux-le-mans,2006-04-30,F1,Ligue 1,1,0506,bordeaux,le mans,9,35,schwach,1.7472,B365,20,2:2,unentschieden,0
D1-0506-2006-05-03-bayern-munich-stuttgart,2006-05-03,D1,Bundesliga,1,0506,bayern munich,stuttgart,8,31,schwach,1.5056,B365,6,3:1,sieg,1
F1-0506-2006-05-06-nice-metz,2006-05-06,F1,Ligue 1,1,0506,nice,metz,20,36,schwach,1.6786,B365,22,2:1,sieg,1
F1-0506-2006-05-06-paris-sg-ajaccio,2006-05-06,F1,Ligue 1,1,0506,paris sg,ajaccio,19,36,schwach,1.6057,B365,19,2:4,niederlage,0
E0-0506-2006-05-07-everton-west-brom,2006-05-07,E0,Premier League,1,0506,Everton,west brom,19,37,schwach,1.7901,B365,14,2:2,unentschieden,0
D1-0506-2006-05-13-bayern-munich-dortmund,2006-05-13,D1,Bundesliga,1,0506,bayern munich,dortmund,7,33,schwach,1.6727,B365,2,3:3,unentschieden,0
F1-0506-2006-05-13-lens-nantes,2006-05-13,F1,Ligue 1,1,0506,lens,nantes,14,37,schwach,1.6215,B365,8,3:1,sieg,1
F1-0506-2006-05-13-lyon-le-mans,2006-05-13,F1,Ligue 1,1,0506,lyon,le mans,10,37,schwach,1.6786,B365,15,8:1,sieg,1
I1-0506-2006-05-14-sampdoria-lecce,2006-05-14,I1,Serie A,1,0506,sampdoria,lecce,19,37,schwach,1.7713,B365,25,1:3,niederlage,0
B1-0607-2006-08-04-standard-charleroi,2006-08-04,B1,Belgien Pro League,1,0607,standard,charleroi,9,1,schwach,1.6055,B365,1,1:2,niederlage,0
B1-0607-2006-08-05-gent-mouscron,2006-08-05,B1,Belgien Pro League,1,0607,gent,mouscron,6,1,stark,1.7955,B365,5,1:3,niederlage,0
SC0-0607-2006-08-05-rangers-dundee-united,2006-08-05,SC0,Scottish Premiership,1,0607,rangers,dundee united,8,1,schwach,1.2389,B365,15,2:2,unentschieden,0
D1-0607-2006-08-12-hamburg-bielefeld,2006-08-12,D1,Bundesliga,1,0607,hamburg,bielefeld,,0,unbekannt,1.552,B365,32,1:1,unentschieden,0
D1-0607-2006-08-19-werder-bremen-leverkusen,2006-08-19,D1,Bundesliga,1,0607,werder bremen,leverkusen,2,1,stark,1.7931,B365,15,2:1,sieg,1
G1-0607-2006-08-19-olympiakos-xanthi,2006-08-19,G1,Griechenland Super League,1,0607,olympiakos,xanthi,,0,unbekannt,1.4028,B365,5,2:1,sieg,1
E0-0607-2006-08-26-liverpool-west-ham,2006-08-26,E0,Premier League,1,0607,Liverpool,West Ham,3,2,stark,1.552,B365,12,2:1,sieg,1
P1-0607-2006-08-26-sp-lisbon-boavista,2006-08-26,P1,Primeira Liga,1,0607,sp lisbon,boavista,,0,unbekannt,1.7153,B365,17,3:2,sieg,1
G1-0607-2006-08-26-panathinaikos-ionikos,2006-08-26,G1,Griechenland Super League,1,0607,panathinaikos,ionikos,8,1,schwach,1.285,B365,29,0:2,niederlage,0
SC0-0607-2006-08-26-celtic-hibernian,2006-08-26,SC0,Scottish Premiership,1,0607,celtic,hibernian,8,4,schwach,1.4267,B365,8,2:1,sieg,1
E0-0607-2006-09-09-arsenal-middlesbrough,2006-09-09,E0,Premier League,1,0607,Arsenal,middlesbrough,16,3,schwach,1.4402,B365,22,1:1,unentschieden,0
F1-0607-2006-09-09-bordeaux-nice,2006-09-09,F1,Ligue 1,1,0607,bordeaux,nice,20,4,schwach,1.7431,B365,29,3:2,sieg,1
N1-0607-2006-09-10-groningen-heracles,2006-09-10,N1,Eredivisie,1,0607,groningen,heracles,7,2,schwach,1.7153,B365,1,2:1,sieg,1
D1-0607-2006-09-16-nurnberg-bochum,2006-09-16,D1,Bundesliga,1,0607,nurnberg,bochum,18,3,schwach,1.7399,B365,10,1:1,unentschieden,0
F1-0607-2006-09-16-lille-toulouse,2006-09-16,F1,Ligue 1,1,0607,lille,toulouse,10,5,schwach,1.7447,B365,17,1:3,niederlage,0
N1-0607-2006-09-17-az-alkmaar-twente,2006-09-17,N1,Eredivisie,1,0607,az alkmaar,twente,12,3,schwach,1.435,B365,14,2:2,unentschieden,0
P1-0607-2006-09-18-sp-braga-leiria,2006-09-18,P1,Primeira Liga,1,0607,sp braga,leiria,13,2,schwach,1.7153,B365,8,0:1,niederlage,0
I1-0607-2006-09-20-palermo-catania,2006-09-20,I1,Serie A,1,0607,palermo,catania,8,2,schwach,1.6861,B365,27,5:3,sieg,1
F1-0607-2006-09-23-bordeaux-troyes,2006-09-23,F1,Ligue 1,1,0607,bordeaux,troyes,15,6,schwach,1.6786,B365,10,2:1,sieg,1
SC0-0607-2006-09-23-hibernian-falkirk,2006-09-23,SC0,Scottish Premiership,1,0607,hibernian,falkirk,10,7,schwach,1.714,B365,9,0:1,niederlage,0
SP1-0607-2006-09-24-barcelona-valencia,2006-09-24,SP1,La Liga,1,0607,barcelona,valencia,4,3,stark,1.6607,B365,17,1:1,unentschieden,0
SP2-0607-2006-09-30-malaga-las-palmas,2006-09-30,SP2,LaLiga 2,2,0607,malaga,las palmas,21,5,schwach,1.7685,B365,21,3:1,sieg,1
SP1-0607-2006-10-01-real-madrid-ath-madrid,2006-10-01,SP1,La Liga,1,0607,real madrid,ath madrid,5,4,stark,1.7931,B365,6,1:1,unentschieden,0
SP1-0607-2006-10-01-zaragoza-levante,2006-10-01,SP1,La Liga,1,0607,zaragoza,levante,11,4,schwach,1.7399,B365,22,2:2,unentschieden,0
N1-0607-2006-10-01-az-alkmaar-den-haag,2006-10-01,N1,Eredivisie,1,0607,az alkmaar,den haag,18,5,schwach,1.2988,B365,5,2:2,unentschieden,0
N1-0607-2006-10-01-feyenoord-nac-breda,2006-10-01,N1,Eredivisie,1,0607,feyenoord,nac breda,12,5,schwach,1.455,B365,13,3:2,sieg,1
T1-0607-2006-10-01-fenerbahce-bursaspor,2006-10-01,T1,Süper Lig,1,0607,fenerbahce,bursaspor,12,7,schwach,1.3724,B365,16,0:1,niederlage,0
E0-0607-2006-10-14-liverpool-blackburn,2006-10-14,E0,Premier League,1,0607,Liverpool,blackburn,9,7,schwach,1.552,B365,17,1:1,unentschieden,0
B1-0607-2006-10-14-standard-roeselare,2006-10-14,B1,Belgien Pro League,1,0607,standard,roeselare,13,8,schwach,1.5733,B365,21,2:1,sieg,1
T1-0607-2006-10-14-trabzonspor-erciyesspor,2006-10-14,T1,Süper Lig,1,0607,trabzonspor,erciyesspor,17,8,schwach,1.5327,B365,10,3:1,sieg,1
I1-0607-2006-10-15-inter-catania,2006-10-15,I1,Serie A,1,0607,inter,catania,15,5,schwach,1.2888,B365,16,2:1,sieg,1
I1-0607-2006-10-15-palermo-atalanta,2006-10-15,I1,Serie A,1,0607,palermo,atalanta,13,5,schwach,1.6978,B365,13,2:3,niederlage,0
N1-0607-2006-10-15-psv-eindhoven-roda-jc,2006-10-15,N1,Eredivisie,1,0607,psv eindhoven,roda jc,6,6,stark,1.5367,B365,4,4:1,sieg,1
D1-0607-2006-10-20-dortmund-bochum,2006-10-20,D1,Bundesliga,1,0607,dortmund,bochum,18,7,schwach,1.552,B365,30,1:1,unentschieden,0
SC0-0607-2006-10-21-hearts-kilmarnock,2006-10-21,SC0,Scottish Premiership,1,0607,hearts,kilmarnock,4,10,stark,1.6283,B365,28,0:2,niederlage,0
P1-0607-2006-10-22-benfica-est-amadora,2006-10-22,P1,Primeira Liga,1,0607,benfica,est amadora,16,6,schwach,1.366,B365,14,3:1,sieg,1
D2-0607-2006-10-22-hansa-rostock-offenbach,2006-10-22,D2,2. Bundesliga,2,0607,hansa rostock,offenbach,16,7,schwach,1.5654,B365,7,2:1,sieg,1
I1-0607-2006-10-25-palermo-messina,2006-10-25,I1,Serie A,1,0607,palermo,messina,12,7,schwach,1.6143,B365,7,2:1,sieg,1
I1-0607-2006-10-25-roma-ascoli,2006-10-25,I1,Serie A,1,0607,roma,ascoli,19,7,schwach,1.3462,B365,22,2:2,unentschieden,0
E0-0607-2006-10-28-arsenal-everton,2006-10-28,E0,Premier League,1,0607,Arsenal,Everton,6,9,stark,1.5056,B365,11,1:1,unentschieden,0
F1-0607-2006-10-28-bordeaux-sedan,2006-10-28,F1,Ligue 1,1,0607,bordeaux,sedan,16,10,schwach,1.6719,B365,18,3:1,sieg,1
P1-0607-2006-10-29-sp-braga-maritimo,2006-10-29,P1,Primeira Liga,1,0607,sp braga,maritimo,8,7,schwach,1.7771,B365,4,1:4,niederlage,0
D1-0607-2006-11-04-leverkusen-mainz,2006-11-04,D1,Bundesliga,1,0607,leverkusen,mainz,17,9,schwach,1.6143,B365,29,1:1,unentschieden,0
P1-0607-2006-11-04-boavista-aves,2006-11-04,P1,Primeira Liga,1,0607,boavista,aves,16,8,schwach,1.6214,B365,8,2:1,sieg,1
SP1-0607-2006-11-05-villarreal-betis,2006-11-05,SP1,La Liga,1,0607,villarreal,betis,18,8,schwach,1.7901,B365,4,3:2,sieg,1
D1-0607-2006-11-10-werder-bremen-dortmund,2006-11-10,D1,Bundesliga,1,0607,werder bremen,dortmund,10,11,schwach,1.552,B365,7,1:3,niederlage,0
I1-0607-2006-11-11-fiorentina-atalanta,2006-11-11,I1,Serie A,1,0607,fiorentina,atalanta,5,10,stark,1.7901,B365,25,3:1,sieg,1
T1-0607-2006-11-11-besiktas-sivasspor,2006-11-11,T1,Süper Lig,1,0607,besiktas,sivasspor,17,12,schwach,1.3971,B365,15,0:1,niederlage,0
SP1-0607-2006-11-12-barcelona-zaragoza,2006-11-12,SP1,La Liga,1,0607,barcelona,zaragoza,3,9,stark,1.552,B365,17,3:1,sieg,1
E0-0607-2006-11-18-arsenal-newcastle,2006-11-18,E0,Premier League,1,0607,Arsenal,Newcastle,18,12,schwach,1.3462,B365,30,1:1,unentschieden,0
E0-0607-2006-11-18-portsmouth-watford,2006-11-18,E0,Premier League,1,0607,portsmouth,watford,19,12,schwach,1.7399,B365,32,2:1,sieg,1
D1-0607-2006-11-18-bayern-munich-stuttgart,2006-11-18,D1,Bundesliga,1,0607,bayern munich,stuttgart,1,12,stark,1.6978,B365,8,2:1,sieg,1
N1-0607-2006-11-18-nijmegen-sparta,2006-11-18,N1,Eredivisie,1,0607,nijmegen,sparta,17,12,schwach,1.7258,B365,34,1:2,niederlage,0
G1-0607-2006-11-18-aek-kerkyra,2006-11-18,G1,Griechenland Super League,1,0607,aek,kerkyra,6,10,stark,1.3382,B365,2,4:1,sieg,1
N1-0607-2006-11-19-ajax-twente,2006-11-19,N1,Eredivisie,1,0607,ajax,twente,5,12,stark,1.5279,B365,8,1:1,unentschieden,0
P1-0607-2006-11-24-boavista-est-amadora,2006-11-24,P1,Primeira Liga,1,0607,boavista,est amadora,15,10,schwach,1.5887,B365,11,1:1,unentschieden,0
SP1-0607-2006-11-25-ath-madrid-sociedad,2006-11-25,SP1,La Liga,1,0607,ath madrid,sociedad,20,11,schwach,1.5056,B365,24,1:1,unentschieden,0
N1-0607-2006-11-26-groningen-den-haag,2006-11-26,N1,Eredivisie,1,0607,groningen,den haag,18,13,schwach,1.5084,B365,3,2:5,niederlage,0
G1-0607-2006-11-26-panathinaikos-kalamaria,2006-11-26,G1,Griechenland Super League,1,0607,panathinaikos,kalamaria,14,11,schwach,1.2418,B365,4,3:2,sieg,1
I1-0607-2006-12-02-roma-atalanta,2006-12-02,I1,Serie A,1,0607,roma,atalanta,11,13,schwach,1.4356,B365,20,2:1,sieg,1
SC0-0607-2006-12-02-hibernian-dundee-united,2006-12-02,SC0,Scottish Premiership,1,0607,hibernian,dundee united,9,16,schwach,1.6727,B365,24,2:1,sieg,1
P1-0607-2006-12-03-sp-braga-academica,2006-12-03,P1,Primeira Liga,1,0607,sp braga,academica,11,11,schwach,1.6444,B365,2,4:2,sieg,1
G1-0607-2006-12-03-larisa-ergotelis,2006-12-03,G1,Griechenland Super League,1,0607,larisa,ergotelis,12,12,schwach,1.7377,B365,26,2:1,sieg,1
T1-0607-2006-12-10-galatasaray-bursaspor,2006-12-10,T1,Süper Lig,1,0607,galatasaray,bursaspor,6,16,stark,1.4532,B365,4,3:1,sieg,1
G1-0607-2006-12-10-olympiakos-egaleo,2006-12-10,G1,Griechenland Super League,1,0607,olympiakos,egaleo,8,13,schwach,1.2418,B365,22,3:2,sieg,1
G1-0607-2006-12-10-paok-atromitos,2006-12-10,G1,Griechenland Super League,1,0607,paok,atromitos,10,13,schwach,1.4988,B365,11,0:3,niederlage,0
E0-0607-2006-12-23-arsenal-blackburn,2006-12-23,E0,Premier League,1,0607,Arsenal,blackburn,16,17,schwach,1.4356,B365,3,6:2,sieg,1
E0-0607-2006-12-23-portsmouth-sheffield-united,2006-12-23,E0,Premier League,1,0607,portsmouth,Sheffield United,15,18,schwach,1.7931,B365,4,3:1,sieg,1
I1-0607-2006-12-23-inter-atalanta,2006-12-23,I1,Serie A,1,0607,inter,atalanta,11,17,schwach,1.3462,B365,17,2:1,sieg,1
N1-0607-2006-12-23-feyenoord-sparta,2006-12-23,N1,Eredivisie,1,0607,feyenoord,sparta,14,17,schwach,1.3889,B365,16,3:2,sieg,1
SC0-0607-2006-12-23-kilmarnock-motherwell,2006-12-23,SC0,Scottish Premiership,1,0607,kilmarnock,motherwell,11,19,schwach,1.7692,B365,15,1:2,niederlage,0
SC0-0607-2006-12-26-celtic-dundee-united,2006-12-26,SC0,Scottish Premiership,1,0607,celtic,dundee united,8,20,schwach,1.2382,B365,17,2:2,unentschieden,0
E0-0607-2006-12-30-chelsea-fulham,2006-12-30,E0,Premier League,1,0607,Chelsea,Fulham,12,20,schwach,1.2297,B365,16,2:2,unentschieden,0
SC0-0607-2006-12-30-rangers-st-mirren,2006-12-30,SC0,Scottish Premiership,1,0607,rangers,st mirren,11,21,schwach,1.34,B365,14,1:1,unentschieden,0
N1-0607-2006-12-31-az-alkmaar-roda-jc,2006-12-31,N1,Eredivisie,1,0607,az alkmaar,roda jc,12,19,schwach,1.3889,B365,23,2:2,unentschieden,0
E1-0607-2007-01-13-cardiff-southend,2007-01-13,E1,Championship,2,0607,cardiff,southend,24,27,schwach,1.782,B365,23,0:1,niederlage,0
G1-0607-2007-01-14-aek-ofi,2007-01-14,G1,Griechenland Super League,1,0607,aek,ofi,5,16,stark,1.3491,B365,18,3:1,sieg,1
I1-0607-2007-01-21-inter-fiorentina,2007-01-21,I1,Serie A,1,0607,inter,fiorentina,4,19,stark,1.6557,B365,5,3:1,sieg,1
F1-0607-2007-01-24-lyon-bordeaux,2007-01-24,F1,Ligue 1,1,0607,lyon,bordeaux,8,20,schwach,1.538,B365,3,1:2,niederlage,0
F1-0607-2007-01-24-sochaux-sedan,2007-01-24,F1,Ligue 1,1,0607,sochaux,sedan,20,20,schwach,1.6719,B365,22,1:1,unentschieden,0
I1-0607-2007-01-28-fiorentina-livorno,2007-01-28,I1,Serie A,1,0607,fiorentina,livorno,14,20,schwach,1.6604,B365,27,2:1,sieg,1
D1-0607-2007-01-31-schalke-04-aachen,2007-01-31,D1,Bundesliga,1,0607,schalke 04,aachen,14,18,schwach,1.4278,B365,17,2:1,sieg,1
P1-0607-2007-02-03-sp-lisbon-nacional,2007-02-03,P1,Primeira Liga,1,0607,sp lisbon,nacional,6,16,stark,1.6005,B365,26,5:1,sieg,1
SP1-0607-2007-02-04-real-madrid-levante,2007-02-04,SP1,La Liga,1,0607,real madrid,levante,18,20,schwach,1.384,B365,11,0:1,niederlage,0
B1-0607-2007-02-17-anderlecht-mouscron,2007-02-17,B1,Belgien Pro League,1,0607,anderlecht,mouscron,15,21,schwach,1.2777,B365,7,2:1,sieg,1
SC0-0607-2007-02-17-hearts-st-mirren,2007-02-17,SC0,Scottish Premiership,1,0607,hearts,st mirren,11,26,schwach,1.6034,B365,14,1:1,unentschieden,0
E1-0607-2007-02-17-southampton-barnsley,2007-02-17,E1,Championship,2,0607,Southampton,barnsley,22,32,schwach,1.592,B365,2,5:2,sieg,1
F1-0607-2007-02-24-lyon-sochaux,2007-02-24,F1,Ligue 1,1,0607,lyon,sochaux,4,25,stark,1.5213,B365,9,3:3,unentschieden,0
F1-0607-2007-02-24-rennes-sedan,2007-02-24,F1,Ligue 1,1,0607,rennes,sedan,20,25,schwach,1.7959,B365,14,0:2,niederlage,0
B1-0607-2007-02-24-charleroi-beveren,2007-02-24,B1,Belgien Pro League,1,0607,charleroi,beveren,17,22,schwach,1.6667,B365,21,2:1,sieg,1
I1-0607-2007-02-25-udinese-parma,2007-02-25,I1,Serie A,1,0607,udinese,parma,19,23,schwach,1.7955,B365,8,3:3,unentschieden,0
D2-0607-2007-02-25-koln-paderborn,2007-02-25,D2,2. Bundesliga,2,0607,koln,paderborn,13,22,schwach,1.7086,B365,18,1:1,unentschieden,0
P1-0607-2007-02-26-sp-braga-est-amadora,2007-02-26,P1,Primeira Liga,1,0607,sp braga,est amadora,12,18,schwach,1.7771,B365,12,2:1,sieg,1
I1-0607-2007-02-28-lazio-catania,2007-02-28,I1,Serie A,1,0607,lazio,catania,11,25,schwach,1.6557,B365,17,3:1,sieg,1
I1-0607-2007-03-03-milan-chievo,2007-03-03,I1,Serie A,1,0607,milan,chievo,16,25,schwach,1.51,B365,16,3:1,sieg,1
SP1-0607-2007-03-04-zaragoza-sociedad,2007-03-04,SP1,La Liga,1,0607,zaragoza,sociedad,19,24,schwach,1.6604,B365,17,3:2,sieg,1
D1-0607-2007-03-04-dortmund-cottbus,2007-03-04,D1,Bundesliga,1,0607,dortmund,cottbus,15,23,schwach,1.7399,B365,6,2:3,niederlage,0
I1-0607-2007-03-04-fiorentina-torino,2007-03-04,I1,Serie A,1,0607,fiorentina,torino,15,25,schwach,1.5056,B365,15,5:1,sieg,1
N1-0607-2007-03-04-ajax-heerenveen,2007-03-04,N1,Eredivisie,1,0607,ajax,heerenveen,8,26,schwach,1.384,B365,18,0:1,niederlage,0
I1-0607-2007-03-11-siena-ascoli,2007-03-11,I1,Serie A,1,0607,siena,ascoli,20,26,schwach,1.7954,B365,23,0:1,niederlage,0
F1-0607-2007-03-11-lens-sedan,2007-03-11,F1,Ligue 1,1,0607,lens,sedan,20,27,schwach,1.6604,B365,2,1:1,unentschieden,0
N1-0607-2007-03-11-vitesse-den-haag,2007-03-11,N1,Eredivisie,1,0607,vitesse,den haag,18,27,schwach,1.6775,B365,11,2:2,unentschieden,0
G1-0607-2007-03-11-panathinaikos-ergotelis,2007-03-11,G1,Griechenland Super League,1,0607,panathinaikos,ergotelis,11,24,schwach,1.2631,B365,19,0:1,niederlage,0
E1-0607-2007-03-13-derby-qpr,2007-03-13,E1,Championship,2,0607,derby,qpr,21,36,schwach,1.5914,B365,14,1:1,unentschieden,0
E1-0607-2007-03-13-sunderland-stoke,2007-03-13,E1,Championship,2,0607,Sunderland,stoke,9,37,schwach,1.6978,B365,22,2:2,unentschieden,0
E1-0607-2007-03-16-southampton-colchester,2007-03-16,E1,Championship,2,0607,Southampton,colchester,11,38,schwach,1.7238,B365,4,1:2,niederlage,0
SP1-0607-2007-03-17-valencia-santander,2007-03-17,SP1,La Liga,1,0607,valencia,santander,10,26,schwach,1.6604,B365,20,0:2,niederlage,0
T1-0607-2007-03-17-trabzonspor-ankaragucu,2007-03-17,T1,Süper Lig,1,0607,trabzonspor,ankaragucu,12,24,schwach,1.7102,B365,14,0:1,niederlage,0
G1-0607-2007-03-18-panathinaikos-atromitos,2007-03-18,G1,Griechenland Super League,1,0607,panathinaikos,atromitos,10,25,schwach,1.2988,B365,32,1:2,niederlage,0
E0-0607-2007-03-31-man-united-blackburn,2007-03-31,E0,Premier League,1,0607,Manchester United,blackburn,10,30,schwach,1.4356,B365,29,4:1,sieg,1
E0-0607-2007-04-06-everton-fulham,2007-04-06,E0,Premier League,1,0607,Everton,Fulham,15,31,schwach,1.7901,B365,22,4:1,sieg,1
T1-0607-2007-04-06-galatasaray-erciyesspor,2007-04-06,T1,Süper Lig,1,0607,galatasaray,erciyesspor,17,26,schwach,1.384,B365,14,0:1,niederlage,0
D1-0607-2007-04-08-leverkusen-bochum,2007-04-08,D1,Bundesliga,1,0607,leverkusen,bochum,16,27,schwach,1.7399,B365,8,1:4,niederlage,0
N1-0607-2007-04-08-twente-heracles,2007-04-08,N1,Eredivisie,1,0607,twente,heracles,16,30,schwach,1.3678,B365,8,1:1,unentschieden,0
E0-0607-2007-04-14-arsenal-bolton,2007-04-14,E0,Premier League,1,0607,Arsenal,bolton,5,33,stark,1.7931,B365,11,2:1,sieg,1
I1-0607-2007-04-15-inter-palermo,2007-04-15,I1,Serie A,1,0607,inter,palermo,6,31,stark,1.5056,B365,3,2:2,unentschieden,0
G1-0607-2007-04-15-aek-egaleo,2007-04-15,G1,Griechenland Super League,1,0607,aek,egaleo,14,26,schwach,1.3218,B365,17,5:2,sieg,1
D1-0607-2007-04-20-werder-bremen-aachen,2007-04-20,D1,Bundesliga,1,0607,werder bremen,aachen,14,29,schwach,1.3523,B365,2,3:1,sieg,1
SC0-0607-2007-04-21-rangers-hearts,2007-04-21,SC0,Scottish Premiership,1,0607,rangers,hearts,4,33,stark,1.7501,B365,16,2:1,sieg,1
D1-0607-2007-04-22-hamburg-mainz,2007-04-22,D1,Bundesliga,1,0607,hamburg,mainz,17,29,schwach,1.7931,B365,12,2:2,unentschieden,0
I1-0607-2007-04-22-chievo-livorno,2007-04-22,I1,Serie A,1,0607,chievo,livorno,12,32,schwach,1.7954,B365,18,2:1,sieg,1
E0-0607-2007-04-28-chelsea-bolton,2007-04-28,E0,Premier League,1,0607,Chelsea,bolton,6,35,stark,1.384,B365,19,2:2,unentschieden,0
B1-0607-2007-04-28-gent-bergen,2007-04-28,B1,Belgien Pro League,1,0607,gent,bergen,9,30,schwach,1.5,B365,8,4:1,sieg,1
E1-0607-2007-04-28-southend-luton,2007-04-28,E1,Championship,2,0607,southend,Luton,24,44,schwach,1.782,B365,20,1:3,niederlage,0
T1-0607-2007-05-06-galatasaray-antalyaspor,2007-05-06,T1,Süper Lig,1,0607,galatasaray,antalyaspor,13,30,schwach,1.4532,B365,12,1:1,unentschieden,0
E1-0607-2007-05-06-southampton-southend,2007-05-06,E1,Championship,2,0607,Southampton,southend,23,45,schwach,1.3273,B365,13,4:1,sieg,1
SP1-0607-2007-05-12-real-madrid-espanol,2007-05-12,SP1,La Liga,1,0607,real madrid,espanol,11,33,schwach,1.3462,B365,15,4:3,sieg,1
D1-0607-2007-05-12-werder-bremen-ein-frankfurt,2007-05-12,D1,Bundesliga,1,0607,werder bremen,ein frankfurt,14,32,schwach,1.4044,B365,13,1:2,niederlage,0
E0-0607-2007-05-13-liverpool-charlton,2007-05-13,E0,Premier League,1,0607,Liverpool,charlton,19,37,schwach,1.4722,B365,2,2:2,unentschieden,0
D1-0607-2007-05-19-stuttgart-cottbus,2007-05-19,D1,Bundesliga,1,0607,stuttgart,cottbus,13,33,schwach,1.228,B365,19,2:1,sieg,1
I1-0607-2007-05-27-roma-messina,2007-05-27,I1,Serie A,1,0607,roma,messina,19,37,schwach,1.2558,B365,9,4:3,sieg,1
SP1-0607-2007-06-09-barcelona-espanol,2007-06-09,SP1,La Liga,1,0607,barcelona,espanol,12,36,schwach,1.3157,B365,30,2:2,unentschieden,0
SP1-0607-2007-06-09-betis-osasuna,2007-06-09,SP1,La Liga,1,0607,betis,osasuna,14,36,schwach,1.7931,B365,32,0:5,niederlage,0
SP1-0607-2007-06-09-villarreal-ath-bilbao,2007-06-09,SP1,La Liga,1,0607,villarreal,ath bilbao,17,36,schwach,1.7931,B365,22,3:1,sieg,1
SP1-0607-2007-06-17-celta-getafe,2007-06-17,SP1,La Liga,1,0607,celta,getafe,9,37,schwach,1.5101,B365,26,2:1,sieg,1
SP1-0607-2007-06-17-real-madrid-mallorca,2007-06-17,SP1,La Liga,1,0607,real madrid,mallorca,11,37,schwach,1.1903,B365,17,3:1,sieg,1
F2-0708-2007-08-10-troyes-angers,2007-08-10,F2,Ligue 2,2,0708,troyes,angers,20,2,schwach,1.6719,B365,2,2:2,unentschieden,0
SC0-0708-2007-08-11-hibernian-gretna,2007-08-11,SC0,Scottish Premiership,1,0708,hibernian,gretna,12,1,schwach,1.5654,B365,17,4:2,sieg,1
E0-0708-2007-08-12-arsenal-fulham,2007-08-12,E0,Premier League,1,0708,Arsenal,Fulham,,0,unbekannt,1.4286,B365,1,2:1,sieg,1
E0-0708-2007-08-12-chelsea-birmingham,2007-08-12,E0,Premier League,1,0708,Chelsea,birmingham,,0,unbekannt,1.2923,B365,15,3:2,sieg,1
D1-0708-2007-08-12-dortmund-duisburg,2007-08-12,D1,Bundesliga,1,0708,dortmund,duisburg,,0,unbekannt,1.6576,B365,8,1:3,niederlage,0
SP1-0708-2007-08-25-sevilla-getafe,2007-08-25,SP1,La Liga,1,0708,sevilla,getafe,,0,unbekannt,1.5056,B365,2,4:1,sieg,1
B1-0708-2007-08-25-gent-waregem,2007-08-25,B1,Belgien Pro League,1,0708,gent,waregem,13,3,schwach,1.5833,B365,15,1:1,unentschieden,0
N1-0708-2007-08-26-ajax-heerenveen,2007-08-26,N1,Eredivisie,1,0708,ajax,heerenveen,11,1,schwach,1.4514,B365,27,4:1,sieg,1
N1-0708-2007-08-26-twente-utrecht,2007-08-26,N1,Eredivisie,1,0708,twente,utrecht,16,1,schwach,1.6447,B365,27,2:2,unentschieden,0
P1-0708-2007-09-01-sp-braga-est-amadora,2007-09-01,P1,Primeira Liga,1,0708,sp braga,est amadora,3,2,stark,1.669,B365,9,2:1,sieg,1
I2-0708-2007-09-09-modena-spezia,2007-09-09,I2,Serie B,2,0708,modena,spezia,20,2,schwach,1.7523,B365,6,2:2,unentschieden,0
SP1-0708-2007-09-15-valencia-valladolid,2007-09-15,SP1,La Liga,1,0708,valencia,valladolid,4,2,stark,1.5972,B365,10,2:1,sieg,1
T1-0708-2007-09-15-denizlispor-kasimpasa,2007-09-15,T1,Süper Lig,1,0708,denizlispor,kasimpasa,16,4,schwach,1.7989,B365,28,0:1,niederlage,0
T1-0708-2007-09-15-fenerbahce-rizespor,2007-09-15,T1,Süper Lig,1,0708,fenerbahce,rizespor,17,4,schwach,1.3001,B365,13,1:1,unentschieden,0
B1-0708-2007-09-22-gent-roeselare,2007-09-22,B1,Belgien Pro League,1,0708,gent,roeselare,13,6,schwach,1.4803,B365,4,1:1,unentschieden,0
T1-0708-2007-09-22-besiktas-denizlispor,2007-09-22,T1,Süper Lig,1,0708,besiktas,denizlispor,13,5,schwach,1.435,B365,5,3:2,sieg,1
F1-0708-2007-09-23-lyon-lille,2007-09-23,F1,Ligue 1,1,0708,lyon,lille,14,8,schwach,1.6293,B365,17,1:1,unentschieden,0
SP1-0708-2007-09-25-sevilla-espanol,2007-09-25,SP1,La Liga,1,0708,sevilla,espanol,16,4,schwach,1.5294,B365,30,2:3,niederlage,0
I1-0708-2007-09-30-milan-catania,2007-09-30,I1,Serie A,1,0708,milan,catania,13,5,schwach,1.3032,B365,25,1:1,unentschieden,0
N1-0708-2007-09-30-ajax-vvv-venlo,2007-09-30,N1,Eredivisie,1,0708,ajax,vvv venlo,15,5,schwach,1.244,B365,4,6:1,sieg,1
B1-0708-2007-10-06-cercle-brugge-st-truiden,2007-10-06,B1,Belgien Pro League,1,0708,cercle brugge,st truiden,18,8,schwach,1.7216,B365,14,5:1,sieg,1
G1-0708-2007-10-06-paok-ofi,2007-10-06,G1,Griechenland Super League,1,0708,paok,ofi,6,3,stark,1.7955,B365,6,2:2,unentschieden,0
B1-0708-2007-10-07-standard-germinal,2007-10-07,B1,Belgien Pro League,1,0708,standard,germinal,12,8,schwach,1.4734,B365,21,3:1,sieg,1
G1-0708-2007-10-07-larisa-levadeiakos,2007-10-07,G1,Griechenland Super League,1,0708,larisa,levadeiakos,16,3,schwach,1.6667,B365,1,3:3,unentschieden,0
I1-0708-2007-10-20-roma-napoli,2007-10-20,I1,Serie A,1,0708,roma,napoli,9,7,schwach,1.4889,B365,2,4:4,unentschieden,0
T1-0708-2007-10-20-fenerbahce-konyaspor,2007-10-20,T1,Süper Lig,1,0708,fenerbahce,konyaspor,16,8,schwach,1.3378,B365,11,4:1,sieg,1
G1-0708-2007-10-21-ofi-asteras-tripolis,2007-10-21,G1,Griechenland Super League,1,0708,ofi,asteras tripolis,11,4,schwach,1.734,B365,32,0:3,niederlage,0
SP1-0708-2007-10-27-real-madrid-la-coruna,2007-10-27,SP1,La Liga,1,0708,real madrid,la coruna,16,8,schwach,1.3782,B365,2,3:1,sieg,1
B1-0708-2007-10-27-standard-mechelen,2007-10-27,B1,Belgien Pro League,1,0708,standard,mechelen,17,10,schwach,1.3087,B365,4,2:2,unentschieden,0
SC0-0708-2007-10-27-hibernian-st-mirren,2007-10-27,SC0,Scottish Premiership,1,0708,hibernian,st mirren,9,10,schwach,1.592,B365,13,0:1,niederlage,0
P1-0708-2007-10-28-benfica-maritimo,2007-10-28,P1,Primeira Liga,1,0708,benfica,maritimo,4,7,stark,1.5815,B365,9,2:1,sieg,1
I1-0708-2007-10-31-palermo-parma,2007-10-31,I1,Serie A,1,0708,palermo,parma,15,9,schwach,1.7283,B365,3,1:1,unentschieden,0
F2-0708-2007-11-02-nantes-ajaccio,2007-11-02,F2,Ligue 2,2,0708,nantes,ajaccio,12,13,schwach,1.5929,B365,23,2:1,sieg,1
G1-0708-2007-11-04-aek-iraklis,2007-11-04,G1,Griechenland Super League,1,0708,aek,iraklis,12,6,schwach,1.3106,B365,9,1:2,niederlage,0
F2-0708-2007-11-06-ajaccio-libourne,2007-11-06,F2,Ligue 2,2,0708,ajaccio,libourne,20,14,schwach,1.6758,B365,27,2:3,niederlage,0
F2-0708-2007-11-09-nantes-angers,2007-11-09,F2,Ligue 2,2,0708,nantes,angers,8,15,schwach,1.5289,B365,32,1:1,unentschieden,0
N1-0708-2007-11-10-twente-nac-breda,2007-11-10,N1,Eredivisie,1,0708,twente,nac breda,7,10,schwach,1.6748,B365,16,1:1,unentschieden,0
I1-0708-2007-11-11-fiorentina-udinese,2007-11-11,I1,Serie A,1,0708,fiorentina,udinese,5,11,stark,1.7649,B365,23,1:2,niederlage,0
B1-0708-2007-11-11-gent-mechelen,2007-11-11,B1,Belgien Pro League,1,0708,gent,mechelen,16,12,schwach,1.6255,B365,18,4:1,sieg,1
T1-0708-2007-11-11-galatasaray-genclerbirligi,2007-11-11,T1,Süper Lig,1,0708,galatasaray,genclerbirligi,16,11,schwach,1.375,B365,3,3:2,sieg,1
SP1-0708-2007-11-24-sevilla-mallorca,2007-11-24,SP1,La Liga,1,0708,sevilla,mallorca,9,12,schwach,1.7176,B365,17,1:2,niederlage,0
D1-0708-2007-11-24-leverkusen-duisburg,2007-11-24,D1,Bundesliga,1,0708,leverkusen,duisburg,17,13,schwach,1.4533,B365,10,4:1,sieg,1
N1-0708-2007-11-24-heerenveen-graafschap,2007-11-24,N1,Eredivisie,1,0708,heerenveen,graafschap,11,11,schwach,1.68,B365,13,2:3,niederlage,0
P1-0708-2007-11-25-maritimo-naval,2007-11-25,P1,Primeira Liga,1,0708,maritimo,naval,12,10,schwach,1.7001,B365,2,0:1,niederlage,0
G1-0708-2007-11-25-xanthi-iraklis,2007-11-25,G1,Griechenland Super League,1,0708,xanthi,iraklis,9,8,schwach,1.6047,B365,26,0:3,niederlage,0
D1-0708-2007-12-01-stuttgart-dortmund,2007-12-01,D1,Bundesliga,1,0708,stuttgart,dortmund,13,14,schwach,1.7629,B365,11,1:2,niederlage,0
SC0-0708-2007-12-01-dundee-united-inverness-c,2007-12-01,SC0,Scottish Premiership,1,0708,dundee united,inverness c,10,14,schwach,1.7667,B365,20,0:1,niederlage,0
E0-0708-2007-12-02-tottenham-birmingham,2007-12-02,E0,Premier League,1,0708,Tottenham,birmingham,17,14,schwach,1.5229,B365,24,2:3,niederlage,0
SP1-0708-2007-12-02-getafe-levante,2007-12-02,SP1,La Liga,1,0708,getafe,levante,20,13,schwach,1.6266,B365,15,2:1,sieg,1
SP1-0708-2007-12-02-mallorca-murcia,2007-12-02,SP1,La Liga,1,0708,mallorca,murcia,14,13,schwach,1.7761,B365,24,1:1,unentschieden,0
SP1-0708-2007-12-02-valencia-ath-bilbao,2007-12-02,SP1,La Liga,1,0708,valencia,ath bilbao,13,13,schwach,1.7156,B365,33,0:3,niederlage,0
N1-0708-2007-12-02-ajax-nac-breda,2007-12-02,N1,Eredivisie,1,0708,ajax,nac breda,9,12,schwach,1.305,B365,25,1:3,niederlage,0
T1-0708-2007-12-02-galatasaray-buyuksehyr,2007-12-02,T1,Süper Lig,1,0708,galatasaray,buyuksehyr,9,13,schwach,1.4356,B365,10,2:2,unentschieden,0
E1-0708-2007-12-04-west-brom-coventry,2007-12-04,E1,Championship,2,0708,west brom,coventry,14,19,schwach,1.6375,B365,6,2:4,niederlage,0
N1-0708-2007-12-07-psv-eindhoven-roda-jc,2007-12-07,N1,Eredivisie,1,0708,psv eindhoven,roda jc,6,13,stark,1.4463,B365,19,2:4,niederlage,0
F2-0708-2007-12-07-nantes-amiens,2007-12-07,F2,Ligue 2,2,0708,nantes,amiens,18,17,schwach,1.5733,B365,21,3:1,sieg,1
T1-0708-2007-12-08-ankaragucu-kasimpasa,2007-12-08,T1,Süper Lig,1,0708,ankaragucu,kasimpasa,18,14,schwach,1.7001,B365,16,2:2,unentschieden,0
SP1-0708-2007-12-09-barcelona-la-coruna,2007-12-09,SP1,La Liga,1,0708,barcelona,la coruna,18,14,schwach,1.28,B365,3,2:1,sieg,1
SP1-0708-2007-12-09-villarreal-betis,2007-12-09,SP1,La Liga,1,0708,villarreal,betis,19,14,schwach,1.6375,B365,9,0:1,niederlage,0
N1-0708-2007-12-14-roda-jc-sparta,2007-12-14,N1,Eredivisie,1,0708,roda jc,sparta,17,14,schwach,1.3776,B365,22,2:3,niederlage,0
N1-0708-2007-12-15-twente-vvv-venlo,2007-12-15,N1,Eredivisie,1,0708,twente,vvv venlo,15,14,schwach,1.366,B365,13,1:1,unentschieden,0
SC0-0708-2007-12-15-kilmarnock-gretna,2007-12-15,SC0,Scottish Premiership,1,0708,kilmarnock,gretna,12,15,schwach,1.7216,B365,5,3:3,unentschieden,0
E1-0708-2007-12-15-ipswich-scunthorpe,2007-12-15,E1,Championship,2,0708,Ipswich,scunthorpe,19,21,schwach,1.6803,B365,16,3:2,sieg,1
P1-0708-2007-12-22-sp-lisbon-pacos-ferreira,2007-12-22,P1,Primeira Liga,1,0708,sp lisbon,pacos ferreira,15,13,schwach,1.3342,B365,10,2:1,sieg,1
B1-0708-2007-12-22-gent-dender,2007-12-22,B1,Belgien Pro League,1,0708,gent,dender,14,16,schwach,1.55,B365,5,2:4,niederlage,0
SC0-0708-2007-12-22-celtic-hibernian,2007-12-22,SC0,Scottish Premiership,1,0708,celtic,hibernian,5,17,stark,1.4225,B365,20,1:1,unentschieden,0
SC0-0708-2007-12-22-dundee-united-gretna,2007-12-22,SC0,Scottish Premiership,1,0708,dundee united,gretna,12,16,schwach,1.5815,B365,12,1:2,niederlage,0
E0-0708-2007-12-23-newcastle-derby,2007-12-23,E0,Premier League,1,0708,Newcastle,derby,20,17,schwach,1.4009,B365,6,2:2,unentschieden,0
E0-0708-2007-12-26-chelsea-aston-villa,2007-12-26,E0,Premier League,1,0708,Chelsea,Aston Villa,8,18,schwach,1.4789,B365,14,4:4,unentschieden,0
E0-0708-2007-12-29-portsmouth-middlesbrough,2007-12-29,E0,Premier League,1,0708,portsmouth,middlesbrough,16,19,schwach,1.7629,B365,20,0:1,niederlage,0
E1-0708-2007-12-29-watford-qpr,2007-12-29,E1,Championship,2,0708,watford,qpr,23,24,schwach,1.678,B365,13,2:4,niederlage,0
E1-0708-2008-01-01-charlton-colchester,2008-01-01,E1,Championship,2,0708,charlton,colchester,24,25,schwach,1.6375,B365,16,1:2,niederlage,0
F1-0708-2008-01-12-lille-metz,2008-01-12,F1,Ligue 1,1,0708,lille,metz,20,19,schwach,1.6776,B365,24,1:1,unentschieden,0
F1-0708-2008-01-12-lyon-toulouse,2008-01-12,F1,Ligue 1,1,0708,lyon,toulouse,12,19,schwach,1.4095,B365,9,3:2,sieg,1
E1-0708-2008-01-12-bristol-city-colchester,2008-01-12,E1,Championship,2,0708,bristol city,colchester,23,26,schwach,1.7156,B365,6,1:1,unentschieden,0
SP1-0708-2008-01-13-villarreal-la-coruna,2008-01-13,SP1,La Liga,1,0708,villarreal,la coruna,19,18,schwach,1.6803,B365,27,4:3,sieg,1
F2-0708-2008-01-18-le-havre-libourne,2008-01-18,F2,Ligue 2,2,0708,le havre,libourne,19,19,schwach,1.49,B365,18,1:1,unentschieden,0
E0-0708-2008-01-19-portsmouth-derby,2008-01-19,E0,Premier League,1,0708,portsmouth,derby,20,22,schwach,1.5229,B365,4,3:1,sieg,1
B1-0708-2008-01-19-westerlo-brussels,2008-01-19,B1,Belgien Pro League,1,0708,westerlo,brussels,17,17,schwach,1.7124,B365,1,7:2,sieg,1
T1-0708-2008-01-19-besiktas-kasimpasa,2008-01-19,T1,Süper Lig,1,0708,besiktas,kasimpasa,18,18,schwach,1.3438,B365,1,4:2,sieg,1
F1-0708-2008-01-26-marseille-caen,2008-01-26,F1,Ligue 1,1,0708,marseille,caen,6,22,stark,1.7948,B365,2,6:1,sieg,1
T1-0708-2008-01-26-besiktas-gaziantepspor,2008-01-26,T1,Süper Lig,1,0708,besiktas,gaziantepspor,10,19,schwach,1.4734,B365,20,3:1,sieg,1
SP1-0708-2008-01-27-valencia-almeria,2008-01-27,SP1,La Liga,1,0708,valencia,almeria,10,20,schwach,1.7156,B365,21,0:1,niederlage,0
N1-0708-2008-01-27-feyenoord-groningen,2008-01-27,N1,Eredivisie,1,0708,feyenoord,groningen,5,21,stark,1.7583,B365,32,1:1,unentschieden,0
N1-0708-2008-01-27-twente-sparta,2008-01-27,N1,Eredivisie,1,0708,twente,sparta,16,20,schwach,1.3889,B365,28,1:2,niederlage,0
E1-0708-2008-02-02-west-brom-burnley,2008-02-02,E1,Championship,2,0708,west brom,Burnley,8,29,schwach,1.7692,B365,3,2:1,sieg,1
P1-0708-2008-02-03-guimaraes-leixoes,2008-02-03,P1,Primeira Liga,1,0708,guimaraes,leixoes,10,17,schwach,1.7996,B365,14,2:1,sieg,1
B1-0708-2008-02-03-germinal-lokeren,2008-02-03,B1,Belgien Pro League,1,0708,germinal,lokeren,10,19,schwach,1.7535,B365,33,1:1,unentschieden,0
G1-0708-2008-02-03-aek-panionios,2008-02-03,G1,Griechenland Super League,1,0708,aek,panionios,7,18,schwach,1.4371,B365,10,2:3,niederlage,0
D1-0708-2008-02-09-stuttgart-hertha,2008-02-09,D1,Bundesliga,1,0708,stuttgart,hertha,13,18,schwach,1.7773,B365,7,1:3,niederlage,0
D1-0708-2008-02-09-wolfsburg-duisburg,2008-02-09,D1,Bundesliga,1,0708,wolfsburg,duisburg,18,18,schwach,1.6748,B365,26,2:1,sieg,1
E0-0708-2008-02-10-man-united-man-city,2008-02-10,E0,Premier League,1,0708,Manchester United,Manchester City,8,25,schwach,1.3545,B365,25,1:2,niederlage,0
SP1-0708-2008-02-10-espanol-recreativo,2008-02-10,SP1,La Liga,1,0708,espanol,recreativo,19,22,schwach,1.7156,B365,18,1:2,niederlage,0
E1-0708-2008-02-15-stoke-scunthorpe,2008-02-15,E1,Championship,2,0708,stoke,scunthorpe,24,32,schwach,1.5893,B365,7,3:2,sieg,1
N1-0708-2008-02-17-utrecht-vvv-venlo,2008-02-17,N1,Eredivisie,1,0708,utrecht,vvv venlo,18,24,schwach,1.576,B365,17,1:4,niederlage,0
T1-0708-2008-02-17-kayserispor-gaziantepspor,2008-02-17,T1,Süper Lig,1,0708,kayserispor,gaziantepspor,11,21,schwach,1.7001,B365,28,3:1,sieg,1
E0-0708-2008-02-23-liverpool-middlesbrough,2008-02-23,E0,Premier League,1,0708,Liverpool,middlesbrough,12,26,schwach,1.4807,B365,9,3:2,sieg,1
T1-0708-2008-02-23-fenerbahce-bursaspor,2008-02-23,T1,Süper Lig,1,0708,fenerbahce,bursaspor,14,22,schwach,1.375,B365,28,0:2,niederlage,0
E1-0708-2008-02-23-west-brom-hull,2008-02-23,E1,Championship,2,0708,west brom,hull,9,32,schwach,1.7761,B365,29,1:2,niederlage,0
I1-0708-2008-02-24-milan-palermo,2008-02-24,I1,Serie A,1,0708,milan,palermo,8,23,schwach,1.6729,B365,9,2:1,sieg,1
N1-0708-2008-02-24-psv-eindhoven-graafschap,2008-02-24,N1,Eredivisie,1,0708,psv eindhoven,graafschap,12,25,schwach,1.2382,B365,7,4:1,sieg,1
P1-0708-2008-02-24-benfica-sp-braga,2008-02-24,P1,Primeira Liga,1,0708,benfica,sp braga,9,19,schwach,1.6266,B365,5,1:1,unentschieden,0
N1-0708-2008-02-29-vitesse-vvv-venlo,2008-02-29,N1,Eredivisie,1,0708,vitesse,vvv venlo,16,26,schwach,1.6542,B365,2,1:3,niederlage,0
F2-0708-2008-02-29-nantes-libourne,2008-02-29,F2,Ligue 2,2,0708,nantes,libourne,19,25,schwach,1.4464,B365,18,2:2,unentschieden,0
E0-0708-2008-03-01-arsenal-aston-villa,2008-03-01,E0,Premier League,1,0708,Arsenal,Aston Villa,6,27,stark,1.6547,B365,27,1:1,unentschieden,0
SC0-0708-2008-03-01-rangers-aberdeen,2008-03-01,SC0,Scottish Premiership,1,0708,rangers,aberdeen,7,28,schwach,1.3438,B365,28,3:1,sieg,1
N1-0708-2008-03-02-feyenoord-nijmegen,2008-03-02,N1,Eredivisie,1,0708,feyenoord,nijmegen,12,26,schwach,1.4618,B365,17,1:3,niederlage,0
SP1-0708-2008-03-08-real-madrid-espanol,2008-03-08,SP1,La Liga,1,0708,real madrid,espanol,5,26,stark,1.6,B365,29,2:1,sieg,1
SP1-0708-2008-03-09-barcelona-villarreal,2008-03-09,SP1,La Liga,1,0708,barcelona,villarreal,3,26,stark,1.6071,B365,31,1:2,niederlage,0
SP1-0708-2008-03-09-sevilla-levante,2008-03-09,SP1,La Liga,1,0708,sevilla,levante,20,26,schwach,1.2972,B365,4,2:1,sieg,1
E0-0708-2008-03-12-aston-villa-middlesbrough,2008-03-12,E0,Premier League,1,0708,Aston Villa,middlesbrough,12,28,schwach,1.6977,B365,23,1:1,unentschieden,0
D1-0708-2008-03-14-schalke-04-duisburg,2008-03-14,D1,Bundesliga,1,0708,schalke 04,duisburg,17,23,schwach,1.413,B365,20,2:1,sieg,1
E0-0708-2008-03-15-arsenal-middlesbrough,2008-03-15,E0,Premier League,1,0708,Arsenal,middlesbrough,12,29,schwach,1.3234,B365,25,1:1,unentschieden,0
E0-0708-2008-03-15-liverpool-reading,2008-03-15,E0,Premier League,1,0708,Liverpool,reading,14,29,schwach,1.3234,B365,5,2:1,sieg,1
N1-0708-2008-03-16-ajax-willem-ii,2008-03-16,N1,Eredivisie,1,0708,ajax,willem ii,17,28,schwach,1.3105,B365,18,4:1,sieg,1
N1-0708-2008-03-16-nijmegen-sparta,2008-03-16,N1,Eredivisie,1,0708,nijmegen,sparta,14,28,schwach,1.7041,B365,2,4:2,sieg,1
E1-0708-2008-03-18-wolves-scunthorpe,2008-03-18,E1,Championship,2,0708,Wolves,scunthorpe,23,38,schwach,1.7688,B365,5,2:1,sieg,1
I1-0708-2008-03-19-milan-sampdoria,2008-03-19,I1,Serie A,1,0708,milan,sampdoria,6,28,stark,1.6042,B365,12,1:2,niederlage,0
F1-0708-2008-03-22-marseille-sochaux,2008-03-22,F1,Ligue 1,1,0708,marseille,sochaux,18,29,schwach,1.7176,B365,3,0:1,niederlage,0
N1-0708-2008-03-22-heerenveen-roda-jc,2008-03-22,N1,Eredivisie,1,0708,heerenveen,roda jc,8,29,schwach,1.7692,B365,24,4:3,sieg,1
G1-0708-2008-03-22-panathinaikos-iraklis,2008-03-22,G1,Griechenland Super League,1,0708,panathinaikos,iraklis,11,25,schwach,1.2848,B365,13,1:1,unentschieden,0
SP1-0708-2008-03-23-real-madrid-valencia,2008-03-23,SP1,La Liga,1,0708,real madrid,valencia,12,28,schwach,1.6016,B365,34,2:3,niederlage,0
T1-0708-2008-03-23-galatasaray-denizlispor,2008-03-23,T1,Süper Lig,1,0708,galatasaray,denizlispor,6,26,stark,1.4573,B365,24,2:1,sieg,1
D1-0708-2008-03-29-leverkusen-ein-frankfurt,2008-03-29,D1,Bundesliga,1,0708,leverkusen,ein frankfurt,8,25,schwach,1.6748,B365,24,0:2,niederlage,0
D1-0708-2008-03-29-werder-bremen-duisburg,2008-03-29,D1,Bundesliga,1,0708,werder bremen,duisburg,18,25,schwach,1.3602,B365,32,1:2,niederlage,0
E1-0708-2008-03-29-west-brom-colchester,2008-03-29,E1,Championship,2,0708,west brom,colchester,24,40,schwach,1.4165,B365,14,4:3,sieg,1
I1-0708-2008-03-30-milan-atalanta,2008-03-30,I1,Serie A,1,0708,milan,atalanta,9,30,schwach,1.4165,B365,32,1:2,niederlage,0
B1-0708-2008-04-04-gent-st-truiden,2008-04-04,B1,Belgien Pro League,1,0708,gent,st truiden,17,28,schwach,1.6375,B365,11,2:3,niederlage,0
T1-0708-2008-04-05-fenerbahce-kayserispor,2008-04-05,T1,Süper Lig,1,0708,fenerbahce,kayserispor,5,28,stark,1.55,B365,32,2:1,sieg,1
T1-0708-2008-04-05-oftasspor-kasimpasa,2008-04-05,T1,Süper Lig,1,0708,oftasspor,kasimpasa,18,28,schwach,1.7153,B365,10,0:1,niederlage,0
SC0-0708-2008-04-05-celtic-motherwell,2008-04-05,SC0,Scottish Premiership,1,0708,celtic,motherwell,4,30,stark,1.3739,B365,33,0:1,niederlage,0
D1-0708-2008-04-06-bayern-munich-bochum,2008-04-06,D1,Bundesliga,1,0708,bayern munich,bochum,11,26,schwach,1.3314,B365,4,3:1,sieg,1
P1-0708-2008-04-11-benfica-academica,2008-04-11,P1,Primeira Liga,1,0708,benfica,academica,13,25,schwach,1.3314,B365,4,0:3,niederlage,0
N1-0708-2008-04-13-roda-jc-vvv-venlo,2008-04-13,N1,Eredivisie,1,0708,roda jc,vvv venlo,17,32,schwach,1.68,B365,21,4:1,sieg,1
SP1-0708-2008-04-19-ath-madrid-betis,2008-04-19,SP1,La Liga,1,0708,ath madrid,betis,13,32,schwach,1.7156,B365,15,1:3,niederlage,0
SP1-0708-2008-04-19-sevilla-almeria,2008-04-19,SP1,La Liga,1,0708,sevilla,almeria,7,32,schwach,1.5947,B365,24,1:4,niederlage,0
P1-0708-2008-04-27-sp-lisbon-maritimo,2008-04-27,P1,Primeira Liga,1,0708,sp lisbon,maritimo,7,27,schwach,1.5815,B365,2,2:1,sieg,1
E0-0708-2008-05-03-blackburn-derby,2008-05-03,E0,Premier League,1,0708,blackburn,derby,20,36,schwach,1.3234,B365,19,3:1,sieg,1
D1-0708-2008-05-03-schalke-04-hannover,2008-05-03,D1,Bundesliga,1,0708,schalke 04,hannover,9,30,schwach,1.5349,B365,8,1:1,unentschieden,0
P1-0708-2008-05-03-porto-nacional,2008-05-03,P1,Primeira Liga,1,0708,porto,nacional,10,28,schwach,1.28,B365,20,0:3,niederlage,0
SP1-0708-2008-05-04-santander-murcia,2008-05-04,SP1,La Liga,1,0708,santander,murcia,19,34,schwach,1.488,B365,13,3:2,sieg,1
T1-0708-2008-05-04-fenerbahce-genclerbirligi,2008-05-04,T1,Süper Lig,1,0708,fenerbahce,genclerbirligi,14,32,schwach,1.402,B365,30,3:2,sieg,1
T1-0708-2008-05-04-manisaspor-kasimpasa,2008-05-04,T1,Süper Lig,1,0708,manisaspor,kasimpasa,18,32,schwach,1.6786,B365,30,1:2,niederlage,0
D1-0708-2008-05-07-leverkusen-hertha,2008-05-07,D1,Bundesliga,1,0708,leverkusen,hertha,12,31,schwach,1.638,B365,26,1:2,niederlage,0
T1-0708-2008-05-10-kayserispor-ankaragucu,2008-05-10,T1,Süper Lig,1,0708,kayserispor,ankaragucu,11,33,schwach,1.7216,B365,24,0:2,niederlage,0
P1-0708-2008-05-11-sp-lisbon-boavista,2008-05-11,P1,Primeira Liga,1,0708,sp lisbon,boavista,9,29,schwach,1.4257,B365,5,2:1,sieg,1
F2-0708-2008-05-12-nantes-guingamp,2008-05-12,F2,Ligue 2,2,0708,nantes,guingamp,12,36,schwach,1.7472,B365,11,1:1,unentschieden,0
D1-0708-2008-05-17-stuttgart-bielefeld,2008-05-17,D1,Bundesliga,1,0708,stuttgart,bielefeld,15,33,schwach,1.6509,B365,10,2:2,unentschieden,0
SP1-0708-2008-05-18-sevilla-ath-bilbao,2008-05-18,SP1,La Liga,1,0708,sevilla,ath bilbao,9,37,schwach,1.5383,B365,4,4:1,sieg,1
I1-0708-2008-05-18-milan-udinese,2008-05-18,I1,Serie A,1,0708,milan,udinese,7,37,schwach,1.3724,B365,32,4:1,sieg,1
F1-0809-2008-08-09-bordeaux-caen,2008-08-09,F1,Ligue 1,1,0809,bordeaux,caen,,0,unbekannt,1.6776,B365,14,2:1,sieg,1
E1-0809-2008-08-09-qpr-barnsley,2008-08-09,E1,Championship,2,0809,qpr,barnsley,,0,unbekannt,1.72,B365,5,2:1,sieg,1
D1-0809-2008-08-16-wolfsburg-koln,2008-08-16,D1,Bundesliga,1,0809,wolfsburg,koln,,0,unbekannt,1.72,B365,20,2:1,sieg,1
E0-0809-2008-08-17-man-united-newcastle,2008-08-17,E0,Premier League,1,0809,Manchester United,Newcastle,,0,unbekannt,1.3518,B365,22,1:1,unentschieden,0
F2-0809-2008-08-29-lens-clermont,2008-08-29,F2,Ligue 2,2,0809,lens,clermont,12,4,schwach,1.7523,B365,4,2:1,sieg,1
D1-0809-2008-08-30-wolfsburg-ein-frankfurt,2008-08-30,D1,Bundesliga,1,0809,wolfsburg,ein frankfurt,15,2,schwach,1.782,B365,22,2:2,unentschieden,0
I1-0809-2008-08-31-milan-bologna,2008-08-31,I1,Serie A,1,0809,milan,bologna,,0,unbekannt,1.382,B365,18,1:2,niederlage,0
E0-0809-2008-09-13-newcastle-hull,2008-09-13,E0,Premier League,1,0809,Newcastle,hull,12,3,schwach,1.7137,B365,34,1:2,niederlage,0
F1-0809-2008-09-13-lyon-nice,2008-09-13,F1,Ligue 1,1,0809,lyon,nice,4,4,stark,1.49,B365,3,3:2,sieg,1
B1-0809-2008-09-13-club-brugge-dender,2008-09-13,B1,Belgien Pro League,1,0809,club brugge,dender,16,3,schwach,1.3286,B365,15,1:1,unentschieden,0
SC0-0809-2008-09-13-rangers-kilmarnock,2008-09-13,SC0,Scottish Premiership,1,0809,rangers,kilmarnock,2,4,stark,1.3314,B365,9,2:1,sieg,1
SP1-0809-2008-09-14-real-madrid-numancia,2008-09-14,SP1,La Liga,1,0809,real madrid,numancia,7,1,schwach,1.3314,B365,7,4:3,sieg,1
SP1-0809-2008-09-14-sevilla-sp-gijon,2008-09-14,SP1,La Liga,1,0809,sevilla,sp gijon,16,1,schwach,1.4138,B365,18,4:3,sieg,1
B1-0809-2008-09-20-gent-mechelen,2008-09-20,B1,Belgien Pro League,1,0809,gent,mechelen,17,3,schwach,1.4954,B365,11,1:2,niederlage,0
D1-0809-2008-09-21-stuttgart-karlsruhe,2008-09-21,D1,Bundesliga,1,0809,stuttgart,karlsruhe,15,3,schwach,1.6748,B365,8,3:1,sieg,1
I2-0809-2008-09-23-empoli-modena,2008-09-23,I2,Serie B,2,0809,empoli,modena,22,4,schwach,1.5971,B365,8,3:1,sieg,1
I2-0809-2008-09-23-parma-frosinone,2008-09-23,I2,Serie B,2,0809,parma,frosinone,17,4,schwach,1.5808,B365,13,2:2,unentschieden,0
E0-0809-2008-09-27-aston-villa-sunderland,2008-09-27,E0,Premier League,1,0809,Aston Villa,Sunderland,8,5,schwach,1.6602,B365,10,2:1,sieg,1
D1-0809-2008-09-27-hertha-cottbus,2008-09-27,D1,Bundesliga,1,0809,hertha,cottbus,18,5,schwach,1.6803,B365,13,0:1,niederlage,0
T1-0809-2008-09-27-trabzonspor-antalyaspor,2008-09-27,T1,Süper Lig,1,0809,trabzonspor,antalyaspor,17,4,schwach,1.4533,B365,22,3:2,sieg,1
SP2-0809-2008-09-27-zaragoza-murcia,2008-09-27,SP2,LaLiga 2,2,0809,zaragoza,murcia,20,4,schwach,1.7373,B365,19,2:1,sieg,1
SP1-0809-2008-09-28-valencia-la-coruna,2008-09-28,SP1,La Liga,1,0809,valencia,la coruna,12,4,schwach,1.782,B365,11,4:2,sieg,1
E1-0809-2008-09-30-qpr-blackpool,2008-09-30,E1,Championship,2,0809,qpr,blackpool,13,8,schwach,1.7808,B365,18,1:1,unentschieden,0
SP1-0809-2008-10-04-villarreal-betis,2008-10-04,SP1,La Liga,1,0809,villarreal,betis,18,5,schwach,1.6776,B365,20,2:1,sieg,1
I1-0809-2008-10-04-lazio-lecce,2008-10-04,I1,Serie A,1,0809,lazio,lecce,11,5,schwach,1.54,B365,26,1:1,unentschieden,0
B1-0809-2008-10-04-gent-lokeren,2008-10-04,B1,Belgien Pro League,1,0809,gent,lokeren,7,6,schwach,1.774,B365,26,1:1,unentschieden,0
G1-0809-2008-10-04-larisa-ofi,2008-10-04,G1,Griechenland Super League,1,0809,larisa,ofi,11,4,schwach,1.7714,B365,14,4:3,sieg,1
SP1-0809-2008-10-05-mallorca-sp-gijon,2008-10-05,SP1,La Liga,1,0809,mallorca,sp gijon,20,5,schwach,1.72,B365,12,0:2,niederlage,0
SP1-0809-2008-10-05-real-madrid-espanol,2008-10-05,SP1,La Liga,1,0809,real madrid,espanol,10,5,schwach,1.4138,B365,21,2:2,unentschieden,0
I1-0809-2008-10-05-juventus-palermo,2008-10-05,I1,Serie A,1,0809,juventus,palermo,8,5,schwach,1.6266,B365,24,1:2,niederlage,0
T1-0809-2008-10-05-fenerbahce-kayserispor,2008-10-05,T1,Süper Lig,1,0809,fenerbahce,kayserispor,8,5,schwach,1.5815,B365,21,1:4,niederlage,0
E0-0809-2008-10-18-arsenal-everton,2008-10-18,E0,Premier League,1,0809,Arsenal,Everton,15,7,schwach,1.4382,B365,9,3:1,sieg,1
E0-0809-2008-10-18-liverpool-wigan,2008-10-18,E0,Premier League,1,0809,Liverpool,wigan,13,7,schwach,1.4789,B365,29,3:2,sieg,1
F1-0809-2008-10-18-lyon-lille,2008-10-18,F1,Ligue 1,1,0809,lyon,lille,6,8,stark,1.6266,B365,14,2:2,unentschieden,0
F1-0809-2008-10-18-paris-sg-lorient,2008-10-18,F1,Ligue 1,1,0809,paris sg,lorient,18,8,schwach,1.7257,B365,12,3:2,sieg,1
T1-0809-2008-10-18-bursaspor-eskisehirspor,2008-10-18,T1,Süper Lig,1,0809,bursaspor,eskisehirspor,13,6,schwach,1.6359,B365,11,1:2,niederlage,0
N1-0809-2008-10-19-nijmegen-vitesse,2008-10-19,N1,Eredivisie,1,0809,nijmegen,vitesse,16,5,schwach,1.7216,B365,17,3:1,sieg,1
T1-0809-2008-10-24-besiktas-sivasspor,2008-10-24,T1,Süper Lig,1,0809,besiktas,sivasspor,5,7,stark,1.6273,B365,4,1:1,unentschieden,0
D1-0809-2008-10-25-bayern-munich-wolfsburg,2008-10-25,D1,Bundesliga,1,0809,bayern munich,wolfsburg,5,8,stark,1.6862,B365,31,4:2,sieg,1
N1-0809-2008-10-25-willem-ii-graafschap,2008-10-25,N1,Eredivisie,1,0809,willem ii,graafschap,13,6,schwach,1.7793,B365,17,1:1,unentschieden,0
P1-0809-2008-10-25-porto-leixoes,2008-10-25,P1,Primeira Liga,1,0809,porto,leixoes,3,5,stark,1.3234,B365,3,2:3,niederlage,0
B1-0809-2008-10-25-anderlecht-mechelen,2008-10-25,B1,Belgien Pro League,1,0809,anderlecht,mechelen,13,8,schwach,1.3747,B365,15,7:1,sieg,1
SP1-0809-2008-10-26-sevilla-malaga,2008-10-26,SP1,La Liga,1,0809,sevilla,malaga,7,7,schwach,1.4463,B365,16,0:1,niederlage,0
E1-0809-2008-10-28-crystal-palace-nott-m-forest,2008-10-28,E1,Championship,2,0809,Crystal Palace,Nottingham Forest,24,13,schwach,1.7265,B365,28,1:2,niederlage,0
E0-0809-2008-10-29-arsenal-tottenham,2008-10-29,E0,Premier League,1,0809,Arsenal,Tottenham,20,9,schwach,1.512,B365,13,4:4,unentschieden,0
E0-0809-2008-10-29-aston-villa-blackburn,2008-10-29,E0,Premier League,1,0809,Aston Villa,blackburn,11,9,schwach,1.749,B365,29,3:2,sieg,1
B1-0809-2008-10-31-standard-charleroi,2008-10-31,B1,Belgien Pro League,1,0809,standard,charleroi,11,9,schwach,1.3845,B365,33,1:2,niederlage,0
SP1-0809-2008-11-01-valencia-santander,2008-11-01,SP1,La Liga,1,0809,valencia,santander,17,8,schwach,1.4533,B365,23,2:4,niederlage,0
D1-0809-2008-11-01-stuttgart-koln,2008-11-01,D1,Bundesliga,1,0809,stuttgart,koln,11,10,schwach,1.638,B365,3,1:3,niederlage,0
B1-0809-2008-11-01-club-brugge-kortrijk,2008-11-01,B1,Belgien Pro League,1,0809,club brugge,kortrijk,11,9,schwach,1.3845,B365,11,4:1,sieg,1
I2-0809-2008-11-01-empoli-ancona,2008-11-01,I2,Serie B,2,0809,empoli,ancona,14,11,schwach,1.6943,B365,19,1:3,niederlage,0
D1-0809-2008-11-02-dortmund-bochum,2008-11-02,D1,Bundesliga,1,0809,dortmund,bochum,16,10,schwach,1.6559,B365,27,1:1,unentschieden,0
T1-0809-2008-11-07-besiktas-kocaelispor,2008-11-07,T1,Süper Lig,1,0809,besiktas,kocaelispor,18,9,schwach,1.2972,B365,15,5:2,sieg,1
SP1-0809-2008-11-08-real-madrid-malaga,2008-11-08,SP1,La Liga,1,0809,real madrid,malaga,8,9,schwach,1.2972,B365,6,4:3,sieg,1
B1-0809-2008-11-08-anderlecht-lokeren,2008-11-08,B1,Belgien Pro League,1,0809,anderlecht,lokeren,9,10,schwach,1.4463,B365,24,2:3,niederlage,0
SC0-0809-2008-11-08-hibernian-inverness-c,2008-11-08,SC0,Scottish Premiership,1,0809,hibernian,inverness c,11,11,schwach,1.7675,B365,30,1:2,niederlage,0
E0-0809-2008-11-09-aston-villa-middlesbrough,2008-11-09,E0,Premier League,1,0809,Aston Villa,middlesbrough,10,11,schwach,1.7874,B365,34,1:2,niederlage,0
D2-0809-2008-11-09-duisburg-ahlen,2008-11-09,D2,2. Bundesliga,2,0809,duisburg,ahlen,8,11,schwach,1.6748,B365,6,0:1,niederlage,0
D2-0809-2008-11-09-mainz-ingolstadt,2008-11-09,D2,2. Bundesliga,2,0809,mainz,ingolstadt,11,11,schwach,1.4861,B365,10,0:3,niederlage,0
D2-0809-2008-11-09-munich-1860-oberhausen,2008-11-09,D2,2. Bundesliga,2,0809,munich 1860,oberhausen,15,11,schwach,1.7675,B365,32,0:1,niederlage,0
SP1-0809-2008-11-15-valencia-sp-gijon,2008-11-15,SP1,La Liga,1,0809,valencia,sp gijon,14,10,schwach,1.4463,B365,20,2:3,niederlage,0
N1-0809-2008-11-15-heerenveen-utrecht,2008-11-15,N1,Eredivisie,1,0809,heerenveen,utrecht,10,10,schwach,1.6727,B365,6,3:2,sieg,1
G1-0809-2008-11-15-aris-asteras-tripolis,2008-11-15,G1,Griechenland Super League,1,0809,aris,asteras tripolis,12,9,schwach,1.771,B365,13,1:1,unentschieden,0
D1-0809-2008-11-22-bayern-munich-cottbus,2008-11-22,D1,Bundesliga,1,0809,bayern munich,cottbus,18,13,schwach,1.2451,B365,25,4:1,sieg,1
B1-0809-2008-11-22-charleroi-tubize,2008-11-22,B1,Belgien Pro League,1,0809,charleroi,tubize,16,12,schwach,1.5383,B365,22,3:2,sieg,1
SC0-0809-2008-11-22-dundee-united-hamilton,2008-11-22,SC0,Scottish Premiership,1,0809,dundee united,hamilton,12,14,schwach,1.6011,B365,8,1:1,unentschieden,0
E1-0809-2008-11-22-reading-southampton,2008-11-22,E1,Championship,2,0809,reading,Southampton,21,17,schwach,1.4889,B365,14,1:2,niederlage,0
SP1-0809-2008-11-23-barcelona-getafe,2008-11-23,SP1,La Liga,1,0809,barcelona,getafe,13,11,schwach,1.2472,B365,19,1:1,unentschieden,0
N1-0809-2008-11-23-feyenoord-den-haag,2008-11-23,N1,Eredivisie,1,0809,feyenoord,den haag,14,11,schwach,1.452,B365,10,3:1,sieg,1
D2-0809-2008-11-23-mainz-st-pauli,2008-11-23,D2,2. Bundesliga,2,0809,mainz,st pauli,7,13,schwach,1.5893,B365,30,2:2,unentschieden,0
I2-0809-2008-11-29-empoli-piacenza,2008-11-29,I2,Serie B,2,0809,empoli,piacenza,16,15,schwach,1.7685,B365,9,3:2,sieg,1
SP1-0809-2008-11-30-ath-madrid-santander,2008-11-30,SP1,La Liga,1,0809,ath madrid,santander,11,12,schwach,1.6748,B365,7,4:1,sieg,1
T1-0809-2008-11-30-galatasaray-hacettepespor,2008-11-30,T1,Süper Lig,1,0809,galatasaray,hacettepespor,17,12,schwach,1.3091,B365,33,3:1,sieg,1
E1-0809-2008-12-01-reading-coventry,2008-12-01,E1,Championship,2,0809,reading,coventry,16,19,schwach,1.638,B365,26,3:1,sieg,1
N1-0809-2008-12-06-psv-eindhoven-groningen,2008-12-06,N1,Eredivisie,1,0809,psv eindhoven,groningen,5,13,stark,1.6447,B365,31,4:2,sieg,1
T1-0809-2008-12-06-besiktas-ankaraspor,2008-12-06,T1,Süper Lig,1,0809,besiktas,ankaraspor,6,13,stark,1.5657,B365,20,1:3,niederlage,0
SC0-0809-2008-12-06-rangers-hamilton,2008-12-06,SC0,Scottish Premiership,1,0809,rangers,hamilton,11,16,schwach,1.28,B365,2,7:1,sieg,1
E1-0809-2008-12-06-birmingham-watford,2008-12-06,E1,Championship,2,0809,birmingham,watford,20,20,schwach,1.6776,B365,7,3:2,sieg,1
N1-0809-2008-12-07-feyenoord-graafschap,2008-12-07,N1,Eredivisie,1,0809,feyenoord,graafschap,17,13,schwach,1.3433,B365,11,1:3,niederlage,0
N1-0809-2008-12-07-nac-breda-den-haag,2008-12-07,N1,Eredivisie,1,0809,nac breda,den haag,16,13,schwach,1.3816,B365,9,0:4,niederlage,0
T1-0809-2008-12-07-trabzonspor-kocaelispor,2008-12-07,T1,Süper Lig,1,0809,trabzonspor,kocaelispor,17,13,schwach,1.3636,B365,11,2:1,sieg,1
D2-0809-2008-12-07-freiburg-oberhausen,2008-12-07,D2,2. Bundesliga,2,0809,freiburg,oberhausen,14,15,schwach,1.5383,B365,11,2:1,sieg,1
E0-0809-2008-12-13-aston-villa-bolton,2008-12-13,E0,Premier League,1,0809,Aston Villa,bolton,10,16,schwach,1.7675,B365,17,4:2,sieg,1
E0-0809-2008-12-13-liverpool-hull,2008-12-13,E0,Premier League,1,0809,Liverpool,hull,6,16,stark,1.399,B365,12,2:2,unentschieden,0
SP1-0809-2008-12-13-valencia-espanol,2008-12-13,SP1,La Liga,1,0809,valencia,espanol,18,14,schwach,1.6375,B365,28,2:1,sieg,1
B1-0809-2008-12-13-gent-kortrijk,2008-12-13,B1,Belgien Pro League,1,0809,gent,kortrijk,12,14,schwach,1.6058,B365,9,1:1,unentschieden,0
SC0-0809-2008-12-13-celtic-hearts,2008-12-13,SC0,Scottish Premiership,1,0809,celtic,hearts,4,16,stark,1.4225,B365,23,1:1,unentschieden,0
E1-0809-2008-12-13-crystal-palace-doncaster,2008-12-13,E1,Championship,2,0809,Crystal Palace,doncaster,22,22,schwach,1.7675,B365,15,2:1,sieg,1
E0-0809-2008-12-14-chelsea-west-ham,2008-12-14,E0,Premier League,1,0809,Chelsea,West Ham,16,16,schwach,1.3106,B365,33,1:1,unentschieden,0
T1-0809-2008-12-20-trabzonspor-eskisehirspor,2008-12-20,T1,Süper Lig,1,0809,trabzonspor,eskisehirspor,10,15,schwach,1.4497,B365,23,2:1,sieg,1
F1-0809-2008-12-21-marseille-nancy,2008-12-21,F1,Ligue 1,1,0809,marseille,nancy,14,18,schwach,1.6266,B365,34,0:3,niederlage,0
E1-0809-2008-12-26-burnley-barnsley,2008-12-26,E1,Championship,2,0809,Burnley,barnsley,17,24,schwach,1.7221,B365,6,1:2,niederlage,0
E0-0809-2008-12-28-west-ham-stoke,2008-12-28,E0,Premier League,1,0809,West Ham,stoke,18,19,schwach,1.7905,B365,5,2:1,sieg,1
E1-0809-2008-12-28-sheffield-united-charlton,2008-12-28,E1,Championship,2,0809,Sheffield United,charlton,24,25,schwach,1.6708,B365,33,3:1,sieg,1
SP1-0809-2009-01-03-barcelona-mallorca,2009-01-03,SP1,La Liga,1,0809,barcelona,mallorca,17,16,schwach,1.2602,B365,15,3:1,sieg,1
I1-0809-2009-01-11-fiorentina-lecce,2009-01-11,I1,Serie A,1,0809,fiorentina,lecce,18,17,schwach,1.4501,B365,6,1:2,niederlage,0
B1-0809-2009-01-16-anderlecht-cercle-brugge,2009-01-16,B1,Belgien Pro League,1,0809,anderlecht,cercle brugge,6,17,stark,1.4533,B365,1,1:2,niederlage,0
B1-0809-2009-01-17-mouscron-tubize,2009-01-17,B1,Belgien Pro League,1,0809,mouscron,tubize,17,17,schwach,1.6047,B365,21,1:1,unentschieden,0
SC0-0809-2009-01-17-rangers-falkirk,2009-01-17,SC0,Scottish Premiership,1,0809,rangers,falkirk,11,21,schwach,1.275,B365,12,3:1,sieg,1
I2-0809-2009-01-17-empoli-avellino,2009-01-17,I2,Serie B,2,0809,empoli,avellino,20,20,schwach,1.6429,B365,25,1:1,unentschieden,0
SP1-0809-2009-01-18-real-madrid-osasuna,2009-01-18,SP1,La Liga,1,0809,real madrid,osasuna,20,18,schwach,1.3314,B365,20,3:1,sieg,1
SC0-0809-2009-01-18-dundee-united-motherwell,2009-01-18,SC0,Scottish Premiership,1,0809,dundee united,motherwell,9,21,schwach,1.7808,B365,23,0:4,niederlage,0
B1-0809-2009-01-24-cercle-brugge-kortrijk,2009-01-24,B1,Belgien Pro League,1,0809,cercle brugge,kortrijk,10,18,schwach,1.7352,B365,34,0:1,niederlage,0
T1-0809-2009-01-24-kayserispor-genclerbirligi,2009-01-24,T1,Süper Lig,1,0809,kayserispor,genclerbirligi,15,16,schwach,1.7692,B365,24,1:3,niederlage,0
SP1-0809-2009-01-25-sevilla-santander,2009-01-25,SP1,La Liga,1,0809,sevilla,santander,10,19,schwach,1.638,B365,24,0:2,niederlage,0
N1-0809-2009-01-25-utrecht-sparta,2009-01-25,N1,Eredivisie,1,0809,utrecht,sparta,13,18,schwach,1.7692,B365,6,3:3,unentschieden,0
SP2-0809-2009-01-25-zaragoza-vallecano,2009-01-25,SP2,LaLiga 2,2,0809,zaragoza,vallecano,12,20,schwach,1.734,B365,24,2:3,niederlage,0
F2-0809-2009-01-27-metz-ajaccio,2009-01-27,F2,Ligue 2,2,0809,metz,ajaccio,14,19,schwach,1.7985,B365,9,3:2,sieg,1
I1-0809-2009-01-31-juventus-cagliari,2009-01-31,I1,Serie A,1,0809,juventus,cagliari,9,21,schwach,1.4533,B365,16,2:3,niederlage,0
D1-0809-2009-02-01-werder-bremen-bielefeld,2009-02-01,D1,Bundesliga,1,0809,werder bremen,bielefeld,14,17,schwach,1.4374,B365,24,1:2,niederlage,0
N1-0809-2009-02-03-ajax-heracles,2009-02-03,N1,Eredivisie,1,0809,ajax,heracles,11,20,schwach,1.258,B365,12,2:2,unentschieden,0
E1-0809-2009-02-03-preston-plymouth,2009-02-03,E1,Championship,2,0809,preston,plymouth,16,29,schwach,1.7675,B365,13,1:1,unentschieden,0
I1-0809-2009-02-07-milan-reggina,2009-02-07,I1,Serie A,1,0809,milan,reggina,20,22,schwach,1.2793,B365,33,1:1,unentschieden,0
N1-0809-2009-02-07-az-alkmaar-willem-ii,2009-02-07,N1,Eredivisie,1,0809,az alkmaar,willem ii,10,21,schwach,1.32,B365,18,3:1,sieg,1
B1-0809-2009-02-07-anderlecht-bergen,2009-02-07,B1,Belgien Pro League,1,0809,anderlecht,bergen,17,20,schwach,1.3105,B365,14,3:2,sieg,1
D1-0809-2009-02-08-bayern-munich-dortmund,2009-02-08,D1,Bundesliga,1,0809,bayern munich,dortmund,8,18,schwach,1.54,B365,2,3:1,sieg,1
N1-0809-2009-02-08-utrecht-den-haag,2009-02-08,N1,Eredivisie,1,0809,utrecht,den haag,15,21,schwach,1.5434,B365,14,3:1,sieg,1
B1-0809-2009-02-08-cercle-brugge-charleroi,2009-02-08,B1,Belgien Pro League,1,0809,cercle brugge,charleroi,14,20,schwach,1.734,B365,21,2:2,unentschieden,0
F2-0809-2009-02-09-montpellier-reims,2009-02-09,F2,Ligue 2,2,0809,montpellier,reims,20,20,schwach,1.7322,B365,4,2:2,unentschieden,0
N1-0809-2009-02-14-twente-volendam,2009-02-14,N1,Eredivisie,1,0809,twente,volendam,18,22,schwach,1.2707,B365,6,2:1,sieg,1
SC0-0809-2009-02-14-dundee-united-inverness-c,2009-02-14,SC0,Scottish Premiership,1,0809,dundee united,inverness c,12,24,schwach,1.7629,B365,16,1:1,unentschieden,0
E1-0809-2009-02-14-ipswich-blackpool,2009-02-14,E1,Championship,2,0809,Ipswich,blackpool,15,31,schwach,1.7808,B365,28,1:1,unentschieden,0
D1-0809-2009-02-15-dortmund-cottbus,2009-02-15,D1,Bundesliga,1,0809,dortmund,cottbus,17,19,schwach,1.6602,B365,31,1:1,unentschieden,0
I1-0809-2009-02-15-juventus-sampdoria,2009-02-15,I1,Serie A,1,0809,juventus,sampdoria,15,23,schwach,1.5893,B365,10,1:1,unentschieden,0
T1-0809-2009-02-15-ankaraspor-buyuksehyr,2009-02-15,T1,Süper Lig,1,0809,ankaraspor,buyuksehyr,12,19,schwach,1.7092,B365,4,1:2,niederlage,0
B1-0809-2009-02-20-genk-mouscron,2009-02-20,B1,Belgien Pro League,1,0809,genk,mouscron,10,22,schwach,1.4861,B365,17,1:1,unentschieden,0
SP1-0809-2009-02-21-villarreal-sp-gijon,2009-02-21,SP1,La Liga,1,0809,villarreal,sp gijon,14,23,schwach,1.6748,B365,1,2:1,sieg,1
D1-0809-2009-02-21-bayern-munich-koln,2009-02-21,D1,Bundesliga,1,0809,bayern munich,koln,11,20,schwach,1.3314,B365,22,1:2,niederlage,0
T1-0809-2009-02-21-trabzonspor-denizlispor,2009-02-21,T1,Süper Lig,1,0809,trabzonspor,denizlispor,16,20,schwach,1.3816,B365,15,0:2,niederlage,0
SC0-0809-2009-02-21-rangers-kilmarnock,2009-02-21,SC0,Scottish Premiership,1,0809,rangers,kilmarnock,9,25,schwach,1.2769,B365,17,3:1,sieg,1
E1-0809-2009-02-21-reading-bristol-city,2009-02-21,E1,Championship,2,0809,reading,bristol city,8,33,schwach,1.7221,B365,26,0:2,niederlage,0
SP2-0809-2009-02-21-celta-eibar,2009-02-21,SP2,LaLiga 2,2,0809,celta,eibar,19,24,schwach,1.6308,B365,27,1:2,niederlage,0
I1-0809-2009-02-22-fiorentina-chievo,2009-02-22,I1,Serie A,1,0809,fiorentina,chievo,19,24,schwach,1.4889,B365,13,2:1,sieg,1
N1-0809-2009-02-22-ajax-volendam,2009-02-22,N1,Eredivisie,1,0809,ajax,volendam,18,23,schwach,1.295,B365,15,2:1,sieg,1
N1-0809-2009-02-27-psv-eindhoven-heerenveen,2009-02-27,N1,Eredivisie,1,0809,psv eindhoven,heerenveen,5,24,stark,1.7589,B365,15,2:3,niederlage,0
G1-0809-2009-02-28-aris-thrasyvoulos,2009-02-28,G1,Griechenland Super League,1,0809,aris,thrasyvoulos,16,23,schwach,1.4549,B365,3,2:1,sieg,1
E1-0809-2009-02-28-wolves-plymouth,2009-02-28,E1,Championship,2,0809,Wolves,plymouth,20,34,schwach,1.5893,B365,1,0:1,niederlage,0
E1-0809-2009-03-03-ipswich-southampton,2009-03-03,E1,Championship,2,0809,Ipswich,Southampton,22,34,schwach,1.7747,B365,30,0:3,niederlage,0
D1-0809-2009-03-07-bayern-munich-hannover,2009-03-07,D1,Bundesliga,1,0809,bayern munich,hannover,12,22,schwach,1.4138,B365,15,5:1,sieg,1
SP1-0809-2009-03-08-osasuna-sp-gijon,2009-03-08,SP1,La Liga,1,0809,osasuna,sp gijon,17,25,schwach,1.7649,B365,8,1:2,niederlage,0
D1-0809-2009-03-08-leverkusen-bochum,2009-03-08,D1,Bundesliga,1,0809,leverkusen,bochum,14,22,schwach,1.5966,B365,32,1:1,unentschieden,0
D2-0809-2009-03-08-greuther-furth-oberhausen,2009-03-08,D2,2. Bundesliga,2,0809,greuther furth,oberhausen,9,22,schwach,1.7692,B365,13,3:1,sieg,1
D2-0809-2009-03-08-mainz-augsburg,2009-03-08,D2,2. Bundesliga,2,0809,mainz,augsburg,12,22,schwach,1.7216,B365,23,1:1,unentschieden,0
E1-0809-2009-03-10-reading-charlton,2009-03-10,E1,Championship,2,0809,reading,charlton,24,36,schwach,1.5294,B365,16,2:2,unentschieden,0
I1-0809-2009-03-14-juventus-bologna,2009-03-14,I1,Serie A,1,0809,juventus,bologna,16,27,schwach,1.4889,B365,24,4:1,sieg,1
F1-0809-2009-03-14-valenciennes-le-havre,2009-03-14,F1,Ligue 1,1,0809,valenciennes,le havre,20,27,schwach,1.7695,B365,24,3:2,sieg,1
I1-0809-2009-03-15-lazio-chievo,2009-03-15,I1,Serie A,1,0809,lazio,chievo,18,27,schwach,1.7695,B365,27,0:3,niederlage,0
P1-0809-2009-03-15-sp-braga-academica,2009-03-15,P1,Primeira Liga,1,0809,sp braga,academica,10,21,schwach,1.7216,B365,32,1:1,unentschieden,0
D2-0809-2009-03-15-aachen-st-pauli,2009-03-15,D2,2. Bundesliga,2,0809,aachen,st pauli,7,23,schwach,1.7979,B365,16,1:3,niederlage,0
F2-0809-2009-03-20-montpellier-brest,2009-03-20,F2,Ligue 2,2,0809,montpellier,brest,15,26,schwach,1.7077,B365,6,3:2,sieg,1
D1-0809-2009-03-21-leverkusen-ein-frankfurt,2009-03-21,D1,Bundesliga,1,0809,leverkusen,ein frankfurt,12,24,schwach,1.5893,B365,16,1:1,unentschieden,0
B1-0809-2009-03-21-cercle-brugge-mouscron,2009-03-21,B1,Belgien Pro League,1,0809,cercle brugge,mouscron,11,26,schwach,1.7177,B365,19,0:1,niederlage,0
D2-0809-2009-03-22-mainz-aachen,2009-03-22,D2,2. Bundesliga,2,0809,mainz,aachen,9,24,schwach,1.7111,B365,30,1:4,niederlage,0
I2-0809-2009-04-03-empoli-frosinone,2009-04-03,I2,Serie B,2,0809,empoli,frosinone,18,33,schwach,1.7212,B365,27,1:1,unentschieden,0
B1-0809-2009-04-04-genk-westerlo,2009-04-04,B1,Belgien Pro League,1,0809,genk,westerlo,6,27,stark,1.7773,B365,31,1:4,niederlage,0
SC0-0809-2009-04-04-hearts-kilmarnock,2009-04-04,SC0,Scottish Premiership,1,0809,hearts,kilmarnock,9,30,schwach,1.7761,B365,8,3:1,sieg,1
SP1-0809-2009-04-05-ath-madrid-osasuna,2009-04-05,SP1,La Liga,1,0809,ath madrid,osasuna,18,28,schwach,1.7773,B365,8,2:4,niederlage,0
I1-0809-2009-04-05-juventus-chievo,2009-04-05,I1,Serie A,1,0809,juventus,chievo,16,29,schwach,1.413,B365,25,3:3,unentschieden,0
B1-0809-2009-04-05-standard-germinal,2009-04-05,B1,Belgien Pro League,1,0809,standard,germinal,11,27,schwach,1.4954,B365,15,3:1,sieg,1
P1-0809-2009-04-11-benfica-academica,2009-04-11,P1,Primeira Liga,1,0809,benfica,academica,9,23,schwach,1.4533,B365,23,0:1,niederlage,0
F1-0809-2009-04-12-lyon-monaco,2009-04-12,F1,Ligue 1,1,0809,lyon,monaco,11,30,schwach,1.4501,B365,34,2:2,unentschieden,0
G1-0809-2009-04-12-aek-aris,2009-04-12,G1,Griechenland Super League,1,0809,aek,aris,6,28,stark,1.6803,B365,23,0:1,niederlage,0
E1-0809-2009-04-13-birmingham-plymouth,2009-04-13,E1,Championship,2,0809,birmingham,plymouth,19,42,schwach,1.6803,B365,26,1:1,unentschieden,0
B1-0809-2009-04-18-club-brugge-bergen,2009-04-18,B1,Belgien Pro League,1,0809,club brugge,bergen,18,29,schwach,1.3815,B365,15,3:2,sieg,1
SP1-0809-2009-04-21-real-madrid-getafe,2009-04-21,SP1,La Liga,1,0809,real madrid,getafe,15,31,schwach,1.3314,B365,10,3:2,sieg,1
SP1-0809-2009-04-23-villarreal-recreativo,2009-04-23,SP1,La Liga,1,0809,villarreal,recreativo,18,31,schwach,1.7583,B365,1,2:1,sieg,1
E0-0809-2009-04-25-man-united-tottenham,2009-04-25,E0,Premier League,1,0809,Manchester United,Tottenham,9,33,schwach,1.52,B365,29,5:2,sieg,1
D1-0809-2009-04-25-bayern-munich-schalke-04,2009-04-25,D1,Bundesliga,1,0809,bayern munich,schalke 04,6,28,stark,1.7221,B365,21,0:1,niederlage,0
D1-0809-2009-04-25-werder-bremen-bochum,2009-04-25,D1,Bundesliga,1,0809,werder bremen,bochum,14,28,schwach,1.5714,B365,16,3:2,sieg,1
T1-0809-2009-04-25-fenerbahce-ankaragucu,2009-04-25,T1,Süper Lig,1,0809,fenerbahce,ankaragucu,15,28,schwach,1.5657,B365,4,1:2,niederlage,0
E1-0809-2009-04-25-cardiff-ipswich,2009-04-25,E1,Championship,2,0809,cardiff,Ipswich,9,44,schwach,1.7761,B365,34,0:3,niederlage,0
I2-0809-2009-04-25-livorno-modena,2009-04-25,I2,Serie B,2,0809,livorno,modena,20,36,schwach,1.5289,B365,16,1:2,niederlage,0
I2-0809-2009-04-25-rimini-avellino,2009-04-25,I2,Serie B,2,0809,rimini,avellino,21,36,schwach,1.7844,B365,19,2:3,niederlage,0
G1-0809-2009-04-26-aris-panthrakikos,2009-04-26,G1,Griechenland Super League,1,0809,aris,panthrakikos,12,29,schwach,1.2839,B365,28,3:2,sieg,1
SP2-0809-2009-05-02-vallecano-albacete,2009-05-02,SP2,LaLiga 2,2,0809,vallecano,albacete,14,34,schwach,1.6287,B365,5,0:3,niederlage,0
I1-0809-2009-05-03-juventus-lecce,2009-05-03,I1,Serie A,1,0809,juventus,lecce,19,33,schwach,1.4533,B365,11,2:2,unentschieden,0
D2-0809-2009-05-08-oberhausen-wehen,2009-05-08,D2,2. Bundesliga,2,0809,oberhausen,wehen,18,30,schwach,1.6803,B365,31,0:1,niederlage,0
I2-0809-2009-05-08-livorno-triestina,2009-05-08,I2,Serie B,2,0809,livorno,triestina,9,38,schwach,1.6,B365,4,0:1,niederlage,0
SP1-0809-2009-05-09-sevilla-mallorca,2009-05-09,SP1,La Liga,1,0809,sevilla,mallorca,9,34,schwach,1.638,B365,16,3:1,sieg,1
P1-0809-2009-05-09-benfica-trofense,2009-05-09,P1,Primeira Liga,1,0809,benfica,trofense,15,27,schwach,1.3327,B365,30,2:2,unentschieden,0
T1-0809-2009-05-09-sivasspor-buyuksehyr,2009-05-09,T1,Süper Lig,1,0809,sivasspor,buyuksehyr,16,30,schwach,1.4225,B365,8,1:2,niederlage,0
I1-0809-2009-05-10-lecce-napoli,2009-05-10,I1,Serie A,1,0809,lecce,napoli,13,34,schwach,1.7265,B365,33,1:1,unentschieden,0
N1-0809-2009-05-10-feyenoord-roda-jc,2009-05-10,N1,Eredivisie,1,0809,feyenoord,roda jc,18,33,schwach,1.6952,B365,14,2:3,niederlage,0
N1-0809-2009-05-10-nijmegen-sparta,2009-05-10,N1,Eredivisie,1,0809,nijmegen,sparta,13,33,schwach,1.7714,B365,25,1:1,unentschieden,0
D2-0809-2009-05-12-hansa-rostock-augsburg,2009-05-12,D2,2. Bundesliga,2,0809,hansa rostock,augsburg,10,31,schwach,1.7747,B365,13,3:3,unentschieden,0
D1-0809-2009-05-16-hamburg-koln,2009-05-16,D1,Bundesliga,1,0809,hamburg,koln,12,32,schwach,1.3314,B365,9,0:1,niederlage,0
D1-0809-2009-05-16-werder-bremen-karlsruhe,2009-05-16,D1,Bundesliga,1,0809,werder bremen,karlsruhe,18,32,schwach,1.6748,B365,28,1:3,niederlage,0
F1-0809-2009-05-16-bordeaux-le-mans,2009-05-16,F1,Ligue 1,1,0809,bordeaux,le mans,15,35,schwach,1.331,B365,24,3:2,sieg,1
F1-0809-2009-05-16-lorient-le-havre,2009-05-16,F1,Ligue 1,1,0809,lorient,le havre,20,35,schwach,1.7092,B365,11,1:1,unentschieden,0
I1-0809-2009-05-17-juventus-atalanta,2009-05-17,I1,Serie A,1,0809,juventus,atalanta,11,35,schwach,1.3314,B365,2,2:2,unentschieden,0
F1-0809-2009-05-17-lille-nice,2009-05-17,F1,Ligue 1,1,0809,lille,nice,9,35,schwach,1.7221,B365,34,1:1,unentschieden,0
D2-0809-2009-05-17-kaiserslautern-duisburg,2009-05-17,D2,2. Bundesliga,2,0809,kaiserslautern,duisburg,7,32,schwach,1.6808,B365,5,3:5,niederlage,0
F2-0809-2009-05-22-strasbourg-reims,2009-05-22,F2,Ligue 2,2,0809,strasbourg,reims,19,36,schwach,1.5947,B365,6,3:2,sieg,1
F2-0809-2009-05-22-troyes-sedan,2009-05-22,F2,Ligue 2,2,0809,troyes,sedan,10,36,schwach,1.5893,B365,24,2:3,niederlage,0
I2-0809-2009-05-23-salernitana-bari,2009-05-23,I2,Serie B,2,0809,salernitana,bari,1,40,stark,1.2218,B365,4,3:2,sieg,1
I1-0809-2009-05-24-torino-genoa,2009-05-24,I1,Serie A,1,0809,torino,genoa,5,36,stark,1.4978,B365,32,2:3,niederlage,0
T1-0809-2009-05-24-sivasspor-genclerbirligi,2009-05-24,T1,Süper Lig,1,0809,sivasspor,genclerbirligi,12,32,schwach,1.5815,B365,22,3:2,sieg,1
T1-0809-2009-05-30-genclerbirligi-kayserispor,2009-05-30,T1,Süper Lig,1,0809,genclerbirligi,kayserispor,7,33,schwach,1.7515,B365,11,0:4,niederlage,0
SP1-0809-2009-05-31-sp-gijon-recreativo,2009-05-31,SP1,La Liga,1,0809,sp gijon,recreativo,20,37,schwach,1.4225,B365,23,2:1,sieg,1
I1-0809-2009-05-31-roma-torino,2009-05-31,I1,Serie A,1,0809,roma,torino,18,37,schwach,1.7595,B365,9,3:2,sieg,1
SP2-0809-2009-06-13-hercules-albacete,2009-06-13,SP2,LaLiga 2,2,0809,hercules,albacete,16,40,schwach,1.4278,B365,12,4:1,sieg,1
B1-0910-2009-07-31-standard-st-truiden,2009-07-31,B1,Belgien Pro League,1,0910,standard,st truiden,,0,unbekannt,1.2972,B365,24,2:2,unentschieden,0
D1-0910-2009-08-08-werder-bremen-ein-frankfurt,2009-08-08,D1,Bundesliga,1,0910,werder bremen,ein frankfurt,,0,unbekannt,1.4861,B365,6,2:3,niederlage,0
F1-0910-2009-08-15-paris-sg-le-mans,2009-08-15,F1,Ligue 1,1,0910,paris sg,le mans,9,1,schwach,1.72,B365,21,3:1,sieg,1
N1-0910-2009-08-16-utrecht-vvv-venlo,2009-08-16,N1,Eredivisie,1,0910,utrecht,vvv venlo,12,2,schwach,1.6266,B365,3,2:2,unentschieden,0
P1-0910-2009-08-16-benfica-maritimo,2009-08-16,P1,Primeira Liga,1,0910,benfica,maritimo,,0,unbekannt,1.54,B365,25,1:1,unentschieden,0
D2-0910-2009-08-16-augsburg-oberhausen,2009-08-16,D2,2. Bundesliga,2,0910,augsburg,oberhausen,17,1,schwach,1.6933,B365,27,2:2,unentschieden,0
I2-0910-2009-08-21-ascoli-gallipoli,2009-08-21,I2,Serie B,2,0910,ascoli,gallipoli,,0,unbekannt,1.3791,B365,27,1:1,unentschieden,0
N1-0910-2009-08-22-vitesse-den-haag,2009-08-22,N1,Eredivisie,1,0910,vitesse,den haag,15,3,schwach,1.7041,B365,18,1:3,niederlage,0
N1-0910-2009-08-23-psv-eindhoven-nac-breda,2009-08-23,N1,Eredivisie,1,0910,psv eindhoven,nac breda,3,3,stark,1.5265,B365,8,3:1,sieg,1
B1-0910-2009-08-23-club-brugge-kortrijk,2009-08-23,B1,Belgien Pro League,1,0910,club brugge,kortrijk,11,2,schwach,1.452,B365,21,2:2,unentschieden,0
D1-0910-2009-08-29-leverkusen-bochum,2009-08-29,D1,Bundesliga,1,0910,leverkusen,bochum,11,3,schwach,1.4861,B365,32,2:1,sieg,1
N1-0910-2009-08-29-nijmegen-vvv-venlo,2009-08-29,N1,Eredivisie,1,0910,nijmegen,vvv venlo,11,4,schwach,1.7793,B365,32,1:1,unentschieden,0
D2-0910-2009-08-29-hansa-rostock-oberhausen,2009-08-29,D2,2. Bundesliga,2,0910,hansa rostock,oberhausen,10,3,schwach,1.6542,B365,18,0:2,niederlage,0
N1-0910-2009-09-12-twente-utrecht,2009-09-12,N1,Eredivisie,1,0910,twente,utrecht,6,4,stark,1.5893,B365,8,3:2,sieg,1
B1-0910-2009-09-12-waregem-kortrijk,2009-09-12,B1,Belgien Pro League,1,0910,waregem,kortrijk,10,4,schwach,1.7793,B365,12,0:2,niederlage,0
SC0-0910-2009-09-12-celtic-dundee-united,2009-09-12,SC0,Scottish Premiership,1,0910,celtic,dundee united,3,3,stark,1.3234,B365,6,1:1,unentschieden,0
E1-0910-2009-09-12-west-brom-plymouth,2009-09-12,E1,Championship,2,0910,west brom,plymouth,22,5,schwach,1.4861,B365,12,3:1,sieg,1
I2-0910-2009-09-12-torino-albinoleffe,2009-09-12,I2,Serie B,2,0910,torino,albinoleffe,19,3,schwach,1.5437,B365,15,2:1,sieg,1
I1-0910-2009-09-13-palermo-bari,2009-09-13,I1,Serie A,1,0910,palermo,bari,12,2,schwach,1.72,B365,2,1:1,unentschieden,0
I1-0910-2009-09-13-udinese-catania,2009-09-13,I1,Serie A,1,0910,udinese,catania,17,2,schwach,1.7808,B365,11,4:2,sieg,1
E1-0910-2009-09-15-west-brom-doncaster,2009-09-15,E1,Championship,2,0910,west brom,doncaster,14,6,schwach,1.5349,B365,7,3:1,sieg,1
D1-0910-2009-09-19-stuttgart-koln,2009-09-19,D1,Bundesliga,1,0910,stuttgart,koln,18,5,schwach,1.5383,B365,25,0:2,niederlage,0
SP1-0910-2009-09-20-valencia-sp-gijon,2009-09-20,SP1,La Liga,1,0910,valencia,sp gijon,12,2,schwach,1.3747,B365,7,2:2,unentschieden,0
SC0-0910-2009-09-20-celtic-hearts,2009-09-20,SC0,Scottish Premiership,1,0910,celtic,hearts,9,4,schwach,1.4225,B365,5,2:1,sieg,1
P1-0910-2009-09-21-sp-lisbon-olhanense,2009-09-21,P1,Primeira Liga,1,0910,sp lisbon,olhanense,7,4,schwach,1.3636,B365,9,3:2,sieg,1
SP1-0910-2009-09-23-ath-madrid-almeria,2009-09-23,SP1,La Liga,1,0910,ath madrid,almeria,7,3,schwach,1.5383,B365,26,2:2,unentschieden,0
B1-0910-2009-09-23-club-brugge-waregem,2009-09-23,B1,Belgien Pro League,1,0910,club brugge,waregem,11,6,schwach,1.6447,B365,22,3:1,sieg,1
D2-0910-2009-09-25-union-berlin-ahlen,2009-09-25,D2,2. Bundesliga,2,0910,union berlin,ahlen,17,6,schwach,1.5893,B365,5,2:1,sieg,1
F1-0910-2009-09-26-lyon-toulouse,2009-09-26,F1,Ligue 1,1,0910,lyon,toulouse,9,6,schwach,1.5294,B365,9,2:1,sieg,1
N1-0910-2009-09-26-twente-vvv-venlo,2009-09-26,N1,Eredivisie,1,0910,twente,vvv venlo,11,7,schwach,1.4181,B365,3,2:1,sieg,1
N1-0910-2009-09-27-nijmegen-heracles,2009-09-27,N1,Eredivisie,1,0910,nijmegen,heracles,11,7,schwach,1.7102,B365,9,0:2,niederlage,0
D2-0910-2009-09-27-augsburg-koblenz,2009-09-27,D2,2. Bundesliga,2,0910,augsburg,koblenz,16,6,schwach,1.6803,B365,11,1:1,unentschieden,0
E1-0910-2009-09-30-newcastle-qpr,2009-09-30,E1,Championship,2,0910,Newcastle,qpr,12,8,schwach,1.7808,B365,7,1:1,unentschieden,0
F2-0910-2009-10-02-caen-sedan,2009-10-02,F2,Ligue 2,2,0910,caen,sedan,16,8,schwach,1.6812,B365,2,3:1,sieg,1
F1-0910-2009-10-03-paris-sg-nancy,2009-10-03,F1,Ligue 1,1,0910,paris sg,nancy,9,7,schwach,1.6729,B365,14,1:1,unentschieden,0
F1-0910-2009-10-03-rennes-auxerre,2009-10-03,F1,Ligue 1,1,0910,rennes,auxerre,12,7,schwach,1.7329,B365,17,0:1,niederlage,0
F1-0910-2009-10-04-marseille-monaco,2009-10-04,F1,Ligue 1,1,0910,marseille,monaco,7,7,schwach,1.6266,B365,20,1:2,niederlage,0
F1-0910-2009-10-17-lyon-sochaux,2009-10-17,F1,Ligue 1,1,0910,lyon,sochaux,14,8,schwach,1.3782,B365,17,0:2,niederlage,0
E1-0910-2009-10-17-middlesbrough-watford,2009-10-17,E1,Championship,2,0910,middlesbrough,watford,15,11,schwach,1.7265,B365,26,0:1,niederlage,0
E1-0910-2009-10-17-west-brom-reading,2009-10-17,E1,Championship,2,0910,west brom,reading,21,11,schwach,1.7265,B365,6,3:1,sieg,1
I1-0910-2009-10-18-napoli-bologna,2009-10-18,I1,Serie A,1,0910,napoli,bologna,16,7,schwach,1.6518,B365,14,2:1,sieg,1
I1-0910-2009-10-18-udinese-atalanta,2009-10-18,I1,Serie A,1,0910,udinese,atalanta,19,7,schwach,1.7808,B365,4,1:3,niederlage,0
G1-0910-2009-10-18-aek-panthrakikos,2009-10-18,G1,Griechenland Super League,1,0910,aek,panthrakikos,16,6,schwach,1.3091,B365,26,3:2,sieg,1
D2-0910-2009-10-23-greuther-furth-koblenz,2009-10-23,D2,2. Bundesliga,2,0910,greuther furth,koblenz,16,9,schwach,1.6375,B365,3,1:2,niederlage,0
D2-0910-2009-10-23-kaiserslautern-fortuna-dusseldorf,2009-10-23,D2,2. Bundesliga,2,0910,kaiserslautern,fortuna dusseldorf,7,9,schwach,1.6803,B365,18,0:2,niederlage,0
G1-0910-2009-10-24-olympiakos-ergotelis,2009-10-24,G1,Griechenland Super League,1,0910,olympiakos,ergotelis,4,7,stark,1.3327,B365,22,2:1,sieg,1
E1-0910-2009-10-24-newcastle-doncaster,2009-10-24,E1,Championship,2,0910,Newcastle,doncaster,18,13,schwach,1.6776,B365,18,2:1,sieg,1
F2-0910-2009-10-27-caen-vannes,2009-10-27,F2,Ligue 2,2,0910,caen,vannes,13,11,schwach,1.54,B365,4,4:2,sieg,1
F1-0910-2009-10-31-marseille-toulouse,2009-10-31,F1,Ligue 1,1,0910,marseille,toulouse,11,10,schwach,1.7033,B365,28,1:1,unentschieden,0
I1-0910-2009-11-01-roma-bologna,2009-11-01,I1,Serie A,1,0910,roma,bologna,17,10,schwach,1.7808,B365,32,2:1,sieg,1
P1-0910-2009-11-01-nacional-setubal,2009-11-01,P1,Primeira Liga,1,0910,nacional,setubal,15,8,schwach,1.6429,B365,11,2:1,sieg,1
E0-0910-2009-11-07-man-city-burnley,2009-11-07,E0,Premier League,1,0910,Manchester City,Burnley,10,11,schwach,1.4009,B365,19,3:3,unentschieden,0
N1-0910-2009-11-07-nijmegen-waalwijk,2009-11-07,N1,Eredivisie,1,0910,nijmegen,waalwijk,18,12,schwach,1.5383,B365,32,0:1,niederlage,0
B1-0910-2009-11-07-germinal-st-truiden,2009-11-07,B1,Belgien Pro League,1,0910,germinal,st truiden,9,12,schwach,1.7049,B365,24,4:1,sieg,1
I1-0910-2009-11-08-inter-roma,2009-11-08,I1,Serie A,1,0910,inter,roma,14,11,schwach,1.7265,B365,13,1:1,unentschieden,0
F2-0910-2009-11-09-nantes-guingamp,2009-11-09,F2,Ligue 2,2,0910,nantes,guingamp,19,13,schwach,1.6593,B365,28,0:2,niederlage,0
SP2-0910-2009-11-15-betis-celta,2009-11-15,SP2,LaLiga 2,2,0910,betis,celta,19,11,schwach,1.7615,B365,24,1:1,unentschieden,0
F1-0910-2009-11-21-bordeaux-valenciennes,2009-11-21,F1,Ligue 1,1,0910,bordeaux,valenciennes,8,12,schwach,1.4889,B365,7,0:1,niederlage,0
N1-0910-2009-11-21-nac-breda-nijmegen,2009-11-21,N1,Eredivisie,1,0910,nac breda,nijmegen,17,13,schwach,1.72,B365,10,3:3,unentschieden,0
I2-0910-2009-11-21-grosseto-salernitana,2009-11-21,I2,Serie B,2,0910,grosseto,salernitana,22,13,schwach,1.7033,B365,1,2:2,unentschieden,0
I2-0910-2009-11-21-sassuolo-piacenza,2009-11-21,I2,Serie B,2,0910,sassuolo,piacenza,21,14,schwach,1.7808,B365,11,1:2,niederlage,0
D2-0910-2009-11-27-aachen-ahlen,2009-11-27,D2,2. Bundesliga,2,0910,aachen,ahlen,18,13,schwach,1.5349,B365,16,0:2,niederlage,0
SP1-0910-2009-11-28-sevilla-malaga,2009-11-28,SP1,La Liga,1,0910,sevilla,malaga,20,11,schwach,1.3314,B365,22,2:2,unentschieden,0
T1-0910-2009-11-28-fenerbahce-kasimpasa,2009-11-28,T1,Süper Lig,1,0910,fenerbahce,kasimpasa,15,12,schwach,1.3273,B365,1,1:3,niederlage,0
E1-0910-2009-11-28-qpr-coventry,2009-11-28,E1,Championship,2,0910,qpr,coventry,18,17,schwach,1.6803,B365,16,2:2,unentschieden,0
I2-0910-2009-11-28-torino-crotone,2009-11-28,I2,Serie B,2,0910,torino,crotone,15,15,schwach,1.6567,B365,22,1:2,niederlage,0
SP1-0910-2009-11-29-getafe-xerez,2009-11-29,SP1,La Liga,1,0910,getafe,xerez,20,11,schwach,1.6058,B365,33,5:1,sieg,1
F1-0910-2009-11-29-lyon-rennes,2009-11-29,F1,Ligue 1,1,0910,lyon,rennes,11,13,schwach,1.6574,B365,14,1:1,unentschieden,0
N1-0910-2009-12-04-nac-breda-sparta,2009-12-04,N1,Eredivisie,1,0910,nac breda,sparta,10,15,schwach,1.7209,B365,24,2:2,unentschieden,0
SP1-0910-2009-12-05-sevilla-valladolid,2009-12-05,SP1,La Liga,1,0910,sevilla,valladolid,15,12,schwach,1.42,B365,33,1:1,unentschieden,0
D1-0910-2009-12-05-wolfsburg-freiburg,2009-12-05,D1,Bundesliga,1,0910,wolfsburg,freiburg,13,14,schwach,1.6375,B365,19,2:2,unentschieden,0
N1-0910-2009-12-06-feyenoord-groningen,2009-12-06,N1,Eredivisie,1,0910,feyenoord,groningen,13,15,schwach,1.7265,B365,4,3:1,sieg,1
E1-0910-2009-12-08-middlesbrough-blackpool,2009-12-08,E1,Championship,2,0910,middlesbrough,blackpool,9,19,schwach,1.7675,B365,21,0:3,niederlage,0
E1-0910-2009-12-08-west-brom-cardiff,2009-12-08,E1,Championship,2,0910,west brom,cardiff,5,19,stark,1.7793,B365,18,0:2,niederlage,0
E0-0910-2009-12-12-chelsea-everton,2009-12-12,E0,Premier League,1,0910,Chelsea,Everton,15,15,schwach,1.3106,B365,12,3:3,unentschieden,0
E0-0910-2009-12-12-man-united-aston-villa,2009-12-12,E0,Premier League,1,0910,Manchester United,Aston Villa,5,15,stark,1.5714,B365,21,0:1,niederlage,0
E0-0910-2009-12-12-tottenham-wolves,2009-12-12,E0,Premier League,1,0910,Tottenham,Wolves,18,15,schwach,1.3135,B365,3,0:1,niederlage,0
P1-0910-2009-12-12-sp-lisbon-leiria,2009-12-12,P1,Primeira Liga,1,0910,sp lisbon,leiria,8,12,schwach,1.54,B365,27,0:1,niederlage,0
G1-0910-2009-12-12-aris-asteras-tripolis,2009-12-12,G1,Griechenland Super League,1,0910,aris,asteras tripolis,9,13,schwach,1.7808,B365,12,0:1,niederlage,0
SC0-0910-2009-12-12-aberdeen-hamilton,2009-12-12,SC0,Scottish Premiership,1,0910,aberdeen,hamilton,10,14,schwach,1.782,B365,32,1:2,niederlage,0
T1-0910-2009-12-18-besiktas-bursaspor,2009-12-18,T1,Süper Lig,1,0910,besiktas,bursaspor,4,15,stark,1.7137,B365,19,2:3,niederlage,0
SP1-0910-2009-12-19-sevilla-getafe,2009-12-19,SP1,La Liga,1,0910,sevilla,getafe,8,14,schwach,1.7111,B365,12,1:2,niederlage,0
T1-0910-2009-12-19-kayserispor-antalyaspor,2009-12-19,T1,Süper Lig,1,0910,kayserispor,antalyaspor,10,15,schwach,1.6803,B365,5,1:2,niederlage,0
I1-0910-2009-12-20-juventus-catania,2009-12-20,I1,Serie A,1,0910,juventus,catania,20,16,schwach,1.413,B365,23,1:2,niederlage,0
B1-0910-2009-12-26-club-brugge-cercle-brugge,2009-12-26,B1,Belgien Pro League,1,0910,club brugge,cercle brugge,13,17,schwach,1.5349,B365,21,2:1,sieg,1
E0-0910-2009-12-28-chelsea-fulham,2009-12-28,E0,Premier League,1,0910,Chelsea,Fulham,9,18,schwach,1.4382,B365,4,2:1,sieg,1
I1-0910-2010-01-06-lazio-livorno,2010-01-06,I1,Serie A,1,0910,lazio,livorno,15,17,schwach,1.7808,B365,7,4:1,sieg,1
I1-0910-2010-01-06-milan-genoa,2010-01-06,I1,Serie A,1,0910,milan,genoa,11,16,schwach,1.6803,B365,25,5:2,sieg,1
G1-0910-2010-01-06-panathinaikos-ergotelis,2010-01-06,G1,Griechenland Super League,1,0910,panathinaikos,ergotelis,8,15,schwach,1.3753,B365,8,4:1,sieg,1
E0-0910-2010-01-09-arsenal-everton,2010-01-09,E0,Premier League,1,0910,Arsenal,Everton,12,19,schwach,1.4758,B365,12,2:2,unentschieden,0
SP1-0910-2010-01-09-sevilla-santander,2010-01-09,SP1,La Liga,1,0910,sevilla,santander,14,16,schwach,1.6717,B365,26,1:2,niederlage,0
I1-0910-2010-01-09-inter-siena,2010-01-09,I1,Serie A,1,0910,inter,siena,20,18,schwach,1.28,B365,18,4:3,sieg,1
SP2-0910-2010-01-09-sociedad-cadiz,2010-01-09,SP2,LaLiga 2,2,0910,sociedad,cadiz,19,18,schwach,1.7111,B365,7,4:1,sieg,1
I1-0910-2010-01-10-fiorentina-bari,2010-01-10,I1,Serie A,1,0910,fiorentina,bari,8,17,schwach,1.7464,B365,25,2:1,sieg,1
G1-0910-2010-01-10-aek-atromitos,2010-01-10,G1,Griechenland Super League,1,0910,aek,atromitos,10,16,schwach,1.576,B365,9,3:3,unentschieden,0
D1-0910-2010-01-16-leverkusen-mainz,2010-01-16,D1,Bundesliga,1,0910,leverkusen,mainz,9,17,schwach,1.488,B365,8,4:2,sieg,1
P1-0910-2010-01-16-guimaraes-setubal,2010-01-16,P1,Primeira Liga,1,0910,guimaraes,setubal,13,15,schwach,1.6321,B365,3,2:2,unentschieden,0
P1-0910-2010-01-16-sp-lisbon-nacional,2010-01-16,P1,Primeira Liga,1,0910,sp lisbon,nacional,5,15,stark,1.6321,B365,24,3:2,sieg,1
SC0-0910-2010-01-16-celtic-falkirk,2010-01-16,SC0,Scottish Premiership,1,0910,celtic,falkirk,12,17,schwach,1.2593,B365,19,1:1,unentschieden,0
I1-0910-2010-01-17-fiorentina-bologna,2010-01-17,I1,Serie A,1,0910,fiorentina,bologna,17,18,schwach,1.6,B365,28,1:2,niederlage,0
E0-0910-2010-01-20-arsenal-bolton,2010-01-20,E0,Premier League,1,0910,Arsenal,bolton,19,19,schwach,1.2936,B365,7,4:2,sieg,1
F1-0910-2010-01-20-marseille-le-mans,2010-01-20,F1,Ligue 1,1,0910,marseille,le mans,18,20,schwach,1.42,B365,16,2:1,sieg,1
B1-0910-2010-01-23-lokeren-roeselare,2010-01-23,B1,Belgien Pro League,1,0910,lokeren,roeselare,15,20,schwach,1.663,B365,23,1:4,niederlage,0
D1-0910-2010-01-24-wolfsburg-koln,2010-01-24,D1,Bundesliga,1,0910,wolfsburg,koln,14,18,schwach,1.6058,B365,7,2:3,niederlage,0
G1-0910-2010-01-24-olympiakos-paok,2010-01-24,G1,Griechenland Super League,1,0910,olympiakos,paok,3,18,stark,1.6474,B365,20,0:1,niederlage,0
SP2-0910-2010-01-24-sociedad-elche,2010-01-24,SP2,LaLiga 2,2,0910,sociedad,elche,11,20,schwach,1.7714,B365,12,0:1,niederlage,0
SC0-0910-2010-01-27-dundee-united-st-johnstone,2010-01-27,SC0,Scottish Premiership,1,0910,dundee united,st johnstone,9,18,schwach,1.7675,B365,6,3:3,unentschieden,0
SC0-0910-2010-01-30-hibernian-st-mirren,2010-01-30,SC0,Scottish Premiership,1,0910,hibernian,st mirren,9,21,schwach,1.7808,B365,9,2:1,sieg,1
SP1-0910-2010-01-31-ath-madrid-malaga,2010-01-31,SP1,La Liga,1,0910,ath madrid,malaga,16,19,schwach,1.5879,B365,3,0:2,niederlage,0
SP1-0910-2010-01-31-villarreal-osasuna,2010-01-31,SP1,La Liga,1,0910,villarreal,osasuna,12,19,schwach,1.6803,B365,15,0:2,niederlage,0
B1-0910-2010-01-31-gent-waregem,2010-01-31,B1,Belgien Pro League,1,0910,gent,waregem,4,21,stark,1.7793,B365,7,0:2,niederlage,0
B1-0910-2010-01-31-standard-kortrijk,2010-01-31,B1,Belgien Pro League,1,0910,standard,kortrijk,7,21,schwach,1.782,B365,15,3:1,sieg,1
D2-0910-2010-01-31-paderborn-frankfurt-fsv,2010-01-31,D2,2. Bundesliga,2,0910,paderborn,frankfurt fsv,17,19,schwach,1.638,B365,1,0:2,niederlage,0
SC0-0910-2010-02-02-aberdeen-falkirk,2010-02-02,SC0,Scottish Premiership,1,0910,aberdeen,falkirk,12,21,schwach,1.7808,B365,31,0:1,niederlage,0
P1-0910-2010-02-06-sp-lisbon-academica,2010-02-06,P1,Primeira Liga,1,0910,sp lisbon,academica,12,17,schwach,1.4983,B365,3,1:2,niederlage,0
G1-0910-2010-02-06-aek-xanthi,2010-02-06,G1,Griechenland Super League,1,0910,aek,xanthi,9,20,schwach,1.525,B365,9,3:1,sieg,1
D2-0910-2010-02-06-cottbus-koblenz,2010-02-06,D2,2. Bundesliga,2,0910,cottbus,koblenz,16,20,schwach,1.7726,B365,11,1:1,unentschieden,0
D1-0910-2010-02-07-dortmund-ein-frankfurt,2010-02-07,D1,Bundesliga,1,0910,dortmund,ein frankfurt,9,20,schwach,1.72,B365,8,2:3,niederlage,0
D2-0910-2010-02-08-munich-1860-ahlen,2010-02-08,D2,2. Bundesliga,2,0910,munich 1860,ahlen,18,20,schwach,1.7726,B365,27,0:1,niederlage,0
SC0-0910-2010-02-10-dundee-united-hamilton,2010-02-10,SC0,Scottish Premiership,1,0910,dundee united,hamilton,12,22,schwach,1.6266,B365,23,0:2,niederlage,0
D1-0910-2010-02-13-bayern-munich-dortmund,2010-02-13,D1,Bundesliga,1,0910,bayern munich,dortmund,5,21,stark,1.4278,B365,5,3:1,sieg,1
D2-0910-2010-02-13-aachen-oberhausen,2010-02-13,D2,2. Bundesliga,2,0910,aachen,oberhausen,14,21,schwach,1.7265,B365,13,2:1,sieg,1
I2-0910-2010-02-13-sassuolo-gallipoli,2010-02-13,I2,Serie B,2,0910,sassuolo,gallipoli,16,24,schwach,1.4622,B365,5,1:2,niederlage,0
P1-0910-2010-02-14-leiria-setubal,2010-02-14,P1,Primeira Liga,1,0910,leiria,setubal,15,18,schwach,1.7644,B365,10,3:3,unentschieden,0
G1-0910-2010-02-14-aris-ergotelis,2010-02-14,G1,Griechenland Super League,1,0910,aris,ergotelis,8,21,schwach,1.6729,B365,2,2:1,sieg,1
E0-0910-2010-02-21-aston-villa-burnley,2010-02-21,E0,Premier League,1,0910,Aston Villa,Burnley,19,25,schwach,1.4382,B365,10,5:2,sieg,1
N1-0910-2010-02-21-feyenoord-den-haag,2010-02-21,N1,Eredivisie,1,0910,feyenoord,den haag,16,23,schwach,1.3342,B365,10,2:2,unentschieden,0
D2-0910-2010-02-26-duisburg-oberhausen,2010-02-26,D2,2. Bundesliga,2,0910,duisburg,oberhausen,15,23,schwach,1.638,B365,7,2:2,unentschieden,0
P1-0910-2010-02-27-sp-braga-olhanense,2010-02-27,P1,Primeira Liga,1,0910,sp braga,olhanense,13,20,schwach,1.4165,B365,15,3:1,sieg,1
F1-0910-2010-02-28-lille-auxerre,2010-02-28,F1,Ligue 1,1,0910,lille,auxerre,6,24,stark,1.72,B365,19,1:2,niederlage,0
SP1-0910-2010-03-06-la-coruna-tenerife,2010-03-06,SP1,La Liga,1,0910,la coruna,tenerife,19,24,schwach,1.7317,B365,17,3:1,sieg,1
SP1-0910-2010-03-06-real-madrid-sevilla,2010-03-06,SP1,La Liga,1,0910,real madrid,sevilla,4,24,stark,1.4861,B365,10,3:2,sieg,1
D1-0910-2010-03-06-wolfsburg-bochum,2010-03-06,D1,Bundesliga,1,0910,wolfsburg,bochum,13,24,schwach,1.5696,B365,28,4:1,sieg,1
N1-0910-2010-03-06-az-alkmaar-heerenveen,2010-03-06,N1,Eredivisie,1,0910,az alkmaar,heerenveen,13,25,schwach,1.6058,B365,20,4:1,sieg,1
P1-0910-2010-03-06-porto-olhanense,2010-03-06,P1,Primeira Liga,1,0910,porto,olhanense,13,21,schwach,1.3105,B365,13,2:2,unentschieden,0
T1-0910-2010-03-06-trabzonspor-genclerbirligi,2010-03-06,T1,Süper Lig,1,0910,trabzonspor,genclerbirligi,9,21,schwach,1.7265,B365,25,3:1,sieg,1
SC0-0910-2010-03-06-rangers-st-mirren,2010-03-06,SC0,Scottish Premiership,1,0910,rangers,st mirren,10,26,schwach,1.28,B365,30,3:1,sieg,1
D2-0910-2010-03-06-kaiserslautern-frankfurt-fsv,2010-03-06,D2,2. Bundesliga,2,0910,kaiserslautern,frankfurt fsv,16,24,schwach,1.413,B365,12,1:1,unentschieden,0
SP1-0910-2010-03-07-malaga-xerez,2010-03-07,SP1,La Liga,1,0910,malaga,xerez,20,24,schwach,1.7317,B365,5,2:4,niederlage,0
N1-0910-2010-03-12-twente-den-haag,2010-03-12,N1,Eredivisie,1,0910,twente,den haag,16,26,schwach,1.3314,B365,1,3:1,sieg,1
D1-0910-2010-03-13-bayern-munich-freiburg,2010-03-13,D1,Bundesliga,1,0910,bayern munich,freiburg,17,25,schwach,1.236,B365,31,2:1,sieg,1
F1-0910-2010-03-13-nancy-boulogne,2010-03-13,F1,Ligue 1,1,0910,nancy,boulogne,19,27,schwach,1.7808,B365,33,1:3,niederlage,0
E1-0910-2010-03-13-west-brom-blackpool,2010-03-13,E1,Championship,2,0910,west brom,blackpool,7,35,schwach,1.6803,B365,6,3:2,sieg,1
B1-0910-2010-03-14-gent-charleroi,2010-03-14,B1,Belgien Pro League,1,0910,gent,charleroi,13,27,schwach,1.638,B365,25,2:1,sieg,1
D1-0910-2010-03-20-werder-bremen-bochum,2010-03-20,D1,Bundesliga,1,0910,werder bremen,bochum,14,26,schwach,1.4138,B365,14,3:2,sieg,1
E0-0910-2010-03-21-man-united-liverpool,2010-03-21,E0,Premier League,1,0910,Manchester United,Liverpool,5,30,stark,1.749,B365,5,2:1,sieg,1
D1-0910-2010-03-21-wolfsburg-hertha,2010-03-21,D1,Bundesliga,1,0910,wolfsburg,hertha,18,26,schwach,1.6058,B365,6,1:5,niederlage,0
I1-0910-2010-03-21-milan-napoli,2010-03-21,I1,Serie A,1,0910,milan,napoli,9,28,schwach,1.6776,B365,13,1:1,unentschieden,0
E1-0910-2010-03-23-ipswich-plymouth,2010-03-23,E1,Championship,2,0910,Ipswich,plymouth,23,37,schwach,1.782,B365,34,0:2,niederlage,0
E0-0910-2010-03-24-aston-villa-sunderland,2010-03-24,E0,Premier League,1,0910,Aston Villa,Sunderland,13,30,schwach,1.6212,B365,22,1:1,unentschieden,0
T1-0910-2010-03-27-besiktas-eskisehirspor,2010-03-27,T1,Süper Lig,1,0910,besiktas,eskisehirspor,7,24,schwach,1.638,B365,2,3:2,sieg,1
SP2-0910-2010-03-27-betis-girona,2010-03-27,SP2,LaLiga 2,2,0910,betis,girona,12,29,schwach,1.609,B365,23,0:1,niederlage,0
SP1-0910-2010-03-28-real-madrid-ath-madrid,2010-03-28,SP1,La Liga,1,0910,real madrid,ath madrid,8,28,schwach,1.3776,B365,10,3:2,sieg,1
P1-0910-2010-04-02-sp-braga-guimaraes,2010-04-02,P1,Primeira Liga,1,0910,sp braga,guimaraes,5,24,stark,1.7583,B365,18,3:2,sieg,1
D1-0910-2010-04-03-stuttgart-m-gladbach,2010-04-03,D1,Bundesliga,1,0910,stuttgart,m gladbach,12,28,schwach,1.4861,B365,33,2:1,sieg,1
F1-0910-2010-04-03-bordeaux-nancy,2010-04-03,F1,Ligue 1,1,0910,bordeaux,nancy,12,30,schwach,1.5524,B365,18,1:2,niederlage,0
N1-0910-2010-04-03-roda-jc-waalwijk,2010-04-03,N1,Eredivisie,1,0910,roda jc,waalwijk,18,29,schwach,1.4463,B365,7,5:1,sieg,1
P1-0910-2010-04-03-porto-maritimo,2010-04-03,P1,Primeira Liga,1,0910,porto,maritimo,9,24,schwach,1.4039,B365,1,4:1,sieg,1
T1-0910-2010-04-03-bursaspor-antalyaspor,2010-04-03,T1,Süper Lig,1,0910,bursaspor,antalyaspor,10,25,schwach,1.5349,B365,7,2:1,sieg,1
SC0-0910-2010-04-03-motherwell-falkirk,2010-04-03,SC0,Scottish Premiership,1,0910,motherwell,falkirk,12,31,schwach,1.7793,B365,27,0:1,niederlage,0
D2-0910-2010-04-04-augsburg-greuther-furth,2010-04-04,D2,2. Bundesliga,2,0910,augsburg,greuther furth,8,28,schwach,1.7793,B365,12,1:1,unentschieden,0
E1-0910-2010-04-05-newcastle-sheffield-united,2010-04-05,E1,Championship,2,0910,Newcastle,Sheffield United,10,41,schwach,1.5383,B365,22,2:1,sieg,1
I1-0910-2010-04-11-milan-catania,2010-04-11,I1,Serie A,1,0910,milan,catania,13,32,schwach,1.4533,B365,12,2:2,unentschieden,0
I1-0910-2010-04-11-palermo-chievo,2010-04-11,I1,Serie A,1,0910,palermo,chievo,14,32,schwach,1.54,B365,18,3:1,sieg,1
N1-0910-2010-04-11-utrecht-den-haag,2010-04-11,N1,Eredivisie,1,0910,utrecht,den haag,16,30,schwach,1.6748,B365,17,0:2,niederlage,0
P1-0910-2010-04-11-maritimo-belenenses,2010-04-11,P1,Primeira Liga,1,0910,maritimo,belenenses,16,25,schwach,1.7808,B365,2,3:3,unentschieden,0
I2-0910-2010-04-13-empoli-salernitana,2010-04-13,I2,Serie B,2,0910,empoli,salernitana,22,34,schwach,1.2541,BbAv,15,5:2,sieg,1
SP1-0910-2010-04-14-ath-madrid-xerez,2010-04-14,SP1,La Liga,1,0910,ath madrid,xerez,20,31,schwach,1.4533,B365,9,1:2,niederlage,0
D1-0910-2010-04-17-hamburg-mainz,2010-04-17,D1,Bundesliga,1,0910,hamburg,mainz,10,30,schwach,1.5349,B365,20,0:1,niederlage,0
N1-0910-2010-04-18-psv-eindhoven-groningen,2010-04-18,N1,Eredivisie,1,0910,psv eindhoven,groningen,8,32,schwach,1.4138,B365,3,3:1,sieg,1
P1-0910-2010-04-19-sp-lisbon-setubal,2010-04-19,P1,Primeira Liga,1,0910,sp lisbon,setubal,14,26,schwach,1.375,B365,11,2:1,sieg,1
I1-0910-2010-04-24-inter-atalanta,2010-04-24,I1,Serie A,1,0910,inter,atalanta,18,34,schwach,1.2972,B365,5,3:1,sieg,1
F1-0910-2010-04-24-nice-grenoble,2010-04-24,F1,Ligue 1,1,0910,nice,grenoble,20,33,schwach,1.6776,B365,22,2:1,sieg,1
I2-0910-2010-04-24-gallipoli-salernitana,2010-04-24,I2,Serie B,2,0910,gallipoli,salernitana,22,35,schwach,1.6,B365,10,3:2,sieg,1
I1-0910-2010-04-25-bologna-parma,2010-04-25,I1,Serie A,1,0910,bologna,parma,10,34,schwach,1.65,B365,23,2:1,sieg,1
D1-0910-2010-05-01-leverkusen-hertha,2010-05-01,D1,Bundesliga,1,0910,leverkusen,hertha,18,32,schwach,1.4138,B365,12,1:1,unentschieden,0
I2-0910-2010-05-01-lecce-albinoleffe,2010-05-01,I2,Serie B,2,0910,lecce,albinoleffe,12,37,schwach,1.6893,B365,20,2:1,sieg,1
SP1-0910-2010-05-02-real-madrid-osasuna,2010-05-02,SP1,La Liga,1,0910,real madrid,osasuna,12,34,schwach,1.2007,B365,7,3:2,sieg,1
F1-0910-2010-05-02-rennes-sochaux,2010-05-02,F1,Ligue 1,1,0910,rennes,sochaux,16,34,schwach,1.72,B365,28,1:2,niederlage,0
N1-0910-2010-05-02-feyenoord-heerenveen,2010-05-02,N1,Eredivisie,1,0910,feyenoord,heerenveen,11,33,schwach,1.6375,B365,12,6:2,sieg,1
E1-0910-2010-05-02-blackpool-bristol-city,2010-05-02,E1,Championship,2,0910,blackpool,bristol city,10,45,schwach,1.5383,B365,16,1:1,unentschieden,0
SP1-0910-2010-05-04-getafe-sp-gijon,2010-05-04,SP1,La Liga,1,0910,getafe,sp gijon,14,35,schwach,1.6748,B365,18,1:1,unentschieden,0
F1-0910-2010-05-05-lyon-auxerre,2010-05-05,F1,Ligue 1,1,0910,lyon,auxerre,2,35,stark,1.7317,B365,15,2:1,sieg,1
F2-0910-2010-05-07-brest-dijon,2010-05-07,F2,Ligue 2,2,0910,brest,dijon,11,36,schwach,1.6776,B365,32,1:4,niederlage,0
F2-0910-2010-05-07-istres-nimes,2010-05-07,F2,Ligue 2,2,0910,istres,nimes,7,36,schwach,1.7948,B365,32,2:1,sieg,1
F1-0910-2010-05-08-lille-marseille,2010-05-08,F1,Ligue 1,1,0910,lille,marseille,1,36,stark,1.6857,B365,6,3:2,sieg,1
F1-0910-2010-05-08-rennes-nice,2010-05-08,F1,Ligue 1,1,0910,rennes,nice,15,36,schwach,1.7464,B365,12,2:2,unentschieden,0
I1-0910-2010-05-09-fiorentina-siena,2010-05-09,I1,Serie A,1,0910,fiorentina,siena,19,36,schwach,1.4454,B365,3,1:1,unentschieden,0
I1-0910-2010-05-09-inter-chievo,2010-05-09,I1,Serie A,1,0910,inter,chievo,12,36,schwach,1.163,B365,12,4:3,sieg,1
D2-0910-2010-05-09-bielefeld-oberhausen,2010-05-09,D2,2. Bundesliga,2,0910,bielefeld,oberhausen,14,33,schwach,1.774,B365,31,2:1,sieg,1
D2-0910-2010-05-09-frankfurt-fsv-koblenz,2010-05-09,D2,2. Bundesliga,2,0910,frankfurt fsv,koblenz,17,33,schwach,1.5815,B365,24,1:1,unentschieden,0
F2-0910-2010-05-14-metz-vannes,2010-05-14,F2,Ligue 2,2,0910,metz,vannes,16,37,schwach,1.5947,B365,6,0:1,niederlage,0
I1-0910-2010-05-16-cagliari-bologna,2010-05-16,I1,Serie A,1,0910,cagliari,bologna,17,37,schwach,1.7299,B365,3,1:1,unentschieden,0
SP2-0910-2010-06-05-albacete-recreativo,2010-06-05,SP2,LaLiga 2,2,0910,albacete,recreativo,9,39,schwach,1.6308,B365,1,1:3,niederlage,0
E1-1011-2010-08-07-reading-scunthorpe,2010-08-07,E1,Championship,2,1011,reading,scunthorpe,,0,unbekannt,1.5893,B365,9,1:2,niederlage,0
F2-1011-2010-08-13-le-mans-reims,2010-08-13,F2,Ligue 2,2,1011,le mans,reims,10,1,schwach,1.7808,B365,12,2:2,unentschieden,0
N1-1011-2010-08-14-ajax-vitesse,2010-08-14,N1,Eredivisie,1,1011,ajax,vitesse,5,1,stark,1.2319,B365,26,4:2,sieg,1
B1-1011-2010-08-14-gent-eupen,2010-08-14,B1,Belgien Pro League,1,1011,gent,eupen,15,2,schwach,1.4138,B365,24,2:1,sieg,1
D2-1011-2010-08-20-hertha-oberhausen,2010-08-20,D2,2. Bundesliga,2,1011,hertha,oberhausen,,0,unbekannt,1.4978,B365,7,3:2,sieg,1
F2-1011-2010-08-20-le-mans-chateauroux,2010-08-20,F2,Ligue 2,2,1011,le mans,chateauroux,7,3,schwach,1.7603,B365,6,0:2,niederlage,0
N1-1011-2010-08-21-heerenveen-nac-breda,2010-08-21,N1,Eredivisie,1,1011,heerenveen,nac breda,15,2,schwach,1.678,B365,1,3:1,sieg,1
B1-1011-2010-08-22-club-brugge-mechelen,2010-08-22,B1,Belgien Pro League,1,1011,club brugge,mechelen,4,3,stark,1.7317,B365,19,1:2,niederlage,0
SC0-1011-2010-08-22-dundee-united-inverness-c,2010-08-22,SC0,Scottish Premiership,1,1011,dundee united,inverness c,11,1,schwach,1.782,B365,34,0:4,niederlage,0
I2-1011-2010-08-23-torino-varese,2010-08-23,I2,Serie B,2,1011,torino,varese,,0,unbekannt,1.652,B365,14,1:2,niederlage,0
D1-1011-2010-08-28-schalke-04-hannover,2010-08-28,D1,Bundesliga,1,1011,schalke 04,hannover,7,1,schwach,1.413,B365,31,1:2,niederlage,0
SC0-1011-2010-08-28-rangers-st-johnstone,2010-08-28,SC0,Scottish Premiership,1,1011,rangers,st johnstone,8,2,schwach,1.2972,B365,25,2:1,sieg,1
D1-1011-2010-08-29-leverkusen-m-gladbach,2010-08-29,D1,Bundesliga,1,1011,leverkusen,m gladbach,11,1,schwach,1.4563,B365,20,3:6,niederlage,0
F1-1011-2010-08-29-lille-nice,2010-08-29,F1,Ligue 1,1,1011,lille,nice,6,3,stark,1.6,B365,34,1:1,unentschieden,0
G1-1011-2010-08-29-paok-panserraikos,2010-08-29,G1,Griechenland Super League,1,1011,paok,panserraikos,,0,unbekannt,1.382,B365,19,3:2,sieg,1
T1-1011-2010-09-10-bursaspor-eskisehirspor,2010-09-10,T1,Süper Lig,1,1011,bursaspor,eskisehirspor,17,3,schwach,1.5893,B365,19,2:1,sieg,1
E0-1011-2010-09-11-man-city-blackburn,2010-09-11,E0,Premier League,1,1011,Manchester City,blackburn,15,3,schwach,1.399,B365,25,1:1,unentschieden,0
SP1-1011-2010-09-11-barcelona-hercules,2010-09-11,SP1,La Liga,1,1011,barcelona,hercules,14,1,schwach,1.1275,B365,27,0:2,niederlage,0
N1-1011-2010-09-11-az-alkmaar-roda,2010-09-11,N1,Eredivisie,1,1011,az alkmaar,roda,7,4,schwach,1.7265,B365,6,1:2,niederlage,0
P1-1011-2010-09-11-porto-sp-braga,2010-09-11,P1,Primeira Liga,1,1011,porto,sp braga,3,3,stark,1.6748,B365,16,3:2,sieg,1
F1-1011-2010-09-12-marseille-monaco,2010-09-12,F1,Ligue 1,1,1011,marseille,monaco,10,4,schwach,1.7111,B365,15,2:2,unentschieden,0
I1-1011-2010-09-18-milan-catania,2010-09-18,I1,Serie A,1,1011,milan,catania,9,2,schwach,1.3919,B365,27,1:1,unentschieden,0
N1-1011-2010-09-19-utrecht-vvv-venlo,2010-09-19,N1,Eredivisie,1,1011,utrecht,vvv venlo,17,5,schwach,1.4978,B365,16,3:2,sieg,1
G1-1011-2010-09-19-paok-olympiakos-volou,2010-09-19,G1,Griechenland Super League,1,1011,paok,olympiakos volou,10,2,schwach,1.4572,B365,22,1:1,unentschieden,0
D1-1011-2010-09-25-bayern-munich-mainz,2010-09-25,D1,Bundesliga,1,1011,bayern munich,mainz,1,5,stark,1.5383,B365,15,1:2,niederlage,0
D1-1011-2010-09-25-schalke-04-m-gladbach,2010-09-25,D1,Bundesliga,1,1011,schalke 04,m gladbach,15,5,schwach,1.638,B365,15,2:2,unentschieden,0
I1-1011-2010-09-26-palermo-lecce,2010-09-26,I1,Serie A,1,1011,palermo,lecce,18,4,schwach,1.6725,B365,8,2:2,unentschieden,0
N1-1011-2010-09-26-nac-breda-willem-ii,2010-09-26,N1,Eredivisie,1,1011,nac breda,willem ii,18,6,schwach,1.5383,B365,7,2:1,sieg,1
D1-1011-2010-10-02-hamburg-kaiserslautern,2010-10-02,D1,Bundesliga,1,1011,hamburg,kaiserslautern,11,6,schwach,1.5972,B365,3,2:1,sieg,1
SC0-1011-2010-10-02-celtic-hamilton,2010-10-02,SC0,Scottish Premiership,1,1011,celtic,hamilton,10,6,schwach,1.2451,B365,3,3:1,sieg,1
E0-1011-2010-10-03-liverpool-blackpool,2010-10-03,E0,Premier League,1,1011,Liverpool,blackpool,16,6,schwach,1.399,B365,29,1:2,niederlage,0
N1-1011-2010-10-03-ajax-utrecht,2010-10-03,N1,Eredivisie,1,1011,ajax,utrecht,12,7,schwach,1.2658,B365,6,1:2,niederlage,0
N1-1011-2010-10-03-twente-groningen,2010-10-03,N1,Eredivisie,1,1011,twente,groningen,3,7,stark,1.7209,B365,28,4:2,sieg,1
E0-1011-2010-10-16-arsenal-birmingham,2010-10-16,E0,Premier League,1,1011,Arsenal,birmingham,16,7,schwach,1.3518,B365,33,2:1,sieg,1
T1-1011-2010-10-16-besiktas-manisaspor,2010-10-16,T1,Süper Lig,1,1011,besiktas,manisaspor,14,7,schwach,1.4938,B365,7,2:3,niederlage,0
E1-1011-2010-10-16-cardiff-bristol-city,2010-10-16,E1,Championship,2,1011,cardiff,bristol city,24,10,schwach,1.6375,B365,6,3:2,sieg,1
D1-1011-2010-10-17-hoffenheim-m-gladbach,2010-10-17,D1,Bundesliga,1,1011,hoffenheim,m gladbach,15,7,schwach,1.7543,B365,12,3:2,sieg,1
T1-1011-2010-10-17-galatasaray-ankaragucu,2010-10-17,T1,Süper Lig,1,1011,galatasaray,ankaragucu,9,7,schwach,1.5847,B365,4,2:4,niederlage,0
T1-1011-2010-10-17-kayserispor-sivasspor,2010-10-17,T1,Süper Lig,1,1011,kayserispor,sivasspor,17,7,schwach,1.6143,B365,21,4:1,sieg,1
SP1-1011-2010-10-23-valencia-mallorca,2010-10-23,SP1,La Liga,1,1011,valencia,mallorca,11,7,schwach,1.6803,B365,7,1:2,niederlage,0
F1-1011-2010-10-23-bordeaux-brest,2010-10-23,F1,Ligue 1,1,1011,bordeaux,brest,5,9,stark,1.7111,B365,6,0:2,niederlage,0
T1-1011-2010-10-23-trabzonspor-genclerbirligi,2010-10-23,T1,Süper Lig,1,1011,trabzonspor,genclerbirligi,14,8,schwach,1.4983,B365,32,3:1,sieg,1
E1-1011-2010-10-23-watford-scunthorpe,2010-10-23,E1,Championship,2,1011,watford,scunthorpe,18,12,schwach,1.7793,B365,28,0:2,niederlage,0
I2-1011-2010-10-23-torino-frosinone,2010-10-23,I2,Serie B,2,1011,torino,frosinone,18,10,schwach,1.7844,B365,17,1:2,niederlage,0
N1-1011-2010-10-27-groningen-den-haag,2010-10-27,N1,Eredivisie,1,1011,groningen,den haag,8,10,schwach,1.6559,B365,12,3:1,sieg,1
SP1-1011-2010-10-30-valencia-zaragoza,2010-10-30,SP1,La Liga,1,1011,valencia,zaragoza,20,8,schwach,1.51,B365,3,1:1,unentschieden,0
SP1-1011-2010-11-01-mallorca-levante,2010-11-01,SP1,La Liga,1,1011,mallorca,levante,17,8,schwach,1.7209,B365,26,2:1,sieg,1
I2-1011-2010-11-01-torino-ascoli,2010-11-01,I2,Serie B,2,1011,torino,ascoli,21,11,schwach,1.7844,B365,2,2:1,sieg,1
T1-1011-2010-11-05-kayserispor-genclerbirligi,2010-11-05,T1,Süper Lig,1,1011,kayserispor,genclerbirligi,13,10,schwach,1.7265,B365,34,1:1,unentschieden,0
I1-1011-2010-11-06-inter-brescia,2010-11-06,I1,Serie A,1,1011,inter,brescia,16,9,schwach,1.3333,B365,14,1:1,unentschieden,0
N1-1011-2010-11-06-groningen-nac-breda,2010-11-06,N1,Eredivisie,1,1011,groningen,nac breda,9,12,schwach,1.5893,B365,2,2:1,sieg,1
N1-1011-2010-11-06-twente-excelsior,2010-11-06,N1,Eredivisie,1,1011,twente,excelsior,14,12,schwach,1.2488,B365,2,2:1,sieg,1
B1-1011-2010-11-06-standard-eupen,2010-11-06,B1,Belgien Pro League,1,1011,standard,eupen,16,13,schwach,1.2972,B365,15,1:3,niederlage,0
D1-1011-2010-11-07-leverkusen-kaiserslautern,2010-11-07,D1,Bundesliga,1,1011,leverkusen,kaiserslautern,14,10,schwach,1.5415,B365,15,3:1,sieg,1
I1-1011-2010-11-07-juventus-cesena,2010-11-07,I1,Serie A,1,1011,juventus,cesena,19,9,schwach,1.4533,B365,11,3:1,sieg,1
B1-1011-2010-11-07-anderlecht-club-brugge,2010-11-07,B1,Belgien Pro League,1,1011,anderlecht,club brugge,9,13,schwach,1.7265,B365,5,2:2,unentschieden,0
G1-1011-2010-11-08-aek-ergotelis,2010-11-08,G1,Griechenland Super League,1,1011,aek,ergotelis,13,8,schwach,1.4889,B365,33,3:1,sieg,1
I2-1011-2010-11-09-livorno-triestina,2010-11-09,I2,Serie B,2,1011,livorno,triestina,19,13,schwach,1.6,B365,28,1:3,niederlage,0
SC0-1011-2010-11-10-rangers-hibernian,2010-11-10,SC0,Scottish Premiership,1,1011,rangers,hibernian,11,11,schwach,1.3032,B365,6,0:3,niederlage,0
E1-1011-2010-11-10-swansea-bristol-city,2010-11-10,E1,Championship,2,1011,swansea,bristol city,22,15,schwach,1.72,B365,6,0:1,niederlage,0
N1-1011-2010-11-13-psv-eindhoven-excelsior,2010-11-13,N1,Eredivisie,1,1011,psv eindhoven,excelsior,15,13,schwach,1.2007,B365,6,4:2,sieg,1
G1-1011-2010-11-13-panathinaikos-larisa,2010-11-13,G1,Griechenland Super League,1,1011,panathinaikos,larisa,11,9,schwach,1.3747,B365,7,1:1,unentschieden,0
T1-1011-2010-11-14-galatasaray-manisaspor,2010-11-14,T1,Süper Lig,1,1011,galatasaray,manisaspor,12,11,schwach,1.6434,B365,31,0:2,niederlage,0
T1-1011-2010-11-20-besiktas-konyaspor,2010-11-20,T1,Süper Lig,1,1011,besiktas,konyaspor,15,12,schwach,1.4333,B365,16,2:2,unentschieden,0
G1-1011-2010-11-20-panathinaikos-iraklis,2010-11-20,G1,Griechenland Super League,1,1011,panathinaikos,iraklis,6,10,stark,1.3708,B365,20,4:2,sieg,1
D2-1011-2010-11-20-bochum-ingolstadt,2010-11-20,D2,2. Bundesliga,2,1011,bochum,ingolstadt,18,12,schwach,1.7265,B365,2,1:4,niederlage,0
E0-1011-2010-11-27-bolton-blackpool,2010-11-27,E0,Premier League,1,1011,bolton,blackpool,12,14,schwach,1.6593,B365,28,2:2,unentschieden,0
SP1-1011-2010-11-27-ath-madrid-espanol,2010-11-27,SP1,La Liga,1,1011,ath madrid,espanol,4,12,stark,1.72,B365,22,2:3,niederlage,0
D1-1011-2010-11-27-dortmund-m-gladbach,2010-11-27,D1,Bundesliga,1,1011,dortmund,m gladbach,18,13,schwach,1.3703,B365,33,4:1,sieg,1
I1-1011-2010-11-27-juventus-fiorentina,2010-11-27,I1,Serie A,1,1011,juventus,fiorentina,13,13,schwach,1.7675,B365,4,1:1,unentschieden,0
B1-1011-2010-11-27-anderlecht-charleroi,2010-11-27,B1,Belgien Pro League,1,1011,anderlecht,charleroi,16,16,schwach,1.2602,B365,12,4:1,sieg,1
B1-1011-2010-11-27-westerlo-eupen,2010-11-27,B1,Belgien Pro League,1,1011,westerlo,eupen,14,15,schwach,1.7324,B365,33,1:1,unentschieden,0
I1-1011-2010-11-28-inter-parma,2010-11-28,I1,Serie A,1,1011,inter,parma,14,13,schwach,1.7808,B365,4,5:2,sieg,1
F1-1011-2010-12-04-lille-lorient,2010-12-04,F1,Ligue 1,1,1011,lille,lorient,11,15,schwach,1.6266,B365,6,6:3,sieg,1
N1-1011-2010-12-04-psv-eindhoven-heracles,2010-12-04,N1,Eredivisie,1,1011,psv eindhoven,heracles,13,16,schwach,1.2775,B365,27,5:2,sieg,1
E1-1011-2010-12-04-cardiff-preston,2010-12-04,E1,Championship,2,1011,cardiff,preston,24,19,schwach,1.5383,B365,26,1:1,unentschieden,0
B1-1011-2010-12-05-club-brugge-westerlo,2010-12-05,B1,Belgien Pro League,1,1011,club brugge,westerlo,10,17,schwach,1.7265,B365,9,4:3,sieg,1
T1-1011-2010-12-06-kayserispor-eskisehirspor,2010-12-06,T1,Süper Lig,1,1011,kayserispor,eskisehirspor,13,14,schwach,1.782,B365,9,2:2,unentschieden,0
I2-1011-2010-12-08-reggina-albinoleffe,2010-12-08,I2,Serie B,2,1011,reggina,albinoleffe,17,17,schwach,1.6725,B365,17,1:2,niederlage,0
E1-1011-2010-12-10-qpr-watford,2010-12-10,E1,Championship,2,1011,qpr,watford,10,20,schwach,1.6375,B365,26,1:3,niederlage,0
I1-1011-2010-12-11-palermo-parma,2010-12-11,I1,Serie A,1,1011,palermo,parma,15,15,schwach,1.7583,B365,7,3:1,sieg,1
T1-1011-2010-12-11-galatasaray-genclerbirligi,2010-12-11,T1,Süper Lig,1,1011,galatasaray,genclerbirligi,15,15,schwach,1.6058,B365,1,0:2,niederlage,0
I2-1011-2010-12-11-atalanta-albinoleffe,2010-12-11,I2,Serie B,2,1011,atalanta,albinoleffe,15,18,schwach,1.5386,B365,32,3:1,sieg,1
B1-1011-2010-12-12-kortrijk-lierse,2010-12-12,B1,Belgien Pro League,1,1011,kortrijk,lierse,15,17,schwach,1.7543,B365,23,3:1,sieg,1
T1-1011-2010-12-13-bursaspor-kasimpasa,2010-12-13,T1,Süper Lig,1,1011,bursaspor,kasimpasa,18,15,schwach,1.4225,B365,14,2:1,sieg,1
D1-1011-2010-12-18-werder-bremen-kaiserslautern,2010-12-18,D1,Bundesliga,1,1011,werder bremen,kaiserslautern,13,16,schwach,1.729,B365,1,1:2,niederlage,0
F1-1011-2010-12-18-paris-sg-monaco,2010-12-18,F1,Ligue 1,1,1011,paris sg,monaco,17,17,schwach,1.6266,B365,32,2:2,unentschieden,0
F1-1011-2010-12-22-bordeaux-lens,2010-12-22,F1,Ligue 1,1,1011,bordeaux,lens,19,17,schwach,1.6776,B365,15,2:2,unentschieden,0
E1-1011-2010-12-28-burnley-scunthorpe,2010-12-28,E1,Championship,2,1011,Burnley,scunthorpe,23,20,schwach,1.678,B365,14,0:2,niederlage,0
E1-1011-2011-01-01-nott-m-forest-barnsley,2011-01-01,E1,Championship,2,1011,Nottingham Forest,barnsley,16,22,schwach,1.72,B365,17,2:2,unentschieden,0
SP1-1011-2011-01-02-ath-bilbao-la-coruna,2011-01-02,SP1,La Liga,1,1011,ath bilbao,la coruna,13,16,schwach,1.7808,B365,22,1:2,niederlage,0
SP1-1011-2011-01-09-real-madrid-villarreal,2011-01-09,SP1,La Liga,1,1011,real madrid,villarreal,3,17,stark,1.3635,B365,7,4:2,sieg,1
I1-1011-2011-01-09-fiorentina-brescia,2011-01-09,I1,Serie A,1,1011,fiorentina,brescia,18,18,schwach,1.5989,B365,30,3:2,sieg,1
E0-1011-2011-01-15-man-city-wolves,2011-01-15,E0,Premier League,1,1011,Manchester City,Wolves,17,21,schwach,1.399,B365,12,4:3,sieg,1
F1-1011-2011-01-15-paris-sg-sochaux,2011-01-15,F1,Ligue 1,1,1011,paris sg,sochaux,11,19,schwach,1.5893,B365,14,2:1,sieg,1
E1-1011-2011-01-15-nott-m-forest-portsmouth,2011-01-15,E1,Championship,2,1011,Nottingham Forest,portsmouth,18,24,schwach,1.7793,B365,26,2:1,sieg,1
G1-1011-2011-01-16-aris-panionios,2011-01-16,G1,Griechenland Super League,1,1011,aris,panionios,14,17,schwach,1.7234,B365,19,0:2,niederlage,0
G1-1011-2011-01-16-panathinaikos-kavala,2011-01-16,G1,Griechenland Super League,1,1011,panathinaikos,kavala,5,17,stark,1.4549,B365,3,4:2,sieg,1
N1-1011-2011-01-19-az-alkmaar-nijmegen,2011-01-19,N1,Eredivisie,1,1011,az alkmaar,nijmegen,11,18,schwach,1.5333,B365,22,2:2,unentschieden,0
E0-1011-2011-01-22-everton-west-ham,2011-01-22,E0,Premier League,1,1011,Everton,West Ham,20,23,schwach,1.575,B365,26,2:2,unentschieden,0
SP1-1011-2011-01-22-valencia-malaga,2011-01-22,SP1,La Liga,1,1011,valencia,malaga,16,19,schwach,1.5383,B365,10,4:3,sieg,1
P1-1011-2011-01-22-sp-braga-setubal,2011-01-22,P1,Primeira Liga,1,1011,sp braga,setubal,13,16,schwach,1.4932,B365,18,2:2,unentschieden,0
B1-1011-2011-01-22-genk-kortrijk,2011-01-22,B1,Belgien Pro League,1,1011,genk,kortrijk,7,21,schwach,1.5966,B365,9,3:2,sieg,1
G1-1011-2011-01-22-aek-olympiakos-volou,2011-01-22,G1,Griechenland Super League,1,1011,aek,olympiakos volou,10,18,schwach,1.6,B365,12,0:4,niederlage,0
SP1-1011-2011-01-23-villarreal-sociedad,2011-01-23,SP1,La Liga,1,1011,villarreal,sociedad,11,19,schwach,1.5966,B365,30,2:1,sieg,1
I1-1011-2011-01-23-fiorentina-lecce,2011-01-23,I1,Serie A,1,1011,fiorentina,lecce,18,20,schwach,1.5349,B365,29,1:1,unentschieden,0
E1-1011-2011-01-23-qpr-coventry,2011-01-23,E1,Championship,2,1011,qpr,coventry,13,27,schwach,1.6803,B365,25,2:1,sieg,1
D2-1011-2011-01-23-hertha-fortuna-dusseldorf,2011-01-23,D2,2. Bundesliga,2,1011,hertha,fortuna dusseldorf,11,18,schwach,1.6558,B365,21,4:2,sieg,1
N1-1011-2011-01-29-psv-eindhoven-willem-ii,2011-01-29,N1,Eredivisie,1,1011,psv eindhoven,willem ii,18,20,schwach,1.1564,B365,17,2:1,sieg,1
B1-1011-2011-01-29-lokeren-eupen,2011-01-29,B1,Belgien Pro League,1,1011,lokeren,eupen,14,22,schwach,1.6748,B365,9,0:2,niederlage,0
D1-1011-2011-01-30-stuttgart-freiburg,2011-01-30,D1,Bundesliga,1,1011,stuttgart,freiburg,6,19,stark,1.638,B365,24,0:1,niederlage,0
I1-1011-2011-01-30-inter-palermo,2011-01-30,I1,Serie A,1,1011,inter,palermo,7,21,schwach,1.7808,B365,5,3:2,sieg,1
E0-1011-2011-02-01-arsenal-everton,2011-02-01,E0,Premier League,1,1011,Arsenal,Everton,14,23,schwach,1.4758,B365,24,2:1,sieg,1
G1-1011-2011-02-05-aek-aris,2011-02-05,G1,Griechenland Super League,1,1011,aek,aris,8,20,schwach,1.7111,B365,29,1:2,niederlage,0
SP2-1011-2011-02-05-vallecano-cordoba,2011-02-05,SP2,LaLiga 2,2,1011,vallecano,cordoba,11,22,schwach,1.6518,B365,4,4:2,sieg,1
D2-1011-2011-02-06-bochum-oberhausen,2011-02-06,D2,2. Bundesliga,2,1011,bochum,oberhausen,16,20,schwach,1.5383,B365,8,2:1,sieg,1
F1-1011-2011-02-12-bordeaux-caen,2011-02-12,F1,Ligue 1,1,1011,bordeaux,caen,17,22,schwach,1.6776,B365,10,1:2,niederlage,0
SP2-1011-2011-02-12-betis-elche,2011-02-12,SP2,LaLiga 2,2,1011,betis,elche,12,23,schwach,1.5947,B365,22,1:4,niederlage,0
E1-1011-2011-02-15-watford-preston,2011-02-15,E1,Championship,2,1011,watford,preston,24,29,schwach,1.7265,B365,1,2:2,unentschieden,0
N1-1011-2011-02-19-groningen-roda,2011-02-19,N1,Eredivisie,1,1011,groningen,roda,8,23,schwach,1.7793,B365,15,1:4,niederlage,0
I1-1011-2011-02-20-parma-cesena,2011-02-20,I1,Serie A,1,1011,parma,cesena,19,25,schwach,1.7808,B365,31,2:2,unentschieden,0
N1-1011-2011-02-20-twente-nijmegen,2011-02-20,N1,Eredivisie,1,1011,twente,nijmegen,11,23,schwach,1.4225,B365,7,1:1,unentschieden,0
E1-1011-2011-02-22-nott-m-forest-preston,2011-02-22,E1,Championship,2,1011,Nottingham Forest,preston,24,31,schwach,1.4861,B365,16,2:2,unentschieden,0
G1-1011-2011-02-26-panathinaikos-atromitos,2011-02-26,G1,Griechenland Super League,1,1011,panathinaikos,atromitos,12,23,schwach,1.3919,B365,31,1:1,unentschieden,0
E1-1011-2011-02-26-leicester-coventry,2011-02-26,E1,Championship,2,1011,Leicester,coventry,16,32,schwach,1.5893,B365,14,1:1,unentschieden,0
SP2-1011-2011-03-03-celta-huesca,2011-03-03,SP2,LaLiga 2,2,1011,celta,huesca,15,26,schwach,1.6143,B365,3,1:2,niederlage,0
T1-1011-2011-03-04-kayserispor-manisaspor,2011-03-04,T1,Süper Lig,1,1011,kayserispor,manisaspor,11,23,schwach,1.7209,B365,16,1:2,niederlage,0
D2-1011-2011-03-04-hertha-frankfurt-fsv,2011-03-04,D2,2. Bundesliga,2,1011,hertha,frankfurt fsv,11,24,schwach,1.39,B365,6,3:1,sieg,1
D2-1011-2011-03-06-duisburg-bielefeld,2011-03-06,D2,2. Bundesliga,2,1011,duisburg,bielefeld,18,24,schwach,1.4138,B365,31,1:2,niederlage,0
E0-1011-2011-03-09-everton-birmingham,2011-03-09,E0,Premier League,1,1011,Everton,birmingham,18,27,schwach,1.6179,B365,17,1:1,unentschieden,0
SC0-1011-2011-03-10-dundee-united-hamilton,2011-03-10,SC0,Scottish Premiership,1,1011,dundee united,hamilton,12,28,schwach,1.5893,B365,26,2:1,sieg,1
I2-1011-2011-03-12-reggina-triestina,2011-03-12,I2,Serie B,2,1011,reggina,triestina,22,30,schwach,1.7257,B365,9,1:1,unentschieden,0
N1-1011-2011-03-13-twente-vvv-venlo,2011-03-13,N1,Eredivisie,1,1011,twente,vvv venlo,17,26,schwach,1.2279,B365,3,2:1,sieg,1
SC0-1011-2011-03-19-hearts-st-mirren,2011-03-19,SC0,Scottish Premiership,1,1011,hearts,st mirren,11,28,schwach,1.638,B365,15,3:2,sieg,1
E1-1011-2011-03-19-leicester-portsmouth,2011-03-19,E1,Championship,2,1011,Leicester,portsmouth,13,37,schwach,1.7793,B365,13,0:1,niederlage,0
G1-1011-2011-03-20-aris-panserraikos,2011-03-20,G1,Griechenland Super League,1,1011,aris,panserraikos,16,26,schwach,1.4278,B365,3,3:1,sieg,1
D2-1011-2011-03-20-union-berlin-bielefeld,2011-03-20,D2,2. Bundesliga,2,1011,union berlin,bielefeld,18,26,schwach,1.6375,B365,4,2:2,unentschieden,0
D2-1011-2011-04-01-cottbus-ingolstadt,2011-04-01,D2,2. Bundesliga,2,1011,cottbus,ingolstadt,14,27,schwach,1.7793,B365,27,1:2,niederlage,0
I1-1011-2011-04-10-juventus-genoa,2011-04-10,I1,Serie A,1,1011,juventus,genoa,12,31,schwach,1.6776,B365,7,3:2,sieg,1
E1-1011-2011-04-12-leicester-crystal-palace,2011-04-12,E1,Championship,2,1011,Leicester,Crystal Palace,21,40,schwach,1.5879,B365,31,1:1,unentschieden,0
N1-1011-2011-04-16-nac-breda-excelsior,2011-04-16,N1,Eredivisie,1,1011,nac breda,excelsior,16,30,schwach,1.678,B365,20,1:2,niederlage,0
I2-1011-2011-04-16-atalanta-empoli,2011-04-16,I2,Serie B,2,1011,atalanta,empoli,12,35,schwach,1.4725,B365,16,1:2,niederlage,0
I1-1011-2011-04-17-lecce-cagliari,2011-04-17,I1,Serie A,1,1011,lecce,cagliari,9,32,schwach,1.5947,B365,20,3:3,unentschieden,0
N1-1011-2011-04-17-feyenoord-willem-ii,2011-04-17,N1,Eredivisie,1,1011,feyenoord,willem ii,18,30,schwach,1.2769,B365,20,6:1,sieg,1
SC0-1011-2011-04-17-hibernian-hamilton,2011-04-17,SC0,Scottish Premiership,1,1011,hibernian,hamilton,12,32,schwach,1.72,B365,9,1:2,niederlage,0
E0-1011-2011-04-23-tottenham-west-brom,2011-04-23,E0,Premier League,1,1011,Tottenham,west brom,11,33,schwach,1.6542,B365,5,2:2,unentschieden,0
D1-1011-2011-04-23-leverkusen-hoffenheim,2011-04-23,D1,Bundesliga,1,1011,leverkusen,hoffenheim,9,30,schwach,1.6375,B365,28,2:1,sieg,1
D2-1011-2011-04-24-augsburg-aachen,2011-04-24,D2,2. Bundesliga,2,1011,augsburg,aachen,10,30,schwach,1.5879,B365,13,1:2,niederlage,0
E0-1011-2011-04-30-chelsea-tottenham,2011-04-30,E0,Premier League,1,1011,Chelsea,Tottenham,5,33,stark,1.5246,B365,19,2:1,sieg,1
D1-1011-2011-04-30-hamburg-freiburg,2011-04-30,D1,Bundesliga,1,1011,hamburg,freiburg,8,31,schwach,1.729,B365,16,0:2,niederlage,0
SP2-1011-2011-04-30-recreativo-cordoba,2011-04-30,SP2,LaLiga 2,2,1011,recreativo,cordoba,14,35,schwach,1.7808,B365,3,2:1,sieg,1
E1-1011-2011-05-02-cardiff-middlesbrough,2011-05-02,E1,Championship,2,1011,cardiff,middlesbrough,16,44,schwach,1.6803,B365,3,0:3,niederlage,0
F2-1011-2011-05-06-dijon-chateauroux,2011-05-06,F2,Ligue 2,2,1011,dijon,chateauroux,12,33,schwach,1.782,B365,10,3:1,sieg,1
SP1-1011-2011-05-07-ath-madrid-malaga,2011-05-07,SP1,La Liga,1,1011,ath madrid,malaga,15,34,schwach,1.678,B365,29,0:3,niederlage,0
D1-1011-2011-05-07-leverkusen-hamburg,2011-05-07,D1,Bundesliga,1,1011,leverkusen,hamburg,8,32,schwach,1.5383,B365,2,1:1,unentschieden,0
I1-1011-2011-05-07-palermo-bari,2011-05-07,I1,Serie A,1,1011,palermo,bari,20,35,schwach,1.5383,B365,7,2:1,sieg,1
I2-1011-2011-05-07-atalanta-portogruaro,2011-05-07,I2,Serie B,2,1011,atalanta,portogruaro,20,38,schwach,1.4618,B365,15,4:1,sieg,1
SP2-1011-2011-05-07-cartagena-ponferradina,2011-05-07,SP2,LaLiga 2,2,1011,cartagena,ponferradina,22,36,schwach,1.6518,B365,9,1:1,unentschieden,0
SP2-1011-2011-05-07-celta-girona,2011-05-07,SP2,LaLiga 2,2,1011,celta,girona,12,36,schwach,1.638,B365,5,0:4,niederlage,0
SP2-1011-2011-05-07-vallecano-salamanca,2011-05-07,SP2,LaLiga 2,2,1011,vallecano,salamanca,19,36,schwach,1.54,B365,5,1:2,niederlage,0
D2-1011-2011-05-08-augsburg-frankfurt-fsv,2011-05-08,D2,2. Bundesliga,2,1011,augsburg,frankfurt fsv,12,32,schwach,1.39,B365,3,2:1,sieg,1
I2-1011-2011-05-13-ascoli-siena,2011-05-13,I2,Serie B,2,1011,ascoli,siena,1,39,stark,1.6693,B365,19,3:2,sieg,1
D1-1011-2011-05-14-bayern-munich-stuttgart,2011-05-14,D1,Bundesliga,1,1011,bayern munich,stuttgart,11,33,schwach,1.3635,B365,24,2:1,sieg,1
I2-1011-2011-05-14-novara-frosinone,2011-05-14,I2,Serie B,2,1011,novara,frosinone,22,39,schwach,1.65,B365,14,2:1,sieg,1
E0-1011-2011-05-15-arsenal-aston-villa,2011-05-15,E0,Premier League,1,1011,Arsenal,Aston Villa,14,36,schwach,1.432,B365,11,1:2,niederlage,0
SP1-1011-2011-05-15-sp-gijon-santander,2011-05-15,SP1,La Liga,1,1011,sp gijon,santander,9,36,schwach,1.4225,B365,32,2:1,sieg,1
N1-1011-2011-05-15-feyenoord-nijmegen,2011-05-15,N1,Eredivisie,1,1011,feyenoord,nijmegen,11,33,schwach,1.7883,B365,12,1:1,unentschieden,0
I2-1011-2011-05-16-albinoleffe-atalanta,2011-05-16,I2,Serie B,2,1011,albinoleffe,atalanta,2,39,stark,1.6808,B365,5,2:3,niederlage,0
F2-1011-2011-05-20-dijon-boulogne,2011-05-20,F2,Ligue 2,2,1011,dijon,boulogne,7,36,schwach,1.4563,B365,10,1:1,unentschieden,0
SP1-1011-2011-05-21-la-coruna-valencia,2011-05-21,SP1,La Liga,1,1011,la coruna,valencia,3,37,stark,1.5829,B365,4,0:2,niederlage,0
F1-1011-2011-05-21-marseille-valenciennes,2011-05-21,F1,Ligue 1,1,1011,marseille,valenciennes,12,36,schwach,1.5383,B365,33,2:2,unentschieden,0
I1-1011-2011-05-22-bologna-bari,2011-05-22,I1,Serie A,1,1011,bologna,bari,20,37,schwach,1.72,B365,28,0:4,niederlage,0
I1-1011-2011-05-22-roma-sampdoria,2011-05-22,I1,Serie A,1,1011,roma,sampdoria,18,37,schwach,1.3753,B365,26,3:1,sieg,1
F2-1011-2011-05-27-evian-thonon-gaillard-metz,2011-05-27,F2,Ligue 2,2,1011,evian thonon gaillard,metz,17,37,schwach,1.5083,B365,17,4:3,sieg,1
F2-1011-2011-05-27-le-mans-nantes,2011-05-27,F2,Ligue 2,2,1011,le mans,nantes,10,37,schwach,1.413,B365,4,3:2,sieg,1
I2-1011-2011-05-29-sassuolo-reggina,2011-05-29,I2,Serie B,2,1011,sassuolo,reggina,5,41,stark,1.4384,B365,20,3:2,sieg,1
SP2-1011-2011-06-04-betis-villarreal-b,2011-06-04,SP2,LaLiga 2,2,1011,betis,villarreal b,17,41,schwach,1.3816,B365,18,2:1,sieg,1
SC0-1112-2011-07-23-rangers-hearts,2011-07-23,SC0,Scottish Premiership,1,1112,rangers,hearts,,0,unbekannt,1.4468,B365,16,1:1,unentschieden,0
D2-1112-2011-08-05-st-pauli-aachen,2011-08-05,D2,2. Bundesliga,2,1112,st pauli,aachen,18,2,schwach,1.6655,B365,7,3:1,sieg,1
F1-1112-2011-08-06-paris-sg-lorient,2011-08-06,F1,Ligue 1,1,1112,paris sg,lorient,,0,unbekannt,1.6293,B365,28,0:1,niederlage,0
D1-1112-2011-08-13-schalke-04-koln,2011-08-13,D1,Bundesliga,1,1112,schalke 04,koln,17,1,schwach,1.7209,B365,12,5:1,sieg,1
P1-1112-2011-08-13-sp-lisbon-olhanense,2011-08-13,P1,Primeira Liga,1,1112,sp lisbon,olhanense,,0,unbekannt,1.488,B365,30,1:1,unentschieden,0
N1-1112-2011-08-14-heracles-nac-breda,2011-08-14,N1,Eredivisie,1,1112,heracles,nac breda,16,1,schwach,1.7691,B365,32,2:1,sieg,1
N1-1112-2011-08-14-utrecht-graafschap,2011-08-14,N1,Eredivisie,1,1112,utrecht,graafschap,18,1,schwach,1.5879,B365,14,2:2,unentschieden,0
E1-1112-2011-08-17-leicester-bristol-city,2011-08-17,E1,Championship,2,1112,Leicester,bristol city,24,2,schwach,1.5893,B365,5,1:2,niederlage,0
E0-1112-2011-08-20-chelsea-west-brom,2011-08-20,E0,Premier League,1,1112,Chelsea,west brom,16,1,schwach,1.3664,B365,4,2:1,sieg,1
E0-1112-2011-08-20-everton-qpr,2011-08-20,E0,Premier League,1,1112,Everton,qpr,17,1,schwach,1.6212,B365,31,0:1,niederlage,0
D1-1112-2011-08-20-werder-bremen-freiburg,2011-08-20,D1,Bundesliga,1,1112,werder bremen,freiburg,14,2,schwach,1.6458,B365,7,5:3,sieg,1
E1-1112-2011-08-20-reading-barnsley,2011-08-20,E1,Championship,2,1112,reading,barnsley,21,3,schwach,1.678,B365,27,1:2,niederlage,0
I2-1112-2011-08-27-empoli-juve-stabia,2011-08-27,I2,Serie B,2,1112,empoli,juve stabia,,0,unbekannt,1.7816,B365,11,2:1,sieg,1
N1-1112-2011-08-28-feyenoord-heerenveen,2011-08-28,N1,Eredivisie,1,1112,feyenoord,heerenveen,18,3,schwach,1.701,B365,26,2:2,unentschieden,0
I1-1112-2011-09-09-milan-lazio,2011-09-09,I1,Serie A,1,1112,milan,lazio,,0,unbekannt,1.7265,B365,12,2:2,unentschieden,0
E1-1112-2011-09-10-west-ham-portsmouth,2011-09-10,E1,Championship,2,1112,West Ham,portsmouth,12,5,schwach,1.7265,B365,8,4:3,sieg,1
E0-1112-2011-09-11-fulham-blackburn,2011-09-11,E0,Premier League,1,1112,Fulham,blackburn,20,3,schwach,1.7675,B365,32,1:1,unentschieden,0
E0-1112-2011-09-17-everton-wigan,2011-09-17,E0,Premier League,1,1112,Everton,wigan,9,4,schwach,1.5893,B365,31,3:1,sieg,1
D1-1112-2011-09-17-hertha-augsburg,2011-09-17,D1,Bundesliga,1,1112,hertha,augsburg,16,5,schwach,1.6748,B365,20,2:2,unentschieden,0
I2-1112-2011-09-17-modena-gubbio,2011-09-17,I2,Serie B,2,1112,modena,gubbio,22,4,schwach,1.7695,B365,29,1:1,unentschieden,0
N1-1112-2011-09-18-twente-den-haag,2011-09-18,N1,Eredivisie,1,1112,twente,den haag,15,5,schwach,1.3635,B365,14,5:2,sieg,1
I1-1112-2011-09-21-milan-udinese,2011-09-21,I1,Serie A,1,1112,milan,udinese,3,2,stark,1.7808,B365,29,1:1,unentschieden,0
SP1-1112-2011-09-24-real-madrid-vallecano,2011-09-24,SP1,La Liga,1,1112,real madrid,vallecano,11,4,schwach,1.1746,B365,1,6:2,sieg,1
D1-1112-2011-09-24-schalke-04-freiburg,2011-09-24,D1,Bundesliga,1,1112,schalke 04,freiburg,16,6,schwach,1.4463,B365,3,4:2,sieg,1
F1-1112-2011-10-02-marseille-brest,2011-10-02,F1,Ligue 1,1,1112,marseille,brest,18,8,schwach,1.54,B365,5,1:1,unentschieden,0
N1-1112-2011-10-02-feyenoord-den-haag,2011-10-02,N1,Eredivisie,1,1112,feyenoord,den haag,14,7,schwach,1.4463,B365,15,0:3,niederlage,0
I2-1112-2011-10-09-sampdoria-sassuolo,2011-10-09,I2,Serie B,2,1112,sampdoria,sassuolo,4,8,stark,1.7329,B365,16,1:1,unentschieden,0
D1-1112-2011-10-15-schalke-04-kaiserslautern,2011-10-15,D1,Bundesliga,1,1112,schalke 04,kaiserslautern,16,8,schwach,1.5349,B365,30,1:2,niederlage,0
F1-1112-2011-10-15-montpellier-dijon,2011-10-15,F1,Ligue 1,1,1112,montpellier,dijon,11,9,schwach,1.54,B365,9,5:3,sieg,1
N1-1112-2011-10-15-ajax-az-alkmaar,2011-10-15,N1,Eredivisie,1,1112,ajax,az alkmaar,1,8,stark,1.7793,B365,14,2:2,unentschieden,0
E1-1112-2011-10-18-blackpool-doncaster,2011-10-18,E1,Championship,2,1112,blackpool,doncaster,22,11,schwach,1.7793,B365,27,2:1,sieg,1
D2-1112-2011-10-22-braunschweig-dresden,2011-10-22,D2,2. Bundesliga,2,1112,braunschweig,dresden,11,11,schwach,1.6748,B365,15,0:2,niederlage,0
SP1-1112-2011-10-23-ath-madrid-mallorca,2011-10-23,SP1,La Liga,1,1112,ath madrid,mallorca,12,7,schwach,1.5349,B365,2,1:1,unentschieden,0
F1-1112-2011-10-29-paris-sg-caen,2011-10-29,F1,Ligue 1,1,1112,paris sg,caen,9,11,schwach,1.4222,B365,12,4:2,sieg,1
SP2-1112-2011-10-30-la-coruna-girona,2011-10-30,SP2,LaLiga 2,2,1112,la coruna,girona,20,10,schwach,1.5349,B365,4,3:2,sieg,1
D2-1112-2011-10-31-greuther-furth-braunschweig,2011-10-31,D2,2. Bundesliga,2,1112,greuther furth,braunschweig,7,12,schwach,1.7735,B365,25,1:3,niederlage,0
D1-1112-2011-11-05-werder-bremen-koln,2011-11-05,D1,Bundesliga,1,1112,werder bremen,koln,11,11,schwach,1.5349,B365,3,3:2,sieg,1
F1-1112-2011-11-05-lille-evian-thonon-gaillard,2011-11-05,F1,Ligue 1,1,1112,lille,evian thonon gaillard,14,12,schwach,1.4533,B365,4,1:1,unentschieden,0
N1-1112-2011-11-05-feyenoord-nijmegen,2011-11-05,N1,Eredivisie,1,1112,feyenoord,nijmegen,15,11,schwach,1.5415,B365,7,0:1,niederlage,0
N1-1112-2011-11-06-psv-eindhoven-heracles,2011-11-06,N1,Eredivisie,1,1112,psv eindhoven,heracles,9,11,schwach,1.3314,B365,12,4:1,sieg,1
N1-1112-2011-11-19-heerenveen-waalwijk,2011-11-19,N1,Eredivisie,1,1112,heerenveen,waalwijk,12,12,schwach,1.4978,B365,12,1:1,unentschieden,0
I2-1112-2011-11-19-padova-grosseto,2011-11-19,I2,Serie B,2,1112,padova,grosseto,12,15,schwach,1.7695,B365,9,0:1,niederlage,0
N1-1112-2011-11-20-groningen-vvv-venlo,2011-11-20,N1,Eredivisie,1,1112,groningen,vvv venlo,17,12,schwach,1.2191,B365,16,2:1,sieg,1
SP1-1112-2011-11-26-real-madrid-ath-madrid,2011-11-26,SP1,La Liga,1,1112,real madrid,ath madrid,9,12,schwach,1.2488,B365,15,4:1,sieg,1
E1-1112-2011-11-26-leeds-barnsley,2011-11-26,E1,Championship,2,1112,Leeds,barnsley,15,17,schwach,1.7808,B365,27,1:2,niederlage,0
E1-1112-2011-11-26-west-ham-derby,2011-11-26,E1,Championship,2,1112,West Ham,derby,11,17,schwach,1.488,B365,34,3:1,sieg,1
D1-1112-2011-12-03-stuttgart-koln,2011-12-03,D1,Bundesliga,1,1112,stuttgart,koln,11,13,schwach,1.5383,B365,15,2:2,unentschieden,0
E0-1112-2011-12-04-everton-stoke,2011-12-04,E0,Premier League,1,1112,Everton,stoke,13,13,schwach,1.7675,B365,15,0:1,niederlage,0
F1-1112-2011-12-10-rennes-brest,2011-12-10,F1,Ligue 1,1,1112,rennes,brest,15,16,schwach,1.72,B365,17,1:1,unentschieden,0
SP1-1112-2011-12-11-malaga-osasuna,2011-12-11,SP1,La Liga,1,1112,malaga,osasuna,7,14,schwach,1.7265,B365,33,1:1,unentschieden,0
P1-1112-2011-12-16-benfica-rio-ave,2011-12-16,P1,Primeira Liga,1,1112,benfica,rio ave,13,12,schwach,1.2416,B365,24,5:1,sieg,1
E0-1112-2011-12-17-everton-norwich,2011-12-17,E0,Premier League,1,1112,Everton,norwich,10,15,schwach,1.702,B365,28,1:1,unentschieden,0
D1-1112-2011-12-17-leverkusen-nurnberg,2011-12-17,D1,Bundesliga,1,1112,leverkusen,nurnberg,16,16,schwach,1.5893,B365,8,0:3,niederlage,0
I1-1112-2011-12-21-inter-lecce,2011-12-21,I1,Serie A,1,1112,inter,lecce,20,15,schwach,1.3782,B365,19,4:1,sieg,1
E1-1112-2011-12-26-leicester-ipswich,2011-12-26,E1,Championship,2,1112,Leicester,Ipswich,19,21,schwach,1.678,B365,4,1:1,unentschieden,0
E0-1112-2011-12-30-liverpool-newcastle,2011-12-30,E0,Premier League,1,1112,Liverpool,Newcastle,7,18,schwach,1.6179,B365,25,3:1,sieg,1
E0-1112-2011-12-31-man-united-blackburn,2011-12-31,E0,Premier League,1,1112,Manchester United,blackburn,20,18,schwach,1.1847,B365,16,2:3,niederlage,0
E0-1112-2012-01-14-tottenham-wolves,2012-01-14,E0,Premier League,1,1112,Tottenham,Wolves,16,20,schwach,1.3234,B365,22,1:1,unentschieden,0
P1-1112-2012-01-14-benfica-setubal,2012-01-14,P1,Primeira Liga,1,1112,benfica,setubal,14,14,schwach,1.2191,B365,6,4:1,sieg,1
E1-1112-2012-01-14-leicester-barnsley,2012-01-14,E1,Championship,2,1112,Leicester,barnsley,16,25,schwach,1.7265,B365,12,1:2,niederlage,0
F2-1112-2012-01-14-clermont-amiens,2012-01-14,F2,Ligue 2,2,1112,clermont,amiens,18,18,schwach,1.7465,B365,6,2:1,sieg,1
SP2-1112-2012-01-15-numancia-sabadell,2012-01-15,SP2,LaLiga 2,2,1112,numancia,sabadell,15,19,schwach,1.7209,B365,6,2:1,sieg,1
I1-1112-2012-01-16-napoli-bologna,2012-01-16,I1,Serie A,1,1112,napoli,bologna,17,17,schwach,1.4138,B365,14,1:1,unentschieden,0
E1-1112-2012-01-21-blackpool-crystal-palace,2012-01-21,E1,Championship,2,1112,blackpool,Crystal Palace,13,26,schwach,1.7793,B365,27,2:1,sieg,1
SP1-1112-2012-01-22-real-madrid-ath-bilbao,2012-01-22,SP1,La Liga,1,1112,real madrid,ath bilbao,6,18,stark,1.2646,B365,13,4:1,sieg,1
I1-1112-2012-01-22-inter-lazio,2012-01-22,I1,Serie A,1,1112,inter,lazio,4,18,stark,1.72,B365,30,2:1,sieg,1
SP1-1112-2012-01-28-real-madrid-zaragoza,2012-01-28,SP1,La Liga,1,1112,real madrid,zaragoza,20,19,schwach,1.1384,B365,11,3:1,sieg,1
N1-1112-2012-01-28-nac-breda-graafschap,2012-01-28,N1,Eredivisie,1,1112,nac breda,graafschap,17,18,schwach,1.678,B365,8,1:1,unentschieden,0
SP1-1112-2012-01-29-betis-granada,2012-01-29,SP1,La Liga,1,1112,betis,granada,18,19,schwach,1.7265,B365,13,1:2,niederlage,0
F1-1112-2012-01-29-valenciennes-ajaccio,2012-01-29,F1,Ligue 1,1,1112,valenciennes,ajaccio,20,20,schwach,1.6266,B365,6,1:2,niederlage,0
I1-1112-2012-02-01-inter-palermo,2012-02-01,I1,Serie A,1,1112,inter,palermo,9,20,schwach,1.5349,B365,16,4:4,unentschieden,0
D2-1112-2012-02-03-duisburg-frankfurt-fsv,2012-02-03,D2,2. Bundesliga,2,1112,duisburg,frankfurt fsv,16,19,schwach,1.7793,B365,17,1:2,niederlage,0
D1-1112-2012-02-04-hoffenheim-augsburg,2012-02-04,D1,Bundesliga,1,1112,hoffenheim,augsburg,17,19,schwach,1.7209,B365,31,2:2,unentschieden,0
N1-1112-2012-02-05-groningen-waalwijk,2012-02-05,N1,Eredivisie,1,1112,groningen,waalwijk,14,19,schwach,1.6375,B365,2,0:3,niederlage,0
D2-1112-2012-02-05-ein-frankfurt-braunschweig,2012-02-05,D2,2. Bundesliga,2,1112,ein frankfurt,braunschweig,8,19,schwach,1.6748,B365,5,2:1,sieg,1
I1-1112-2012-02-09-lazio-cesena,2012-02-09,I1,Serie A,1,1112,lazio,cesena,19,21,schwach,1.6,B365,14,3:2,sieg,1
N1-1112-2012-02-10-twente-heracles,2012-02-10,N1,Eredivisie,1,1112,twente,heracles,10,20,schwach,1.39,B365,33,2:3,niederlage,0
F1-1112-2012-02-11-lyon-caen,2012-02-11,F1,Ligue 1,1,1112,lyon,caen,17,21,schwach,1.4889,B365,13,1:2,niederlage,0
SP1-1112-2012-02-12-real-madrid-levante,2012-02-12,SP1,La Liga,1,1112,real madrid,levante,4,21,stark,1.1495,B365,5,4:2,sieg,1
F1-1112-2012-02-12-lille-bordeaux,2012-02-12,F1,Ligue 1,1,1112,lille,bordeaux,9,22,schwach,1.7265,B365,2,4:5,niederlage,0
I1-1112-2012-02-18-juventus-catania,2012-02-18,I1,Serie A,1,1112,juventus,catania,14,21,schwach,1.4138,B365,4,3:1,sieg,1
SC0-1112-2012-02-18-rangers-kilmarnock,2012-02-18,SC0,Scottish Premiership,1,1112,rangers,kilmarnock,8,25,schwach,1.4563,B365,12,0:1,niederlage,0
E1-1112-2012-02-18-leeds-doncaster,2012-02-18,E1,Championship,2,1112,Leeds,doncaster,24,29,schwach,1.7265,B365,32,3:2,sieg,1
I2-1112-2012-02-18-padova-empoli,2012-02-18,I2,Serie B,2,1112,padova,empoli,19,26,schwach,1.7221,B365,10,1:1,unentschieden,0
SP2-1112-2012-02-18-almeria-murcia,2012-02-18,SP2,LaLiga 2,2,1112,almeria,murcia,11,24,schwach,1.7675,B365,13,4:2,sieg,1
SP1-1112-2012-02-19-barcelona-valencia,2012-02-19,SP1,La Liga,1,1112,barcelona,valencia,3,22,stark,1.331,B365,9,5:1,sieg,1
T1-1112-2012-02-19-besiktas-genclerbirligi,2012-02-19,T1,Süper Lig,1,1112,besiktas,genclerbirligi,5,26,stark,1.782,B365,23,3:2,sieg,1
SP1-1112-2012-02-25-malaga-zaragoza,2012-02-25,SP1,La Liga,1,1112,malaga,zaragoza,20,23,schwach,1.5349,B365,23,5:1,sieg,1
N1-1112-2012-02-25-roda-graafschap,2012-02-25,N1,Eredivisie,1,1112,roda,graafschap,18,21,schwach,1.3753,B365,26,0:2,niederlage,0
E1-1112-2012-02-25-birmingham-nott-m-forest,2012-02-25,E1,Championship,2,1112,birmingham,Nottingham Forest,22,31,schwach,1.678,B365,29,1:2,niederlage,0
D2-1112-2012-02-25-greuther-furth-bochum,2012-02-25,D2,2. Bundesliga,2,1112,greuther furth,bochum,9,22,schwach,1.6803,B365,8,6:2,sieg,1
F1-1112-2012-03-03-bordeaux-nice,2012-03-03,F1,Ligue 1,1,1112,bordeaux,nice,17,25,schwach,1.6776,B365,18,1:2,niederlage,0
I1-1112-2012-03-04-inter-catania,2012-03-04,I1,Serie A,1,1112,inter,catania,11,24,schwach,1.7808,B365,20,2:2,unentschieden,0
N1-1112-2012-03-10-heerenveen-excelsior,2012-03-10,N1,Eredivisie,1,1112,heerenveen,excelsior,18,24,schwach,1.2593,B365,4,4:2,sieg,1
N1-1112-2012-03-10-heracles-den-haag,2012-03-10,N1,Eredivisie,1,1112,heracles,den haag,15,24,schwach,1.5383,B365,5,0:2,niederlage,0
D2-1112-2012-03-10-fortuna-dusseldorf-erzgebirge-aue,2012-03-10,D2,2. Bundesliga,2,1112,fortuna dusseldorf,erzgebirge aue,12,23,schwach,1.413,B365,4,3:1,sieg,1
I1-1112-2012-03-11-lazio-bologna,2012-03-11,I1,Serie A,1,1112,lazio,bologna,13,26,schwach,1.7808,B365,11,1:3,niederlage,0
F1-1112-2012-03-11-rennes-auxerre,2012-03-11,F1,Ligue 1,1,1112,rennes,auxerre,20,26,schwach,1.6729,B365,10,1:1,unentschieden,0
E0-1112-2012-03-12-arsenal-newcastle,2012-03-12,E0,Premier League,1,1112,Arsenal,Newcastle,6,27,stark,1.5246,B365,14,2:1,sieg,1
F2-1112-2012-03-16-bastia-amiens,2012-03-16,F2,Ligue 2,2,1112,bastia,amiens,20,27,schwach,1.413,B365,10,2:1,sieg,1
SP1-1112-2012-03-19-espanol-santander,2012-03-19,SP1,La Liga,1,1112,espanol,santander,18,26,schwach,1.7793,B365,12,3:1,sieg,1
SP1-1112-2012-03-22-malaga-vallecano,2012-03-22,SP1,La Liga,1,1112,malaga,vallecano,10,27,schwach,1.7793,B365,5,4:2,sieg,1
E0-1112-2012-03-24-liverpool-wigan,2012-03-24,E0,Premier League,1,1112,Liverpool,wigan,19,29,schwach,1.3518,B365,30,1:2,niederlage,0
E1-1112-2012-03-24-middlesbrough-bristol-city,2012-03-24,E1,Championship,2,1112,middlesbrough,bristol city,22,38,schwach,1.6803,B365,13,1:1,unentschieden,0
D2-1112-2012-03-24-fortuna-dusseldorf-braunschweig,2012-03-24,D2,2. Bundesliga,2,1112,fortuna dusseldorf,braunschweig,8,26,schwach,1.678,B365,27,1:1,unentschieden,0
SP2-1112-2012-03-25-barcelona-b-alcoyano,2012-03-25,SP2,LaLiga 2,2,1112,barcelona b,alcoyano,19,29,schwach,1.5893,B365,9,2:1,sieg,1
E0-1112-2012-03-31-man-city-sunderland,2012-03-31,E0,Premier League,1,1112,Manchester City,Sunderland,8,30,schwach,1.2894,B365,31,3:3,unentschieden,0
I1-1112-2012-04-01-roma-novara,2012-04-01,I1,Serie A,1,1112,roma,novara,19,29,schwach,1.3782,B365,17,5:2,sieg,1
E0-1112-2012-04-07-liverpool-aston-villa,2012-04-07,E0,Premier League,1,1112,Liverpool,Aston Villa,15,30,schwach,1.5246,B365,10,1:1,unentschieden,0
E0-1112-2012-04-07-stoke-wolves,2012-04-07,E0,Premier League,1,1112,stoke,Wolves,20,31,schwach,1.6542,B365,26,2:1,sieg,1
SP2-1112-2012-04-08-la-coruna-murcia,2012-04-08,SP2,LaLiga 2,2,1112,la coruna,murcia,15,31,schwach,1.4572,B365,8,3:1,sieg,1
E0-1112-2012-04-09-tottenham-norwich,2012-04-09,E0,Premier League,1,1112,Tottenham,norwich,12,32,schwach,1.3518,B365,13,1:2,niederlage,0
I1-1112-2012-04-11-inter-siena,2012-04-11,I1,Serie A,1,1112,inter,siena,11,31,schwach,1.7209,B365,6,2:1,sieg,1
I1-1112-2012-04-11-napoli-atalanta,2012-04-11,I1,Serie A,1,1112,napoli,atalanta,8,31,schwach,1.5294,B365,10,1:3,niederlage,0
SP1-1112-2012-04-14-real-madrid-sp-gijon,2012-04-14,SP1,La Liga,1,1112,real madrid,sp gijon,18,32,schwach,1.1329,B365,30,3:1,sieg,1
E1-1112-2012-04-14-birmingham-bristol-city,2012-04-14,E1,Championship,2,1112,birmingham,bristol city,22,42,schwach,1.6058,B365,21,2:2,unentschieden,0
N1-1112-2012-04-15-utrecht-vvv-venlo,2012-04-15,N1,Eredivisie,1,1112,utrecht,vvv venlo,16,29,schwach,1.5383,B365,9,4:2,sieg,1
E0-1112-2012-04-16-arsenal-wigan,2012-04-16,E0,Premier League,1,1112,Arsenal,wigan,17,33,schwach,1.3125,B365,7,1:2,niederlage,0
SP1-1112-2012-04-21-barcelona-real-madrid,2012-04-21,SP1,La Liga,1,1112,barcelona,real madrid,1,33,stark,1.729,B365,17,1:2,niederlage,0
D1-1112-2012-04-21-hertha-kaiserslautern,2012-04-21,D1,Bundesliga,1,1112,hertha,kaiserslautern,18,31,schwach,1.6375,B365,27,1:2,niederlage,0
E1-1112-2012-04-21-reading-crystal-palace,2012-04-21,E1,Championship,2,1112,reading,Crystal Palace,16,44,schwach,1.4861,B365,14,2:2,unentschieden,0
I2-1112-2012-04-21-sassuolo-gubbio,2012-04-21,I2,Serie B,2,1112,sassuolo,gubbio,21,35,schwach,1.6,B365,27,0:2,niederlage,0
SP2-1112-2012-04-21-recreativo-alcoyano,2012-04-21,SP2,LaLiga 2,2,1112,recreativo,alcoyano,19,33,schwach,1.6266,B365,12,1:3,niederlage,0
E0-1112-2012-04-22-man-united-everton,2012-04-22,E0,Premier League,1,1112,Manchester United,Everton,7,33,schwach,1.3782,B365,33,4:4,unentschieden,0
I1-1112-2012-04-22-milan-bologna,2012-04-22,I1,Serie A,1,1112,milan,bologna,13,32,schwach,1.2769,B365,26,1:1,unentschieden,0
F1-1112-2012-04-22-lyon-lorient,2012-04-22,F1,Ligue 1,1,1112,lyon,lorient,14,32,schwach,1.5383,B365,22,3:2,sieg,1
N1-1112-2012-04-22-psv-eindhoven-nijmegen,2012-04-22,N1,Eredivisie,1,1112,psv eindhoven,nijmegen,10,30,schwach,1.39,B365,7,2:1,sieg,1
I1-1112-2012-04-25-roma-fiorentina,2012-04-25,I1,Serie A,1,1112,roma,fiorentina,16,33,schwach,1.7265,B365,2,1:2,niederlage,0
N1-1112-2012-04-28-vitesse-excelsior,2012-04-28,N1,Eredivisie,1,1112,vitesse,excelsior,18,31,schwach,1.3753,B365,34,3:2,sieg,1
D2-1112-2012-04-29-ein-frankfurt-munich-1860,2012-04-29,D2,2. Bundesliga,2,1112,ein frankfurt,munich 1860,6,32,stark,1.5383,B365,17,0:2,niederlage,0
E0-1112-2012-05-01-liverpool-fulham,2012-05-01,E0,Premier League,1,1112,Liverpool,Fulham,9,35,schwach,1.6995,B365,5,0:1,niederlage,0
E0-1112-2012-05-02-chelsea-newcastle,2012-05-02,E0,Premier League,1,1112,Chelsea,Newcastle,5,35,stark,1.5772,B365,19,0:2,niederlage,0
I1-1112-2012-05-02-fiorentina-novara,2012-05-02,I1,Serie A,1,1112,fiorentina,novara,19,35,schwach,1.5893,B365,14,2:2,unentschieden,0
I1-1112-2012-05-02-lazio-siena,2012-05-02,I1,Serie A,1,1112,lazio,siena,13,35,schwach,1.6803,B365,26,1:1,unentschieden,0
SP1-1112-2012-05-05-zaragoza-santander,2012-05-05,SP1,La Liga,1,1112,zaragoza,santander,20,36,schwach,1.4138,B365,11,2:1,sieg,1
D1-1112-2012-05-05-hannover-kaiserslautern,2012-05-05,D1,Bundesliga,1,1112,hannover,kaiserslautern,18,33,schwach,1.4138,B365,7,2:1,sieg,1
D2-1112-2012-05-06-fortuna-dusseldorf-duisburg,2012-05-06,D2,2. Bundesliga,2,1112,fortuna dusseldorf,duisburg,10,33,schwach,1.4533,B365,8,2:2,unentschieden,0
F2-1112-2012-05-11-bastia-nantes,2012-05-11,F2,Ligue 2,2,1112,bastia,nantes,7,36,schwach,1.5964,B365,32,2:1,sieg,1
E0-1112-2012-05-13-wigan-wolves,2012-05-13,E0,Premier League,1,1112,wigan,Wolves,20,37,schwach,1.6542,B365,9,3:2,sieg,1
I1-1112-2012-05-13-milan-novara,2012-05-13,I1,Serie A,1,1112,milan,novara,19,37,schwach,1.3314,B365,20,2:1,sieg,1
F2-1112-2012-05-18-le-mans-arles,2012-05-18,F2,Ligue 2,2,1112,le mans,arles,15,37,schwach,1.7808,B365,3,1:1,unentschieden,0
I2-1112-2012-05-20-ascoli-crotone,2012-05-20,I2,Serie B,2,1112,ascoli,crotone,12,40,schwach,1.5551,B365,15,3:2,sieg,1
I2-1112-2012-05-20-vicenza-bari,2012-05-20,I2,Serie B,2,1112,vicenza,bari,11,40,schwach,1.705,B365,15,3:1,sieg,1
SP2-1112-2012-05-23-celta-xerez,2012-05-23,SP2,LaLiga 2,2,1112,celta,xerez,13,39,schwach,1.2451,B365,9,4:1,sieg,1
I2-1112-2012-05-26-empoli-cittadella,2012-05-26,I2,Serie B,2,1112,empoli,cittadella,16,41,schwach,1.3662,B365,8,3:2,sieg,1
SP2-1112-2012-05-27-hercules-xerez,2012-05-27,SP2,LaLiga 2,2,1112,hercules,xerez,14,40,schwach,1.3182,B365,23,2:2,unentschieden,0
SP2-1112-2012-05-27-la-coruna-huesca,2012-05-27,SP2,LaLiga 2,2,1112,la coruna,huesca,13,40,schwach,1.2368,B365,33,2:1,sieg,1
F1-1213-2012-08-11-paris-sg-lorient,2012-08-11,F1,Ligue 1,1,1213,paris sg,lorient,,0,unbekannt,1.413,B365,4,2:2,unentschieden,0
N1-1213-2012-08-11-roda-zwolle,2012-08-11,N1,Eredivisie,1,1213,roda,zwolle,,0,unbekannt,1.678,B365,7,1:1,unentschieden,0
N1-1213-2012-08-12-heerenveen-nijmegen,2012-08-12,N1,Eredivisie,1,1213,heerenveen,nijmegen,,0,unbekannt,1.7691,B365,27,0:2,niederlage,0
F1-1213-2012-08-17-lille-nancy,2012-08-17,F1,Ligue 1,1,1213,lille,nancy,7,1,schwach,1.54,B365,33,1:1,unentschieden,0
E0-1213-2012-08-25-man-united-fulham,2012-08-25,E0,Premier League,1,1213,Manchester United,Fulham,2,1,stark,1.3518,B365,3,3:2,sieg,1
I1-1213-2012-08-26-roma-catania,2012-08-26,I1,Serie A,1,1213,roma,catania,,0,unbekannt,1.4861,B365,28,2:2,unentschieden,0
F1-1213-2012-09-01-lyon-valenciennes,2012-09-01,F1,Ligue 1,1,1213,lyon,valenciennes,3,3,stark,1.7265,B365,12,3:2,sieg,1
SP2-1213-2012-09-01-villarreal-guadalajara,2012-09-01,SP2,LaLiga 2,2,1213,villarreal,guadalajara,17,2,schwach,1.5294,B365,13,2:1,sieg,1
E0-1213-2012-09-02-newcastle-aston-villa,2012-09-02,E0,Premier League,1,1213,Newcastle,Aston Villa,20,2,schwach,1.702,B365,22,1:1,unentschieden,0
D1-1213-2012-09-02-bayern-munich-stuttgart,2012-09-02,D1,Bundesliga,1,1213,bayern munich,stuttgart,15,1,schwach,1.322,B365,25,6:1,sieg,1
SC0-1213-2012-09-02-hearts-dundee,2012-09-02,SC0,Scottish Premiership,1,1213,hearts,dundee,12,4,schwach,1.488,B365,3,0:1,niederlage,0
N1-1213-2012-09-15-heerenveen-den-haag,2012-09-15,N1,Eredivisie,1,1213,heerenveen,den haag,8,4,schwach,1.6766,B365,20,1:3,niederlage,0
SP2-1213-2012-09-15-barcelona-b-ponferradina,2012-09-15,SP2,LaLiga 2,2,1213,barcelona b,ponferradina,17,4,schwach,1.6748,B365,14,2:1,sieg,1
N1-1213-2012-09-16-heracles-nac-breda,2012-09-16,N1,Eredivisie,1,1213,heracles,nac breda,16,4,schwach,1.7209,B365,14,2:1,sieg,1
E1-1213-2012-09-18-blackburn-barnsley,2012-09-18,E1,Championship,2,1213,blackburn,barnsley,13,5,schwach,1.4861,B365,32,2:1,sieg,1
N1-1213-2012-09-22-waalwijk-vvv-venlo,2012-09-22,N1,Eredivisie,1,1213,waalwijk,vvv venlo,15,5,schwach,1.6071,B365,6,1:1,unentschieden,0
E0-1213-2012-09-23-tottenham-qpr,2012-09-23,E0,Premier League,1,1213,Tottenham,qpr,19,4,schwach,1.5246,B365,32,2:1,sieg,1
P1-1213-2012-09-24-sp-lisbon-gil-vicente,2012-09-24,P1,Primeira Liga,1,1213,sp lisbon,gil vicente,12,3,schwach,1.5893,B365,7,2:1,sieg,1
E1-1213-2012-09-24-blackpool-huddersfield,2012-09-24,E1,Championship,2,1213,blackpool,huddersfield,9,6,schwach,1.7793,B365,13,1:3,niederlage,0
E0-1213-2012-09-29-everton-southampton,2012-09-29,E0,Premier League,1,1213,Everton,Southampton,16,5,schwach,1.4697,B365,6,3:1,sieg,1
E0-1213-2012-09-29-man-united-tottenham,2012-09-29,E0,Premier League,1,1213,Manchester United,Tottenham,8,5,schwach,1.6542,B365,2,2:3,niederlage,0
E1-1213-2012-09-29-hull-peterboro,2012-09-29,E1,Championship,2,1213,hull,peterboro,24,7,schwach,1.5383,B365,24,1:3,niederlage,0
SP1-1213-2012-09-30-real-madrid-la-coruna,2012-09-30,SP1,La Liga,1,1213,real madrid,la coruna,12,5,schwach,1.1951,B365,16,5:1,sieg,1
F2-1213-2012-09-30-monaco-ajaccio-gfco,2012-09-30,F2,Ligue 2,2,1213,monaco,ajaccio gfco,19,8,schwach,1.4889,B365,18,2:2,unentschieden,0
E1-1213-2012-10-02-brighton-ipswich,2012-10-02,E1,Championship,2,1213,Brighton,Ipswich,23,8,schwach,1.7793,B365,27,1:1,unentschieden,0
E0-1213-2012-10-06-chelsea-norwich,2012-10-06,E0,Premier League,1,1213,Chelsea,norwich,18,6,schwach,1.2894,B365,11,4:1,sieg,1
F1-1213-2012-10-06-montpellier-evian-thonon-gaillard,2012-10-06,F1,Ligue 1,1,1213,montpellier,evian thonon gaillard,18,7,schwach,1.7808,B365,30,2:3,niederlage,0
P1-1213-2012-10-06-benfica-beira-mar,2012-10-06,P1,Primeira Liga,1,1213,benfica,beira mar,16,5,schwach,1.1994,B365,4,2:1,sieg,1
I2-1213-2012-10-06-varese-empoli,2012-10-06,I2,Serie B,2,1213,varese,empoli,22,7,schwach,1.7808,B365,11,2:2,unentschieden,0
P1-1213-2012-10-07-sp-braga-olhanense,2012-10-07,P1,Primeira Liga,1,1213,sp braga,olhanense,15,5,schwach,1.4889,B365,4,4:4,unentschieden,0
E0-1213-2012-10-20-man-united-stoke,2012-10-20,E0,Premier League,1,1213,Manchester United,stoke,12,7,schwach,1.3518,B365,11,4:2,sieg,1
SP1-1213-2012-10-20-malaga-valladolid,2012-10-20,SP1,La Liga,1,1213,malaga,valladolid,8,7,schwach,1.638,B365,9,2:1,sieg,1
SP1-1213-2012-10-20-valencia-ath-bilbao,2012-10-20,SP1,La Liga,1,1213,valencia,ath bilbao,16,7,schwach,1.7209,B365,19,3:2,sieg,1
D1-1213-2012-10-20-dortmund-schalke-04,2012-10-20,D1,Bundesliga,1,1213,dortmund,schalke 04,3,7,stark,1.729,B365,14,1:2,niederlage,0
N1-1213-2012-10-20-az-alkmaar-nijmegen,2012-10-20,N1,Eredivisie,1,1213,az alkmaar,nijmegen,12,8,schwach,1.6655,B365,15,0:2,niederlage,0
N1-1213-2012-10-20-psv-eindhoven-willem-ii,2012-10-20,N1,Eredivisie,1,1213,psv eindhoven,willem ii,15,8,schwach,1.155,B365,17,3:2,sieg,1
E1-1213-2012-10-20-bolton-bristol-city,2012-10-20,E1,Championship,2,1213,bolton,bristol city,17,10,schwach,1.7793,B365,3,3:2,sieg,1
N1-1213-2012-10-21-waalwijk-zwolle,2012-10-21,N1,Eredivisie,1,1213,waalwijk,zwolle,16,8,schwach,1.6642,B365,5,1:2,niederlage,0
SP1-1213-2012-10-22-sevilla-mallorca,2012-10-22,SP1,La Liga,1,1213,sevilla,mallorca,7,7,schwach,1.7209,B365,26,3:2,sieg,1
E1-1213-2012-10-23-cardiff-watford,2012-10-23,E1,Championship,2,1213,cardiff,watford,13,11,schwach,1.7793,B365,28,2:1,sieg,1
E1-1213-2012-10-27-leicester-crystal-palace,2012-10-27,E1,Championship,2,1213,Leicester,Crystal Palace,4,12,stark,1.5966,B365,23,1:2,niederlage,0
D2-1213-2012-10-28-st-pauli-dresden,2012-10-28,D2,2. Bundesliga,2,1213,st pauli,dresden,14,10,schwach,1.729,B365,18,3:2,sieg,1
I1-1213-2012-10-31-inter-sampdoria,2012-10-31,I1,Serie A,1,1213,inter,sampdoria,10,9,schwach,1.5893,B365,20,3:2,sieg,1
SP1-1213-2012-11-03-malaga-vallecano,2012-11-03,SP1,La Liga,1,1213,malaga,vallecano,15,9,schwach,1.4861,B365,11,1:2,niederlage,0
SP1-1213-2012-11-10-malaga-sociedad,2012-11-10,SP1,La Liga,1,1213,malaga,sociedad,18,10,schwach,1.6375,B365,1,1:2,niederlage,0
D1-1213-2012-11-10-schalke-04-werder-bremen,2012-11-10,D1,Bundesliga,1,1213,schalke 04,werder bremen,8,10,schwach,1.5257,B365,16,2:1,sieg,1
SC0-1213-2012-11-10-motherwell-dundee,2012-11-10,SC0,Scottish Premiership,1,1213,motherwell,dundee,12,12,schwach,1.5964,B365,28,1:1,unentschieden,0
E0-1213-2012-11-11-man-city-tottenham,2012-11-11,E0,Premier League,1,1213,Manchester City,Tottenham,6,10,stark,1.6542,B365,21,2:1,sieg,1
N1-1213-2012-11-11-psv-eindhoven-heerenveen,2012-11-11,N1,Eredivisie,1,1213,psv eindhoven,heerenveen,12,11,schwach,1.3668,B365,6,5:1,sieg,1
F1-1213-2012-11-17-paris-sg-rennes,2012-11-17,F1,Ligue 1,1,1213,paris sg,rennes,9,12,schwach,1.6464,B365,13,1:2,niederlage,0
N1-1213-2012-11-17-heerenveen-waalwijk,2012-11-17,N1,Eredivisie,1,1213,heerenveen,waalwijk,11,12,schwach,1.7793,B365,7,0:2,niederlage,0
D1-1213-2012-11-18-werder-bremen-fortuna-dusseldorf,2012-11-18,D1,Bundesliga,1,1213,werder bremen,fortuna dusseldorf,15,11,schwach,1.6282,B365,10,2:1,sieg,1
N1-1213-2012-11-18-vitesse-nijmegen,2012-11-18,N1,Eredivisie,1,1213,vitesse,nijmegen,7,12,schwach,1.7793,B365,3,4:1,sieg,1
D2-1213-2012-11-18-bochum-sandhausen,2012-11-18,D2,2. Bundesliga,2,1213,bochum,sandhausen,18,13,schwach,1.7793,B365,5,5:2,sieg,1
SP2-1213-2012-11-18-cordoba-hercules,2012-11-18,SP2,LaLiga 2,2,1213,cordoba,hercules,22,13,schwach,1.7265,B365,9,1:2,niederlage,0
E1-1213-2012-11-24-middlesbrough-bristol-city,2012-11-24,E1,Championship,2,1213,middlesbrough,bristol city,23,17,schwach,1.6375,B365,13,1:3,niederlage,0
D2-1213-2012-11-27-kaiserslautern-regensburg,2012-11-27,D2,2. Bundesliga,2,1213,kaiserslautern,regensburg,17,15,schwach,1.4225,B365,14,1:1,unentschieden,0
D2-1213-2012-11-29-hertha-koln,2012-11-29,D2,2. Bundesliga,2,1213,hertha,koln,11,15,schwach,1.7209,B365,34,1:1,unentschieden,0
E0-1213-2012-12-01-man-city-everton,2012-12-01,E0,Premier League,1,1213,Manchester City,Everton,6,14,stark,1.5893,B365,33,1:1,unentschieden,0
F1-1213-2012-12-01-bordeaux-sochaux,2012-12-01,F1,Ligue 1,1,1213,bordeaux,sochaux,18,14,schwach,1.5349,B365,33,2:2,unentschieden,0
D1-1213-2012-12-14-bayern-munich-m-gladbach,2012-12-14,D1,Bundesliga,1,1213,bayern munich,m gladbach,8,16,schwach,1.2191,B365,21,1:1,unentschieden,0
N1-1213-2012-12-14-twente-heracles,2012-12-14,N1,Eredivisie,1,1213,twente,heracles,10,16,schwach,1.5942,B365,20,3:2,sieg,1
I2-1213-2012-12-14-livorno-ternana,2012-12-14,I2,Serie B,2,1213,livorno,ternana,14,18,schwach,1.72,B365,23,2:1,sieg,1
F2-1213-2012-12-14-monaco-nimes,2012-12-14,F2,Ligue 2,2,1213,monaco,nimes,9,17,schwach,1.6266,B365,4,1:1,unentschieden,0
E0-1213-2012-12-15-liverpool-aston-villa,2012-12-15,E0,Premier League,1,1213,Liverpool,Aston Villa,17,16,schwach,1.4374,B365,29,1:3,niederlage,0
P1-1213-2012-12-15-benfica-maritimo,2012-12-15,P1,Primeira Liga,1,1213,benfica,maritimo,8,11,schwach,1.3041,B365,25,4:1,sieg,1
E1-1213-2012-12-15-cardiff-peterboro,2012-12-15,E1,Championship,2,1213,cardiff,peterboro,24,21,schwach,1.4225,B365,22,1:2,niederlage,0
SP1-1213-2012-12-16-barcelona-ath-madrid,2012-12-16,SP1,La Liga,1,1213,barcelona,ath madrid,2,15,stark,1.3333,B365,31,4:1,sieg,1
SP1-1213-2012-12-16-real-madrid-espanol,2012-12-16,SP1,La Liga,1,1213,real madrid,espanol,19,15,schwach,1.1747,B365,31,2:2,unentschieden,0
I1-1213-2012-12-16-napoli-bologna,2012-12-16,I1,Serie A,1,1213,napoli,bologna,17,16,schwach,1.4533,B365,10,2:3,niederlage,0
F1-1213-2012-12-22-lorient-reims,2012-12-22,F1,Ligue 1,1,1213,lorient,reims,17,18,schwach,1.6,B365,6,2:2,unentschieden,0
E0-1213-2012-12-26-man-united-newcastle,2012-12-26,E0,Premier League,1,1213,Manchester United,Newcastle,14,18,schwach,1.2815,B365,4,4:3,sieg,1
E0-1213-2013-01-01-tottenham-reading,2013-01-01,E0,Premier League,1,1213,Tottenham,reading,19,20,schwach,1.399,B365,4,3:1,sieg,1
F2-1213-2013-01-11-nantes-nimes,2013-01-11,F2,Ligue 2,2,1213,nantes,nimes,10,19,schwach,1.7808,B365,4,1:2,niederlage,0
E1-1213-2013-01-12-hull-sheffield-weds,2013-01-12,E1,Championship,2,1213,hull,sheffield weds,22,26,schwach,1.7079,B365,24,1:3,niederlage,0
N1-1213-2013-01-18-psv-eindhoven-zwolle,2013-01-18,N1,Eredivisie,1,1213,psv eindhoven,zwolle,14,18,schwach,1.2185,B365,25,1:3,niederlage,0
E0-1213-2013-01-19-west-brom-aston-villa,2013-01-19,E0,Premier League,1,1213,west brom,Aston Villa,18,22,schwach,1.7875,B365,12,2:2,unentschieden,0
SC0-1213-2013-01-19-hibernian-dundee,2013-01-19,SC0,Scottish Premiership,1,1213,hibernian,dundee,12,21,schwach,1.678,B365,8,1:1,unentschieden,0
E0-1213-2013-01-23-arsenal-west-ham,2013-01-23,E0,Premier League,1,1213,Arsenal,West Ham,12,22,schwach,1.4832,B365,18,5:1,sieg,1
E0-1213-2013-01-30-man-united-southampton,2013-01-30,E0,Premier League,1,1213,Manchester United,Southampton,16,23,schwach,1.2816,B365,3,2:1,sieg,1
I1-1213-2013-02-01-roma-cagliari,2013-02-01,I1,Serie A,1,1213,roma,cagliari,16,22,schwach,1.5964,B365,3,2:4,niederlage,0
E0-1213-2013-02-02-everton-aston-villa,2013-02-02,E0,Premier League,1,1213,Everton,Aston Villa,19,24,schwach,1.4356,B365,2,3:3,unentschieden,0
F1-1213-2013-02-02-lille-troyes,2013-02-02,F1,Ligue 1,1,1213,lille,troyes,19,22,schwach,1.4861,B365,30,1:1,unentschieden,0
N1-1213-2013-02-02-az-alkmaar-groningen,2013-02-02,N1,Eredivisie,1,1213,az alkmaar,groningen,13,20,schwach,1.5966,B365,27,0:1,niederlage,0
E1-1213-2013-02-02-blackpool-barnsley,2013-02-02,E1,Championship,2,1213,blackpool,barnsley,22,29,schwach,1.7759,B365,25,1:2,niederlage,0
SP1-1213-2013-02-03-malaga-zaragoza,2013-02-03,SP1,La Liga,1,1213,malaga,zaragoza,15,21,schwach,1.6375,B365,13,1:1,unentschieden,0
F1-1213-2013-02-03-montpellier-reims,2013-02-03,F1,Ligue 1,1,1213,montpellier,reims,18,22,schwach,1.5312,B365,33,3:1,sieg,1
N1-1213-2013-02-03-twente-utrecht,2013-02-03,N1,Eredivisie,1,1213,twente,utrecht,6,20,stark,1.5383,B365,32,2:4,niederlage,0
N1-1213-2013-02-09-heracles-willem-ii,2013-02-09,N1,Eredivisie,1,1213,heracles,willem ii,18,21,schwach,1.54,B365,6,4:1,sieg,1
F2-1213-2013-02-09-nantes-arles,2013-02-09,F2,Ligue 2,2,1213,nantes,arles,17,23,schwach,1.5947,B365,7,1:1,unentschieden,0
P1-1213-2013-02-10-porto-olhanense,2013-02-10,P1,Primeira Liga,1,1213,porto,olhanense,13,17,schwach,1.1946,B365,7,1:1,unentschieden,0
P1-1213-2013-02-10-sp-lisbon-maritimo,2013-02-10,P1,Primeira Liga,1,1213,sp lisbon,maritimo,10,17,schwach,1.7675,B365,18,0:1,niederlage,0
P1-1213-2013-02-11-sp-braga-pacos-ferreira,2013-02-11,P1,Primeira Liga,1,1213,sp braga,pacos ferreira,3,17,stark,1.72,B365,16,2:3,niederlage,0
D2-1213-2013-02-11-hertha-union-berlin,2013-02-11,D2,2. Bundesliga,2,1213,hertha,union berlin,5,20,stark,1.6304,B365,9,2:2,unentschieden,0
N1-1213-2013-02-16-psv-eindhoven-utrecht,2013-02-16,N1,Eredivisie,1,1213,psv eindhoven,utrecht,6,22,stark,1.3333,B365,10,2:1,sieg,1
SC0-1213-2013-02-16-celtic-dundee-united,2013-02-16,SC0,Scottish Premiership,1,1213,celtic,dundee united,8,25,schwach,1.3808,B365,10,6:2,sieg,1
E1-1213-2013-02-19-leicester-charlton,2013-02-19,E1,Championship,2,1213,Leicester,charlton,15,32,schwach,1.5719,B365,19,1:2,niederlage,0
E1-1213-2013-02-19-nott-m-forest-huddersfield,2013-02-19,E1,Championship,2,1213,Nottingham Forest,huddersfield,19,31,schwach,1.7939,B365,10,6:1,sieg,1
F1-1213-2013-02-23-rennes-sochaux,2013-02-23,F1,Ligue 1,1,1213,rennes,sochaux,14,25,schwach,1.72,B365,21,2:2,unentschieden,0
F1-1213-2013-02-24-bordeaux-brest,2013-02-24,F1,Ligue 1,1,1213,bordeaux,brest,16,25,schwach,1.54,B365,19,0:2,niederlage,0
F1-1213-2013-02-24-lyon-lorient,2013-02-24,F1,Ligue 1,1,1213,lyon,lorient,9,25,schwach,1.7808,B365,11,3:1,sieg,1
N1-1213-2013-02-24-ajax-den-haag,2013-02-24,N1,Eredivisie,1,1213,ajax,den haag,8,23,schwach,1.2451,B365,30,1:1,unentschieden,0
N1-1213-2013-02-24-az-alkmaar-nac-breda,2013-02-24,N1,Eredivisie,1,1213,az alkmaar,nac breda,13,23,schwach,1.5349,B365,6,0:1,niederlage,0
D2-1213-2013-02-24-cottbus-regensburg,2013-02-24,D2,2. Bundesliga,2,1213,cottbus,regensburg,18,22,schwach,1.7265,B365,17,1:1,unentschieden,0
SP1-1213-2013-03-02-valencia-levante,2013-03-02,SP1,La Liga,1,1213,valencia,levante,10,25,schwach,1.5879,B365,16,2:2,unentschieden,0
D1-1213-2013-03-02-hamburg-greuther-furth,2013-03-02,D1,Bundesliga,1,1213,hamburg,greuther furth,18,23,schwach,1.7265,B365,14,1:1,unentschieden,0
D1-1213-2013-03-02-leverkusen-stuttgart,2013-03-02,D1,Bundesliga,1,1213,leverkusen,stuttgart,11,23,schwach,1.6315,B365,12,2:1,sieg,1
I2-1213-2013-03-02-juve-stabia-pro-vercelli,2013-03-02,I2,Serie B,2,1213,juve stabia,pro vercelli,22,28,schwach,1.782,B365,32,1:1,unentschieden,0
E1-1213-2013-03-05-watford-sheffield-weds,2013-03-05,E1,Championship,2,1213,watford,sheffield weds,20,34,schwach,1.7785,B365,19,2:1,sieg,1
D1-1213-2013-03-09-bayern-munich-fortuna-dusseldorf,2013-03-09,D1,Bundesliga,1,1213,bayern munich,fortuna dusseldorf,13,24,schwach,1.1746,B365,16,3:2,sieg,1
N1-1213-2013-03-09-az-alkmaar-den-haag,2013-03-09,N1,Eredivisie,1,1213,az alkmaar,den haag,8,25,schwach,1.6655,B365,10,1:1,unentschieden,0
I2-1213-2013-03-09-livorno-reggina,2013-03-09,I2,Serie B,2,1213,livorno,reggina,18,29,schwach,1.7695,B365,33,3:3,unentschieden,0
I1-1213-2013-03-10-atalanta-pescara,2013-03-10,I1,Serie A,1,1213,atalanta,pescara,20,27,schwach,1.54,B365,24,2:1,sieg,1
P1-1213-2013-03-10-pacos-ferreira-beira-mar,2013-03-10,P1,Primeira Liga,1,1213,pacos ferreira,beira mar,16,21,schwach,1.6655,B365,13,1:1,unentschieden,0
SP2-1213-2013-03-10-alcorcon-recreativo,2013-03-10,SP2,LaLiga 2,2,1213,alcorcon,recreativo,11,28,schwach,1.7793,B365,11,2:1,sieg,1
SP1-1213-2013-03-16-real-madrid-mallorca,2013-03-16,SP1,La Liga,1,1213,real madrid,mallorca,18,27,schwach,1.192,B365,6,5:2,sieg,1
D1-1213-2013-03-16-dortmund-freiburg,2013-03-16,D1,Bundesliga,1,1213,dortmund,freiburg,8,25,schwach,1.4463,B365,28,5:1,sieg,1
SP2-1213-2013-03-23-barcelona-b-huesca,2013-03-23,SP2,LaLiga 2,2,1213,barcelona b,huesca,20,30,schwach,1.7793,B365,34,0:1,niederlage,0
I2-1213-2013-03-24-verona-crotone,2013-03-24,I2,Serie B,2,1213,verona,crotone,12,31,schwach,1.5893,B365,33,3:2,sieg,1
D2-1213-2013-03-28-braunschweig-dresden,2013-03-28,D2,2. Bundesliga,2,1213,braunschweig,dresden,16,26,schwach,1.7622,B365,8,2:1,sieg,1
SP1-1213-2013-04-06-real-madrid-levante,2013-04-06,SP1,La Liga,1,1213,real madrid,levante,10,29,schwach,1.2185,B365,31,5:1,sieg,1
SC0-1213-2013-04-06-kilmarnock-dundee,2013-04-06,SC0,Scottish Premiership,1,1213,kilmarnock,dundee,12,32,schwach,1.7793,B365,6,1:2,niederlage,0
SP2-1213-2013-04-06-alcorcon-santander,2013-04-06,SP2,LaLiga 2,2,1213,alcorcon,santander,21,32,schwach,1.6748,B365,8,0:1,niederlage,0
P1-1213-2013-04-08-porto-sp-braga,2013-04-08,P1,Primeira Liga,1,1213,porto,sp braga,4,24,stark,1.5383,B365,22,3:1,sieg,1
I2-1213-2013-04-13-novara-vicenza,2013-04-13,I2,Serie B,2,1213,novara,vicenza,20,35,schwach,1.6266,B365,27,3:1,sieg,1
N1-1213-2013-04-14-heerenveen-willem-ii,2013-04-14,N1,Eredivisie,1,1213,heerenveen,willem ii,18,29,schwach,1.3703,B365,12,3:2,sieg,1
SP2-1213-2013-04-14-elche-xerez,2013-04-14,SP2,LaLiga 2,2,1213,elche,xerez,22,33,schwach,1.3753,B365,16,2:1,sieg,1
I1-1213-2013-04-21-napoli-cagliari,2013-04-21,I1,Serie A,1,1213,napoli,cagliari,10,32,schwach,1.5349,B365,18,3:2,sieg,1
I1-1213-2013-04-21-roma-pescara,2013-04-21,I1,Serie A,1,1213,roma,pescara,20,32,schwach,1.2451,B365,14,1:1,unentschieden,0
F1-1213-2013-04-24-st-etienne-ajaccio,2013-04-24,F1,Ligue 1,1,1213,st etienne,ajaccio,15,32,schwach,1.5312,B365,15,4:2,sieg,1
D1-1213-2013-04-28-schalke-04-hamburg,2013-04-28,D1,Bundesliga,1,1213,schalke 04,hamburg,8,30,schwach,1.6684,B365,5,4:1,sieg,1
I1-1213-2013-04-28-milan-catania,2013-04-28,I1,Serie A,1,1213,milan,catania,9,33,schwach,1.42,B365,30,4:2,sieg,1
E0-1213-2013-05-04-fulham-reading,2013-05-04,E0,Premier League,1,1213,Fulham,reading,20,35,schwach,1.7731,B365,12,2:4,niederlage,0
SP1-1213-2013-05-04-real-madrid-valladolid,2013-05-04,SP1,La Liga,1,1213,real madrid,valladolid,12,33,schwach,1.2593,B365,8,4:3,sieg,1
E1-1213-2013-05-04-bolton-blackpool,2013-05-04,E1,Championship,2,1213,bolton,blackpool,19,44,schwach,1.6153,B365,21,2:2,unentschieden,0
SP1-1213-2013-05-05-barcelona-betis,2013-05-05,SP1,La Liga,1,1213,barcelona,betis,7,33,schwach,1.2714,B365,2,4:2,sieg,1
F1-1213-2013-05-05-paris-sg-valenciennes,2013-05-05,F1,Ligue 1,1,1213,paris sg,valenciennes,12,34,schwach,1.2846,B365,17,1:1,unentschieden,0
SP2-1213-2013-05-05-almeria-santander,2013-05-05,SP2,LaLiga 2,2,1213,almeria,santander,21,36,schwach,1.6304,B365,29,2:1,sieg,1
F2-1213-2013-05-06-nantes-clermont,2013-05-06,F2,Ligue 2,2,1213,nantes,clermont,18,34,schwach,1.5437,B365,24,0:1,niederlage,0
D1-1213-2013-05-11-schalke-04-stuttgart,2013-05-11,D1,Bundesliga,1,1213,schalke 04,stuttgart,12,32,schwach,1.4463,B365,24,1:2,niederlage,0
I1-1213-2013-05-11-juventus-cagliari,2013-05-11,I1,Serie A,1,1213,juventus,cagliari,11,36,schwach,1.3703,B365,12,1:1,unentschieden,0
SP2-1213-2013-05-11-girona-xerez,2013-05-11,SP2,LaLiga 2,2,1213,girona,xerez,22,37,schwach,1.3635,B365,14,2:4,niederlage,0
SP2-1213-2013-05-11-murcia-sabadell,2013-05-11,SP2,LaLiga 2,2,1213,murcia,sabadell,11,37,schwach,1.7583,B365,30,1:1,unentschieden,0
I1-1213-2013-05-12-udinese-atalanta,2013-05-12,I1,Serie A,1,1213,udinese,atalanta,13,36,schwach,1.4563,B365,10,2:1,sieg,1
N1-1213-2013-05-12-vitesse-vvv-venlo,2013-05-12,N1,Eredivisie,1,1213,vitesse,vvv venlo,17,33,schwach,1.3091,B365,27,0:1,niederlage,0
E0-1213-2013-05-19-man-city-norwich,2013-05-19,E0,Premier League,1,1213,Manchester City,norwich,12,37,schwach,1.3627,B365,26,2:3,niederlage,0
D2-1213-2013-05-19-hertha-cottbus,2013-05-19,D2,2. Bundesliga,2,1213,hertha,cottbus,6,33,stark,1.5942,B365,28,1:1,unentschieden,0
SP1-1314-2013-08-18-real-madrid-betis,2013-08-18,SP1,La Liga,1,1314,real madrid,betis,,0,unbekannt,1.236,B365,14,2:1,sieg,1
F1-1314-2013-08-18-paris-sg-ajaccio,2013-08-18,F1,Ligue 1,1,1314,paris sg,ajaccio,18,1,schwach,1.2769,B365,9,1:1,unentschieden,0
N1-1314-2013-08-18-ajax-feyenoord,2013-08-18,N1,Eredivisie,1,1314,ajax,feyenoord,16,2,schwach,1.4533,B365,6,2:1,sieg,1
E1-1314-2013-08-20-wigan-doncaster,2013-08-20,E1,Championship,2,1314,wigan,doncaster,15,2,schwach,1.5333,B365,25,2:2,unentschieden,0
E0-1314-2013-08-24-southampton-sunderland,2013-08-24,E0,Premier League,1,1314,Southampton,Sunderland,13,1,schwach,1.7698,B365,3,1:1,unentschieden,0
SC0-1314-2013-08-24-celtic-inverness-c,2013-08-24,SC0,Scottish Premiership,1,1314,celtic,inverness c,1,3,stark,1.5383,B365,14,2:2,unentschieden,0
E1-1314-2013-08-24-leicester-birmingham,2013-08-24,E1,Championship,2,1314,Leicester,birmingham,17,3,schwach,1.7698,B365,12,3:2,sieg,1
SP2-1314-2013-08-25-mallorca-murcia,2013-08-25,SP2,LaLiga 2,2,1314,mallorca,murcia,17,1,schwach,1.7209,B365,14,2:4,niederlage,0
D2-1314-2013-08-30-munich-1860-sandhausen,2013-08-30,D2,2. Bundesliga,2,1314,munich 1860,sandhausen,16,5,schwach,1.5966,B365,12,0:2,niederlage,0
P1-1314-2013-09-02-estoril-academica,2013-09-02,P1,Primeira Liga,1,1314,estoril,academica,16,2,schwach,1.6748,B365,16,1:1,unentschieden,0
I2-1314-2013-09-07-spezia-carpi,2013-09-07,I2,Serie B,2,1314,spezia,carpi,19,1,schwach,1.72,B365,27,0:2,niederlage,0
I2-1314-2013-09-08-pescara-crotone,2013-09-08,I2,Serie B,2,1314,pescara,crotone,21,2,schwach,1.6803,B365,30,2:2,unentschieden,0
SP2-1314-2013-09-08-la-coruna-murcia,2013-09-08,SP2,LaLiga 2,2,1314,la coruna,murcia,11,3,schwach,1.7048,B365,23,0:1,niederlage,0
P1-1314-2013-09-15-sp-braga-estoril,2013-09-15,P1,Primeira Liga,1,1314,sp braga,estoril,3,3,stark,1.6748,B365,17,3:2,sieg,1
SP1-1314-2013-09-16-ath-bilbao-celta,2013-09-16,SP1,La Liga,1,1314,ath bilbao,celta,7,3,schwach,1.7793,B365,14,3:2,sieg,1
I2-1314-2013-09-21-empoli-padova,2013-09-21,I2,Serie B,2,1314,empoli,padova,22,3,schwach,1.669,B365,13,3:1,sieg,1
I2-1314-2013-09-21-pescara-bari,2013-09-21,I2,Serie B,2,1314,pescara,bari,14,4,schwach,1.7584,B365,13,0:1,niederlage,0
SP1-1314-2013-09-22-real-madrid-getafe,2013-09-22,SP1,La Liga,1,1314,real madrid,getafe,13,4,schwach,1.1924,B365,5,4:1,sieg,1
I2-1314-2013-09-24-novara-cittadella,2013-09-24,I2,Serie B,2,1314,novara,cittadella,20,5,schwach,1.72,B365,23,2:2,unentschieden,0
SP1-1314-2013-09-28-real-madrid-ath-madrid,2013-09-28,SP1,La Liga,1,1314,real madrid,ath madrid,2,6,stark,1.7265,B365,11,0:1,niederlage,0
SP1-1314-2013-10-04-malaga-osasuna,2013-10-04,SP1,La Liga,1,1314,malaga,osasuna,19,7,schwach,1.6375,B365,23,0:1,niederlage,0
E0-1314-2013-10-05-man-city-everton,2013-10-05,E0,Premier League,1,1314,Manchester City,Everton,4,6,stark,1.7013,B365,16,3:1,sieg,1
SP1-1314-2013-10-05-barcelona-valladolid,2013-10-05,SP1,La Liga,1,1314,barcelona,valladolid,16,7,schwach,1.1609,B365,10,4:1,sieg,1
D1-1314-2013-10-05-wolfsburg-braunschweig,2013-10-05,D1,Bundesliga,1,1314,wolfsburg,braunschweig,18,7,schwach,1.3703,B365,31,0:2,niederlage,0
E1-1314-2013-10-05-middlesbrough-yeovil,2013-10-05,E1,Championship,2,1314,middlesbrough,yeovil,22,10,schwach,1.711,B365,4,4:1,sieg,1
I1-1314-2013-10-06-juventus-milan,2013-10-06,I1,Serie A,1,1314,juventus,milan,10,6,schwach,1.678,B365,1,3:2,sieg,1
F1-1314-2013-10-06-bordeaux-sochaux,2013-10-06,F1,Ligue 1,1,1314,bordeaux,sochaux,19,8,schwach,1.6776,B365,17,4:1,sieg,1
E0-1314-2013-10-19-chelsea-cardiff,2013-10-19,E0,Premier League,1,1314,Chelsea,cardiff,14,7,schwach,1.2756,B365,10,4:1,sieg,1
N1-1314-2013-10-20-az-alkmaar-cambuur,2013-10-20,N1,Eredivisie,1,1314,az alkmaar,cambuur,15,9,schwach,1.6375,B365,6,3:1,sieg,1
N1-1314-2013-10-20-heracles-nijmegen,2013-10-20,N1,Eredivisie,1,1314,heracles,nijmegen,18,9,schwach,1.7691,B365,2,1:1,unentschieden,0
D2-1314-2013-10-20-greuther-furth-st-pauli,2013-10-20,D2,2. Bundesliga,2,1314,greuther furth,st pauli,6,10,stark,1.7793,B365,12,2:4,niederlage,0
P1-1314-2013-10-25-sp-braga-academica,2013-10-25,P1,Primeira Liga,1,1314,sp braga,academica,15,7,schwach,1.488,B365,4,0:1,niederlage,0
D2-1314-2013-10-25-greuther-furth-ingolstadt,2013-10-25,D2,2. Bundesliga,2,1314,greuther furth,ingolstadt,18,11,schwach,1.6375,B365,9,0:1,niederlage,0
E0-1314-2013-10-26-man-united-stoke,2013-10-26,E0,Premier League,1,1314,Manchester United,stoke,16,8,schwach,1.3627,B365,4,3:2,sieg,1
D1-1314-2013-10-26-bayern-munich-hertha,2013-10-26,D1,Bundesliga,1,1314,bayern munich,hertha,4,9,stark,1.1746,B365,4,3:2,sieg,1
D1-1314-2013-10-26-leverkusen-augsburg,2013-10-26,D1,Bundesliga,1,1314,leverkusen,augsburg,13,9,schwach,1.5964,B365,24,2:1,sieg,1
F1-1314-2013-10-26-marseille-reims,2013-10-26,F1,Ligue 1,1,1314,marseille,reims,13,10,schwach,1.6776,B365,34,2:3,niederlage,0
D2-1314-2013-10-26-fortuna-dusseldorf-paderborn,2013-10-26,D2,2. Bundesliga,2,1314,fortuna dusseldorf,paderborn,11,11,schwach,1.7793,B365,28,1:6,niederlage,0
SP1-1314-2013-10-31-ath-bilbao-elche,2013-10-31,SP1,La Liga,1,1314,ath bilbao,elche,12,10,schwach,1.7265,B365,9,2:2,unentschieden,0
SP1-1314-2013-10-31-villarreal-getafe,2013-10-31,SP1,La Liga,1,1314,villarreal,getafe,6,10,stark,1.5349,B365,5,0:2,niederlage,0
D1-1314-2013-11-01-dortmund-stuttgart,2013-11-01,D1,Bundesliga,1,1314,dortmund,stuttgart,8,10,schwach,1.305,B365,13,6:1,sieg,1
F1-1314-2013-11-08-monaco-evian-thonon-gaillard,2013-11-08,F1,Ligue 1,1,1314,monaco,evian thonon gaillard,14,12,schwach,1.3753,B365,20,1:1,unentschieden,0
F2-1314-2013-11-08-nimes-ca-bastia,2013-11-08,F2,Ligue 2,2,1314,nimes,ca bastia,20,13,schwach,1.638,B365,29,0:1,niederlage,0
F2-1314-2013-11-08-troyes-laval,2013-11-08,F2,Ligue 2,2,1314,troyes,laval,18,13,schwach,1.6748,B365,15,0:1,niederlage,0
SP1-1314-2013-11-09-ath-bilbao-levante,2013-11-09,SP1,La Liga,1,1314,ath bilbao,levante,9,12,schwach,1.5966,B365,33,2:1,sieg,1
D1-1314-2013-11-09-m-gladbach-nurnberg,2013-11-09,D1,Bundesliga,1,1314,m gladbach,nurnberg,18,11,schwach,1.6282,B365,21,3:1,sieg,1
D1-1314-2013-11-09-schalke-04-werder-bremen,2013-11-09,D1,Bundesliga,1,1314,schalke 04,werder bremen,8,11,schwach,1.678,B365,22,3:1,sieg,1
F1-1314-2013-11-09-toulouse-ajaccio,2013-11-09,F1,Ligue 1,1,1314,toulouse,ajaccio,19,12,schwach,1.6748,B365,7,1:1,unentschieden,0
N1-1314-2013-11-09-roda-go-ahead-eagles,2013-11-09,N1,Eredivisie,1,1314,roda,go ahead eagles,14,11,schwach,1.7209,B365,9,1:4,niederlage,0
E0-1314-2013-11-10-tottenham-newcastle,2013-11-10,E0,Premier League,1,1314,Tottenham,Newcastle,11,10,schwach,1.6041,B365,13,0:1,niederlage,0
SP1-1314-2013-11-10-valencia-valladolid,2013-11-10,SP1,La Liga,1,1314,valencia,valladolid,18,12,schwach,1.6375,B365,9,2:2,unentschieden,0
F2-1314-2013-11-22-angers-clermont,2013-11-22,F2,Ligue 2,2,1314,angers,clermont,11,14,schwach,1.7221,B365,31,0:2,niederlage,0
F2-1314-2013-11-29-troyes-tours,2013-11-29,F2,Ligue 2,2,1314,troyes,tours,6,15,stark,1.7584,B365,16,1:2,niederlage,0
E0-1314-2013-12-01-chelsea-southampton,2013-12-01,E0,Premier League,1,1314,Chelsea,Southampton,7,12,schwach,1.6153,B365,1,3:1,sieg,1
E0-1314-2013-12-04-southampton-aston-villa,2013-12-04,E0,Premier League,1,1314,Southampton,Aston Villa,11,13,schwach,1.743,B365,15,2:3,niederlage,0
P1-1314-2013-12-06-benfica-arouca,2013-12-06,P1,Primeira Liga,1,1314,benfica,arouca,15,11,schwach,1.2416,B365,18,2:2,unentschieden,0
D1-1314-2013-12-07-dortmund-leverkusen,2013-12-07,D1,Bundesliga,1,1314,dortmund,leverkusen,2,14,stark,1.5964,B365,18,0:1,niederlage,0
I1-1314-2013-12-08-inter-parma,2013-12-08,I1,Serie A,1,1314,inter,parma,10,14,schwach,1.74,B365,11,3:3,unentschieden,0
N1-1314-2013-12-08-groningen-den-haag,2013-12-08,N1,Eredivisie,1,1314,groningen,den haag,17,15,schwach,1.6509,B365,32,1:2,niederlage,0
E0-1314-2013-12-09-swansea-hull,2013-12-09,E0,Premier League,1,1314,swansea,hull,13,14,schwach,1.7848,B365,9,1:1,unentschieden,0
D2-1314-2013-12-09-kaiserslautern-fortuna-dusseldorf,2013-12-09,D2,2. Bundesliga,2,1314,kaiserslautern,fortuna dusseldorf,16,16,schwach,1.4861,B365,31,0:1,niederlage,0
D1-1314-2013-12-13-hertha-werder-bremen,2013-12-13,D1,Bundesliga,1,1314,hertha,werder bremen,14,15,schwach,1.7136,B365,15,3:2,sieg,1
E1-1314-2013-12-14-watford-sheffield-weds,2013-12-14,E1,Championship,2,1314,watford,sheffield weds,23,18,schwach,1.7987,B365,24,0:1,niederlage,0
F1-1314-2013-12-15-lille-bastia,2013-12-15,F1,Ligue 1,1,1314,lille,bastia,13,17,schwach,1.5349,B365,3,2:1,sieg,1
N1-1314-2013-12-15-vitesse-nac-breda,2013-12-15,N1,Eredivisie,1,1314,vitesse,nac breda,12,16,schwach,1.3314,B365,24,3:2,sieg,1
F1-1314-2013-12-20-monaco-valenciennes,2013-12-20,F1,Ligue 1,1,1314,monaco,valenciennes,18,18,schwach,1.306,B365,30,1:2,niederlage,0
SP1-1314-2013-12-21-ath-madrid-levante,2013-12-21,SP1,La Liga,1,1314,ath madrid,levante,12,16,schwach,1.2191,B365,1,3:2,sieg,1
D2-1314-2013-12-21-union-berlin-bielefeld,2013-12-21,D2,2. Bundesliga,2,1314,union berlin,bielefeld,13,18,schwach,1.7265,B365,1,4:2,sieg,1
E0-1314-2013-12-26-everton-sunderland,2013-12-26,E0,Premier League,1,1314,Everton,Sunderland,20,17,schwach,1.4022,B365,25,0:1,niederlage,0
E0-1314-2013-12-26-man-city-liverpool,2013-12-26,E0,Premier League,1,1314,Manchester City,Liverpool,1,17,stark,1.7971,B365,24,2:1,sieg,1
E0-1314-2013-12-26-newcastle-stoke,2013-12-26,E0,Premier League,1,1314,Newcastle,stoke,10,17,schwach,1.7939,B365,29,5:1,sieg,1
I2-1314-2013-12-26-empoli-cittadella,2013-12-26,I2,Serie B,2,1314,empoli,cittadella,19,19,schwach,1.6741,B365,13,0:1,niederlage,0
SC0-1314-2014-01-01-inverness-c-ross-county,2014-01-01,SC0,Scottish Premiership,1,1314,inverness c,ross county,12,18,schwach,1.6277,B365,15,1:2,niederlage,0
I1-1314-2014-01-13-inter-chievo,2014-01-13,I1,Serie A,1,1314,inter,chievo,17,18,schwach,1.5383,B365,8,1:1,unentschieden,0
E0-1314-2014-01-18-liverpool-aston-villa,2014-01-18,E0,Premier League,1,1314,Liverpool,Aston Villa,11,21,schwach,1.2556,B365,25,2:2,unentschieden,0
E1-1314-2014-01-18-birmingham-yeovil,2014-01-18,E1,Championship,2,1314,birmingham,yeovil,23,24,schwach,1.7987,B365,12,0:2,niederlage,0
SP1-1314-2014-01-20-ath-bilbao-valladolid,2014-01-20,SP1,La Liga,1,1314,ath bilbao,valladolid,18,19,schwach,1.4463,B365,15,4:2,sieg,1
SP1-1314-2014-01-25-valencia-espanol,2014-01-25,SP1,La Liga,1,1314,valencia,espanol,8,20,schwach,1.6375,B365,3,2:2,unentschieden,0
D1-1314-2014-01-25-wolfsburg-hannover,2014-01-25,D1,Bundesliga,1,1314,wolfsburg,hannover,13,17,schwach,1.6509,B365,28,1:3,niederlage,0
I1-1314-2014-01-25-napoli-chievo,2014-01-25,I1,Serie A,1,1314,napoli,chievo,16,20,schwach,1.3747,B365,18,1:1,unentschieden,0
SP2-1314-2014-01-25-las-palmas-alaves,2014-01-25,SP2,LaLiga 2,2,1314,las palmas,alaves,21,22,schwach,1.7808,B365,12,0:2,niederlage,0
F2-1314-2014-01-25-tours-chateauroux,2014-01-25,F2,Ligue 2,2,1314,tours,chateauroux,19,20,schwach,1.72,B365,9,5:2,sieg,1
I1-1314-2014-01-26-fiorentina-genoa,2014-01-26,I1,Serie A,1,1314,fiorentina,genoa,10,20,schwach,1.413,B365,27,3:3,unentschieden,0
E0-1314-2014-02-01-everton-aston-villa,2014-02-01,E0,Premier League,1,1314,Everton,Aston Villa,10,23,schwach,1.5719,B365,34,2:1,sieg,1
D1-1314-2014-02-01-augsburg-werder-bremen,2014-02-01,D1,Bundesliga,1,1314,augsburg,werder bremen,11,18,schwach,1.7793,B365,3,3:1,sieg,1
D1-1314-2014-02-01-leverkusen-stuttgart,2014-02-01,D1,Bundesliga,1,1314,leverkusen,stuttgart,12,18,schwach,1.5971,B365,12,2:1,sieg,1
I1-1314-2014-02-01-milan-torino,2014-02-01,I1,Serie A,1,1314,milan,torino,6,21,stark,1.6993,B365,17,1:1,unentschieden,0
E1-1314-2014-02-01-wigan-charlton,2014-02-01,E1,Championship,2,1314,wigan,charlton,22,26,schwach,1.743,B365,3,2:1,sieg,1
N1-1314-2014-02-02-twente-cambuur,2014-02-02,N1,Eredivisie,1,1314,twente,cambuur,14,20,schwach,1.3312,B365,25,3:1,sieg,1
N1-1314-2014-02-04-vitesse-az-alkmaar,2014-02-04,N1,Eredivisie,1,1314,vitesse,az alkmaar,6,21,stark,1.729,B365,20,0:2,niederlage,0
F1-1314-2014-02-08-montpellier-evian-thonon-gaillard,2014-02-08,F1,Ligue 1,1,1314,montpellier,evian thonon gaillard,17,23,schwach,1.7676,B365,32,1:1,unentschieden,0
N1-1314-2014-02-08-feyenoord-nijmegen,2014-02-08,N1,Eredivisie,1,1314,feyenoord,nijmegen,17,22,schwach,1.2986,B365,11,5:1,sieg,1
E1-1314-2014-02-08-burnley-millwall,2014-02-08,E1,Championship,2,1314,Burnley,millwall,21,28,schwach,1.6462,B365,27,3:1,sieg,1
E1-1314-2014-02-08-leicester-watford,2014-02-08,E1,Championship,2,1314,Leicester,watford,13,27,schwach,1.7939,B365,9,2:2,unentschieden,0
E0-1314-2014-02-09-man-united-fulham,2014-02-09,E0,Premier League,1,1314,Manchester United,Fulham,20,24,schwach,1.2346,B365,19,2:2,unentschieden,0
SP2-1314-2014-02-09-sp-gijon-ponferradina,2014-02-09,SP2,LaLiga 2,2,1314,sp gijon,ponferradina,12,24,schwach,1.7793,B365,7,1:1,unentschieden,0
F2-1314-2014-02-14-nancy-creteil,2014-02-14,F2,Ligue 2,2,1314,nancy,creteil,13,23,schwach,1.7808,B365,23,2:2,unentschieden,0
SP1-1314-2014-02-16-ath-bilbao-espanol,2014-02-16,SP1,La Liga,1,1314,ath bilbao,espanol,10,23,schwach,1.6748,B365,6,1:2,niederlage,0
D1-1314-2014-02-22-nurnberg-braunschweig,2014-02-22,D1,Bundesliga,1,1314,nurnberg,braunschweig,18,21,schwach,1.7265,B365,34,2:1,sieg,1
N1-1314-2014-02-23-vitesse-waalwijk,2014-02-23,N1,Eredivisie,1,1314,vitesse,waalwijk,15,24,schwach,1.3808,B365,14,3:1,sieg,1
D2-1314-2014-02-23-kaiserslautern-aalen,2014-02-23,D2,2. Bundesliga,2,1314,kaiserslautern,aalen,15,21,schwach,1.39,B365,24,1:2,niederlage,0
F2-1314-2014-02-28-caen-clermont,2014-02-28,F2,Ligue 2,2,1314,caen,clermont,11,25,schwach,1.72,B365,8,2:1,sieg,1
E1-1314-2014-03-01-reading-yeovil,2014-03-01,E1,Championship,2,1314,reading,yeovil,24,31,schwach,1.6153,B365,20,1:1,unentschieden,0
D2-1314-2014-03-07-kaiserslautern-sandhausen,2014-03-07,D2,2. Bundesliga,2,1314,kaiserslautern,sandhausen,9,23,schwach,1.4983,B365,10,2:1,sieg,1
D1-1314-2014-03-08-stuttgart-braunschweig,2014-03-08,D1,Bundesliga,1,1314,stuttgart,braunschweig,18,23,schwach,1.7735,B365,24,2:2,unentschieden,0
F1-1314-2014-03-08-nantes-ajaccio,2014-03-08,F1,Ligue 1,1,1314,nantes,ajaccio,20,27,schwach,1.6803,B365,5,2:2,unentschieden,0
D1-1314-2014-03-15-dortmund-m-gladbach,2014-03-15,D1,Bundesliga,1,1314,dortmund,m gladbach,8,24,schwach,1.4533,B365,31,1:2,niederlage,0
N1-1314-2014-03-15-heracles-roda,2014-03-15,N1,Eredivisie,1,1314,heracles,roda,17,27,schwach,1.7209,B365,14,2:1,sieg,1
SC0-1314-2014-03-15-dundee-united-st-mirren,2014-03-15,SC0,Scottish Premiership,1,1314,dundee united,st mirren,9,28,schwach,1.6375,B365,20,3:2,sieg,1
E1-1314-2014-03-15-burnley-leeds,2014-03-15,E1,Championship,2,1314,Burnley,Leeds,15,34,schwach,1.7939,B365,27,2:1,sieg,1
SC0-1314-2014-03-22-aberdeen-kilmarnock,2014-03-22,SC0,Scottish Premiership,1,1314,aberdeen,kilmarnock,8,30,schwach,1.5893,B365,11,2:1,sieg,1
I1-1314-2014-03-23-parma-genoa,2014-03-23,I1,Serie A,1,1314,parma,genoa,12,28,schwach,1.6803,B365,21,1:1,unentschieden,0
E0-1314-2014-03-25-arsenal-swansea,2014-03-25,E0,Premier League,1,1314,Arsenal,swansea,15,30,schwach,1.6153,B365,11,2:2,unentschieden,0
E1-1314-2014-03-25-leicester-yeovil,2014-03-25,E1,Championship,2,1314,Leicester,yeovil,23,37,schwach,1.3348,B365,22,1:1,unentschieden,0
E1-1314-2014-03-25-reading-barnsley,2014-03-25,E1,Championship,2,1314,reading,barnsley,24,36,schwach,1.5719,B365,16,1:3,niederlage,0
E0-1314-2014-03-29-man-united-aston-villa,2014-03-29,E0,Premier League,1,1314,Manchester United,Aston Villa,12,30,schwach,1.4865,B365,13,4:1,sieg,1
D1-1314-2014-03-29-bayern-munich-hoffenheim,2014-03-29,D1,Bundesliga,1,1314,bayern munich,hoffenheim,10,27,schwach,1.2185,B365,23,3:3,unentschieden,0
SC0-1314-2014-03-29-celtic-ross-county,2014-03-29,SC0,Scottish Premiership,1,1314,celtic,ross county,9,31,schwach,1.2723,B365,16,1:1,unentschieden,0
E1-1314-2014-03-29-qpr-blackpool,2014-03-29,E1,Championship,2,1314,qpr,blackpool,18,38,schwach,1.6577,B365,11,1:1,unentschieden,0
SP1-1314-2014-03-30-villarreal-elche,2014-03-30,SP1,La Liga,1,1314,villarreal,elche,15,30,schwach,1.5383,B365,31,1:1,unentschieden,0
F2-1314-2014-04-04-troyes-brest,2014-04-04,F2,Ligue 2,2,1314,troyes,brest,13,30,schwach,1.7121,B365,1,0:2,niederlage,0
D1-1314-2014-04-05-dortmund-wolfsburg,2014-04-05,D1,Bundesliga,1,1314,dortmund,wolfsburg,5,28,stark,1.5415,B365,34,2:1,sieg,1
E1-1314-2014-04-05-nott-m-forest-millwall,2014-04-05,E1,Championship,2,1314,Nottingham Forest,millwall,23,39,schwach,1.7939,B365,19,1:2,niederlage,0
E0-1314-2014-04-07-tottenham-sunderland,2014-04-07,E0,Premier League,1,1314,Tottenham,Sunderland,20,30,schwach,1.6153,B365,17,5:1,sieg,1
E1-1314-2014-04-08-wigan-millwall,2014-04-08,E1,Championship,2,1314,wigan,millwall,23,40,schwach,1.7079,B365,22,0:1,niederlage,0
D1-1314-2014-04-12-bayern-munich-dortmund,2014-04-12,D1,Bundesliga,1,1314,bayern munich,dortmund,2,29,stark,1.5964,B365,20,0:3,niederlage,0
D1-1314-2014-04-12-wolfsburg-nurnberg,2014-04-12,D1,Bundesliga,1,1314,wolfsburg,nurnberg,17,29,schwach,1.6729,B365,8,4:1,sieg,1
E1-1314-2014-04-12-derby-huddersfield,2014-04-12,E1,Championship,2,1314,derby,huddersfield,17,41,schwach,1.745,B365,14,3:1,sieg,1
D2-1314-2014-04-12-greuther-furth-erzgebirge-aue,2014-04-12,D2,2. Bundesliga,2,1314,greuther furth,erzgebirge aue,11,29,schwach,1.6803,B365,17,2:1,sieg,1
I1-1314-2014-04-13-napoli-lazio,2014-04-13,I1,Serie A,1,1314,napoli,lazio,7,32,schwach,1.7136,B365,21,4:2,sieg,1
E0-1314-2014-04-16-everton-crystal-palace,2014-04-16,E0,Premier League,1,1314,Everton,Crystal Palace,12,33,schwach,1.4347,B365,23,2:3,niederlage,0
F2-1314-2014-04-18-troyes-creteil,2014-04-18,F2,Ligue 2,2,1314,troyes,creteil,14,32,schwach,1.6776,B365,22,0:3,niederlage,0
D2-1314-2014-04-20-kaiserslautern-frankfurt-fsv,2014-04-20,D2,2. Bundesliga,2,1314,kaiserslautern,frankfurt fsv,15,30,schwach,1.4978,B365,3,3:2,sieg,1
D2-1314-2014-04-25-greuther-furth-munich-1860,2014-04-25,D2,2. Bundesliga,2,1314,greuther furth,munich 1860,10,31,schwach,1.4978,B365,15,1:2,niederlage,0
D1-1314-2014-04-26-bayern-munich-werder-bremen,2014-04-26,D1,Bundesliga,1,1314,bayern munich,werder bremen,12,31,schwach,1.2805,B365,10,5:2,sieg,1
N1-1314-2014-04-27-vitesse-go-ahead-eagles,2014-04-27,N1,Eredivisie,1,1314,vitesse,go ahead eagles,13,32,schwach,1.3747,B365,30,2:2,unentschieden,0
F2-1314-2014-05-02-metz-tours,2014-05-02,F2,Ligue 2,2,1314,metz,tours,9,34,schwach,1.7209,B365,23,1:1,unentschieden,0
E0-1314-2014-05-03-man-united-sunderland,2014-05-03,E0,Premier League,1,1314,Manchester United,Sunderland,17,35,schwach,1.3965,B365,30,0:1,niederlage,0
D1-1314-2014-05-03-dortmund-hoffenheim,2014-05-03,D1,Bundesliga,1,1314,dortmund,hoffenheim,9,32,schwach,1.4416,B365,5,3:2,sieg,1
I1-1314-2014-05-06-fiorentina-sassuolo,2014-05-06,I1,Serie A,1,1314,fiorentina,sassuolo,18,35,schwach,1.7599,B365,23,3:4,niederlage,0
F2-1314-2014-05-09-caen-tours,2014-05-09,F2,Ligue 2,2,1314,caen,tours,9,36,schwach,1.4533,B365,11,1:3,niederlage,0
D1-1314-2014-05-10-augsburg-ein-frankfurt,2014-05-10,D1,Bundesliga,1,1314,augsburg,ein frankfurt,13,33,schwach,1.6315,B365,15,2:1,sieg,1
D1-1314-2014-05-10-leverkusen-werder-bremen,2014-05-10,D1,Bundesliga,1,1314,leverkusen,werder bremen,12,33,schwach,1.3312,B365,21,2:1,sieg,1
P1-1314-2014-05-10-pacos-ferreira-academica,2014-05-10,P1,Primeira Liga,1,1314,pacos ferreira,academica,9,29,schwach,1.72,B365,7,2:4,niederlage,0
SP2-1314-2014-05-10-sp-gijon-hercules,2014-05-10,SP2,LaLiga 2,2,1314,sp gijon,hercules,22,37,schwach,1.6375,B365,33,2:1,sieg,1
E0-1314-2014-05-11-liverpool-newcastle,2014-05-11,E0,Premier League,1,1314,Liverpool,Newcastle,9,37,schwach,1.2565,B365,20,2:1,sieg,1
P1-1314-2014-05-11-sp-lisbon-estoril,2014-05-11,P1,Primeira Liga,1,1314,sp lisbon,estoril,4,29,stark,1.638,B365,5,0:1,niederlage,0
D2-1314-2014-05-11-paderborn-aalen,2014-05-11,D2,2. Bundesliga,2,1314,paderborn,aalen,9,33,schwach,1.3808,B365,9,2:1,sieg,1
I2-1314-2014-05-17-empoli-novara,2014-05-17,I2,Serie B,2,1314,empoli,novara,19,39,schwach,1.7771,B365,20,3:1,sieg,1
F1-1415-2014-08-10-monaco-lorient,2014-08-10,F1,Ligue 1,1,1415,monaco,lorient,,0,unbekannt,1.488,B365,9,1:2,niederlage,0
E0-1415-2014-08-16-man-united-swansea,2014-08-16,E0,Premier League,1,1415,Manchester United,swansea,,0,unbekannt,1.3956,B365,28,1:2,niederlage,0
N1-1415-2014-08-16-vitesse-cambuur,2014-08-16,N1,Eredivisie,1,1415,vitesse,cambuur,8,1,schwach,1.6315,B365,10,2:2,unentschieden,0
F1-1415-2014-08-17-marseille-montpellier,2014-08-17,F1,Ligue 1,1,1415,marseille,montpellier,18,1,schwach,1.6518,B365,18,0:2,niederlage,0
F1-1415-2014-08-17-st-etienne-reims,2014-08-17,F1,Ligue 1,1,1415,st etienne,reims,15,1,schwach,1.6,B365,27,3:1,sieg,1
D1-1415-2014-08-23-dortmund-leverkusen,2014-08-23,D1,Bundesliga,1,1415,dortmund,leverkusen,,0,unbekannt,1.6766,B365,1,0:2,niederlage,0
D2-1415-2014-08-23-nurnberg-frankfurt-fsv,2014-08-23,D2,2. Bundesliga,2,1415,nurnberg,frankfurt fsv,17,2,schwach,1.729,B365,29,0:1,niederlage,0
F1-1415-2014-08-24-lyon-lens,2014-08-24,F1,Ligue 1,1,1415,lyon,lens,19,2,schwach,1.5383,B365,11,0:1,niederlage,0
D1-1415-2014-08-30-hamburg-paderborn,2014-08-30,D1,Bundesliga,1,1415,hamburg,paderborn,9,1,schwach,1.7735,B365,29,0:3,niederlage,0
D1-1415-2014-08-30-leverkusen-hertha,2014-08-30,D1,Bundesliga,1,1415,leverkusen,hertha,7,1,schwach,1.5415,B365,24,4:2,sieg,1
F1-1415-2014-08-31-bordeaux-bastia,2014-08-31,F1,Ligue 1,1,1415,bordeaux,bastia,13,3,schwach,1.72,B365,18,1:1,unentschieden,0
E0-1415-2014-09-13-chelsea-swansea,2014-09-13,E0,Premier League,1,1415,Chelsea,swansea,2,3,stark,1.3344,B365,11,4:2,sieg,1
E0-1415-2014-09-13-liverpool-aston-villa,2014-09-13,E0,Premier League,1,1415,Liverpool,Aston Villa,3,3,stark,1.3348,B365,9,0:1,niederlage,0
SP1-1415-2014-09-13-real-madrid-ath-madrid,2014-09-13,SP1,La Liga,1,1415,real madrid,ath madrid,6,2,stark,1.7793,B365,10,1:2,niederlage,0
N1-1415-2014-09-13-feyenoord-willem-ii,2014-09-13,N1,Eredivisie,1,1415,feyenoord,willem ii,16,4,schwach,1.4463,B365,8,1:2,niederlage,0
P1-1415-2014-09-13-sp-lisbon-belenenses,2014-09-13,P1,Primeira Liga,1,1415,sp lisbon,belenenses,6,3,stark,1.4533,B365,28,1:1,unentschieden,0
F2-1415-2014-09-15-troyes-auxerre,2014-09-15,F2,Ligue 2,2,1415,troyes,auxerre,20,5,schwach,1.72,B365,34,1:2,niederlage,0
SP1-1415-2014-09-20-ath-madrid-celta,2014-09-20,SP1,La Liga,1,1415,ath madrid,celta,6,3,stark,1.5349,B365,19,2:2,unentschieden,0
E1-1415-2014-09-20-norwich-birmingham,2014-09-20,E1,Championship,2,1415,norwich,birmingham,20,7,schwach,1.5333,B365,8,2:2,unentschieden,0
SP2-1415-2014-09-20-barcelona-b-llagostera,2014-09-20,SP2,LaLiga 2,2,1415,barcelona b,llagostera,16,4,schwach,1.7209,B365,21,0:1,niederlage,0
SP1-1415-2014-09-21-sociedad-almeria,2014-09-21,SP1,La Liga,1,1415,sociedad,almeria,17,3,schwach,1.5415,B365,30,1:2,niederlage,0
SP1-1415-2014-09-21-villarreal-vallecano,2014-09-21,SP1,La Liga,1,1415,villarreal,vallecano,16,3,schwach,1.638,B365,22,4:2,sieg,1
P1-1415-2014-09-21-benfica-moreirense,2014-09-21,P1,Primeira Liga,1,1415,benfica,moreirense,10,4,schwach,1.28,B365,16,3:1,sieg,1
SC0-1415-2014-09-21-celtic-motherwell,2014-09-21,SC0,Scottish Premiership,1,1415,celtic,motherwell,10,6,schwach,1.305,B365,19,1:1,unentschieden,0
SP1-1415-2014-09-23-real-madrid-elche,2014-09-23,SP1,La Liga,1,1415,real madrid,elche,13,4,schwach,1.137,B365,15,5:1,sieg,1
D1-1415-2014-09-23-hoffenheim-freiburg,2014-09-23,D1,Bundesliga,1,1415,hoffenheim,freiburg,14,4,schwach,1.7136,B365,31,3:3,unentschieden,0
D2-1415-2014-09-23-ingolstadt-erzgebirge-aue,2014-09-23,D2,2. Bundesliga,2,1415,ingolstadt,erzgebirge aue,18,6,schwach,1.488,B365,20,1:1,unentschieden,0
F1-1415-2014-09-27-monaco-nice,2014-09-27,F1,Ligue 1,1,1415,monaco,nice,12,7,schwach,1.5893,B365,7,0:1,niederlage,0
I1-1415-2014-09-28-inter-cagliari,2014-09-28,I1,Serie A,1,1415,inter,cagliari,20,4,schwach,1.5383,B365,10,1:4,niederlage,0
E1-1415-2014-10-01-wolves-huddersfield,2014-10-01,E1,Championship,2,1415,Wolves,huddersfield,21,9,schwach,1.7939,B365,21,1:3,niederlage,0
D1-1415-2014-10-04-leverkusen-paderborn,2014-10-04,D1,Bundesliga,1,1415,leverkusen,paderborn,11,6,schwach,1.4196,B365,20,2:2,unentschieden,0
I1-1415-2014-10-05-napoli-torino,2014-10-05,I1,Serie A,1,1415,napoli,torino,12,5,schwach,1.5893,B365,14,2:1,sieg,1
SC0-1415-2014-10-05-inverness-c-ross-county,2014-10-05,SC0,Scottish Premiership,1,1415,inverness c,ross county,12,8,schwach,1.5893,B365,21,1:1,unentschieden,0
N1-1415-2014-10-19-groningen-excelsior,2014-10-19,N1,Eredivisie,1,1415,groningen,excelsior,13,8,schwach,1.6766,B365,16,1:1,unentschieden,0
F1-1415-2014-10-24-toulouse-lens,2014-10-24,F1,Ligue 1,1,1415,toulouse,lens,20,10,schwach,1.6776,B365,11,0:2,niederlage,0
I1-1415-2014-10-26-napoli-verona,2014-10-26,I1,Serie A,1,1415,napoli,verona,8,7,schwach,1.4861,B365,1,6:2,sieg,1
D1-1415-2014-11-01-bayern-munich-dortmund,2014-11-01,D1,Bundesliga,1,1415,bayern munich,dortmund,15,9,schwach,1.5415,B365,31,2:1,sieg,1
I1-1415-2014-11-02-milan-palermo,2014-11-02,I1,Serie A,1,1415,milan,palermo,15,9,schwach,1.5893,B365,23,0:2,niederlage,0
N1-1415-2014-11-02-az-alkmaar-excelsior,2014-11-02,N1,Eredivisie,1,1415,az alkmaar,excelsior,12,10,schwach,1.5942,B365,10,3:3,unentschieden,0
E1-1415-2014-11-05-fulham-blackpool,2014-11-05,E1,Championship,2,1415,Fulham,blackpool,24,15,schwach,1.5964,B365,2,2:2,unentschieden,0
D2-1415-2014-11-07-kaiserslautern-bochum,2014-11-07,D2,2. Bundesliga,2,1415,kaiserslautern,bochum,10,12,schwach,1.5966,B365,32,2:2,unentschieden,0
N1-1415-2014-11-08-heerenveen-go-ahead-eagles,2014-11-08,N1,Eredivisie,1,1415,heerenveen,go ahead eagles,14,11,schwach,1.5415,B365,21,2:2,unentschieden,0
E0-1415-2014-11-09-tottenham-stoke,2014-11-09,E0,Premier League,1,1415,Tottenham,stoke,13,10,schwach,1.7341,B365,6,1:2,niederlage,0
I1-1415-2014-11-09-inter-verona,2014-11-09,I1,Serie A,1,1415,inter,verona,11,10,schwach,1.5453,B365,10,2:2,unentschieden,0
P1-1415-2014-11-09-sp-lisbon-pacos-ferreira,2014-11-09,P1,Primeira Liga,1,1415,sp lisbon,pacos ferreira,5,9,stark,1.5893,B365,31,1:1,unentschieden,0
D2-1415-2014-11-09-ingolstadt-union-berlin,2014-11-09,D2,2. Bundesliga,2,1415,ingolstadt,union berlin,14,12,schwach,1.6655,B365,18,3:3,unentschieden,0
E0-1415-2014-11-22-man-city-swansea,2014-11-22,E0,Premier League,1,1415,Manchester City,swansea,5,11,stark,1.4314,B365,9,2:1,sieg,1
E0-1415-2014-11-22-stoke-burnley,2014-11-22,E0,Premier League,1,1415,stoke,Burnley,20,11,schwach,1.743,B365,12,1:2,niederlage,0
N1-1415-2014-11-22-ajax-heerenveen,2014-11-22,N1,Eredivisie,1,1415,ajax,heerenveen,7,12,schwach,1.4533,B365,18,4:1,sieg,1
E1-1415-2014-11-22-blackburn-leeds,2014-11-22,E1,Championship,2,1415,blackburn,Leeds,15,17,schwach,1.7785,B365,33,2:1,sieg,1
SP2-1415-2014-11-23-betis-alaves,2014-11-23,SP2,LaLiga 2,2,1415,betis,alaves,14,13,schwach,1.7808,B365,16,1:2,niederlage,0
SP1-1415-2014-11-29-celta-eibar,2014-11-29,SP1,La Liga,1,1415,celta,eibar,13,12,schwach,1.6995,B365,30,0:1,niederlage,0
SP1-1415-2014-11-29-espanol-levante,2014-11-29,SP1,La Liga,1,1415,espanol,levante,14,12,schwach,1.755,B365,12,2:1,sieg,1
D1-1415-2014-11-29-leverkusen-koln,2014-11-29,D1,Bundesliga,1,1415,leverkusen,koln,11,12,schwach,1.5772,B365,4,5:1,sieg,1
N1-1415-2014-11-30-twente-groningen,2014-11-30,N1,Eredivisie,1,1415,twente,groningen,10,13,schwach,1.4196,B365,19,1:2,niederlage,0
D2-1415-2014-12-05-fortuna-dusseldorf-sandhausen,2014-12-05,D2,2. Bundesliga,2,1415,fortuna dusseldorf,sandhausen,14,15,schwach,1.678,B365,4,1:3,niederlage,0
I2-1415-2014-12-05-frosinone-ternana,2014-12-05,I2,Serie B,2,1415,frosinone,ternana,15,16,schwach,1.7695,B365,20,0:1,niederlage,0
SP1-1415-2014-12-06-ath-bilbao-cordoba,2014-12-06,SP1,La Liga,1,1415,ath bilbao,cordoba,20,13,schwach,1.4667,B365,23,0:1,niederlage,0
I1-1415-2014-12-06-roma-sassuolo,2014-12-06,I1,Serie A,1,1415,roma,sassuolo,10,13,schwach,1.4011,B365,15,2:2,unentschieden,0
F1-1415-2014-12-06-paris-sg-nantes,2014-12-06,F1,Ligue 1,1,1415,paris sg,nantes,8,16,schwach,1.3518,B365,8,2:1,sieg,1
N1-1415-2014-12-06-cambuur-nac-breda,2014-12-06,N1,Eredivisie,1,1415,cambuur,nac breda,17,14,schwach,1.5383,B365,27,0:1,niederlage,0
E1-1415-2014-12-06-nott-m-forest-charlton,2014-12-06,E1,Championship,2,1415,Nottingham Forest,charlton,10,19,schwach,1.7759,B365,10,1:1,unentschieden,0
SP1-1415-2014-12-07-barcelona-espanol,2014-12-07,SP1,La Liga,1,1415,barcelona,espanol,12,13,schwach,1.1427,B365,13,5:1,sieg,1
I1-1415-2014-12-07-atalanta-cesena,2014-12-07,I1,Serie A,1,1415,atalanta,cesena,19,13,schwach,1.6992,B365,31,3:2,sieg,1
I1-1415-2014-12-07-napoli-empoli,2014-12-07,I1,Serie A,1,1415,napoli,empoli,13,13,schwach,1.399,B365,19,2:2,unentschieden,0
SP2-1415-2014-12-07-sp-gijon-lugo,2014-12-07,SP2,LaLiga 2,2,1415,sp gijon,lugo,10,15,schwach,1.7808,B365,14,2:1,sieg,1
N1-1415-2014-12-12-heracles-dordrecht,2014-12-12,N1,Eredivisie,1,1415,heracles,dordrecht,18,15,schwach,1.3886,B365,3,1:1,unentschieden,0
N1-1415-2014-12-13-den-haag-excelsior,2014-12-13,N1,Eredivisie,1,1415,den haag,excelsior,15,15,schwach,1.729,B365,13,2:2,unentschieden,0
SC0-1415-2014-12-13-inverness-c-partick,2014-12-13,SC0,Scottish Premiership,1,1415,inverness c,partick,9,15,schwach,1.7209,B365,12,0:4,niederlage,0
N1-1415-2014-12-14-feyenoord-az-alkmaar,2014-12-14,N1,Eredivisie,1,1415,feyenoord,az alkmaar,5,15,stark,1.4947,B365,25,2:2,unentschieden,0
SP1-1415-2014-12-19-celta-almeria,2014-12-19,SP1,La Liga,1,1415,celta,almeria,19,15,schwach,1.5415,B365,17,0:1,niederlage,0
F2-1415-2014-12-19-nancy-clermont,2014-12-19,F2,Ligue 2,2,1415,nancy,clermont,17,17,schwach,1.7111,B365,19,1:2,niederlage,0
D1-1415-2014-12-20-wolfsburg-koln,2014-12-20,D1,Bundesliga,1,1415,wolfsburg,koln,10,16,schwach,1.5714,B365,11,2:1,sieg,1
N1-1415-2014-12-20-az-alkmaar-utrecht,2014-12-20,N1,Eredivisie,1,1415,az alkmaar,utrecht,11,16,schwach,1.6766,B365,12,0:3,niederlage,0
SP1-1415-2015-01-11-ath-bilbao-elche,2015-01-11,SP1,La Liga,1,1415,ath bilbao,elche,20,17,schwach,1.6066,B365,17,1:2,niederlage,0
P1-1415-2015-01-11-nacional-boavista,2015-01-11,P1,Primeira Liga,1,1415,nacional,boavista,12,15,schwach,1.72,B365,3,2:1,sieg,1
I1-1415-2015-01-18-milan-atalanta,2015-01-18,I1,Serie A,1,1415,milan,atalanta,17,18,schwach,1.6011,B365,33,0:1,niederlage,0
F1-1415-2015-01-18-paris-sg-evian-thonon-gaillard,2015-01-18,F1,Ligue 1,1,1415,paris sg,evian thonon gaillard,18,20,schwach,1.238,B365,14,4:2,sieg,1
P1-1415-2015-01-24-guimaraes-gil-vicente,2015-01-24,P1,Primeira Liga,1,1415,guimaraes,gil vicente,18,17,schwach,1.5893,B365,27,2:2,unentschieden,0
E1-1415-2015-01-24-norwich-brentford,2015-01-24,E1,Championship,2,1415,norwich,Brentford,5,26,stark,1.7341,B365,21,1:2,niederlage,0
E1-1415-2015-01-24-watford-blackpool,2015-01-24,E1,Championship,2,1415,watford,blackpool,24,26,schwach,1.4356,B365,8,7:2,sieg,1
I2-1415-2015-01-24-avellino-cittadella,2015-01-24,I2,Serie B,2,1415,avellino,cittadella,22,22,schwach,1.72,B365,26,1:2,niederlage,0
I1-1415-2015-01-25-parma-cesena,2015-01-25,I1,Serie A,1,1415,parma,cesena,20,19,schwach,1.6992,B365,21,1:2,niederlage,0
SP2-1415-2015-01-25-alcorcon-albacete,2015-01-25,SP2,LaLiga 2,2,1415,alcorcon,albacete,22,21,schwach,1.782,B365,8,2:3,niederlage,0
SP1-1415-2015-01-31-real-madrid-sociedad,2015-01-31,SP1,La Liga,1,1415,real madrid,sociedad,11,20,schwach,1.238,B365,1,4:1,sieg,1
N1-1415-2015-01-31-psv-eindhoven-willem-ii,2015-01-31,N1,Eredivisie,1,1415,psv eindhoven,willem ii,10,19,schwach,1.2451,B365,30,2:1,sieg,1
SP1-1415-2015-02-01-barcelona-villarreal,2015-02-01,SP1,La Liga,1,1415,barcelona,villarreal,6,20,stark,1.2637,B365,30,3:2,sieg,1
SP1-1415-2015-02-01-sevilla-espanol,2015-02-01,SP1,La Liga,1,1415,sevilla,espanol,9,20,schwach,1.6963,B365,15,3:2,sieg,1
D1-1415-2015-02-04-hoffenheim-werder-bremen,2015-02-04,D1,Bundesliga,1,1415,hoffenheim,werder bremen,12,18,schwach,1.7492,B365,8,1:2,niederlage,0
N1-1415-2015-02-07-twente-excelsior,2015-02-07,N1,Eredivisie,1,1415,twente,excelsior,13,21,schwach,1.4196,B365,21,1:3,niederlage,0
I1-1415-2015-02-08-fiorentina-atalanta,2015-02-08,I1,Serie A,1,1415,fiorentina,atalanta,15,21,schwach,1.5714,B365,9,3:2,sieg,1
I1-1415-2015-02-09-lazio-genoa,2015-02-09,I1,Serie A,1,1415,lazio,genoa,11,21,schwach,1.6542,B365,29,0:1,niederlage,0
D1-1415-2015-02-13-dortmund-mainz,2015-02-13,D1,Bundesliga,1,1415,dortmund,mainz,13,20,schwach,1.3933,B365,1,4:2,sieg,1
F1-1415-2015-02-13-marseille-reims,2015-02-13,F1,Ligue 1,1,1415,marseille,reims,13,24,schwach,1.406,B365,6,2:2,unentschieden,0
D2-1415-2015-02-13-fortuna-dusseldorf-erzgebirge-aue,2015-02-13,D2,2. Bundesliga,2,1415,fortuna dusseldorf,erzgebirge aue,17,20,schwach,1.782,B365,15,2:3,niederlage,0
N1-1415-2015-02-14-den-haag-nac-breda,2015-02-14,N1,Eredivisie,1,1415,den haag,nac breda,17,22,schwach,1.7485,B365,10,3:2,sieg,1
D2-1415-2015-02-14-ingolstadt-sandhausen,2015-02-14,D2,2. Bundesliga,2,1415,ingolstadt,sandhausen,14,20,schwach,1.4138,B365,12,1:3,niederlage,0
N1-1415-2015-02-15-zwolle-go-ahead-eagles,2015-02-15,N1,Eredivisie,1,1415,zwolle,go ahead eagles,16,22,schwach,1.6375,B365,24,0:1,niederlage,0
D2-1415-2015-02-15-darmstadt-munich-1860,2015-02-15,D2,2. Bundesliga,2,1415,darmstadt,munich 1860,17,20,schwach,1.7793,B365,26,1:1,unentschieden,0
I2-1415-2015-02-16-catania-crotone,2015-02-16,I2,Serie B,2,1415,catania,crotone,22,25,schwach,1.7808,B365,4,1:1,unentschieden,0
I1-1415-2015-02-20-juventus-atalanta,2015-02-20,I1,Serie A,1,1415,juventus,atalanta,17,23,schwach,1.2287,B365,25,2:1,sieg,1
SP1-1415-2015-02-21-barcelona-malaga,2015-02-21,SP1,La Liga,1,1415,barcelona,malaga,7,23,schwach,1.1639,B365,7,0:1,niederlage,0
P1-1415-2015-02-21-sp-braga-nacional,2015-02-21,P1,Primeira Liga,1,1415,sp braga,nacional,9,21,schwach,1.6993,B365,22,3:1,sieg,1
E1-1415-2015-02-21-derby-sheffield-weds,2015-02-21,E1,Championship,2,1415,derby,sheffield weds,11,31,schwach,1.6542,B365,20,3:2,sieg,1
E1-1415-2015-02-21-middlesbrough-leeds,2015-02-21,E1,Championship,2,1415,middlesbrough,Leeds,14,31,schwach,1.5964,B365,3,0:1,niederlage,0
I1-1415-2015-02-22-lazio-palermo,2015-02-22,I1,Serie A,1,1415,lazio,palermo,8,23,schwach,1.6877,B365,26,2:1,sieg,1
N1-1415-2015-02-22-feyenoord-excelsior,2015-02-22,N1,Eredivisie,1,1415,feyenoord,excelsior,14,23,schwach,1.28,B365,7,3:2,sieg,1
SP1-1415-2015-02-28-vallecano-levante,2015-02-28,SP1,La Liga,1,1415,vallecano,levante,18,24,schwach,1.749,B365,13,4:2,sieg,1
N1-1415-2015-02-28-vitesse-zwolle,2015-02-28,N1,Eredivisie,1,1415,vitesse,zwolle,5,24,stark,1.5964,B365,4,2:1,sieg,1
N1-1415-2015-03-01-psv-eindhoven-ajax,2015-03-01,N1,Eredivisie,1,1415,psv eindhoven,ajax,2,24,stark,1.6315,B365,30,1:3,niederlage,0
E1-1415-2015-03-04-norwich-wigan,2015-03-04,E1,Championship,2,1415,norwich,wigan,23,34,schwach,1.5905,B365,8,0:1,niederlage,0
I1-1415-2015-03-07-milan-verona,2015-03-07,I1,Serie A,1,1415,milan,verona,15,25,schwach,1.626,B365,18,2:2,unentschieden,0
D2-1415-2015-03-13-greuther-furth-munich-1860,2015-03-13,D2,2. Bundesliga,2,1415,greuther furth,munich 1860,15,24,schwach,1.782,B365,34,0:3,niederlage,0
I1-1415-2015-03-15-inter-cesena,2015-03-15,I1,Serie A,1,1415,inter,cesena,19,26,schwach,1.4295,B365,30,1:1,unentschieden,0
N1-1415-2015-03-20-utrecht-nac-breda,2015-03-20,N1,Eredivisie,1,1415,utrecht,nac breda,17,27,schwach,1.5989,B365,32,3:4,niederlage,0
F1-1415-2015-03-21-lyon-nice,2015-03-21,F1,Ligue 1,1,1415,lyon,nice,15,29,schwach,1.6011,B365,23,1:2,niederlage,0
P1-1415-2015-03-21-estoril-penafiel,2015-03-21,P1,Primeira Liga,1,1415,estoril,penafiel,18,25,schwach,1.6911,B365,15,3:3,unentschieden,0
SP2-1415-2015-03-21-betis-leganes,2015-03-21,SP2,LaLiga 2,2,1415,betis,leganes,9,29,schwach,1.6458,B365,22,1:3,niederlage,0
SP1-1415-2015-03-22-sociedad-cordoba,2015-03-22,SP1,La Liga,1,1415,sociedad,cordoba,20,27,schwach,1.702,B365,12,3:1,sieg,1
D1-1415-2015-03-22-bayern-munich-m-gladbach,2015-03-22,D1,Bundesliga,1,1415,bayern munich,m gladbach,4,25,stark,1.2248,B365,30,0:2,niederlage,0
SP2-1415-2015-03-28-valladolid-albacete,2015-03-28,SP2,LaLiga 2,2,1415,valladolid,albacete,17,30,schwach,1.6803,B365,1,0:1,niederlage,0
N1-1415-2015-04-04-vitesse-groningen,2015-04-04,N1,Eredivisie,1,1415,vitesse,groningen,11,28,schwach,1.4196,B365,13,1:1,unentschieden,0
E1-1415-2015-04-04-bolton-blackpool,2015-04-04,E1,Championship,2,1415,bolton,blackpool,24,39,schwach,1.6168,B365,9,1:1,unentschieden,0
E1-1415-2015-04-06-bournemouth-birmingham,2015-04-06,E1,Championship,2,1415,Bournemouth,birmingham,15,39,schwach,1.4726,B365,18,4:2,sieg,1
E1-1415-2015-04-06-wolves-leeds,2015-04-06,E1,Championship,2,1415,Wolves,Leeds,14,40,schwach,1.7178,B365,11,4:3,sieg,1
SP1-1415-2015-04-09-villarreal-espanol,2015-04-09,SP1,La Liga,1,1415,villarreal,espanol,12,29,schwach,1.652,B365,24,0:3,niederlage,0
E1-1415-2015-04-11-ipswich-blackpool,2015-04-11,E1,Championship,2,1415,Ipswich,blackpool,24,41,schwach,1.3142,B365,4,3:2,sieg,1
I2-1415-2015-04-11-catania-trapani,2015-04-11,I2,Serie B,2,1415,catania,trapani,12,34,schwach,1.72,B365,9,4:1,sieg,1
D2-1415-2015-04-17-ingolstadt-fortuna-dusseldorf,2015-04-17,D2,2. Bundesliga,2,1415,ingolstadt,fortuna dusseldorf,7,28,schwach,1.5893,B365,33,3:2,sieg,1
I1-1415-2015-04-19-empoli-parma,2015-04-19,I1,Serie A,1,1415,empoli,parma,20,30,schwach,1.638,B365,19,2:2,unentschieden,0
D2-1415-2015-04-20-kaiserslautern-rb-leipzig,2015-04-20,D2,2. Bundesliga,2,1415,kaiserslautern,rb leipzig,6,28,stark,1.7808,B365,16,1:1,unentschieden,0
F1-1415-2015-04-24-marseille-lorient,2015-04-24,F1,Ligue 1,1,1415,marseille,lorient,18,33,schwach,1.4344,B365,9,3:5,niederlage,0
P1-1415-2015-04-24-sp-braga-belenenses,2015-04-24,P1,Primeira Liga,1,1415,sp braga,belenenses,6,29,stark,1.4889,B365,15,1:1,unentschieden,0
F1-1415-2015-04-25-bordeaux-metz,2015-04-25,F1,Ligue 1,1,1415,bordeaux,metz,19,32,schwach,1.702,B365,24,1:1,unentschieden,0
I1-1415-2015-04-26-fiorentina-cagliari,2015-04-26,I1,Serie A,1,1415,fiorentina,cagliari,19,31,schwach,1.4952,B365,7,1:3,niederlage,0
I1-1415-2015-04-26-napoli-sampdoria,2015-04-26,I1,Serie A,1,1415,napoli,sampdoria,5,31,stark,1.5714,B365,12,4:2,sieg,1
G1-1415-2015-04-26-paok-giannina,2015-04-26,G1,Griechenland Super League,1,1415,paok,giannina,5,30,stark,1.4281,B365,12,1:1,unentschieden,0
I1-1415-2015-04-29-juventus-fiorentina,2015-04-29,I1,Serie A,1,1415,juventus,fiorentina,6,32,stark,1.749,B365,33,3:2,sieg,1
E1-1415-2015-05-02-derby-reading,2015-05-02,E1,Championship,2,1415,derby,reading,20,45,schwach,1.3984,B365,2,0:3,niederlage,0
SP1-1415-2015-05-03-malaga-elche,2015-05-03,SP1,La Liga,1,1415,malaga,elche,13,34,schwach,1.6963,B365,29,1:2,niederlage,0
F1-1415-2015-05-03-lille-lens,2015-05-03,F1,Ligue 1,1,1415,lille,lens,20,34,schwach,1.6066,B365,24,3:1,sieg,1
F2-1415-2015-05-08-dijon-chateauroux,2015-05-08,F2,Ligue 2,2,1415,dijon,chateauroux,19,35,schwach,1.3747,B365,23,0:1,niederlage,0
SP1-1415-2015-05-09-real-madrid-valencia,2015-05-09,SP1,La Liga,1,1415,real madrid,valencia,4,35,stark,1.4697,B365,19,2:2,unentschieden,0
F1-1415-2015-05-09-bordeaux-nantes,2015-05-09,F1,Ligue 1,1,1415,bordeaux,nantes,11,35,schwach,1.6604,B365,15,2:1,sieg,1
T1-1415-2015-05-12-buyuksehyr-sivasspor,2015-05-12,T1,Süper Lig,1,1415,buyuksehyr,sivasspor,13,30,schwach,1.6458,B365,17,2:1,sieg,1
F1-1415-2015-05-16-nice-lens,2015-05-16,F1,Ligue 1,1,1415,nice,lens,20,36,schwach,1.6963,B365,14,2:1,sieg,1
SP2-1415-2015-05-16-sp-gijon-santander,2015-05-16,SP2,LaLiga 2,2,1415,sp gijon,santander,19,37,schwach,1.5349,B365,11,3:1,sieg,1
SP1-1415-2015-05-17-sevilla-almeria,2015-05-17,SP1,La Liga,1,1415,sevilla,almeria,16,36,schwach,1.3125,B365,30,2:1,sieg,1
SP1-1415-2015-05-17-valencia-celta,2015-05-17,SP1,La Liga,1,1415,valencia,celta,10,36,schwach,1.6943,B365,8,1:1,unentschieden,0
I1-1415-2015-05-17-roma-udinese,2015-05-17,I1,Serie A,1,1415,roma,udinese,14,35,schwach,1.3664,B365,19,2:1,sieg,1
D2-1415-2015-05-17-ingolstadt-rb-leipzig,2015-05-17,D2,2. Bundesliga,2,1415,ingolstadt,rb leipzig,6,32,stark,1.7265,B365,4,2:1,sieg,1
I1-1415-2015-05-18-napoli-cesena,2015-05-18,I1,Serie A,1,1415,napoli,cesena,19,35,schwach,1.238,B365,15,3:2,sieg,1
SP2-1415-2015-05-20-zaragoza-mirandes,2015-05-20,SP2,LaLiga 2,2,1415,zaragoza,mirandes,13,38,schwach,1.7675,B365,19,0:1,niederlage,0
F2-1415-2015-05-22-troyes-chateauroux,2015-05-22,F2,Ligue 2,2,1415,troyes,chateauroux,19,37,schwach,1.3314,B365,10,4:1,sieg,1
SP1-1415-2015-05-23-celta-espanol,2015-05-23,SP1,La Liga,1,1415,celta,espanol,9,37,schwach,1.7829,B365,23,3:2,sieg,1
T1-1415-2015-05-23-trabzonspor-balikesirspor,2015-05-23,T1,Süper Lig,1,1415,trabzonspor,balikesirspor,16,32,schwach,1.4225,B365,28,3:2,sieg,1
E0-1415-2015-05-24-chelsea-sunderland,2015-05-24,E0,Premier League,1,1415,Chelsea,Sunderland,15,37,schwach,1.4022,B365,26,3:1,sieg,1
SP2-1415-2015-06-07-ponferradina-alcorcon,2015-06-07,SP2,LaLiga 2,2,1415,ponferradina,alcorcon,12,41,schwach,1.542,B365,17,1:1,unentschieden,0
SC0-1516-2015-08-01-inverness-c-motherwell,2015-08-01,SC0,Scottish Premiership,1,1516,inverness c,motherwell,,0,unbekannt,1.7735,B365,4,0:1,niederlage,0
D2-1516-2015-08-03-rb-leipzig-greuther-furth,2015-08-03,D2,2. Bundesliga,2,1516,rb leipzig,greuther furth,6,1,stark,1.7793,B365,12,2:2,unentschieden,0
E0-1516-2015-08-08-everton-watford,2015-08-08,E0,Premier League,1,1516,Everton,watford,,0,unbekannt,1.745,B365,13,2:2,unentschieden,0
F1-1516-2015-08-08-marseille-caen,2015-08-08,F1,Ligue 1,1,1516,marseille,caen,,0,unbekannt,1.6542,B365,27,0:1,niederlage,0
D1-1516-2015-08-15-leverkusen-hoffenheim,2015-08-15,D1,Bundesliga,1,1516,leverkusen,hoffenheim,,0,unbekannt,1.5772,B365,5,2:1,sieg,1
N1-1516-2015-08-15-twente-den-haag,2015-08-15,N1,Eredivisie,1,1516,twente,den haag,8,1,schwach,1.729,B365,12,1:4,niederlage,0
D2-1516-2015-08-21-greuther-furth-frankfurt-fsv,2015-08-21,D2,2. Bundesliga,2,1516,greuther furth,frankfurt fsv,16,3,schwach,1.7265,B365,27,0:2,niederlage,0
D1-1516-2015-08-22-schalke-04-darmstadt,2015-08-22,D1,Bundesliga,1,1516,schalke 04,darmstadt,9,1,schwach,1.512,B365,9,1:1,unentschieden,0
F1-1516-2015-08-22-lyon-rennes,2015-08-22,F1,Ligue 1,1,1516,lyon,rennes,9,2,schwach,1.643,B365,7,1:2,niederlage,0
E1-1516-2015-08-22-middlesbrough-bristol-city,2015-08-22,E1,Championship,2,1516,middlesbrough,bristol city,22,3,schwach,1.6153,B365,8,0:1,niederlage,0
T1-1516-2015-08-24-galatasaray-osmanlispor,2015-08-24,T1,Süper Lig,1,1516,galatasaray,osmanlispor,13,1,schwach,1.4978,B365,30,1:2,niederlage,0
SP1-1516-2015-08-28-villarreal-espanol,2015-08-28,SP1,La Liga,1,1516,villarreal,espanol,5,1,stark,1.6547,B365,5,3:1,sieg,1
E0-1516-2015-08-29-liverpool-west-ham,2015-08-29,E0,Premier League,1,1516,Liverpool,West Ham,11,3,schwach,1.3984,B365,3,0:3,niederlage,0
P1-1516-2015-08-29-benfica-moreirense,2015-08-29,P1,Primeira Liga,1,1516,benfica,moreirense,17,2,schwach,1.28,B365,29,3:2,sieg,1
B1-1516-2015-08-29-gent-mechelen,2015-08-29,B1,Belgien Pro League,1,1516,gent,mechelen,11,5,schwach,1.5947,B365,7,2:2,unentschieden,0
SC0-1516-2015-08-29-celtic-st-johnstone,2015-08-29,SC0,Scottish Premiership,1,1516,celtic,st johnstone,7,5,schwach,1.2451,B365,11,3:1,sieg,1
G1-1516-2015-08-30-asteras-tripolis-panetolikos,2015-08-30,G1,Griechenland Super League,1,1516,asteras tripolis,panetolikos,11,1,schwach,1.6266,B365,34,0:2,niederlage,0
D1-1516-2015-09-11-m-gladbach-hamburg,2015-09-11,D1,Bundesliga,1,1516,m gladbach,hamburg,13,3,schwach,1.7515,B365,11,0:3,niederlage,0
D1-1516-2015-09-12-leverkusen-darmstadt,2015-09-12,D1,Bundesliga,1,1516,leverkusen,darmstadt,13,3,schwach,1.3045,B365,8,0:1,niederlage,0
I1-1516-2015-09-12-juventus-chievo,2015-09-12,I1,Serie A,1,1516,juventus,chievo,1,2,stark,1.4667,B365,5,1:1,unentschieden,0
I2-1516-2015-09-18-livorno-brescia,2015-09-18,I2,Serie B,2,1516,livorno,brescia,19,2,schwach,1.72,B365,16,3:1,sieg,1
E0-1516-2015-09-19-man-city-west-ham,2015-09-19,E0,Premier League,1,1516,Manchester City,West Ham,5,5,stark,1.3157,B365,6,1:2,niederlage,0
B1-1516-2015-09-19-lokeren-mouscron-peruwelz,2015-09-19,B1,Belgien Pro League,1,1516,lokeren,mouscron peruwelz,16,7,schwach,1.5966,B365,5,1:2,niederlage,0
I1-1516-2015-09-20-roma-sassuolo,2015-09-20,I1,Serie A,1,1516,roma,sassuolo,6,3,stark,1.4758,B365,22,2:2,unentschieden,0
F1-1516-2015-09-20-monaco-lorient,2015-09-20,F1,Ligue 1,1,1516,monaco,lorient,17,5,schwach,1.7813,B365,12,2:3,niederlage,0
D1-1516-2015-09-22-bayern-munich-wolfsburg,2015-09-22,D1,Bundesliga,1,1516,bayern munich,wolfsburg,3,5,stark,1.3125,B365,26,5:1,sieg,1
B1-1516-2015-09-25-waregem-westerlo,2015-09-25,B1,Belgien Pro League,1,1516,waregem,westerlo,16,8,schwach,1.5349,B365,22,4:2,sieg,1
N1-1516-2015-09-26-utrecht-cambuur,2015-09-26,N1,Eredivisie,1,1516,utrecht,cambuur,17,6,schwach,1.5964,B365,26,3:3,unentschieden,0
B1-1516-2015-09-26-standard-oud-heverlee-leuven,2015-09-26,B1,Belgien Pro League,1,1516,standard,oud heverlee leuven,14,8,schwach,1.6729,B365,3,2:2,unentschieden,0
T1-1516-2015-09-26-galatasaray-gaziantepspor,2015-09-26,T1,Süper Lig,1,1516,galatasaray,gaziantepspor,9,5,schwach,1.5415,B365,9,2:1,sieg,1
D1-1516-2015-09-27-dortmund-darmstadt,2015-09-27,D1,Bundesliga,1,1516,dortmund,darmstadt,11,6,schwach,1.2012,B365,17,2:2,unentschieden,0
E0-1516-2015-10-03-man-city-newcastle,2015-10-03,E0,Premier League,1,1516,Manchester City,Newcastle,19,7,schwach,1.2747,B365,18,6:1,sieg,1
SC0-1516-2015-10-03-aberdeen-st-johnstone,2015-10-03,SC0,Scottish Premiership,1,1516,aberdeen,st johnstone,7,9,schwach,1.678,B365,5,1:5,niederlage,0
D1-1516-2015-10-04-leverkusen-augsburg,2015-10-04,D1,Bundesliga,1,1516,leverkusen,augsburg,17,7,schwach,1.4697,B365,12,1:1,unentschieden,0
I1-1516-2015-10-04-juventus-bologna,2015-10-04,I1,Serie A,1,1516,juventus,bologna,20,6,schwach,1.2796,B365,5,3:1,sieg,1
F1-1516-2015-10-04-paris-sg-marseille,2015-10-04,F1,Ligue 1,1,1516,paris sg,marseille,16,8,schwach,1.399,B365,30,2:1,sieg,1
SP1-1516-2015-10-17-barcelona-vallecano,2015-10-17,SP1,La Liga,1,1516,barcelona,vallecano,15,7,schwach,1.2027,B365,15,5:2,sieg,1
B1-1516-2015-10-17-standard-westerlo,2015-10-17,B1,Belgien Pro League,1,1516,standard,westerlo,16,10,schwach,1.4861,B365,9,1:2,niederlage,0
B1-1516-2015-10-23-genk-mouscron-peruwelz,2015-10-23,B1,Belgien Pro League,1,1516,genk,mouscron peruwelz,13,11,schwach,1.5415,B365,22,0:4,niederlage,0
SP1-1516-2015-10-25-barcelona-eibar,2015-10-25,SP1,La Liga,1,1516,barcelona,eibar,6,8,stark,1.1694,B365,10,3:1,sieg,1
T1-1516-2015-10-28-trabzonspor-gaziantepspor,2015-10-28,T1,Süper Lig,1,1516,trabzonspor,gaziantepspor,10,9,schwach,1.5964,B365,31,2:2,unentschieden,0
E1-1516-2015-11-03-reading-huddersfield,2015-11-03,E1,Championship,2,1516,reading,huddersfield,16,14,schwach,1.745,B365,2,2:2,unentschieden,0
D1-1516-2015-11-07-leverkusen-koln,2015-11-07,D1,Bundesliga,1,1516,leverkusen,koln,9,11,schwach,1.5772,B365,17,1:2,niederlage,0
SC0-1516-2015-11-07-st-johnstone-kilmarnock,2015-11-07,SC0,Scottish Premiership,1,1516,st johnstone,kilmarnock,8,13,schwach,1.7543,B365,2,2:1,sieg,1
E0-1516-2015-11-08-arsenal-tottenham,2015-11-08,E0,Premier League,1,1516,Arsenal,Tottenham,6,11,stark,1.7785,B365,32,1:1,unentschieden,0
E0-1516-2015-11-08-liverpool-crystal-palace,2015-11-08,E0,Premier League,1,1516,Liverpool,Crystal Palace,10,11,schwach,1.7178,B365,21,1:2,niederlage,0
F1-1516-2015-11-08-marseille-nice,2015-11-08,F1,Ligue 1,1,1516,marseille,nice,10,12,schwach,1.7515,B365,16,0:1,niederlage,0
B1-1516-2015-11-08-gent-charleroi,2015-11-08,B1,Belgien Pro League,1,1516,gent,charleroi,9,14,schwach,1.5964,B365,23,1:3,niederlage,0
E0-1516-2015-11-21-man-city-liverpool,2015-11-21,E0,Premier League,1,1516,Manchester City,Liverpool,10,12,schwach,1.7341,B365,7,1:4,niederlage,0
E0-1516-2015-11-21-southampton-stoke,2015-11-21,E0,Premier League,1,1516,Southampton,stoke,12,12,schwach,1.6168,B365,10,0:1,niederlage,0
SP1-1516-2015-11-22-villarreal-eibar,2015-11-22,SP1,La Liga,1,1516,villarreal,eibar,7,11,schwach,1.6011,B365,27,1:1,unentschieden,0
I1-1516-2015-11-22-fiorentina-empoli,2015-11-22,I1,Serie A,1,1516,fiorentina,empoli,13,12,schwach,1.5714,B365,18,2:2,unentschieden,0
I1-1516-2015-11-22-lazio-palermo,2015-11-22,I1,Serie A,1,1516,lazio,palermo,12,12,schwach,1.5282,B365,21,1:1,unentschieden,0
D2-1516-2015-11-22-kaiserslautern-frankfurt-fsv,2015-11-22,D2,2. Bundesliga,2,1516,kaiserslautern,frankfurt fsv,12,14,schwach,1.6729,B365,34,1:1,unentschieden,0
F1-1516-2015-11-27-lyon-montpellier,2015-11-27,F1,Ligue 1,1,1516,lyon,montpellier,14,14,schwach,1.6547,B365,8,2:4,niederlage,0
E0-1516-2015-11-28-crystal-palace-newcastle,2015-11-28,E0,Premier League,1,1516,Crystal Palace,Newcastle,17,13,schwach,1.745,B365,10,5:1,sieg,1
B1-1516-2015-11-29-anderlecht-oud-heverlee-leuven,2015-11-29,B1,Belgien Pro League,1,1516,anderlecht,oud heverlee leuven,15,16,schwach,1.3333,B365,2,3:2,sieg,1
T1-1516-2015-11-29-besiktas-akhisar-belediyespor,2015-11-29,T1,Süper Lig,1,1516,besiktas,akhisar belediyespor,5,12,stark,1.4533,B365,4,0:2,niederlage,0
B1-1516-2015-12-04-gent-waregem,2015-12-04,B1,Belgien Pro League,1,1516,gent,waregem,6,17,stark,1.5432,B365,22,2:2,unentschieden,0
F1-1516-2015-12-05-lyon-angers,2015-12-05,F1,Ligue 1,1,1516,lyon,angers,3,16,stark,1.612,B365,17,0:2,niederlage,0
P1-1516-2015-12-05-porto-pacos-ferreira,2015-12-05,P1,Primeira Liga,1,1516,porto,pacos ferreira,6,11,stark,1.2602,B365,8,2:1,sieg,1
E1-1516-2015-12-05-brighton-charlton,2015-12-05,E1,Championship,2,1516,Brighton,charlton,21,18,schwach,1.4832,B365,2,3:2,sieg,1
F1-1516-2015-12-06-marseille-montpellier,2015-12-06,F1,Ligue 1,1,1516,marseille,montpellier,16,16,schwach,1.74,B365,32,2:2,unentschieden,0
D2-1516-2015-12-06-rb-leipzig-duisburg,2015-12-06,D2,2. Bundesliga,2,1516,rb leipzig,duisburg,18,16,schwach,1.4978,B365,17,4:2,sieg,1
D1-1516-2015-12-12-wolfsburg-hamburg,2015-12-12,D1,Bundesliga,1,1516,wolfsburg,hamburg,9,15,schwach,1.6469,B365,21,1:1,unentschieden,0
SP1-1516-2015-12-13-ath-madrid-ath-bilbao,2015-12-13,SP1,La Liga,1,1516,ath madrid,ath bilbao,8,14,schwach,1.643,B365,27,2:1,sieg,1
D1-1516-2015-12-13-dortmund-ein-frankfurt,2015-12-13,D1,Bundesliga,1,1516,dortmund,ein frankfurt,14,15,schwach,1.2242,B365,6,4:1,sieg,1
I1-1516-2015-12-13-juventus-fiorentina,2015-12-13,I1,Serie A,1,1516,juventus,fiorentina,2,15,stark,1.749,B365,3,3:1,sieg,1
F1-1516-2015-12-13-marseille-ajaccio-gfco,2015-12-13,F1,Ligue 1,1,1516,marseille,ajaccio gfco,16,17,schwach,1.4697,B365,19,1:1,unentschieden,0
SP1-1516-2015-12-19-valencia-getafe,2015-12-19,SP1,La Liga,1,1516,valencia,getafe,14,15,schwach,1.749,B365,10,2:2,unentschieden,0
D1-1516-2015-12-20-m-gladbach-darmstadt,2015-12-20,D1,Bundesliga,1,1516,m gladbach,darmstadt,13,16,schwach,1.5772,B365,28,3:2,sieg,1
N1-1516-2015-12-20-willem-ii-roda,2015-12-20,N1,Eredivisie,1,1516,willem ii,roda,14,16,schwach,1.7136,B365,6,3:2,sieg,1
T1-1516-2015-12-20-buyuksehyr-eskisehirspor,2015-12-20,T1,Süper Lig,1,1516,buyuksehyr,eskisehirspor,18,15,schwach,1.6748,B365,2,2:1,sieg,1
I2-1516-2015-12-23-livorno-ascoli,2015-12-23,I2,Serie B,2,1516,livorno,ascoli,20,19,schwach,1.6729,B365,2,1:3,niederlage,0
G1-1516-2016-01-04-panathinaikos-panetolikos,2016-01-04,G1,Griechenland Super League,1,1516,panathinaikos,panetolikos,14,15,schwach,1.3708,B365,2,4:2,sieg,1
I1-1516-2016-01-06-sassuolo-frosinone,2016-01-06,I1,Serie A,1,1516,sassuolo,frosinone,18,17,schwach,1.6011,B365,16,2:2,unentschieden,0
F1-1516-2016-01-09-monaco-ajaccio-gfco,2016-01-09,F1,Ligue 1,1,1516,monaco,ajaccio gfco,12,19,schwach,1.702,B365,8,2:2,unentschieden,0
P1-1516-2016-01-15-sp-lisbon-tondela,2016-01-15,P1,Primeira Liga,1,1516,sp lisbon,tondela,18,17,schwach,1.155,B365,31,2:2,unentschieden,0
I1-1516-2016-01-16-napoli-sassuolo,2016-01-16,I1,Serie A,1,1516,napoli,sassuolo,6,18,stark,1.3533,B365,3,3:1,sieg,1
SP1-1516-2016-01-17-valencia-vallecano,2016-01-17,SP1,La Liga,1,1516,valencia,vallecano,19,19,schwach,1.6995,B365,15,2:2,unentschieden,0
B1-1516-2016-01-17-oostende-waasland-beveren,2016-01-17,B1,Belgien Pro League,1,1516,oostende,waasland beveren,13,21,schwach,1.5415,B365,8,3:3,unentschieden,0
E0-1516-2016-01-24-everton-swansea,2016-01-24,E0,Premier League,1,1516,Everton,swansea,17,22,schwach,1.7698,B365,17,1:2,niederlage,0
SP1-1516-2016-01-24-ath-bilbao-eibar,2016-01-24,SP1,La Liga,1,1516,ath bilbao,eibar,6,20,stark,1.749,B365,4,5:2,sieg,1
I1-1516-2016-01-24-lazio-chievo,2016-01-24,I1,Serie A,1,1516,lazio,chievo,10,20,schwach,1.7543,B365,5,4:1,sieg,1
N1-1516-2016-01-24-den-haag-cambuur,2016-01-24,N1,Eredivisie,1,1516,den haag,cambuur,17,18,schwach,1.7735,B365,14,2:1,sieg,1
N1-1516-2016-01-24-psv-eindhoven-twente,2016-01-24,N1,Eredivisie,1,1516,psv eindhoven,twente,16,18,schwach,1.2805,B365,8,4:2,sieg,1
B1-1516-2016-01-24-anderlecht-charleroi,2016-01-24,B1,Belgien Pro League,1,1516,anderlecht,charleroi,7,22,schwach,1.5349,B365,2,2:1,sieg,1
P1-1516-2016-01-29-guimaraes-uniao-madeira,2016-01-29,P1,Primeira Liga,1,1516,guimaraes,uniao madeira,11,19,schwach,1.7137,B365,12,3:1,sieg,1
SP1-1516-2016-01-30-barcelona-ath-madrid,2016-01-30,SP1,La Liga,1,1516,barcelona,ath madrid,2,21,stark,1.5714,B365,10,2:1,sieg,1
P1-1516-2016-01-30-sp-lisbon-academica,2016-01-30,P1,Primeira Liga,1,1516,sp lisbon,academica,16,19,schwach,1.2451,B365,8,3:2,sieg,1
I1-1516-2016-01-31-napoli-empoli,2016-01-31,I1,Serie A,1,1516,napoli,empoli,8,21,schwach,1.3125,B365,28,5:1,sieg,1
B1-1516-2016-01-31-club-brugge-lokeren,2016-01-31,B1,Belgien Pro League,1,1516,club brugge,lokeren,9,23,schwach,1.4138,B365,11,2:1,sieg,1
B1-1516-2016-01-31-gent-waasland-beveren,2016-01-31,B1,Belgien Pro League,1,1516,gent,waasland beveren,13,23,schwach,1.2805,B365,16,2:1,sieg,1
E0-1516-2016-02-06-man-city-leicester,2016-02-06,E0,Premier League,1,1516,Manchester City,Leicester,1,24,stark,1.6557,B365,3,1:3,niederlage,0
T1-1516-2016-02-06-kayserispor-mersin-idman-yurdu,2016-02-06,T1,Süper Lig,1,1516,kayserispor,mersin idman yurdu,18,18,schwach,1.6655,B365,20,0:1,niederlage,0
I1-1516-2016-02-07-milan-udinese,2016-02-07,I1,Serie A,1,1516,milan,udinese,14,23,schwach,1.6293,B365,17,1:1,unentschieden,0
P1-1516-2016-02-07-porto-arouca,2016-02-07,P1,Primeira Liga,1,1516,porto,arouca,9,20,schwach,1.2416,B365,1,1:2,niederlage,0
E0-1516-2016-02-13-everton-west-brom,2016-02-13,E0,Premier League,1,1516,Everton,west brom,14,25,schwach,1.5683,B365,14,0:1,niederlage,0
I1-1516-2016-02-13-empoli-frosinone,2016-02-13,I1,Serie A,1,1516,empoli,frosinone,19,24,schwach,1.6193,B365,17,1:2,niederlage,0
I2-1516-2016-02-13-crotone-pro-vercelli,2016-02-13,I2,Serie B,2,1516,crotone,pro vercelli,17,25,schwach,1.7257,B365,10,1:1,unentschieden,0
F2-1516-2016-02-15-lens-valenciennes,2016-02-15,F2,Ligue 2,2,1516,lens,valenciennes,17,25,schwach,1.7257,B365,32,0:1,niederlage,0
D1-1516-2016-02-20-bayern-munich-darmstadt,2016-02-20,D1,Bundesliga,1,1516,bayern munich,darmstadt,13,21,schwach,1.1315,B365,26,3:1,sieg,1
P1-1516-2016-02-21-porto-moreirense,2016-02-21,P1,Primeira Liga,1,1516,porto,moreirense,13,22,schwach,1.2769,B365,10,3:2,sieg,1
T1-1516-2016-02-21-osmanlispor-mersin-idman-yurdu,2016-02-21,T1,Süper Lig,1,1516,osmanlispor,mersin idman yurdu,17,21,schwach,1.6748,B365,8,3:1,sieg,1
E1-1516-2016-02-23-middlesbrough-cardiff,2016-02-23,E1,Championship,2,1516,middlesbrough,cardiff,7,32,schwach,1.7905,B365,20,3:1,sieg,1
I2-1516-2016-02-26-novara-pro-vercelli,2016-02-26,I2,Serie B,2,1516,novara,pro vercelli,19,27,schwach,1.6729,B365,3,1:1,unentschieden,0
I2-1516-2016-02-27-pescara-ascoli,2016-02-27,I2,Serie B,2,1516,pescara,ascoli,16,27,schwach,1.72,B365,10,2:2,unentschieden,0
E0-1516-2016-02-28-tottenham-swansea,2016-02-28,E0,Premier League,1,1516,Tottenham,swansea,16,26,schwach,1.4889,B365,19,2:1,sieg,1
SP1-1516-2016-02-28-barcelona-sevilla,2016-02-28,SP1,La Liga,1,1516,barcelona,sevilla,5,25,stark,1.2185,B365,20,2:1,sieg,1
D1-1516-2016-02-28-dortmund-hoffenheim,2016-02-28,D1,Bundesliga,1,1516,dortmund,hoffenheim,17,22,schwach,1.238,B365,25,3:1,sieg,1
E0-1516-2016-03-01-leicester-west-brom,2016-03-01,E0,Premier League,1,1516,Leicester,west brom,13,27,schwach,1.7698,B365,11,2:2,unentschieden,0
D1-1516-2016-03-02-bayern-munich-mainz,2016-03-02,D1,Bundesliga,1,1516,bayern munich,mainz,5,23,stark,1.1794,B365,26,1:2,niederlage,0
D1-1516-2016-03-02-leverkusen-werder-bremen,2016-03-02,D1,Bundesliga,1,1516,leverkusen,werder bremen,16,23,schwach,1.5089,B365,5,1:4,niederlage,0
D2-1516-2016-03-02-rb-leipzig-heidenheim,2016-03-02,D2,2. Bundesliga,2,1516,rb leipzig,heidenheim,8,23,schwach,1.5349,B365,21,3:1,sieg,1
SP1-1516-2016-03-05-villarreal-las-palmas,2016-03-05,SP1,La Liga,1,1516,villarreal,las palmas,15,27,schwach,1.702,B365,30,0:1,niederlage,0
I1-1516-2016-03-05-napoli-chievo,2016-03-05,I1,Serie A,1,1516,napoli,chievo,10,27,schwach,1.2248,B365,2,3:1,sieg,1
E1-1516-2016-03-05-brentford-charlton,2016-03-05,E1,Championship,2,1516,Brentford,charlton,24,34,schwach,1.7157,B365,1,1:2,niederlage,0
E1-1516-2016-03-05-sheffield-weds-rotherham,2016-03-05,E1,Championship,2,1516,sheffield weds,rotherham,22,34,schwach,1.7905,B365,21,0:1,niederlage,0
F2-1516-2016-03-12-dijon-nimes,2016-03-12,F2,Ligue 2,2,1516,dijon,nimes,12,29,schwach,1.7257,B365,7,0:1,niederlage,0
G1-1516-2016-03-13-olympiakos-panathinaikos,2016-03-13,G1,Griechenland Super League,1,1516,olympiakos,panathinaikos,3,25,stark,1.638,B365,3,3:1,sieg,1
I2-1516-2016-03-14-cagliari-perugia,2016-03-14,I2,Serie B,2,1516,cagliari,perugia,12,30,schwach,1.7808,B365,33,0:2,niederlage,0
E1-1516-2016-03-15-hull-nott-m-forest,2016-03-15,E1,Championship,2,1516,hull,Nottingham Forest,14,36,schwach,1.5813,B365,28,1:1,unentschieden,0
N1-1516-2016-03-18-utrecht-excelsior,2016-03-18,N1,Eredivisie,1,1516,utrecht,excelsior,16,27,schwach,1.3845,B365,5,2:1,sieg,1
E0-1516-2016-03-19-chelsea-west-ham,2016-03-19,E0,Premier League,1,1516,Chelsea,West Ham,5,29,stark,1.7939,B365,17,2:2,unentschieden,0
F1-1516-2016-03-19-caen-troyes,2016-03-19,F1,Ligue 1,1,1516,caen,troyes,20,30,schwach,1.5772,B365,22,2:1,sieg,1
N1-1516-2016-03-19-feyenoord-graafschap,2016-03-19,N1,Eredivisie,1,1516,feyenoord,graafschap,17,27,schwach,1.3314,B365,26,3:1,sieg,1
I1-1516-2016-03-20-napoli-genoa,2016-03-20,I1,Serie A,1,1516,napoli,genoa,12,29,schwach,1.3518,B365,10,3:1,sieg,1
SC0-1516-2016-04-02-celtic-hearts,2016-04-02,SC0,Scottish Premiership,1,1516,celtic,hearts,3,30,stark,1.3333,B365,5,3:1,sieg,1
SP1-1516-2016-04-03-sevilla-sociedad,2016-04-03,SP1,La Liga,1,1516,sevilla,sociedad,12,30,schwach,1.6995,B365,2,1:2,niederlage,0
E0-1516-2016-04-09-man-city-west-brom,2016-04-09,E0,Premier League,1,1516,Manchester City,west brom,11,31,schwach,1.4138,B365,6,2:1,sieg,1
N1-1516-2016-04-09-vitesse-den-haag,2016-04-09,N1,Eredivisie,1,1516,vitesse,den haag,11,29,schwach,1.7793,B365,7,2:2,unentschieden,0
D2-1516-2016-04-09-bochum-frankfurt-fsv,2016-04-09,D2,2. Bundesliga,2,1516,bochum,frankfurt fsv,14,28,schwach,1.6655,B365,3,4:1,sieg,1
I1-1516-2016-04-11-roma-bologna,2016-04-11,I1,Serie A,1,1516,roma,bologna,14,31,schwach,1.413,B365,25,1:1,unentschieden,0
F1-1516-2016-04-15-lyon-nice,2016-04-15,F1,Ligue 1,1,1516,lyon,nice,4,33,stark,1.6274,B365,17,1:1,unentschieden,0
SP1-1516-2016-04-16-celta-betis,2016-04-16,SP1,La Liga,1,1516,celta,betis,14,32,schwach,1.6719,B365,24,1:1,unentschieden,0
N1-1516-2016-04-16-feyenoord-groningen,2016-04-16,N1,Eredivisie,1,1516,feyenoord,groningen,10,30,schwach,1.4138,B365,24,1:1,unentschieden,0
SP1-1516-2016-04-17-barcelona-valencia,2016-04-17,SP1,La Liga,1,1516,barcelona,valencia,13,32,schwach,1.1937,B365,26,1:2,niederlage,0
P1-1516-2016-04-18-benfica-setubal,2016-04-18,P1,Primeira Liga,1,1516,benfica,setubal,13,29,schwach,1.2191,B365,1,2:1,sieg,1
F2-1516-2016-04-22-clermont-tours,2016-04-22,F2,Ligue 2,2,1516,clermont,tours,11,34,schwach,1.782,B365,32,0:1,niederlage,0
I1-1516-2016-04-23-inter-udinese,2016-04-23,I1,Serie A,1,1516,inter,udinese,14,34,schwach,1.5123,B365,9,3:1,sieg,1
E1-1516-2016-04-23-cardiff-bolton,2016-04-23,E1,Championship,2,1516,cardiff,bolton,24,43,schwach,1.395,B365,7,2:1,sieg,1
E1-1516-2016-04-23-hull-leeds,2016-04-23,E1,Championship,2,1516,hull,Leeds,11,43,schwach,1.5139,B365,15,2:2,unentschieden,0
F2-1516-2016-04-29-lens-paris,2016-04-29,F2,Ligue 2,2,1516,lens,paris,20,35,schwach,1.6,B365,3,0:1,niederlage,0
E0-1516-2016-04-30-watford-aston-villa,2016-04-30,E0,Premier League,1,1516,watford,Aston Villa,20,35,schwach,1.743,B365,28,3:2,sieg,1
SP1-1516-2016-04-30-granada-las-palmas,2016-04-30,SP1,La Liga,1,1516,granada,las palmas,9,35,schwach,1.6877,B365,3,3:2,sieg,1
I1-1516-2016-05-01-milan-frosinone,2016-05-01,I1,Serie A,1,1516,milan,frosinone,19,35,schwach,1.2847,B365,2,3:3,unentschieden,0
N1-1516-2016-05-01-az-alkmaar-graafschap,2016-05-01,N1,Eredivisie,1,1516,az alkmaar,graafschap,17,32,schwach,1.4225,B365,7,4:1,sieg,1
SC0-1516-2016-05-06-inverness-c-dundee-united,2016-05-06,SC0,Scottish Premiership,1,1516,inverness c,dundee united,12,35,schwach,1.7793,B365,6,2:3,niederlage,0
F2-1516-2016-05-06-metz-tours,2016-05-06,F2,Ligue 2,2,1516,metz,tours,10,36,schwach,1.413,B365,21,2:1,sieg,1
E0-1516-2016-05-07-west-ham-swansea,2016-05-07,E0,Premier League,1,1516,West Ham,swansea,13,36,schwach,1.4832,B365,25,1:4,niederlage,0
T1-1516-2016-05-07-osmanlispor-bursaspor,2016-05-07,T1,Süper Lig,1,1516,osmanlispor,bursaspor,11,31,schwach,1.7735,B365,26,3:3,unentschieden,0
E1-1516-2016-05-07-derby-ipswich,2016-05-07,E1,Championship,2,1516,derby,Ipswich,8,45,schwach,1.7987,B365,34,0:1,niederlage,0
E1-1516-2016-05-07-hull-rotherham,2016-05-07,E1,Championship,2,1516,hull,rotherham,20,45,schwach,1.6462,B365,16,5:1,sieg,1
I2-1516-2016-05-07-avellino-como,2016-05-07,I2,Serie B,2,1516,avellino,como,22,39,schwach,1.7675,B365,6,1:1,unentschieden,0
SP2-1516-2016-05-08-leganes-numancia,2016-05-08,SP2,LaLiga 2,2,1516,leganes,numancia,13,36,schwach,1.6518,B365,8,2:2,unentschieden,0
D1-1516-2016-05-14-leverkusen-ingolstadt,2016-05-14,D1,Bundesliga,1,1516,leverkusen,ingolstadt,10,33,schwach,1.5772,B365,16,3:2,sieg,1
SC0-1516-2016-05-15-aberdeen-ross-county,2016-05-15,SC0,Scottish Premiership,1,1516,aberdeen,ross county,9,37,schwach,1.729,B365,23,0:4,niederlage,0
N1-1617-2016-08-06-twente-excelsior,2016-08-06,N1,Eredivisie,1,1617,twente,excelsior,,0,unbekannt,1.7793,B365,13,1:2,niederlage,0
SC0-1617-2016-08-06-rangers-hamilton,2016-08-06,SC0,Scottish Premiership,1,1617,rangers,hamilton,,0,unbekannt,1.4533,B365,30,1:1,unentschieden,0
F1-1617-2016-08-12-monaco-guingamp,2016-08-12,F1,Ligue 1,1,1617,monaco,guingamp,,0,unbekannt,1.7349,B365,29,2:2,unentschieden,0
F2-1617-2016-08-19-le-havre-troyes,2016-08-19,F2,Ligue 2,2,1617,le havre,troyes,13,3,schwach,1.652,B365,4,1:3,niederlage,0
SP1-1617-2016-08-20-sevilla-espanol,2016-08-20,SP1,La Liga,1,1617,sevilla,espanol,,0,unbekannt,1.7515,B365,8,6:4,sieg,1
SC0-1617-2016-08-20-rangers-motherwell,2016-08-20,SC0,Scottish Premiership,1,1617,rangers,motherwell,7,2,schwach,1.3808,B365,19,2:1,sieg,1
N1-1617-2016-08-27-feyenoord-excelsior,2016-08-27,N1,Eredivisie,1,1617,feyenoord,excelsior,5,3,stark,1.2602,B365,26,4:1,sieg,1
T1-1617-2016-08-28-fenerbahce-kayserispor,2016-08-28,T1,Süper Lig,1,1617,fenerbahce,kayserispor,18,1,schwach,1.488,B365,27,3:3,unentschieden,0
E0-1617-2016-09-10-arsenal-southampton,2016-09-10,E0,Premier League,1,1617,Arsenal,Southampton,15,3,schwach,1.6153,B365,18,2:1,sieg,1
SP1-1617-2016-09-10-sevilla-las-palmas,2016-09-10,SP1,La Liga,1,1617,sevilla,las palmas,1,2,stark,1.5964,B365,16,2:1,sieg,1
E1-1617-2016-09-10-brighton-brentford,2016-09-10,E1,Championship,2,1617,Brighton,Brentford,15,5,schwach,1.6875,B365,29,0:2,niederlage,0
T1-1617-2016-09-11-fenerbahce-bursaspor,2016-09-11,T1,Süper Lig,1,1617,fenerbahce,bursaspor,10,2,schwach,1.5383,B365,33,0:1,niederlage,0
N1-1617-2016-09-16-utrecht-groningen,2016-09-16,N1,Eredivisie,1,1617,utrecht,groningen,17,5,schwach,1.678,B365,13,1:5,niederlage,0
E0-1617-2016-09-17-everton-middlesbrough,2016-09-17,E0,Premier League,1,1617,Everton,middlesbrough,9,4,schwach,1.7178,B365,21,3:1,sieg,1
D1-1617-2016-09-17-bayern-munich-ingolstadt,2016-09-17,D1,Bundesliga,1,1617,bayern munich,ingolstadt,16,2,schwach,1.1206,B365,8,3:1,sieg,1
E1-1617-2016-09-17-newcastle-wolves,2016-09-17,E1,Championship,2,1617,Newcastle,Wolves,16,7,schwach,1.6462,B365,29,0:2,niederlage,0
F1-1617-2016-09-21-lyon-montpellier,2016-09-21,F1,Ligue 1,1,1617,lyon,montpellier,12,5,schwach,1.6542,B365,4,5:1,sieg,1
P1-1617-2016-09-23-porto-boavista,2016-09-23,P1,Primeira Liga,1,1617,porto,boavista,12,5,schwach,1.2602,B365,5,3:1,sieg,1
N1-1617-2016-09-24-ajax-zwolle,2016-09-24,N1,Eredivisie,1,1617,ajax,zwolle,18,6,schwach,1.2986,B365,4,5:1,sieg,1
P1-1617-2016-09-24-sp-braga-setubal,2016-09-24,P1,Primeira Liga,1,1617,sp braga,setubal,8,5,schwach,1.5879,B365,30,2:1,sieg,1
G1-1617-2016-09-24-panionios-veria,2016-09-24,G1,Griechenland Super League,1,1617,panionios,veria,16,2,schwach,1.6,B365,18,1:2,niederlage,0
SC0-1617-2016-09-24-celtic-kilmarnock,2016-09-24,SC0,Scottish Premiership,1,1617,celtic,kilmarnock,9,6,schwach,1.212,B365,32,6:1,sieg,1
I1-1617-2016-09-25-inter-bologna,2016-09-25,I1,Serie A,1,1617,inter,bologna,7,5,schwach,1.5158,B365,14,1:1,unentschieden,0
N1-1617-2016-10-01-vitesse-groningen,2016-10-01,N1,Eredivisie,1,1617,vitesse,groningen,12,7,schwach,1.7152,B365,4,2:1,sieg,1
SP1-1617-2016-10-02-real-madrid-eibar,2016-10-02,SP1,La Liga,1,1617,real madrid,eibar,8,6,schwach,1.1397,B365,6,1:1,unentschieden,0
N1-1617-2016-10-02-ajax-utrecht,2016-10-02,N1,Eredivisie,1,1617,ajax,utrecht,14,7,schwach,1.4225,B365,27,3:2,sieg,1
T1-1617-2016-10-02-galatasaray-antalyaspor,2016-10-02,T1,Süper Lig,1,1617,galatasaray,antalyaspor,18,5,schwach,1.4978,B365,17,3:1,sieg,1
I2-1617-2016-10-09-verona-brescia,2016-10-09,I2,Serie B,2,1617,verona,brescia,8,7,schwach,1.54,B365,22,2:2,unentschieden,0
SP1-1617-2016-10-15-ath-madrid-granada,2016-10-15,SP1,La Liga,1,1617,ath madrid,granada,20,7,schwach,1.1795,B365,18,7:1,sieg,1
I1-1617-2016-10-15-juventus-udinese,2016-10-15,I1,Serie A,1,1617,juventus,udinese,16,7,schwach,1.2637,B365,30,2:1,sieg,1
E1-1617-2016-10-15-brighton-preston,2016-10-15,E1,Championship,2,1617,Brighton,preston,18,11,schwach,1.6462,B365,10,2:2,unentschieden,0
I1-1617-2016-10-16-lazio-bologna,2016-10-16,I1,Serie A,1,1617,lazio,bologna,11,7,schwach,1.575,B365,10,1:1,unentschieden,0
I1-1617-2016-10-16-sassuolo-crotone,2016-10-16,I1,Serie A,1,1617,sassuolo,crotone,20,7,schwach,1.4758,B365,2,2:1,sieg,1
G1-1617-2016-10-16-panathinaikos-xanthi,2016-10-16,G1,Griechenland Super League,1,1617,panathinaikos,xanthi,16,4,schwach,1.3733,BbAv,34,1:2,niederlage,0
F1-1617-2016-10-21-monaco-montpellier,2016-10-21,F1,Ligue 1,1,1617,monaco,montpellier,15,9,schwach,1.749,B365,9,6:2,sieg,1
D1-1617-2016-10-22-leverkusen-hoffenheim,2016-10-22,D1,Bundesliga,1,1617,leverkusen,hoffenheim,7,7,schwach,1.5964,B365,15,0:3,niederlage,0
T1-1617-2016-10-22-galatasaray-trabzonspor,2016-10-22,T1,Süper Lig,1,1617,galatasaray,trabzonspor,14,7,schwach,1.678,B365,17,0:1,niederlage,0
SC0-1617-2016-10-22-inverness-c-kilmarnock,2016-10-22,SC0,Scottish Premiership,1,1617,inverness c,kilmarnock,9,9,schwach,1.6375,B365,7,1:1,unentschieden,0
E0-1617-2016-10-23-man-city-southampton,2016-10-23,E0,Premier League,1,1617,Manchester City,Southampton,8,8,schwach,1.5333,B365,27,1:1,unentschieden,0
SP1-1617-2016-10-23-villarreal-las-palmas,2016-10-23,SP1,La Liga,1,1617,villarreal,las palmas,8,8,schwach,1.7576,B365,31,2:1,sieg,1
G1-1617-2016-10-23-olympiakos-paok,2016-10-23,G1,Griechenland Super League,1,1617,olympiakos,paok,3,5,stark,1.5947,B365,6,2:1,sieg,1
I1-1617-2016-10-26-fiorentina-crotone,2016-10-26,I1,Serie A,1,1617,fiorentina,crotone,20,9,schwach,1.2847,B365,24,1:1,unentschieden,0
SC0-1617-2016-10-26-rangers-st-johnstone,2016-10-26,SC0,Scottish Premiership,1,1617,rangers,st johnstone,4,10,stark,1.6571,B365,5,1:1,unentschieden,0
I2-1617-2016-10-29-carpi-ascoli,2016-10-29,I2,Serie B,2,1617,carpi,ascoli,17,11,schwach,1.6711,B365,4,0:2,niederlage,0
SP1-1617-2016-10-30-ath-bilbao-osasuna,2016-10-30,SP1,La Liga,1,1617,ath bilbao,osasuna,19,9,schwach,1.432,B365,23,1:1,unentschieden,0
N1-1617-2016-10-30-feyenoord-heerenveen,2016-10-30,N1,Eredivisie,1,1617,feyenoord,heerenveen,4,10,stark,1.5415,B365,5,2:2,unentschieden,0
D1-1617-2016-11-05-bayern-munich-hoffenheim,2016-11-05,D1,Bundesliga,1,1617,bayern munich,hoffenheim,4,9,stark,1.2242,B365,16,1:1,unentschieden,0
E1-1617-2016-11-05-sheffield-weds-ipswich,2016-11-05,E1,Championship,2,1617,sheffield weds,Ipswich,16,15,schwach,1.7905,B365,32,1:2,niederlage,0
I2-1617-2016-11-13-verona-novara,2016-11-13,I2,Serie B,2,1617,verona,novara,15,13,schwach,1.72,B365,17,0:4,niederlage,0
F2-1617-2016-11-18-reims-laval,2016-11-18,F2,Ligue 2,2,1617,reims,laval,18,14,schwach,1.7401,B365,7,0:2,niederlage,0
E0-1617-2016-11-19-tottenham-west-ham,2016-11-19,E0,Premier League,1,1617,Tottenham,West Ham,17,11,schwach,1.5333,B365,24,3:2,sieg,1
N1-1617-2016-11-19-heracles-go-ahead-eagles,2016-11-19,N1,Eredivisie,1,1617,heracles,go ahead eagles,14,12,schwach,1.7048,B365,17,2:1,sieg,1
D1-1617-2016-11-20-hoffenheim-hamburg,2016-11-20,D1,Bundesliga,1,1617,hoffenheim,hamburg,18,10,schwach,1.6995,B365,28,2:2,unentschieden,0
T1-1617-2016-11-21-buyuksehyr-rizespor,2016-11-21,T1,Süper Lig,1,1617,buyuksehyr,rizespor,14,10,schwach,1.542,B365,12,2:1,sieg,1
E0-1617-2016-11-26-chelsea-tottenham,2016-11-26,E0,Premier League,1,1617,Chelsea,Tottenham,5,12,stark,1.7939,B365,11,2:1,sieg,1
N1-1617-2016-11-26-vitesse-excelsior,2016-11-26,N1,Eredivisie,1,1617,vitesse,excelsior,14,13,schwach,1.4978,B365,7,2:2,unentschieden,0
E0-1617-2016-11-27-man-united-west-ham,2016-11-27,E0,Premier League,1,1617,Manchester United,West Ham,17,12,schwach,1.4865,B365,2,1:1,unentschieden,0
SP1-1617-2016-11-27-villarreal-alaves,2016-11-27,SP1,La Liga,1,1617,villarreal,alaves,14,12,schwach,1.575,B365,8,0:2,niederlage,0
D1-1617-2016-11-27-schalke-04-darmstadt,2016-11-27,D1,Bundesliga,1,1617,schalke 04,darmstadt,15,11,schwach,1.399,B365,6,3:1,sieg,1
D1-1617-2016-12-03-dortmund-m-gladbach,2016-12-03,D1,Bundesliga,1,1617,dortmund,m gladbach,13,12,schwach,1.5641,B365,6,4:1,sieg,1
D1-1617-2016-12-03-leverkusen-freiburg,2016-12-03,D1,Bundesliga,1,1617,leverkusen,freiburg,11,12,schwach,1.5714,B365,30,1:1,unentschieden,0
T1-1617-2016-12-03-buyuksehyr-antalyaspor,2016-12-03,T1,Süper Lig,1,1617,buyuksehyr,antalyaspor,10,12,schwach,1.5971,B365,13,2:2,unentschieden,0
I2-1617-2016-12-03-novara-vicenza,2016-12-03,I2,Serie B,2,1617,novara,vicenza,21,16,schwach,1.7844,B365,9,2:1,sieg,1
I1-1617-2016-12-04-milan-crotone,2016-12-04,I1,Serie A,1,1617,milan,crotone,19,14,schwach,1.399,B365,26,2:1,sieg,1
F2-1617-2016-12-09-troyes-auxerre,2016-12-09,F2,Ligue 2,2,1617,troyes,auxerre,19,17,schwach,1.7257,B365,22,1:1,unentschieden,0
E0-1617-2016-12-10-arsenal-stoke,2016-12-10,E0,Premier League,1,1617,Arsenal,stoke,9,14,schwach,1.3876,B365,29,3:1,sieg,1
F1-1617-2016-12-11-paris-sg-nice,2016-12-11,F1,Ligue 1,1,1617,paris sg,nice,2,16,stark,1.432,B365,32,2:2,unentschieden,0
E1-1617-2016-12-13-fulham-rotherham,2016-12-13,E1,Championship,2,1617,Fulham,rotherham,24,20,schwach,1.48,B365,19,2:1,sieg,1
SP2-1617-2016-12-17-girona-gimnastic,2016-12-17,SP2,LaLiga 2,2,1617,girona,gimnastic,22,18,schwach,1.6943,B365,26,4:2,sieg,1
E0-1617-2016-12-18-tottenham-burnley,2016-12-18,E0,Premier League,1,1617,Tottenham,Burnley,16,16,schwach,1.2556,B365,21,2:1,sieg,1
D1-1617-2016-12-18-leverkusen-ingolstadt,2016-12-18,D1,Bundesliga,1,1617,leverkusen,ingolstadt,17,14,schwach,1.6355,B365,26,1:2,niederlage,0
P1-1617-2016-12-19-porto-chaves,2016-12-19,P1,Primeira Liga,1,1617,porto,chaves,7,13,schwach,1.2396,B365,12,2:1,sieg,1
D1-1617-2016-12-20-dortmund-augsburg,2016-12-20,D1,Bundesliga,1,1617,dortmund,augsburg,12,15,schwach,1.3664,B365,33,1:1,unentschieden,0
E1-1617-2016-12-26-huddersfield-nott-m-forest,2016-12-26,E1,Championship,2,1617,huddersfield,Nottingham Forest,17,22,schwach,1.7735,B365,25,2:1,sieg,1
E0-1617-2016-12-27-liverpool-stoke,2016-12-27,E0,Premier League,1,1617,Liverpool,stoke,12,17,schwach,1.3664,B365,12,4:1,sieg,1
E0-1617-2017-01-02-west-brom-hull,2017-01-02,E0,Premier League,1,1617,west brom,hull,19,19,schwach,1.7912,B365,21,3:1,sieg,1
G1-1617-2017-01-04-olympiakos-asteras-tripolis,2017-01-04,G1,Griechenland Super League,1,1617,olympiakos,asteras tripolis,11,12,schwach,1.2451,B365,27,2:1,sieg,1
I1-1617-2017-01-07-napoli-sampdoria,2017-01-07,I1,Serie A,1,1617,napoli,sampdoria,13,18,schwach,1.3635,B365,30,2:1,sieg,1
G1-1617-2017-01-08-paok-giannina,2017-01-08,G1,Griechenland Super League,1,1617,paok,giannina,8,13,schwach,1.3342,B365,16,0:1,niederlage,0
I1-1617-2017-01-14-inter-chievo,2017-01-14,I1,Serie A,1,1617,inter,chievo,11,19,schwach,1.5126,B365,34,3:1,sieg,1
P1-1617-2017-01-14-benfica-boavista,2017-01-14,P1,Primeira Liga,1,1617,benfica,boavista,10,16,schwach,1.2191,B365,14,3:3,unentschieden,0
SP2-1617-2017-01-14-vallecano-sevilla-b,2017-01-14,SP2,LaLiga 2,2,1617,vallecano,sevilla b,6,20,stark,1.7808,B365,2,1:1,unentschieden,0
T1-1617-2017-01-15-fenerbahce-adanaspor,2017-01-15,T1,Süper Lig,1,1617,fenerbahce,adanaspor,18,16,schwach,1.2451,B365,23,2:2,unentschieden,0
G1-1617-2017-01-18-atromitos-kerkyra,2017-01-18,G1,Griechenland Super League,1,1617,atromitos,kerkyra,13,14,schwach,1.6447,B365,4,1:4,niederlage,0
G1-1617-2017-01-18-xanthi-iraklis,2017-01-18,G1,Griechenland Super League,1,1617,xanthi,iraklis,16,13,schwach,1.5367,B365,10,3:1,sieg,1
F2-1617-2017-01-21-lens-nimes,2017-01-21,F2,Ligue 2,2,1617,lens,nimes,15,20,schwach,1.7049,B365,32,1:3,niederlage,0
N1-1617-2017-01-22-psv-eindhoven-heerenveen,2017-01-22,N1,Eredivisie,1,1617,psv eindhoven,heerenveen,4,18,stark,1.4225,B365,5,4:3,sieg,1
SP1-1617-2017-01-29-ath-bilbao-sp-gijon,2017-01-29,SP1,La Liga,1,1617,ath bilbao,sp gijon,18,19,schwach,1.4295,B365,27,2:1,sieg,1
I1-1617-2017-01-29-napoli-palermo,2017-01-29,I1,Serie A,1,1617,napoli,palermo,19,21,schwach,1.1794,B365,6,1:1,unentschieden,0
E0-1617-2017-01-31-arsenal-watford,2017-01-31,E0,Premier League,1,1617,Arsenal,watford,14,22,schwach,1.2556,B365,10,1:2,niederlage,0
E0-1617-2017-02-04-crystal-palace-sunderland,2017-02-04,E0,Premier League,1,1617,Crystal Palace,Sunderland,20,23,schwach,1.745,B365,9,0:4,niederlage,0
SC0-1617-2017-02-04-rangers-ross-county,2017-02-04,SC0,Scottish Premiership,1,1617,rangers,ross county,8,23,schwach,1.4978,B365,18,1:1,unentschieden,0
SP1-1617-2017-02-05-sociedad-osasuna,2017-02-05,SP1,La Liga,1,1617,sociedad,osasuna,19,20,schwach,1.3658,B365,25,3:2,sieg,1
G1-1617-2017-02-05-paok-asteras-tripolis,2017-02-05,G1,Griechenland Super League,1,1617,paok,asteras tripolis,11,18,schwach,1.4165,B365,18,3:2,sieg,1
D1-1617-2017-02-11-rb-leipzig-hamburg,2017-02-11,D1,Bundesliga,1,1617,rb leipzig,hamburg,16,19,schwach,1.5714,B365,18,0:3,niederlage,0
I2-1617-2017-02-11-benevento-latina,2017-02-11,I2,Serie B,2,1617,benevento,latina,17,24,schwach,1.7808,B365,20,2:1,sieg,1
SP1-1617-2017-02-12-ath-madrid-celta,2017-02-12,SP1,La Liga,1,1617,ath madrid,celta,10,20,schwach,1.4758,B365,5,3:2,sieg,1
B1-1617-2017-02-12-anderlecht-waregem,2017-02-12,B1,Belgien Pro League,1,1617,anderlecht,waregem,3,25,stark,1.5964,B365,2,4:2,sieg,1
T1-1617-2017-02-12-galatasaray-kayserispor,2017-02-12,T1,Süper Lig,1,1617,galatasaray,kayserispor,17,19,schwach,1.5964,B365,29,1:2,niederlage,0
D2-1617-2017-02-13-hannover-bochum,2017-02-13,D2,2. Bundesliga,2,1617,hannover,bochum,13,19,schwach,1.7209,B365,16,2:1,sieg,1
E1-1617-2017-02-14-brighton-ipswich,2017-02-14,E1,Championship,2,1617,Brighton,Ipswich,13,31,schwach,1.5737,B365,9,1:1,unentschieden,0
E1-1617-2017-02-14-fulham-nott-m-forest,2017-02-14,E1,Championship,2,1617,Fulham,Nottingham Forest,17,31,schwach,1.608,B365,2,3:2,sieg,1
SC0-1617-2017-02-18-hearts-inverness-c,2017-02-18,SC0,Scottish Premiership,1,1617,hearts,inverness c,12,24,schwach,1.6375,B365,24,1:1,unentschieden,0
I1-1617-2017-02-19-sampdoria-cagliari,2017-02-19,I1,Serie A,1,1617,sampdoria,cagliari,15,24,schwach,1.749,B365,6,1:1,unentschieden,0
I1-1617-2017-02-25-napoli-atalanta,2017-02-25,I1,Serie A,1,1617,napoli,atalanta,5,25,stark,1.6542,B365,28,0:2,niederlage,0
SC0-1617-2017-02-25-st-johnstone-kilmarnock,2017-02-25,SC0,Scottish Premiership,1,1617,st johnstone,kilmarnock,8,25,schwach,1.729,B365,11,0:2,niederlage,0
E1-1617-2017-02-25-newcastle-bristol-city,2017-02-25,E1,Championship,2,1617,Newcastle,bristol city,21,32,schwach,1.5339,B365,11,2:2,unentschieden,0
D2-1617-2017-02-25-hannover-bielefeld,2017-02-25,D2,2. Bundesliga,2,1617,hannover,bielefeld,17,21,schwach,1.678,B365,28,2:2,unentschieden,0
I2-1617-2017-02-25-cesena-pro-vercelli,2017-02-25,I2,Serie B,2,1617,cesena,pro vercelli,20,26,schwach,1.7808,B365,19,1:2,niederlage,0
G1-1617-2017-02-26-olympiakos-panionios,2017-02-26,G1,Griechenland Super League,1,1617,olympiakos,panionios,3,21,stark,1.3703,B365,1,0:1,niederlage,0
N1-1617-2017-03-03-heerenveen-go-ahead-eagles,2017-03-03,N1,Eredivisie,1,1617,heerenveen,go ahead eagles,16,24,schwach,1.4978,B365,32,2:2,unentschieden,0
I1-1617-2017-03-05-torino-palermo,2017-03-05,I1,Serie A,1,1617,torino,palermo,18,26,schwach,1.5714,B365,30,3:1,sieg,1
N1-1617-2017-03-05-utrecht-den-haag,2017-03-05,N1,Eredivisie,1,1617,utrecht,den haag,18,24,schwach,1.4889,B365,16,1:1,unentschieden,0
SP2-1617-2017-03-05-levante-elche,2017-03-05,SP2,LaLiga 2,2,1617,levante,elche,12,27,schwach,1.7816,B365,2,2:1,sieg,1
D2-1617-2017-03-10-stuttgart-bochum,2017-03-10,D2,2. Bundesliga,2,1617,stuttgart,bochum,12,23,schwach,1.6058,B365,10,1:1,unentschieden,0
SP1-1617-2017-03-11-sevilla-leganes,2017-03-11,SP1,La Liga,1,1617,sevilla,leganes,17,26,schwach,1.4563,B365,3,1:1,unentschieden,0
D1-1617-2017-03-11-rb-leipzig-wolfsburg,2017-03-11,D1,Bundesliga,1,1617,rb leipzig,wolfsburg,15,23,schwach,1.6963,B365,9,0:1,niederlage,0
T1-1617-2017-03-11-galatasaray-genclerbirligi,2017-03-11,T1,Süper Lig,1,1617,galatasaray,genclerbirligi,12,22,schwach,1.7584,B365,1,3:2,sieg,1
I2-1617-2017-03-11-spezia-avellino,2017-03-11,I2,Serie B,2,1617,spezia,avellino,12,29,schwach,1.7584,B365,17,2:1,sieg,1
E0-1617-2017-03-12-liverpool-burnley,2017-03-12,E0,Premier League,1,1617,Liverpool,Burnley,12,27,schwach,1.2816,B365,7,2:1,sieg,1
SP1-1617-2017-03-12-real-madrid-betis,2017-03-12,SP1,La Liga,1,1617,real madrid,betis,14,26,schwach,1.1794,B365,24,2:1,sieg,1
F1-1617-2017-03-12-st-etienne-metz,2017-03-12,F1,Ligue 1,1,1617,st etienne,metz,16,27,schwach,1.6963,B365,1,2:2,unentschieden,0
P1-1617-2017-03-12-guimaraes-estoril,2017-03-12,P1,Primeira Liga,1,1617,guimaraes,estoril,15,24,schwach,1.6803,B365,3,3:3,unentschieden,0
T1-1617-2017-03-17-fenerbahce-konyaspor,2017-03-17,T1,Süper Lig,1,1617,fenerbahce,konyaspor,9,24,schwach,1.5349,B365,17,2:3,niederlage,0
SP1-1617-2017-03-19-barcelona-valencia,2017-03-19,SP1,La Liga,1,1617,barcelona,valencia,14,27,schwach,1.1784,B365,29,4:2,sieg,1
I1-1617-2017-03-19-roma-sassuolo,2017-03-19,I1,Serie A,1,1617,roma,sassuolo,13,28,schwach,1.2847,B365,9,3:1,sieg,1
I1-1617-2017-03-19-udinese-palermo,2017-03-19,I1,Serie A,1,1617,udinese,palermo,18,28,schwach,1.6963,B365,12,4:1,sieg,1
F1-1617-2017-03-19-paris-sg-lyon,2017-03-19,F1,Ligue 1,1,1617,paris sg,lyon,4,28,stark,1.5165,B365,6,2:1,sieg,1
SC0-1617-2017-04-01-rangers-motherwell,2017-04-01,SC0,Scottish Premiership,1,1617,rangers,motherwell,10,29,schwach,1.3314,B365,3,1:1,unentschieden,0
E0-1617-2017-04-04-man-united-everton,2017-04-04,E0,Premier League,1,1617,Manchester United,Everton,7,30,schwach,1.6153,B365,22,1:1,unentschieden,0
E0-1617-2017-04-05-liverpool-bournemouth,2017-04-05,E0,Premier League,1,1617,Liverpool,Bournemouth,14,30,schwach,1.4022,B365,7,2:2,unentschieden,0
E1-1617-2017-04-08-wigan-rotherham,2017-04-08,E1,Championship,2,1617,wigan,rotherham,24,40,schwach,1.5719,B365,29,3:2,sieg,1
G1-1617-2017-04-09-panionios-platanias,2017-04-09,G1,Griechenland Super League,1,1617,panionios,platanias,7,27,schwach,1.7001,B365,10,1:1,unentschieden,0
I1-1617-2017-04-15-roma-atalanta,2017-04-15,I1,Serie A,1,1617,roma,atalanta,5,31,stark,1.5964,B365,22,1:1,unentschieden,0
F1-1617-2017-04-15-nice-nancy,2017-04-15,F1,Ligue 1,1,1617,nice,nancy,17,32,schwach,1.7583,B365,26,3:1,sieg,1
N1-1617-2017-04-16-ajax-heerenveen,2017-04-16,N1,Eredivisie,1,1617,ajax,heerenveen,8,30,schwach,1.2769,B365,8,5:1,sieg,1
E1-1617-2017-04-17-reading-rotherham,2017-04-17,E1,Championship,2,1617,reading,rotherham,24,42,schwach,1.4347,B365,19,2:1,sieg,1
F2-1617-2017-04-17-strasbourg-ajaccio,2017-04-17,F2,Ligue 2,2,1617,strasbourg,ajaccio,15,32,schwach,1.7257,B365,15,4:2,sieg,1
D1-1617-2017-04-22-bayern-munich-mainz,2017-04-22,D1,Bundesliga,1,1617,bayern munich,mainz,15,29,schwach,1.238,B365,3,2:2,unentschieden,0
G1-1617-2017-04-23-iraklis-panetolikos,2017-04-23,G1,Griechenland Super League,1,1617,iraklis,panetolikos,10,28,schwach,1.5281,B365,31,2:1,sieg,1
I1-1617-2017-04-29-torino-sampdoria,2017-04-29,I1,Serie A,1,1617,torino,sampdoria,10,33,schwach,1.6943,B365,12,1:1,unentschieden,0
E1-1617-2017-04-29-preston-rotherham,2017-04-29,E1,Championship,2,1617,preston,rotherham,24,44,schwach,1.5453,B365,9,1:1,unentschieden,0
G1-1617-2017-04-30-asteras-tripolis-iraklis,2017-04-30,G1,Griechenland Super League,1,1617,asteras tripolis,iraklis,12,29,schwach,1.6509,B365,26,2:2,unentschieden,0
F2-1617-2017-05-05-reims-orleans,2017-05-05,F2,Ligue 2,2,1617,reims,orleans,18,35,schwach,1.638,B365,14,0:2,niederlage,0
T1-1617-2017-05-06-galatasaray-kasimpasa,2017-05-06,T1,Süper Lig,1,1617,galatasaray,kasimpasa,10,29,schwach,1.5383,B365,25,1:3,niederlage,0
T1-1617-2017-05-06-genclerbirligi-adanaspor,2017-05-06,T1,Süper Lig,1,1617,genclerbirligi,adanaspor,18,29,schwach,1.5964,B365,20,0:1,niederlage,0
T1-1617-2017-05-06-trabzonspor-kayserispor,2017-05-06,T1,Süper Lig,1,1617,trabzonspor,kayserispor,15,29,schwach,1.7265,B365,6,2:3,niederlage,0
F1-1617-2017-05-07-lyon-nantes,2017-05-07,F1,Ligue 1,1,1617,lyon,nantes,8,35,schwach,1.7515,B365,19,3:2,sieg,1
F2-1617-2017-05-12-red-star-sochaux,2017-05-12,F2,Ligue 2,2,1617,red star,sochaux,11,36,schwach,1.7793,B365,32,1:1,unentschieden,0
T1-1617-2017-05-13-buyuksehyr-genclerbirligi,2017-05-13,T1,Süper Lig,1,1617,buyuksehyr,genclerbirligi,8,30,schwach,1.382,B365,26,2:1,sieg,1
I2-1617-2017-05-13-trapani-cesena,2017-05-13,I2,Serie B,2,1617,trapani,cesena,13,40,schwach,1.7216,B365,20,1:2,niederlage,0
N1-1617-2017-05-14-az-alkmaar-utrecht,2017-05-14,N1,Eredivisie,1,1617,az alkmaar,utrecht,4,33,stark,1.4947,B365,32,2:3,niederlage,0
N1-1617-2017-05-14-heerenveen-nijmegen,2017-05-14,N1,Eredivisie,1,1617,heerenveen,nijmegen,17,33,schwach,1.5964,B365,23,0:2,niederlage,0
N1-1617-2017-05-14-psv-eindhoven-zwolle,2017-05-14,N1,Eredivisie,1,1617,psv eindhoven,zwolle,13,33,schwach,1.2593,B365,29,4:1,sieg,1
P1-1617-2017-05-14-porto-pacos-ferreira,2017-05-14,P1,Primeira Liga,1,1617,porto,pacos ferreira,13,32,schwach,1.2185,B365,31,4:1,sieg,1
D2-1617-2017-05-14-munich-1860-bochum,2017-05-14,D2,2. Bundesliga,2,1617,munich 1860,bochum,9,32,schwach,1.7137,B365,31,1:2,niederlage,0
I2-1617-2017-05-18-avellino-latina,2017-05-18,I2,Serie B,2,1617,avellino,latina,22,41,schwach,1.4189,B365,33,2:1,sieg,1
I2-1617-2017-05-18-perugia-salernitana,2017-05-18,I2,Serie B,2,1617,perugia,salernitana,10,41,schwach,1.7031,B365,30,3:2,sieg,1
I2-1617-2017-05-18-spal-bari,2017-05-18,I2,Serie B,2,1617,spal,bari,11,41,schwach,1.6474,B365,12,2:1,sieg,1
D1-1617-2017-05-20-dortmund-werder-bremen,2017-05-20,D1,Bundesliga,1,1617,dortmund,werder bremen,8,33,schwach,1.26,B365,7,4:3,sieg,1
E0-1617-2017-05-21-chelsea-sunderland,2017-05-21,E0,Premier League,1,1617,Chelsea,Sunderland,20,37,schwach,1.1762,B365,3,5:1,sieg,1
SP1-1617-2017-05-21-barcelona-eibar,2017-05-21,SP1,La Liga,1,1617,barcelona,eibar,10,37,schwach,1.1009,B365,7,4:2,sieg,1
I1-1617-2017-05-28-fiorentina-pescara,2017-05-28,I1,Serie A,1,1617,fiorentina,pescara,20,37,schwach,1.2025,B365,14,2:2,unentschieden,0
I1-1617-2017-05-28-roma-genoa,2017-05-28,I1,Serie A,1,1617,roma,genoa,16,37,schwach,1.1018,B365,3,3:2,sieg,1
F1-1718-2017-08-04-monaco-toulouse,2017-08-04,F1,Ligue 1,1,1718,monaco,toulouse,,0,unbekannt,1.3664,B365,6,3:2,sieg,1
E0-1718-2017-08-12-chelsea-burnley,2017-08-12,E0,Premier League,1,1718,Chelsea,Burnley,,0,unbekannt,1.2756,B365,24,2:3,niederlage,0
N1-1718-2017-08-12-psv-eindhoven-az-alkmaar,2017-08-12,N1,Eredivisie,1,1718,psv eindhoven,az alkmaar,,0,unbekannt,1.4947,B365,18,3:2,sieg,1
P1-1718-2017-08-13-sp-braga-portimonense,2017-08-13,P1,Primeira Liga,1,1718,sp braga,portimonense,6,1,stark,1.6375,B365,25,2:1,sieg,1
T1-1718-2017-08-13-trabzonspor-konyaspor,2017-08-13,T1,Süper Lig,1,1718,trabzonspor,konyaspor,,0,unbekannt,1.7584,B365,3,2:1,sieg,1
I1-1718-2017-08-20-sampdoria-benevento,2017-08-20,I1,Serie A,1,1718,sampdoria,benevento,,0,unbekannt,1.749,B365,15,2:1,sieg,1
F1-1718-2017-08-20-lille-caen,2017-08-20,F1,Ligue 1,1,1718,lille,caen,18,2,schwach,1.6877,B365,5,0:2,niederlage,0
F1-1718-2017-08-20-paris-sg-toulouse,2017-08-20,F1,Ligue 1,1,1718,paris sg,toulouse,13,2,schwach,1.1299,B365,18,6:2,sieg,1
D2-1718-2017-08-20-ingolstadt-regensburg,2017-08-20,D2,2. Bundesliga,2,1718,ingolstadt,regensburg,17,2,schwach,1.7808,B365,27,2:4,niederlage,0
F2-1718-2017-08-25-sochaux-chateauroux,2017-08-25,F2,Ligue 2,2,1718,sochaux,chateauroux,9,4,schwach,1.7808,B365,5,1:5,niederlage,0
D1-1718-2017-08-27-rb-leipzig-freiburg,2017-08-27,D1,Bundesliga,1,1718,rb leipzig,freiburg,11,1,schwach,1.432,B365,23,4:1,sieg,1
I1-1718-2017-08-27-napoli-atalanta,2017-08-27,I1,Serie A,1,1718,napoli,atalanta,15,1,schwach,1.4697,B365,15,3:1,sieg,1
SP1-1718-2017-09-09-real-madrid-levante,2017-09-09,SP1,La Liga,1,1718,real madrid,levante,7,2,schwach,1.1009,B365,12,1:1,unentschieden,0
G1-1718-2017-09-09-asteras-tripolis-lamia,2017-09-09,G1,Griechenland Super League,1,1718,asteras tripolis,lamia,11,2,schwach,1.652,B365,6,1:3,niederlage,0
I1-1718-2017-09-10-atalanta-sassuolo,2017-09-10,I1,Serie A,1,1718,atalanta,sassuolo,15,2,schwach,1.626,B365,27,2:1,sieg,1
F1-1718-2017-09-10-marseille-rennes,2017-09-10,F1,Ligue 1,1,1718,marseille,rennes,19,4,schwach,1.7515,B365,2,1:3,niederlage,0
T1-1718-2017-09-10-trabzonspor-genclerbirligi,2017-09-10,T1,Süper Lig,1,1718,trabzonspor,genclerbirligi,18,3,schwach,1.6748,B365,6,3:1,sieg,1
E0-1718-2017-09-16-liverpool-burnley,2017-09-16,E0,Premier League,1,1718,Liverpool,Burnley,7,4,schwach,1.3142,B365,27,1:1,unentschieden,0
E1-1718-2017-09-16-middlesbrough-qpr,2017-09-16,E1,Championship,2,1718,middlesbrough,qpr,10,7,schwach,1.7698,B365,2,3:2,sieg,1
I1-1718-2017-09-17-torino-sampdoria,2017-09-17,I1,Serie A,1,1718,torino,sampdoria,8,2,schwach,1.7515,B365,1,2:2,unentschieden,0
D2-1718-2017-09-19-ingolstadt-duisburg,2017-09-19,D2,2. Bundesliga,2,1718,ingolstadt,duisburg,11,6,schwach,1.72,B365,17,2:2,unentschieden,0
F2-1718-2017-09-19-nancy-bourg-peronnas,2017-09-19,F2,Ligue 2,2,1718,nancy,bourg peronnas,13,7,schwach,1.7257,B365,32,2:1,sieg,1
F2-1718-2017-09-22-nimes-niort,2017-09-22,F2,Ligue 2,2,1718,nimes,niort,16,8,schwach,1.6273,B365,33,1:5,niederlage,0
N1-1718-2017-09-23-feyenoord-nac-breda,2017-09-23,N1,Eredivisie,1,1718,feyenoord,nac breda,15,5,schwach,1.246,B365,33,0:2,niederlage,0
N1-1718-2017-09-23-heracles-roda,2017-09-23,N1,Eredivisie,1,1718,heracles,roda,18,5,schwach,1.729,B365,5,2:1,sieg,1
N1-1718-2017-09-24-ajax-vitesse,2017-09-24,N1,Eredivisie,1,1718,ajax,vitesse,5,5,stark,1.3314,B365,21,1:2,niederlage,0
N1-1718-2017-09-24-az-alkmaar-excelsior,2017-09-24,N1,Eredivisie,1,1718,az alkmaar,excelsior,15,5,schwach,1.39,B365,2,0:2,niederlage,0
I2-1718-2017-09-25-palermo-pro-vercelli,2017-09-25,I2,Serie B,2,1718,palermo,pro vercelli,22,5,schwach,1.5989,B365,20,2:1,sieg,1
E0-1718-2017-10-01-everton-burnley,2017-10-01,E0,Premier League,1,1718,Everton,Burnley,8,6,schwach,1.7543,B365,21,0:1,niederlage,0
I1-1718-2017-10-01-lazio-sassuolo,2017-10-01,I1,Serie A,1,1718,lazio,sassuolo,16,6,schwach,1.4861,B365,27,6:1,sieg,1
I2-1718-2017-10-08-perugia-pro-vercelli,2017-10-08,I2,Serie B,2,1718,perugia,pro vercelli,22,7,schwach,1.6776,B365,5,1:5,niederlage,0
F1-1718-2017-10-14-lille-troyes,2017-10-14,F1,Ligue 1,1,1718,lille,troyes,9,8,schwach,1.6464,B365,3,2:2,unentschieden,0
F1-1718-2017-10-14-st-etienne-metz,2017-10-14,F1,Ligue 1,1,1718,st etienne,metz,20,8,schwach,1.6011,B365,20,3:1,sieg,1
T1-1718-2017-10-14-buyuksehyr-alanyaspor,2017-10-14,T1,Süper Lig,1,1718,buyuksehyr,alanyaspor,8,7,schwach,1.5964,B365,9,2:1,sieg,1
SP2-1718-2017-10-20-osasuna-barcelona-b,2017-10-20,SP2,LaLiga 2,2,1718,osasuna,barcelona b,13,9,schwach,1.7537,B365,23,2:2,unentschieden,0
F1-1718-2017-10-22-nice-strasbourg,2017-10-22,F1,Ligue 1,1,1718,nice,strasbourg,18,9,schwach,1.6542,B365,23,1:2,niederlage,0
SP2-1718-2017-10-22-valladolid-lugo,2017-10-22,SP2,LaLiga 2,2,1718,valladolid,lugo,4,10,stark,1.7111,B365,10,2:2,unentschieden,0
E0-1718-2017-10-28-arsenal-swansea,2017-10-28,E0,Premier League,1,1718,Arsenal,swansea,15,9,schwach,1.2827,B365,22,2:1,sieg,1
D1-1718-2017-10-28-leverkusen-koln,2017-10-28,D1,Bundesliga,1,1718,leverkusen,koln,18,9,schwach,1.4011,B365,23,2:1,sieg,1
F1-1718-2017-10-28-guingamp-amiens,2017-10-28,F1,Ligue 1,1,1718,guingamp,amiens,16,9,schwach,1.751,B365,22,1:1,unentschieden,0
SC0-1718-2017-10-28-aberdeen-ross-county,2017-10-28,SC0,Scottish Premiership,1,1718,aberdeen,ross county,8,11,schwach,1.5971,B365,8,2:1,sieg,1
E1-1718-2017-10-28-fulham-bolton,2017-10-28,E1,Championship,2,1718,Fulham,bolton,24,13,schwach,1.5301,B365,28,1:1,unentschieden,0
I1-1718-2017-10-29-torino-cagliari,2017-10-29,I1,Serie A,1,1718,torino,cagliari,14,10,schwach,1.6743,B365,30,2:1,sieg,1
E1-1718-2017-10-31-sunderland-bolton,2017-10-31,E1,Championship,2,1718,Sunderland,bolton,24,14,schwach,1.7723,B365,32,3:3,unentschieden,0
F2-1718-2017-11-03-ajaccio-chateauroux,2017-11-03,F2,Ligue 2,2,1718,ajaccio,chateauroux,14,13,schwach,1.7131,B365,20,1:2,niederlage,0
D1-1718-2017-11-04-m-gladbach-mainz,2017-11-04,D1,Bundesliga,1,1718,m gladbach,mainz,13,10,schwach,1.6952,B365,19,1:1,unentschieden,0
N1-1718-2017-11-04-az-alkmaar-willem-ii,2017-11-04,N1,Eredivisie,1,1718,az alkmaar,willem ii,16,10,schwach,1.4533,B365,25,3:2,sieg,1
I1-1718-2017-11-05-juventus-benevento,2017-11-05,I1,Serie A,1,1718,juventus,benevento,20,11,schwach,1.1127,B365,19,2:1,sieg,1
N1-1718-2017-11-05-ajax-utrecht,2017-11-05,N1,Eredivisie,1,1718,ajax,utrecht,10,10,schwach,1.3333,B365,6,1:2,niederlage,0
SP2-1718-2017-11-05-valladolid-gimnastic,2017-11-05,SP2,LaLiga 2,2,1718,valladolid,gimnastic,19,12,schwach,1.6803,B365,9,0:3,niederlage,0
SP2-1718-2017-11-12-granada-sevilla-b,2017-11-12,SP2,LaLiga 2,2,1718,granada,sevilla b,22,13,schwach,1.7111,B365,18,1:2,niederlage,0
I2-1718-2017-11-17-frosinone-avellino,2017-11-17,I2,Serie B,2,1718,frosinone,avellino,12,14,schwach,1.6266,B365,5,1:1,unentschieden,0
E0-1718-2017-11-18-man-united-newcastle,2017-11-18,E0,Premier League,1,1718,Manchester United,Newcastle,11,11,schwach,1.3211,B365,14,4:1,sieg,1
I2-1718-2017-11-18-foggia-ternana,2017-11-18,I2,Serie B,2,1718,foggia,ternana,20,14,schwach,1.7497,B365,4,1:1,unentschieden,0
T1-1718-2017-11-19-trabzonspor-osmanlispor,2017-11-19,T1,Süper Lig,1,1718,trabzonspor,osmanlispor,17,11,schwach,1.6685,B365,7,4:3,sieg,1
G1-1718-2017-11-20-paok-atromitos,2017-11-20,G1,Griechenland Super League,1,1718,paok,atromitos,3,10,stark,1.4773,B365,22,2:1,sieg,1
E0-1718-2017-11-25-tottenham-west-brom,2017-11-25,E0,Premier League,1,1718,Tottenham,west brom,17,12,schwach,1.2865,B365,4,1:1,unentschieden,0
I1-1718-2017-11-25-sassuolo-verona,2017-11-25,I1,Serie A,1,1718,sassuolo,verona,19,13,schwach,1.747,B365,22,0:2,niederlage,0
SP1-1718-2017-11-26-sociedad-las-palmas,2017-11-26,SP1,La Liga,1,1718,sociedad,las palmas,20,12,schwach,1.5089,B365,21,2:2,unentschieden,0
N1-1718-2017-11-26-ajax-roda,2017-11-26,N1,Eredivisie,1,1718,ajax,roda,18,12,schwach,1.1329,B365,32,5:1,sieg,1
B1-1718-2017-11-26-club-brugge-waregem,2017-11-26,B1,Belgien Pro League,1,1718,club brugge,waregem,10,15,schwach,1.4533,B365,29,3:2,sieg,1
E1-1718-2017-11-28-derby-ipswich,2017-11-28,E1,Championship,2,1718,derby,Ipswich,10,18,schwach,1.7442,B365,5,0:1,niederlage,0
F1-1718-2017-11-29-lyon-lille,2017-11-29,F1,Ligue 1,1,1718,lyon,lille,19,14,schwach,1.399,B365,21,1:2,niederlage,0
E0-1718-2017-12-02-chelsea-newcastle,2017-12-02,E0,Premier League,1,1718,Chelsea,Newcastle,12,14,schwach,1.2756,B365,12,3:1,sieg,1
SP1-1718-2017-12-02-ath-madrid-sociedad,2017-12-02,SP1,La Liga,1,1718,ath madrid,sociedad,7,13,schwach,1.5856,B365,29,2:1,sieg,1
SP1-1718-2017-12-02-barcelona-celta,2017-12-02,SP1,La Liga,1,1718,barcelona,celta,9,13,schwach,1.1779,B365,20,2:2,unentschieden,0
G1-1718-2017-12-02-olympiakos-apollon,2017-12-02,G1,Griechenland Super League,1,1718,olympiakos,apollon,14,12,schwach,1.2191,B365,23,3:1,sieg,1
I2-1718-2017-12-02-frosinone-cesena,2017-12-02,I2,Serie B,2,1718,frosinone,cesena,20,16,schwach,1.6058,B365,18,3:3,unentschieden,0
F1-1718-2017-12-08-bordeaux-strasbourg,2017-12-08,F1,Ligue 1,1,1718,bordeaux,strasbourg,16,16,schwach,1.7226,B365,2,0:3,niederlage,0
D1-1718-2017-12-09-dortmund-werder-bremen,2017-12-09,D1,Bundesliga,1,1718,dortmund,werder bremen,17,14,schwach,1.4633,B365,26,1:2,niederlage,0
F1-1718-2017-12-09-monaco-troyes,2017-12-09,F1,Ligue 1,1,1718,monaco,troyes,16,16,schwach,1.3664,B365,25,3:2,sieg,1
N1-1718-2017-12-09-heerenveen-vvv-venlo,2017-12-09,N1,Eredivisie,1,1718,heerenveen,vvv venlo,13,14,schwach,1.7607,B365,10,2:2,unentschieden,0
B1-1718-2017-12-09-gent-kortrijk,2017-12-09,B1,Belgien Pro League,1,1718,gent,kortrijk,14,17,schwach,1.3808,B365,7,2:1,sieg,1
T1-1718-2017-12-09-galatasaray-akhisar-belediyespor,2017-12-09,T1,Süper Lig,1,1718,galatasaray,akhisar belediyespor,9,14,schwach,1.3724,B365,16,4:2,sieg,1
SC0-1718-2017-12-09-rangers-ross-county,2017-12-09,SC0,Scottish Premiership,1,1718,rangers,ross county,11,16,schwach,1.4533,B365,10,2:1,sieg,1
SP1-1718-2017-12-10-sociedad-malaga,2017-12-10,SP1,La Liga,1,1718,sociedad,malaga,20,14,schwach,1.6083,B365,23,0:2,niederlage,0
B1-1718-2017-12-10-anderlecht-charleroi,2017-12-10,B1,Belgien Pro League,1,1718,anderlecht,charleroi,2,17,stark,1.4845,B365,16,1:3,niederlage,0
N1-1718-2017-12-13-vitesse-willem-ii,2017-12-13,N1,Eredivisie,1,1718,vitesse,willem ii,14,15,schwach,1.6759,B365,13,2:2,unentschieden,0
D1-1718-2017-12-16-dortmund-hoffenheim,2017-12-16,D1,Bundesliga,1,1718,dortmund,hoffenheim,6,16,stark,1.5772,B365,21,2:1,sieg,1
I1-1718-2017-12-16-inter-udinese,2017-12-16,I1,Serie A,1,1718,inter,udinese,13,15,schwach,1.4011,B365,14,1:3,niederlage,0
F2-1718-2017-12-16-reims-valenciennes,2017-12-16,F2,Ligue 2,2,1718,reims,valenciennes,11,18,schwach,1.6,B365,13,5:1,sieg,1
D1-1718-2017-12-17-rb-leipzig-hertha,2017-12-17,D1,Bundesliga,1,1718,rb leipzig,hertha,11,16,schwach,1.6759,B365,6,2:3,niederlage,0
T1-1718-2017-12-17-buyuksehyr-antalyaspor,2017-12-17,T1,Süper Lig,1,1718,buyuksehyr,antalyaspor,16,15,schwach,1.5964,B365,7,4:1,sieg,1
F1-1718-2017-12-20-marseille-troyes,2017-12-20,F1,Ligue 1,1,1718,marseille,troyes,14,18,schwach,1.3664,B365,14,3:1,sieg,1
I2-1718-2017-12-21-cittadella-carpi,2017-12-21,I2,Serie B,2,1718,cittadella,carpi,11,19,schwach,1.7538,B365,13,0:1,niederlage,0
I2-1718-2017-12-21-frosinone-virtus-entella,2017-12-21,I2,Serie B,2,1718,frosinone,virtus entella,18,19,schwach,1.6776,B365,1,4:3,sieg,1
I1-1718-2017-12-23-napoli-sampdoria,2017-12-23,I1,Serie A,1,1718,napoli,sampdoria,6,16,stark,1.3125,B365,2,3:2,sieg,1
N1-1718-2017-12-23-psv-eindhoven-vitesse,2017-12-23,N1,Eredivisie,1,1718,psv eindhoven,vitesse,8,16,schwach,1.4533,B365,32,2:1,sieg,1
SC0-1718-2017-12-23-hibernian-ross-county,2017-12-23,SC0,Scottish Premiership,1,1718,hibernian,ross county,11,19,schwach,1.6304,B365,14,2:1,sieg,1
T1-1718-2017-12-24-galatasaray-goztep,2017-12-24,T1,Süper Lig,1,1718,galatasaray,goztep,6,16,stark,1.4138,B365,9,3:1,sieg,1
E0-1718-2017-12-26-man-united-burnley,2017-12-26,E0,Premier League,1,1718,Manchester United,Burnley,7,19,schwach,1.2756,B365,3,2:2,unentschieden,0
E0-1718-2017-12-30-liverpool-leicester,2017-12-30,E0,Premier League,1,1718,Liverpool,Leicester,8,20,schwach,1.3348,B365,3,2:1,sieg,1
I1-1718-2017-12-30-atalanta-cagliari,2017-12-30,I1,Serie A,1,1718,atalanta,cagliari,16,18,schwach,1.5126,B365,6,1:2,niederlage,0
E1-1718-2017-12-30-sheffield-united-bolton,2017-12-30,E1,Championship,2,1718,Sheffield United,bolton,23,24,schwach,1.6153,B365,21,0:1,niederlage,0
SP1-1718-2018-01-06-sevilla-betis,2018-01-06,SP1,La Liga,1,1718,sevilla,betis,14,17,schwach,1.5772,B365,1,3:5,niederlage,0
SP1-1718-2018-01-06-valencia-girona,2018-01-06,SP1,La Liga,1,1718,valencia,girona,10,17,schwach,1.6952,B365,8,2:1,sieg,1
SP2-1718-2018-01-06-vallecano-gimnastic,2018-01-06,SP2,LaLiga 2,2,1718,vallecano,gimnastic,18,19,schwach,1.54,B365,4,2:3,niederlage,0
P1-1718-2018-01-07-porto-guimaraes,2018-01-07,P1,Primeira Liga,1,1718,porto,guimaraes,7,16,schwach,1.2185,B365,22,4:2,sieg,1
F1-1718-2018-01-14-lyon-angers,2018-01-14,F1,Ligue 1,1,1718,lyon,angers,19,19,schwach,1.512,B365,14,1:1,unentschieden,0
SP2-1718-2018-01-18-osasuna-gimnastic,2018-01-18,SP2,LaLiga 2,2,1718,osasuna,gimnastic,18,21,schwach,1.7156,B365,30,0:2,niederlage,0
SP2-1718-2018-01-19-granada-zaragoza,2018-01-19,SP2,LaLiga 2,2,1718,granada,zaragoza,14,22,schwach,1.7629,B365,12,2:1,sieg,1
SP1-1718-2018-01-21-real-madrid-la-coruna,2018-01-21,SP1,La Liga,1,1718,real madrid,la coruna,18,19,schwach,1.2027,B365,23,7:1,sieg,1
D1-1718-2018-01-21-bayern-munich-werder-bremen,2018-01-21,D1,Bundesliga,1,1718,bayern munich,werder bremen,16,18,schwach,1.1779,B365,25,4:2,sieg,1
SP1-1718-2018-01-22-eibar-malaga,2018-01-22,SP1,La Liga,1,1718,eibar,malaga,20,19,schwach,1.751,B365,16,1:1,unentschieden,0
B1-1718-2018-01-24-anderlecht-waasland-beveren,2018-01-24,B1,Belgien Pro League,1,1718,anderlecht,waasland beveren,9,22,schwach,1.4912,B365,11,2:2,unentschieden,0
N1-1718-2018-01-26-heerenveen-sparta-rotterdam,2018-01-26,N1,Eredivisie,1,1718,heerenveen,sparta rotterdam,18,19,schwach,1.5964,B365,3,2:1,sieg,1
D1-1718-2018-01-27-bayern-munich-hoffenheim,2018-01-27,D1,Bundesliga,1,1718,bayern munich,hoffenheim,9,19,schwach,1.2615,B365,3,5:2,sieg,1
SC0-1718-2018-01-27-aberdeen-kilmarnock,2018-01-27,SC0,Scottish Premiership,1,1718,aberdeen,kilmarnock,7,21,schwach,1.7245,B365,28,3:1,sieg,1
SP1-1718-2018-01-28-barcelona-alaves,2018-01-28,SP1,La Liga,1,1718,barcelona,alaves,17,20,schwach,1.1397,B365,23,2:1,sieg,1
I1-1718-2018-01-28-fiorentina-verona,2018-01-28,I1,Serie A,1,1718,fiorentina,verona,19,21,schwach,1.3491,B365,11,1:4,niederlage,0
I1-1718-2018-01-28-napoli-bologna,2018-01-28,I1,Serie A,1,1718,napoli,bologna,12,21,schwach,1.236,B365,1,3:1,sieg,1
G1-1718-2018-01-28-xanthi-levadeiakos,2018-01-28,G1,Griechenland Super League,1,1718,xanthi,levadeiakos,9,18,schwach,1.7784,B365,31,2:1,sieg,1
E0-1718-2018-01-31-southampton-brighton,2018-01-31,E0,Premier League,1,1718,Southampton,Brighton,16,24,schwach,1.7917,B365,14,1:1,unentschieden,0
P1-1718-2018-02-03-benfica-rio-ave,2018-02-03,P1,Primeira Liga,1,1718,benfica,rio ave,5,20,stark,1.3314,B365,9,5:1,sieg,1
N1-1718-2018-02-04-ajax-nac-breda,2018-02-04,N1,Eredivisie,1,1718,ajax,nac breda,16,20,schwach,1.1344,B365,6,3:1,sieg,1
B1-1718-2018-02-04-club-brugge-charleroi,2018-02-04,B1,Belgien Pro League,1,1718,club brugge,charleroi,2,24,stark,1.5383,B365,23,3:3,unentschieden,0
I1-1718-2018-02-10-napoli-lazio,2018-02-10,I1,Serie A,1,1718,napoli,lazio,3,23,stark,1.6938,B365,3,4:1,sieg,1
I1-1718-2018-02-11-roma-benevento,2018-02-11,I1,Serie A,1,1718,roma,benevento,20,23,schwach,1.2025,B365,7,5:2,sieg,1
F1-1718-2018-02-11-lyon-rennes,2018-02-11,F1,Ligue 1,1,1718,lyon,rennes,10,24,schwach,1.5772,B365,5,0:2,niederlage,0
I2-1718-2018-02-11-cittadella-novara,2018-02-11,I2,Serie B,2,1718,cittadella,novara,17,24,schwach,1.7773,B365,11,1:3,niederlage,0
F1-1718-2018-02-17-paris-sg-strasbourg,2018-02-17,F1,Ligue 1,1,1718,paris sg,strasbourg,13,25,schwach,1.1299,B365,6,5:2,sieg,1
D2-1718-2018-02-17-ingolstadt-st-pauli,2018-02-17,D2,2. Bundesliga,2,1718,ingolstadt,st pauli,11,22,schwach,1.7221,B365,30,0:1,niederlage,0
B1-1718-2018-02-18-gent-mechelen,2018-02-18,B1,Belgien Pro League,1,1718,gent,mechelen,15,26,schwach,1.6571,B365,2,2:2,unentschieden,0
SP1-1718-2018-02-24-barcelona-girona,2018-02-24,SP1,La Liga,1,1718,barcelona,girona,8,24,schwach,1.2025,B365,3,6:1,sieg,1
N1-1718-2018-02-24-az-alkmaar-sparta-rotterdam,2018-02-24,N1,Eredivisie,1,1718,az alkmaar,sparta rotterdam,18,24,schwach,1.3776,B365,19,2:1,sieg,1
E1-1718-2018-02-24-preston-ipswich,2018-02-24,E1,Championship,2,1718,preston,Ipswich,14,33,schwach,1.7905,B365,21,0:1,niederlage,0
N1-1718-2018-02-25-utrecht-twente,2018-02-25,N1,Eredivisie,1,1718,utrecht,twente,16,24,schwach,1.7092,B365,10,3:1,sieg,1
F1-1718-2018-03-02-monaco-bordeaux,2018-03-02,F1,Ligue 1,1,1718,monaco,bordeaux,8,27,schwach,1.6825,B365,32,2:1,sieg,1
E1-1718-2018-03-03-millwall-sunderland,2018-03-03,E1,Championship,2,1718,millwall,Sunderland,24,34,schwach,1.6896,B365,29,1:1,unentschieden,0
F1-1718-2018-03-04-marseille-nantes,2018-03-04,F1,Ligue 1,1,1718,marseille,nantes,7,27,schwach,1.6011,B365,11,1:1,unentschieden,0
T1-1718-2018-03-04-fenerbahce-akhisar-belediyespor,2018-03-04,T1,Süper Lig,1,1718,fenerbahce,akhisar belediyespor,11,23,schwach,1.4138,B365,14,2:3,niederlage,0
SP2-1718-2018-03-04-huesca-almeria,2018-03-04,SP2,LaLiga 2,2,1718,huesca,almeria,14,28,schwach,1.6391,B365,6,2:2,unentschieden,0
P1-1718-2018-03-10-rio-ave-feirense,2018-03-10,P1,Primeira Liga,1,1718,rio ave,feirense,15,25,schwach,1.6857,B365,8,2:1,sieg,1
T1-1718-2018-03-11-galatasaray-konyaspor,2018-03-11,T1,Süper Lig,1,1718,galatasaray,konyaspor,17,24,schwach,1.2986,B365,2,2:1,sieg,1
T1-1718-2018-03-11-kayserispor-karabukspor,2018-03-11,T1,Süper Lig,1,1718,kayserispor,karabukspor,18,24,schwach,1.305,B365,22,3:2,sieg,1
G1-1718-2018-03-11-lamia-levadeiakos,2018-03-11,G1,Griechenland Super League,1,1718,lamia,levadeiakos,11,24,schwach,1.7773,B365,33,1:1,unentschieden,0
E1-1718-2018-03-13-aston-villa-qpr,2018-03-13,E1,Championship,2,1718,Aston Villa,qpr,16,36,schwach,1.6462,B365,12,1:3,niederlage,0
F1-1718-2018-03-16-monaco-lille,2018-03-16,F1,Ligue 1,1,1718,monaco,lille,19,29,schwach,1.3506,B365,16,2:1,sieg,1
F1-1718-2018-03-17-montpellier-dijon,2018-03-17,F1,Ligue 1,1,1718,montpellier,dijon,10,29,schwach,1.6949,B365,26,2:2,unentschieden,0
I1-1718-2018-03-18-lazio-bologna,2018-03-18,I1,Serie A,1,1718,lazio,bologna,12,28,schwach,1.42,B365,3,1:1,unentschieden,0
SP2-1718-2018-03-18-valladolid-almeria,2018-03-18,SP2,LaLiga 2,2,1718,valladolid,almeria,16,30,schwach,1.678,B365,3,2:1,sieg,1
E1-1718-2018-03-30-derby-sunderland,2018-03-30,E1,Championship,2,1718,derby,Sunderland,24,38,schwach,1.5339,B365,10,1:4,niederlage,0
F2-1718-2018-03-30-auxerre-bourg-peronnas,2018-03-30,F2,Ligue 2,2,1718,auxerre,bourg peronnas,17,30,schwach,1.7761,B365,12,3:1,sieg,1
N1-1718-2018-03-31-vitesse-roda,2018-03-31,N1,Eredivisie,1,1718,vitesse,roda,17,28,schwach,1.3314,B365,24,0:3,niederlage,0
SC0-1718-2018-04-03-hibernian-hamilton,2018-04-03,SC0,Scottish Premiership,1,1718,hibernian,hamilton,9,30,schwach,1.5349,B365,9,3:1,sieg,1
F1-1718-2018-04-07-monaco-nantes,2018-04-07,F1,Ligue 1,1,1718,monaco,nantes,8,31,schwach,1.5772,B365,32,2:1,sieg,1
E0-1718-2018-04-08-arsenal-southampton,2018-04-08,E0,Premier League,1,1718,Arsenal,Southampton,18,31,schwach,1.6106,B365,17,3:2,sieg,1
E1-1718-2018-04-10-preston-leeds,2018-04-10,E1,Championship,2,1718,preston,Leeds,13,41,schwach,1.7951,B365,13,3:1,sieg,1
D2-1718-2018-04-13-bochum-kaiserslautern,2018-04-13,D2,2. Bundesliga,2,1718,bochum,kaiserslautern,18,29,schwach,1.7607,B365,7,3:2,sieg,1
SP1-1718-2018-04-14-ath-bilbao-la-coruna,2018-04-14,SP1,La Liga,1,1718,ath bilbao,la coruna,18,31,schwach,1.7445,B365,6,2:3,niederlage,0
D1-1718-2018-04-14-bayern-munich-m-gladbach,2018-04-14,D1,Bundesliga,1,1718,bayern munich,m gladbach,8,29,schwach,1.3976,B365,9,5:1,sieg,1
E1-1718-2018-04-14-hull-sheffield-weds,2018-04-14,E1,Championship,2,1718,hull,sheffield weds,17,42,schwach,1.7875,B365,18,0:1,niederlage,0
I2-1718-2018-04-14-empoli-pro-vercelli,2018-04-14,I2,Serie B,2,1718,empoli,pro vercelli,21,34,schwach,1.4138,B365,8,3:2,sieg,1
I1-1718-2018-04-15-sassuolo-benevento,2018-04-15,I1,Serie A,1,1718,sassuolo,benevento,20,31,schwach,1.7542,B365,22,2:2,unentschieden,0
SP1-1718-2018-04-18-real-madrid-ath-bilbao,2018-04-18,SP1,La Liga,1,1718,real madrid,ath bilbao,13,32,schwach,1.2692,B365,14,1:1,unentschieden,0
SP1-1718-2018-04-18-valencia-getafe,2018-04-18,SP1,La Liga,1,1718,valencia,getafe,10,32,schwach,1.54,B365,16,1:2,niederlage,0
I1-1718-2018-04-21-milan-benevento,2018-04-21,I1,Serie A,1,1718,milan,benevento,20,33,schwach,1.2624,B365,29,0:1,niederlage,0
F1-1718-2018-04-22-st-etienne-troyes,2018-04-22,F1,Ligue 1,1,1718,st etienne,troyes,18,33,schwach,1.575,B365,8,2:1,sieg,1
G1-1718-2018-04-22-paok-xanthi,2018-04-22,G1,Griechenland Super League,1,1718,paok,xanthi,5,27,stark,1.3083,B365,16,2:1,sieg,1
E1-1718-2018-04-27-fulham-sunderland,2018-04-27,E1,Championship,2,1718,Fulham,Sunderland,24,44,schwach,1.2082,B365,28,2:1,sieg,1
SP1-1718-2018-04-28-espanol-las-palmas,2018-04-28,SP1,La Liga,1,1718,espanol,las palmas,19,34,schwach,1.4295,B365,29,1:1,unentschieden,0
N1-1718-2018-04-29-feyenoord-sparta-rotterdam,2018-04-29,N1,Eredivisie,1,1718,feyenoord,sparta rotterdam,17,32,schwach,1.2986,B365,34,3:1,sieg,1
SP1-1718-2018-04-30-betis-malaga,2018-04-30,SP1,La Liga,1,1718,betis,malaga,20,34,schwach,1.512,B365,20,2:1,sieg,1
I2-1718-2018-05-01-perugia-salernitana,2018-05-01,I2,Serie B,2,1718,perugia,salernitana,12,38,schwach,1.7156,B365,20,1:1,unentschieden,0
D1-1718-2018-05-05-dortmund-mainz,2018-05-05,D1,Bundesliga,1,1718,dortmund,mainz,14,32,schwach,1.3664,B365,4,1:2,niederlage,0
I1-1718-2018-05-05-juventus-bologna,2018-05-05,I1,Serie A,1,1718,juventus,bologna,12,35,schwach,1.1941,B365,30,3:1,sieg,1
T1-1718-2018-05-05-trabzonspor-kasimpasa,2018-05-05,T1,Süper Lig,1,1718,trabzonspor,kasimpasa,9,31,schwach,1.4826,B365,11,2:5,niederlage,0
F1-1718-2018-05-06-marseille-nice,2018-05-06,F1,Ligue 1,1,1718,marseille,nice,7,35,schwach,1.7885,B365,5,2:1,sieg,1
F2-1718-2018-05-11-clermont-paris,2018-05-11,F2,Ligue 2,2,1718,clermont,paris,8,37,schwach,1.634,B365,33,2:2,unentschieden,0
D1-1718-2018-05-12-bayern-munich-stuttgart,2018-05-12,D1,Bundesliga,1,1718,bayern munich,stuttgart,8,33,schwach,1.2223,B365,5,1:4,niederlage,0
I1-1718-2018-05-12-inter-sassuolo,2018-05-12,I1,Serie A,1,1718,inter,sassuolo,12,36,schwach,1.2223,B365,25,1:2,niederlage,0
F1-1718-2018-05-12-lille-dijon,2018-05-12,F1,Ligue 1,1,1718,lille,dijon,12,36,schwach,1.575,B365,11,2:1,sieg,1
SP2-1718-2018-05-12-sp-gijon-barcelona-b,2018-05-12,SP2,LaLiga 2,2,1718,sp gijon,barcelona b,20,38,schwach,1.6375,B365,12,2:3,niederlage,0
E0-1718-2018-05-13-tottenham-leicester,2018-05-13,E0,Premier League,1,1718,Tottenham,Leicester,9,37,schwach,1.3694,B365,4,5:4,sieg,1
SP2-1718-2018-05-13-huesca-alcorcon,2018-05-13,SP2,LaLiga 2,2,1718,huesca,alcorcon,16,38,schwach,1.7761,B365,26,1:1,unentschieden,0
I2-1718-2018-05-18-empoli-perugia,2018-05-18,I2,Serie B,2,1718,empoli,perugia,8,41,schwach,1.7501,B365,2,2:1,sieg,1
F1-1718-2018-05-19-lyon-nice,2018-05-19,F1,Ligue 1,1,1718,lyon,nice,6,37,stark,1.5247,B365,18,3:2,sieg,1
T1-1718-2018-05-19-buyuksehyr-kasimpasa,2018-05-19,T1,Süper Lig,1,1718,buyuksehyr,kasimpasa,8,33,schwach,1.2557,B365,6,3:2,sieg,1
B1-1819-2018-07-28-oostende-mouscron,2018-07-28,B1,Belgien Pro League,1,1819,oostende,mouscron,,0,unbekannt,1.6266,B365,23,2:1,sieg,1
E1-1819-2018-08-04-west-brom-bolton,2018-08-04,E1,Championship,2,1819,west brom,bolton,,0,unbekannt,1.48,B365,18,1:2,niederlage,0
T1-1819-2018-08-11-fenerbahce-bursaspor,2018-08-11,T1,Süper Lig,1,1819,fenerbahce,bursaspor,,0,unbekannt,1.4533,B365,16,2:1,sieg,1
D2-1819-2018-08-12-holstein-kiel-heidenheim,2018-08-12,D2,2. Bundesliga,2,1819,holstein kiel,heidenheim,12,1,schwach,1.7049,B365,15,1:1,unentschieden,0
SP1-1819-2018-08-19-eibar-huesca,2018-08-19,SP1,La Liga,1,1819,eibar,huesca,,0,unbekannt,1.7445,B365,5,1:2,niederlage,0
B1-1819-2018-08-19-genk-charleroi,2018-08-19,B1,Belgien Pro League,1,1819,genk,charleroi,11,3,schwach,1.4947,B365,28,3:1,sieg,1
E1-1819-2018-08-22-blackburn-reading,2018-08-22,E1,Championship,2,1819,blackburn,reading,23,3,schwach,1.7714,B365,12,2:2,unentschieden,0
E0-1819-2018-08-25-arsenal-west-ham,2018-08-25,E0,Premier League,1,1819,Arsenal,West Ham,19,2,schwach,1.3984,B365,25,3:1,sieg,1
I1-1819-2018-08-25-napoli-milan,2018-08-25,I1,Serie A,1,1819,napoli,milan,,0,unbekannt,1.6952,B365,15,3:2,sieg,1
B1-1819-2018-08-25-charleroi-kortrijk,2018-08-25,B1,Belgien Pro League,1,1819,charleroi,kortrijk,13,4,schwach,1.6803,B365,9,0:2,niederlage,0
T1-1819-2018-08-26-besiktas-antalyaspor,2018-08-26,T1,Süper Lig,1,1819,besiktas,antalyaspor,16,2,schwach,1.2769,B365,20,2:3,niederlage,0
E0-1819-2018-09-01-everton-huddersfield,2018-09-01,E0,Premier League,1,1819,Everton,huddersfield,19,3,schwach,1.5683,B365,34,1:1,unentschieden,0
SP1-1819-2018-09-02-barcelona-huesca,2018-09-02,SP1,La Liga,1,1819,barcelona,huesca,7,2,schwach,1.1354,B365,3,8:2,sieg,1
B1-1819-2018-09-14-club-brugge-lokeren,2018-09-14,B1,Belgien Pro League,1,1819,club brugge,lokeren,14,6,schwach,1.2439,B365,8,2:1,sieg,1
E0-1819-2018-09-15-chelsea-cardiff,2018-09-15,E0,Premier League,1,1819,Chelsea,cardiff,16,4,schwach,1.2096,B365,16,4:1,sieg,1
D1-1819-2018-09-15-bayern-munich-leverkusen,2018-09-15,D1,Bundesliga,1,1819,bayern munich,leverkusen,17,2,schwach,1.2637,B365,5,3:1,sieg,1
SP1-1819-2018-09-16-sevilla-getafe,2018-09-16,SP1,La Liga,1,1819,sevilla,getafe,10,3,schwach,1.6089,B365,3,0:2,niederlage,0
B1-1819-2018-09-16-gent-st-truiden,2018-09-16,B1,Belgien Pro League,1,1819,gent,st truiden,9,6,schwach,1.5964,B365,21,1:2,niederlage,0
E0-1819-2018-09-22-leicester-huddersfield,2018-09-22,E0,Premier League,1,1819,Leicester,huddersfield,18,5,schwach,1.6502,B365,5,3:1,sieg,1
F1-1819-2018-09-22-st-etienne-caen,2018-09-22,F1,Ligue 1,1,1819,st etienne,caen,14,5,schwach,1.7209,B365,31,2:1,sieg,1
SP2-1819-2018-09-22-zaragoza-lugo,2018-09-22,SP2,LaLiga 2,2,1819,zaragoza,lugo,16,5,schwach,1.6776,B365,21,0:2,niederlage,0
D2-1819-2018-09-23-hamburg-regensburg,2018-09-23,D2,2. Bundesliga,2,1819,hamburg,regensburg,15,5,schwach,1.6729,B365,11,0:5,niederlage,0
F1-1819-2018-09-26-marseille-strasbourg,2018-09-26,F1,Ligue 1,1,1819,marseille,strasbourg,11,6,schwach,1.512,B365,27,3:2,sieg,1
F1-1819-2018-09-26-paris-sg-reims,2018-09-26,F1,Ligue 1,1,1819,paris sg,reims,13,6,schwach,1.1778,B365,2,4:1,sieg,1
F2-1819-2018-09-28-clermont-ajaccio-gfco,2018-09-28,F2,Ligue 2,2,1819,clermont,ajaccio gfco,11,8,schwach,1.7419,B365,32,1:1,unentschieden,0
G1-1819-2018-09-29-panathinaikos-giannina,2018-09-29,G1,Griechenland Super League,1,1819,panathinaikos,giannina,7,4,schwach,1.7668,B365,23,2:1,sieg,1
N1-1819-2018-09-30-feyenoord-vitesse,2018-09-30,N1,Eredivisie,1,1819,feyenoord,vitesse,7,6,schwach,1.5942,B365,32,2:1,sieg,1
T1-1819-2018-10-01-buyuksehyr-yeni-malatyaspor,2018-10-01,T1,Süper Lig,1,1819,buyuksehyr,yeni malatyaspor,9,6,schwach,1.4196,B365,30,1:1,unentschieden,0
E1-1819-2018-10-02-brentford-birmingham,2018-10-02,E1,Championship,2,1819,Brentford,birmingham,16,10,schwach,1.7037,B365,26,1:1,unentschieden,0
E0-1819-2018-10-06-man-united-newcastle,2018-10-06,E0,Premier League,1,1819,Manchester United,Newcastle,18,7,schwach,1.48,B365,7,3:2,sieg,1
D1-1819-2018-10-06-bayern-munich-m-gladbach,2018-10-06,D1,Bundesliga,1,1819,bayern munich,m gladbach,5,6,stark,1.2637,B365,10,0:3,niederlage,0
D1-1819-2018-10-06-dortmund-augsburg,2018-10-06,D1,Bundesliga,1,1819,dortmund,augsburg,8,6,schwach,1.5089,B365,22,4:3,sieg,1
E1-1819-2018-10-06-west-brom-reading,2018-10-06,E1,Championship,2,1819,west brom,reading,20,11,schwach,1.5719,B365,6,4:1,sieg,1
I2-1819-2018-10-06-foggia-ascoli,2018-10-06,I2,Serie B,2,1819,foggia,ascoli,13,5,schwach,1.7773,B365,5,3:2,sieg,1
D2-1819-2018-10-08-koln-duisburg,2018-10-08,D2,2. Bundesliga,2,1819,koln,duisburg,18,8,schwach,1.4947,B365,9,1:2,niederlage,0
SP1-1819-2018-10-20-real-madrid-levante,2018-10-20,SP1,La Liga,1,1819,real madrid,levante,11,8,schwach,1.1941,B365,6,1:2,niederlage,0
D1-1819-2018-10-20-leverkusen-hannover,2018-10-20,D1,Bundesliga,1,1819,leverkusen,hannover,16,7,schwach,1.5772,B365,25,2:2,unentschieden,0
E0-1819-2018-10-22-arsenal-leicester,2018-10-22,E0,Premier League,1,1819,Arsenal,Leicester,11,8,schwach,1.5754,B365,31,3:1,sieg,1
SC0-1819-2018-10-27-kilmarnock-hamilton,2018-10-27,SC0,Scottish Premiership,1,1819,kilmarnock,hamilton,9,9,schwach,1.5257,B365,34,1:1,unentschieden,0
E1-1819-2018-10-27-leeds-nott-m-forest,2018-10-27,E1,Championship,2,1819,Leeds,Nottingham Forest,8,14,schwach,1.7987,B365,11,1:1,unentschieden,0
D2-1819-2018-10-27-koln-heidenheim,2018-10-27,D2,2. Bundesliga,2,1819,koln,heidenheim,8,10,schwach,1.4533,B365,9,1:1,unentschieden,0
F1-1819-2018-10-28-rennes-reims,2018-10-28,F1,Ligue 1,1,1819,rennes,reims,16,10,schwach,1.7957,B365,16,0:2,niederlage,0
F2-1819-2018-11-02-brest-red-star,2018-11-02,F2,Ligue 2,2,1819,brest,red star,19,12,schwach,1.652,B365,34,1:1,unentschieden,0
F2-1819-2018-11-05-metz-auxerre,2018-11-05,F2,Ligue 2,2,1819,metz,auxerre,18,12,schwach,1.7033,B365,32,0:1,niederlage,0
I1-1819-2018-11-10-torino-parma,2018-11-10,I1,Serie A,1,1819,torino,parma,12,11,schwach,1.5123,B365,9,1:2,niederlage,0
E0-1819-2018-11-11-arsenal-wolves,2018-11-11,E0,Premier League,1,1819,Arsenal,Wolves,11,11,schwach,1.7114,B365,13,1:1,unentschieden,0
SP1-1819-2018-11-11-barcelona-betis,2018-11-11,SP1,La Liga,1,1819,barcelona,betis,15,11,schwach,1.2593,B365,20,3:4,niederlage,0
F2-1819-2018-11-12-brest-nancy,2018-11-12,F2,Ligue 2,2,1819,brest,nancy,20,13,schwach,1.6464,B365,21,2:1,sieg,1
B1-1819-2018-11-23-club-brugge-waregem,2018-11-23,B1,Belgien Pro League,1,1819,club brugge,waregem,13,15,schwach,1.4416,B365,12,1:3,niederlage,0
SP2-1819-2018-11-23-granada-sp-gijon,2018-11-23,SP2,LaLiga 2,2,1819,granada,sp gijon,14,14,schwach,1.6699,B365,14,1:2,niederlage,0
B1-1819-2018-11-24-genk-cercle-brugge,2018-11-24,B1,Belgien Pro League,1,1819,genk,cercle brugge,9,15,schwach,1.243,B365,26,1:2,niederlage,0
E1-1819-2018-11-24-millwall-bolton,2018-11-24,E1,Championship,2,1819,millwall,bolton,23,17,schwach,1.6502,B365,12,1:1,unentschieden,0
E0-1819-2018-11-25-wolves-huddersfield,2018-11-25,E0,Premier League,1,1819,Wolves,huddersfield,20,12,schwach,1.5339,B365,6,0:2,niederlage,0
SP1-1819-2018-11-25-espanol-girona,2018-11-25,SP1,La Liga,1,1819,espanol,girona,11,12,schwach,1.7498,B365,4,1:3,niederlage,0
D1-1819-2018-11-25-m-gladbach-hannover,2018-11-25,D1,Bundesliga,1,1819,m gladbach,hannover,16,11,schwach,1.5257,B365,1,4:1,sieg,1
N1-1819-2018-12-01-az-alkmaar-willem-ii,2018-12-01,N1,Eredivisie,1,1819,az alkmaar,willem ii,13,13,schwach,1.4954,B365,3,0:2,niederlage,0
B1-1819-2018-12-01-antwerp-st-truiden,2018-12-01,B1,Belgien Pro League,1,1819,antwerp,st truiden,5,16,stark,1.7773,B365,9,1:3,niederlage,0
E1-1819-2018-12-01-norwich-rotherham,2018-12-01,E1,Championship,2,1819,norwich,rotherham,19,19,schwach,1.4894,B365,11,3:1,sieg,1
E0-1819-2018-12-05-everton-newcastle,2018-12-05,E0,Premier League,1,1819,Everton,Newcastle,14,14,schwach,1.6462,B365,19,1:1,unentschieden,0
SC0-1819-2018-12-05-hibernian-st-mirren,2018-12-05,SC0,Scottish Premiership,1,1819,hibernian,st mirren,11,15,schwach,1.4861,B365,6,2:2,unentschieden,0
SC0-1819-2018-12-05-rangers-aberdeen,2018-12-05,SC0,Scottish Premiership,1,1819,rangers,aberdeen,7,13,schwach,1.6304,B365,7,0:1,niederlage,0
P1-1819-2018-12-07-porto-portimonense,2018-12-07,P1,Primeira Liga,1,1819,porto,portimonense,11,11,schwach,1.2191,B365,9,4:1,sieg,1
I1-1819-2018-12-08-lazio-sampdoria,2018-12-08,I1,Serie A,1,1819,lazio,sampdoria,10,14,schwach,1.5089,B365,21,2:2,unentschieden,0
E1-1819-2018-12-08-leeds-qpr,2018-12-08,E1,Championship,2,1819,Leeds,qpr,11,20,schwach,1.7488,B365,26,2:1,sieg,1
E1-1819-2018-12-08-middlesbrough-blackburn,2018-12-08,E1,Championship,2,1819,middlesbrough,blackburn,10,20,schwach,1.7905,B365,22,1:1,unentschieden,0
SP1-1819-2018-12-09-sociedad-valladolid,2018-12-09,SP1,La Liga,1,1819,sociedad,valladolid,15,14,schwach,1.6949,B365,16,1:2,niederlage,0
P1-1819-2018-12-09-sp-lisbon-aves,2018-12-09,P1,Primeira Liga,1,1819,sp lisbon,aves,13,11,schwach,1.3342,B365,17,4:1,sieg,1
SP2-1819-2018-12-09-alcorcon-reus-deportiu,2018-12-09,SP2,LaLiga 2,2,1819,alcorcon,reus deportiu,20,16,schwach,1.4474,B365,21,0:1,niederlage,0
T1-1819-2018-12-10-kasimpasa-kayserispor,2018-12-10,T1,Süper Lig,1,1819,kasimpasa,kayserispor,17,14,schwach,1.5383,B365,21,0:3,niederlage,0
D2-1819-2018-12-14-holstein-kiel-bielefeld,2018-12-14,D2,2. Bundesliga,2,1819,holstein kiel,bielefeld,14,16,schwach,1.7553,B365,34,1:2,niederlage,0
F2-1819-2018-12-14-lorient-niort,2018-12-14,F2,Ligue 2,2,1819,lorient,niort,6,17,stark,1.669,B365,34,1:1,unentschieden,0
N1-1819-2018-12-15-az-alkmaar-excelsior,2018-12-15,N1,Eredivisie,1,1819,az alkmaar,excelsior,13,15,schwach,1.2602,B365,30,2:1,sieg,1
G1-1819-2018-12-15-asteras-tripolis-ofi-crete,2018-12-15,G1,Griechenland Super League,1,1819,asteras tripolis,ofi crete,12,13,schwach,1.54,B365,26,2:1,sieg,1
I1-1819-2018-12-16-roma-genoa,2018-12-16,I1,Serie A,1,1819,roma,genoa,15,15,schwach,1.5089,B365,17,3:2,sieg,1
P1-1819-2018-12-16-sp-lisbon-nacional,2018-12-16,P1,Primeira Liga,1,1819,sp lisbon,nacional,13,12,schwach,1.2439,B365,6,5:2,sieg,1
D2-1819-2018-12-21-koln-bochum,2018-12-21,D2,2. Bundesliga,2,1819,koln,bochum,8,17,schwach,1.552,B365,1,2:3,niederlage,0
N1-1819-2018-12-22-psv-eindhoven-az-alkmaar,2018-12-22,N1,Eredivisie,1,1819,psv eindhoven,az alkmaar,5,16,stark,1.4533,B365,16,3:1,sieg,1
F2-1819-2018-12-22-lens-ajaccio,2018-12-22,F2,Ligue 2,2,1819,lens,ajaccio,15,18,schwach,1.7649,B365,13,1:2,niederlage,0
P1-1819-2018-12-23-porto-rio-ave,2018-12-23,P1,Primeira Liga,1,1819,porto,rio ave,10,13,schwach,1.2593,B365,12,2:1,sieg,1
T1-1819-2018-12-23-galatasaray-sivasspor,2018-12-23,T1,Süper Lig,1,1819,galatasaray,sivasspor,9,16,schwach,1.7645,B365,9,4:2,sieg,1
B1-1819-2018-12-26-genk-gent,2018-12-26,B1,Belgien Pro League,1,1819,genk,gent,7,20,schwach,1.678,B365,6,3:1,sieg,1
E1-1819-2018-12-26-middlesbrough-sheffield-weds,2018-12-26,E1,Championship,2,1819,middlesbrough,sheffield weds,17,23,schwach,1.6168,B365,20,0:1,niederlage,0
E0-1819-2018-12-29-liverpool-arsenal,2018-12-29,E0,Premier League,1,1819,Liverpool,Arsenal,5,19,stark,1.5942,B365,11,5:1,sieg,1
I1-1819-2018-12-29-milan-spal,2018-12-29,I1,Serie A,1,1819,milan,spal,15,18,schwach,1.5893,B365,13,2:1,sieg,1
E1-1819-2018-12-29-leeds-hull,2018-12-29,E1,Championship,2,1819,Leeds,hull,15,24,schwach,1.5964,B365,25,0:2,niederlage,0
E1-1819-2018-12-29-west-brom-sheffield-weds,2018-12-29,E1,Championship,2,1819,west brom,sheffield weds,16,24,schwach,1.5383,B365,5,1:1,unentschieden,0
SP1-1819-2019-01-06-real-madrid-sociedad,2019-01-06,SP1,La Liga,1,1819,real madrid,sociedad,15,17,schwach,1.399,B365,3,0:2,niederlage,0
P1-1819-2019-01-06-benfica-rio-ave,2019-01-06,P1,Primeira Liga,1,1819,benfica,rio ave,10,15,schwach,1.305,B365,17,4:2,sieg,1
SP2-1819-2019-01-06-malaga-reus-deportiu,2019-01-06,SP2,LaLiga 2,2,1819,malaga,reus deportiu,21,19,schwach,1.2464,B365,11,0:3,niederlage,0
F1-1819-2019-01-11-lyon-reims,2019-01-11,F1,Ligue 1,1,1819,lyon,reims,9,19,schwach,1.5156,B365,34,1:1,unentschieden,0
G1-1819-2019-01-13-panathinaikos-xanthi,2019-01-13,G1,Griechenland Super League,1,1819,panathinaikos,xanthi,8,14,schwach,1.629,B365,19,2:2,unentschieden,0
F2-1819-2019-01-15-le-havre-valenciennes,2019-01-15,F2,Ligue 2,2,1819,le havre,valenciennes,16,19,schwach,1.6803,B365,16,4:3,sieg,1
F1-1819-2019-01-18-lille-amiens,2019-01-18,F1,Ligue 1,1,1819,lille,amiens,17,20,schwach,1.7453,B365,5,2:1,sieg,1
F2-1819-2019-01-18-lorient-ajaccio-gfco,2019-01-18,F2,Ligue 2,2,1819,lorient,ajaccio gfco,15,20,schwach,1.5427,B365,18,0:1,niederlage,0
E0-1819-2019-01-19-liverpool-crystal-palace,2019-01-19,E0,Premier League,1,1819,Liverpool,Crystal Palace,14,22,schwach,1.2306,B365,34,4:3,sieg,1
SP2-1819-2019-01-19-malaga-lugo,2019-01-19,SP2,LaLiga 2,2,1819,malaga,lugo,14,21,schwach,1.629,B365,8,2:1,sieg,1
B1-1819-2019-01-20-club-brugge-charleroi,2019-01-20,B1,Belgien Pro League,1,1819,club brugge,charleroi,8,21,schwach,1.5964,B365,17,0:1,niederlage,0
T1-1819-2019-01-21-kasimpasa-rizespor,2019-01-21,T1,Süper Lig,1,1819,kasimpasa,rizespor,18,17,schwach,1.7645,B365,23,0:1,niederlage,0
SC0-1819-2019-01-23-hearts-dundee,2019-01-23,SC0,Scottish Premiership,1,1819,hearts,dundee,12,21,schwach,1.4978,B365,24,1:2,niederlage,0
B1-1819-2019-01-26-charleroi-waasland-beveren,2019-01-26,B1,Belgien Pro League,1,1819,charleroi,waasland beveren,13,22,schwach,1.4563,B365,15,2:2,unentschieden,0
B1-1819-2019-01-26-genk-mouscron,2019-01-26,B1,Belgien Pro League,1,1819,genk,mouscron,14,22,schwach,1.2185,B365,17,1:2,niederlage,0
I1-1819-2019-01-27-bologna-frosinone,2019-01-27,I1,Serie A,1,1819,bologna,frosinone,20,20,schwach,1.74,B365,18,0:4,niederlage,0
B1-1819-2019-01-27-anderlecht-eupen,2019-01-27,B1,Belgien Pro League,1,1819,anderlecht,eupen,10,22,schwach,1.5415,B365,31,2:1,sieg,1
SP1-1819-2019-02-02-barcelona-valencia,2019-02-02,SP1,La Liga,1,1819,barcelona,valencia,7,21,schwach,1.339,B365,24,2:2,unentschieden,0
I1-1819-2019-02-03-inter-bologna,2019-02-03,I1,Serie A,1,1819,inter,bologna,18,21,schwach,1.4011,B365,32,0:1,niederlage,0
F2-1819-2019-02-08-clermont-valenciennes,2019-02-08,F2,Ligue 2,2,1819,clermont,valenciennes,17,23,schwach,1.4889,B365,20,0:1,niederlage,0
D1-1819-2019-02-09-m-gladbach-hertha,2019-02-09,D1,Bundesliga,1,1819,m gladbach,hertha,9,20,schwach,1.6593,B365,30,0:3,niederlage,0
SP1-1819-2019-02-10-sevilla-eibar,2019-02-10,SP1,La Liga,1,1819,sevilla,eibar,10,22,schwach,1.747,B365,22,2:2,unentschieden,0
I1-1819-2019-02-10-atalanta-spal,2019-02-10,I1,Serie A,1,1819,atalanta,spal,14,22,schwach,1.3491,B365,8,2:1,sieg,1
I1-1819-2019-02-10-sampdoria-frosinone,2019-02-10,I1,Serie A,1,1819,sampdoria,frosinone,19,22,schwach,1.5625,B365,25,0:1,niederlage,0
SC0-1819-2019-02-16-aberdeen-st-mirren,2019-02-16,SC0,Scottish Premiership,1,1819,aberdeen,st mirren,12,25,schwach,1.39,B365,20,2:2,unentschieden,0
D1-1819-2019-02-22-werder-bremen-stuttgart,2019-02-22,D1,Bundesliga,1,1819,werder bremen,stuttgart,16,22,schwach,1.6194,B365,2,1:1,unentschieden,0
E1-1819-2019-02-23-wigan-ipswich,2019-02-23,E1,Championship,2,1819,wigan,Ipswich,24,33,schwach,1.7644,B365,32,1:1,unentschieden,0
D2-1819-2019-02-23-koln-sandhausen,2019-02-23,D2,2. Bundesliga,2,1819,koln,sandhausen,17,22,schwach,1.4563,B365,4,3:1,sieg,1
SP2-1819-2019-02-24-almeria-cordoba,2019-02-24,SP2,LaLiga 2,2,1819,almeria,cordoba,21,26,schwach,1.6495,B365,17,3:1,sieg,1
SP2-1819-2019-02-24-sp-gijon-rayo-majadahonda,2019-02-24,SP2,LaLiga 2,2,1819,sp gijon,rayo majadahonda,17,26,schwach,1.6729,B365,32,2:3,niederlage,0
SC0-1819-2019-02-27-aberdeen-hamilton,2019-02-27,SC0,Scottish Premiership,1,1819,aberdeen,hamilton,11,27,schwach,1.3718,B365,34,0:2,niederlage,0
E0-1819-2019-03-02-man-united-southampton,2019-03-02,E0,Premier League,1,1819,Manchester United,Southampton,17,28,schwach,1.4928,B365,26,3:2,sieg,1
N1-1819-2019-03-02-vitesse-nac-breda,2019-03-02,N1,Eredivisie,1,1819,vitesse,nac breda,18,23,schwach,1.4533,B365,29,4:1,sieg,1
B1-1819-2019-03-02-kortrijk-cercle-brugge,2019-03-02,B1,Belgien Pro League,1,1819,kortrijk,cercle brugge,13,27,schwach,1.701,B365,10,2:1,sieg,1
T1-1819-2019-03-02-fenerbahce-rizespor,2019-03-02,T1,Süper Lig,1,1819,fenerbahce,rizespor,13,23,schwach,1.701,B365,4,3:2,sieg,1
N1-1819-2019-03-03-groningen-vvv-venlo,2019-03-03,N1,Eredivisie,1,1819,groningen,vvv venlo,8,23,schwach,1.7221,B365,20,3:2,sieg,1
SP2-1819-2019-03-03-las-palmas-extremadura-ud,2019-03-03,SP2,LaLiga 2,2,1819,las palmas,extremadura ud,19,27,schwach,1.629,B365,23,1:1,unentschieden,0
SP2-1819-2019-03-04-la-coruna-alcorcon,2019-03-04,SP2,LaLiga 2,2,1819,la coruna,alcorcon,9,27,schwach,1.7212,B365,12,2:2,unentschieden,0
SP1-1819-2019-03-08-ath-bilbao-espanol,2019-03-08,SP1,La Liga,1,1819,ath bilbao,espanol,13,26,schwach,1.7378,B365,9,1:1,unentschieden,0
F2-1819-2019-03-08-brest-valenciennes,2019-03-08,F2,Ligue 2,2,1819,brest,valenciennes,15,27,schwach,1.5893,B365,30,2:5,niederlage,0
SP1-1819-2019-03-09-barcelona-vallecano,2019-03-09,SP1,La Liga,1,1819,barcelona,vallecano,19,26,schwach,1.2223,B365,24,3:1,sieg,1
E0-1819-2019-03-10-liverpool-burnley,2019-03-10,E0,Premier League,1,1819,Liverpool,Burnley,17,29,schwach,1.1917,B365,6,4:2,sieg,1
F1-1819-2019-03-10-rennes-caen,2019-03-10,F1,Ligue 1,1,1819,rennes,caen,19,27,schwach,1.6949,B365,20,3:1,sieg,1
D1-1819-2019-03-15-m-gladbach-freiburg,2019-03-15,D1,Bundesliga,1,1819,m gladbach,freiburg,12,25,schwach,1.6371,B365,10,1:1,unentschieden,0
D1-1819-2019-03-16-augsburg-hannover,2019-03-16,D1,Bundesliga,1,1819,augsburg,hannover,17,25,schwach,1.6938,B365,8,3:1,sieg,1
N1-1819-2019-03-16-heerenveen-graafschap,2019-03-16,N1,Eredivisie,1,1819,heerenveen,graafschap,17,25,schwach,1.6,B365,3,0:3,niederlage,0
SC0-1819-2019-03-16-rangers-kilmarnock,2019-03-16,SC0,Scottish Premiership,1,1819,rangers,kilmarnock,4,29,stark,1.4138,B365,29,1:1,unentschieden,0
SP1-1819-2019-03-17-villarreal-vallecano,2019-03-17,SP1,La Liga,1,1819,villarreal,vallecano,19,27,schwach,1.6719,B365,20,3:1,sieg,1
D1-1819-2019-03-17-leverkusen-werder-bremen,2019-03-17,D1,Bundesliga,1,1819,leverkusen,werder bremen,9,25,schwach,1.6857,B365,13,1:3,niederlage,0
I1-1819-2019-03-17-atalanta-chievo,2019-03-17,I1,Serie A,1,1819,atalanta,chievo,20,27,schwach,1.2847,B365,32,1:1,unentschieden,0
B1-1819-2019-03-17-charleroi-eupen,2019-03-17,B1,Belgien Pro League,1,1819,charleroi,eupen,12,29,schwach,1.678,B365,7,1:2,niederlage,0
B1-1819-2019-03-17-club-brugge-mouscron,2019-03-17,B1,Belgien Pro League,1,1819,club brugge,mouscron,10,29,schwach,1.3776,B365,33,1:2,niederlage,0
B1-1819-2019-03-17-standard-waasland-beveren,2019-03-17,B1,Belgien Pro League,1,1819,standard,waasland beveren,14,29,schwach,1.3342,B365,15,4:3,sieg,1
N1-1819-2019-03-30-willem-ii-for-sittard,2019-03-30,N1,Eredivisie,1,1819,willem ii,for sittard,13,26,schwach,1.7223,B365,32,3:2,sieg,1
E1-1819-2019-03-30-leeds-millwall,2019-03-30,E1,Championship,2,1819,Leeds,millwall,20,37,schwach,1.5719,B365,10,3:2,sieg,1
I2-1819-2019-03-30-brescia-foggia,2019-03-30,I2,Serie B,2,1819,brescia,foggia,12,28,schwach,1.7773,B365,5,2:1,sieg,1
SP1-1819-2019-03-31-real-madrid-huesca,2019-03-31,SP1,La Liga,1,1819,real madrid,huesca,20,28,schwach,1.1694,B365,3,3:2,sieg,1
F1-1819-2019-03-31-monaco-caen,2019-03-31,F1,Ligue 1,1,1819,monaco,caen,20,29,schwach,1.4295,B365,23,0:1,niederlage,0
G1-1819-2019-03-31-aris-ofi-crete,2019-03-31,G1,Griechenland Super League,1,1819,aris,ofi crete,14,25,schwach,1.629,B365,26,3:1,sieg,1
G1-1819-2019-03-31-olympiakos-atromitos,2019-03-31,G1,Griechenland Super League,1,1819,olympiakos,atromitos,4,25,stark,1.4165,B365,30,2:1,sieg,1
T1-1819-2019-04-05-trabzonspor-antalyaspor,2019-04-05,T1,Süper Lig,1,1819,trabzonspor,antalyaspor,7,26,schwach,1.6655,B365,9,4:1,sieg,1
D1-1819-2019-04-06-wolfsburg-hannover,2019-04-06,D1,Bundesliga,1,1819,wolfsburg,hannover,18,27,schwach,1.3983,B365,30,3:1,sieg,1
E1-1819-2019-04-10-norwich-reading,2019-04-10,E1,Championship,2,1819,norwich,reading,21,40,schwach,1.3984,B365,30,2:2,unentschieden,0
E0-1819-2019-04-12-leicester-newcastle,2019-04-12,E0,Premier League,1,1819,Leicester,Newcastle,15,33,schwach,1.7037,B365,32,0:1,niederlage,0
N1-1819-2019-04-13-az-alkmaar-den-haag,2019-04-13,N1,Eredivisie,1,1819,az alkmaar,den haag,12,29,schwach,1.331,B365,32,2:3,niederlage,0
SP2-1819-2019-04-13-malaga-extremadura-ud,2019-04-13,SP2,LaLiga 2,2,1819,malaga,extremadura ud,19,32,schwach,1.629,B365,32,1:2,niederlage,0
N1-1819-2019-04-14-psv-eindhoven-graafschap,2019-04-14,N1,Eredivisie,1,1819,psv eindhoven,graafschap,16,29,schwach,1.1438,B365,26,2:1,sieg,1
E1-1819-2019-04-19-swansea-rotherham,2019-04-19,E1,Championship,2,1819,swansea,rotherham,22,42,schwach,1.7037,B365,10,4:3,sieg,1
I1-1819-2019-04-20-juventus-fiorentina,2019-04-20,I1,Serie A,1,1819,juventus,fiorentina,10,32,schwach,1.4667,B365,6,2:1,sieg,1
T1-1819-2019-04-20-galatasaray-kayserispor,2019-04-20,T1,Süper Lig,1,1819,galatasaray,kayserispor,11,28,schwach,1.4563,B365,15,3:1,sieg,1
T1-1819-2019-04-20-trabzonspor-yeni-malatyaspor,2019-04-20,T1,Süper Lig,1,1819,trabzonspor,yeni malatyaspor,5,28,stark,1.678,B365,21,2:1,sieg,1
E0-1819-2019-04-21-arsenal-crystal-palace,2019-04-21,E0,Premier League,1,1819,Arsenal,Crystal Palace,14,34,schwach,1.568,B365,17,2:3,niederlage,0
G1-1819-2019-04-21-aek-larisa,2019-04-21,G1,Griechenland Super League,1,1819,aek,larisa,10,28,schwach,1.4889,B365,28,0:1,niederlage,0
SP2-1819-2019-04-21-la-coruna-extremadura-ud,2019-04-21,SP2,LaLiga 2,2,1819,la coruna,extremadura ud,19,33,schwach,1.5931,B365,23,1:2,niederlage,0
E0-1819-2019-04-22-chelsea-burnley,2019-04-22,E0,Premier League,1,1819,Chelsea,Burnley,15,34,schwach,1.2833,B365,8,2:2,unentschieden,0
T1-1819-2019-04-26-buyuksehyr-goztep,2019-04-26,T1,Süper Lig,1,1819,buyuksehyr,goztep,17,29,schwach,1.3342,B365,7,0:2,niederlage,0
D2-1819-2019-04-26-koln-darmstadt,2019-04-26,D2,2. Bundesliga,2,1819,koln,darmstadt,12,30,schwach,1.379,B365,34,1:2,niederlage,0
E1-1819-2019-04-27-middlesbrough-reading,2019-04-27,E1,Championship,2,1819,middlesbrough,reading,20,44,schwach,1.6748,B365,11,2:1,sieg,1
F1-1819-2019-04-28-marseille-nantes,2019-04-28,F1,Ligue 1,1,1819,marseille,nantes,13,33,schwach,1.5947,B365,22,1:2,niederlage,0
SP1-1819-2019-05-03-sevilla-leganes,2019-05-03,SP1,La Liga,1,1819,sevilla,leganes,13,35,schwach,1.432,B365,8,0:3,niederlage,0
I1-1819-2019-05-03-juventus-torino,2019-05-03,I1,Serie A,1,1819,juventus,torino,6,34,stark,1.6977,B365,17,1:1,unentschieden,0
F2-1819-2019-05-03-sochaux-red-star,2019-05-03,F2,Ligue 2,2,1819,sochaux,red star,20,35,schwach,1.638,B365,7,1:2,niederlage,0
I1-1819-2019-05-05-sassuolo-frosinone,2019-05-05,I1,Serie A,1,1819,sassuolo,frosinone,19,34,schwach,1.753,B365,8,2:2,unentschieden,0
G1-1819-2019-05-05-aris-xanthi,2019-05-05,G1,Griechenland Super League,1,1819,aris,xanthi,11,29,schwach,1.4404,BbAv,15,7:2,sieg,1
E1-1819-2019-05-05-sheffield-weds-qpr,2019-05-05,E1,Championship,2,1819,sheffield weds,qpr,19,45,schwach,1.7875,B365,28,1:2,niederlage,0
I2-1819-2019-05-05-benevento-padova,2019-05-05,I2,Serie B,2,1819,benevento,padova,18,34,schwach,1.6308,B365,1,3:3,unentschieden,0
E0-1819-2019-05-12-man-united-cardiff,2019-05-12,E0,Premier League,1,1819,Manchester United,cardiff,18,37,schwach,1.3133,B365,23,0:2,niederlage,0
SP1-1819-2019-05-12-valencia-alaves,2019-05-12,SP1,La Liga,1,1819,valencia,alaves,10,36,schwach,1.4667,B365,12,3:1,sieg,1
I1-1819-2019-05-12-torino-sassuolo,2019-05-12,I1,Serie A,1,1819,torino,sassuolo,10,35,schwach,1.6061,B365,27,3:2,sieg,1
N1-1819-2019-05-12-ajax-utrecht,2019-05-12,N1,Eredivisie,1,1819,ajax,utrecht,5,32,stark,1.1989,B365,1,4:1,sieg,1
T1-1819-2019-05-12-buyuksehyr-ankaragucu,2019-05-12,T1,Süper Lig,1,1819,buyuksehyr,ankaragucu,14,31,schwach,1.3314,B365,17,2:1,sieg,1
D2-1819-2019-05-12-koln-regensburg,2019-05-12,D2,2. Bundesliga,2,1819,koln,regensburg,8,32,schwach,1.4947,B365,7,3:5,niederlage,0
N1-1819-2019-05-15-psv-eindhoven-heracles,2019-05-15,N1,Eredivisie,1,1819,psv eindhoven,heracles,7,33,schwach,1.2191,B365,1,3:1,sieg,1
N1-1819-2019-05-15-utrecht-heerenveen,2019-05-15,N1,Eredivisie,1,1819,utrecht,heerenveen,11,33,schwach,1.678,B365,30,3:1,sieg,1
SP1-1819-2019-05-18-celta-vallecano,2019-05-18,SP1,La Liga,1,1819,celta,vallecano,19,37,schwach,1.5124,B365,29,2:2,unentschieden,0
F1-1819-2019-05-24-dijon-toulouse,2019-05-24,F1,Ligue 1,1,1819,dijon,toulouse,15,37,schwach,1.5833,B365,33,2:1,sieg,1
SP2-1819-2019-05-24-malaga-zaragoza,2019-05-24,SP2,LaLiga 2,2,1819,malaga,zaragoza,14,38,schwach,1.5522,B365,9,3:1,sieg,1
I1-1819-2019-05-26-atalanta-sassuolo,2019-05-26,I1,Serie A,1,1819,atalanta,sassuolo,11,37,schwach,1.2805,B365,19,3:1,sieg,1
SP2-1819-2019-06-04-cadiz-extremadura-ud,2019-06-04,SP2,LaLiga 2,2,1819,cadiz,extremadura ud,15,39,schwach,1.498,B365,26,0:1,niederlage,0
SP2-1819-2019-06-04-oviedo-rayo-majadahonda,2019-06-04,SP2,LaLiga 2,2,1819,oviedo,rayo majadahonda,19,40,schwach,1.7092,B365,26,4:3,sieg,1
B1-1920-2019-07-26-genk-kortrijk,2019-07-26,B1,Belgien Pro League,1,1920,genk,kortrijk,,0,unbekannt,1.4463,B365,13,2:1,sieg,1
E1-1920-2019-08-03-brentford-birmingham,2019-08-03,E1,Championship,2,1920,Brentford,birmingham,,0,unbekannt,1.7341,B365,18,0:1,niederlage,0
E0-1920-2019-08-10-tottenham-aston-villa,2019-08-10,E0,Premier League,1,1920,Tottenham,Aston Villa,,0,unbekannt,1.3776,B365,9,3:1,sieg,1
B1-1920-2019-08-10-genk-waregem,2019-08-10,B1,Belgien Pro League,1,1920,genk,waregem,14,2,schwach,1.2972,B365,6,0:2,niederlage,0
N1-1920-2019-08-11-utrecht-zwolle,2019-08-11,N1,Eredivisie,1,1920,utrecht,zwolle,15,1,schwach,1.5893,B365,16,3:1,sieg,1
N1-1920-2019-08-11-psv-eindhoven-den-haag,2019-08-11,N1,Eredivisie,1,1920,psv eindhoven,den haag,13,1,schwach,1.1976,B365,33,3:1,sieg,1
D1-1920-2019-08-17-dortmund-augsburg,2019-08-17,D1,Bundesliga,1,1920,dortmund,augsburg,,0,unbekannt,1.2637,B365,1,5:1,sieg,1
B1-1920-2019-08-17-mechelen-cercle-brugge,2019-08-17,B1,Belgien Pro League,1,1920,mechelen,cercle brugge,16,3,schwach,1.4789,B365,24,3:1,sieg,1
D2-1920-2019-08-17-stuttgart-st-pauli,2019-08-17,D2,2. Bundesliga,2,1920,stuttgart,st pauli,14,2,schwach,1.5437,B365,18,2:1,sieg,1
SP2-1920-2019-08-17-vallecano-mirandes,2019-08-17,SP2,LaLiga 2,2,1920,vallecano,mirandes,,0,unbekannt,1.6266,B365,11,2:2,unentschieden,0
N1-1920-2019-08-18-twente-waalwijk,2019-08-18,N1,Eredivisie,1,1920,twente,waalwijk,16,2,schwach,1.5639,B365,24,3:3,unentschieden,0
E0-1920-2019-08-24-man-united-crystal-palace,2019-08-24,E0,Premier League,1,1920,Manchester United,Crystal Palace,15,2,schwach,1.4011,B365,32,1:2,niederlage,0
G1-1920-2019-08-24-aris-ofi-crete,2019-08-24,G1,Griechenland Super League,1,1920,aris,ofi crete,,0,unbekannt,1.5437,B365,18,1:1,unentschieden,0
E1-1920-2019-08-24-fulham-nott-m-forest,2019-08-24,E1,Championship,2,1920,Fulham,Nottingham Forest,13,4,schwach,1.74,B365,4,1:2,niederlage,0
E0-1920-2019-08-25-tottenham-newcastle,2019-08-25,E0,Premier League,1,1920,Tottenham,Newcastle,19,2,schwach,1.2703,B365,27,0:1,niederlage,0
SP1-1920-2019-08-25-barcelona-betis,2019-08-25,SP1,La Liga,1,1920,barcelona,betis,17,1,schwach,1.3333,B365,15,5:2,sieg,1
B1-1920-2019-08-25-standard-kortrijk,2019-08-25,B1,Belgien Pro League,1,1920,standard,kortrijk,8,4,schwach,1.5942,B365,34,2:1,sieg,1
D1-1920-2019-08-31-bayern-munich-mainz,2019-08-31,D1,Bundesliga,1,1920,bayern munich,mainz,18,2,schwach,1.1397,B365,6,6:1,sieg,1
D1-1920-2019-08-31-wolfsburg-paderborn,2019-08-31,D1,Bundesliga,1,1920,wolfsburg,paderborn,15,2,schwach,1.528,B365,12,1:1,unentschieden,0
N1-1920-2019-08-31-heerenveen-for-sittard,2019-08-31,N1,Eredivisie,1,1920,heerenveen,for sittard,17,3,schwach,1.5415,B365,23,1:1,unentschieden,0
P1-1920-2019-08-31-sp-lisbon-rio-ave,2019-08-31,P1,Primeira Liga,1,1920,sp lisbon,rio ave,12,2,schwach,1.4463,B365,6,2:3,niederlage,0
T1-1920-2019-08-31-konyaspor-antalyaspor,2019-08-31,T1,Süper Lig,1,1920,konyaspor,antalyaspor,11,2,schwach,1.6803,B365,16,2:2,unentschieden,0
G1-1920-2019-08-31-panathinaikos-ofi-crete,2019-08-31,G1,Griechenland Super League,1,1920,panathinaikos,ofi crete,9,1,schwach,1.629,B365,33,1:3,niederlage,0
D2-1920-2019-08-31-bielefeld-greuther-furth,2019-08-31,D2,2. Bundesliga,2,1920,bielefeld,greuther furth,6,4,stark,1.7642,B365,4,2:2,unentschieden,0
SP1-1920-2019-09-01-ath-madrid-eibar,2019-09-01,SP1,La Liga,1,1920,ath madrid,eibar,17,2,schwach,1.49,B365,7,3:2,sieg,1
I1-1920-2019-09-01-atalanta-torino,2019-09-01,I1,Serie A,1,1920,atalanta,torino,6,1,stark,1.6655,B365,24,2:3,niederlage,0
E0-1920-2019-09-14-liverpool-newcastle,2019-09-14,E0,Premier League,1,1920,Liverpool,Newcastle,14,4,schwach,1.2012,B365,7,3:1,sieg,1
N1-1920-2019-09-14-az-alkmaar-sparta-rotterdam,2019-09-14,N1,Eredivisie,1,1920,az alkmaar,sparta rotterdam,6,5,stark,1.5988,B365,2,5:1,sieg,1
D1-1920-2019-09-15-hoffenheim-freiburg,2019-09-15,D1,Bundesliga,1,1920,hoffenheim,freiburg,7,3,schwach,1.7825,B365,11,0:3,niederlage,0
F1-1920-2019-09-15-st-etienne-toulouse,2019-09-15,F1,Ligue 1,1,1920,st etienne,toulouse,12,4,schwach,1.6952,B365,15,2:2,unentschieden,0
P1-1920-2019-09-15-rio-ave-tondela,2019-09-15,P1,Primeira Liga,1,1920,rio ave,tondela,10,4,schwach,1.7425,B365,5,2:4,niederlage,0
I1-1920-2019-09-21-juventus-verona,2019-09-21,I1,Serie A,1,1920,juventus,verona,11,3,schwach,1.2025,B365,20,2:1,sieg,1
F1-1920-2019-09-21-nice-dijon,2019-09-21,F1,Ligue 1,1,1920,nice,dijon,20,5,schwach,1.7957,B365,22,2:1,sieg,1
N1-1920-2019-09-21-vitesse-for-sittard,2019-09-21,N1,Eredivisie,1,1920,vitesse,for sittard,17,5,schwach,1.331,B365,25,4:2,sieg,1
B1-1920-2019-09-21-charleroi-st-truiden,2019-09-21,B1,Belgien Pro League,1,1920,charleroi,st truiden,12,7,schwach,1.6655,B365,34,0:3,niederlage,0
T1-1920-2019-09-21-fenerbahce-ankaragucu,2019-09-21,T1,Süper Lig,1,1920,fenerbahce,ankaragucu,12,4,schwach,1.3314,B365,16,2:1,sieg,1
E0-1920-2019-09-22-arsenal-aston-villa,2019-09-22,E0,Premier League,1,1920,Arsenal,Aston Villa,18,5,schwach,1.4697,B365,20,3:2,sieg,1
D1-1920-2019-09-22-m-gladbach-fortuna-dusseldorf,2019-09-22,D1,Bundesliga,1,1920,m gladbach,fortuna dusseldorf,12,4,schwach,1.747,B365,6,2:1,sieg,1
B1-1920-2019-09-22-club-brugge-anderlecht,2019-09-22,B1,Belgien Pro League,1,1920,club brugge,anderlecht,13,7,schwach,1.5964,B365,5,2:1,sieg,1
G1-1920-2019-09-22-paok-aris,2019-09-22,G1,Griechenland Super League,1,1920,paok,aris,7,3,schwach,1.4838,B365,4,2:2,unentschieden,0
SC0-1920-2019-09-22-celtic-kilmarnock,2019-09-22,SC0,Scottish Premiership,1,1920,celtic,kilmarnock,7,5,schwach,1.3607,B365,33,3:1,sieg,1
E1-1920-2019-09-22-west-brom-huddersfield,2019-09-22,E1,Championship,2,1920,west brom,huddersfield,24,7,schwach,1.6909,B365,16,4:2,sieg,1
P1-1920-2019-09-23-sp-braga-maritimo,2019-09-23,P1,Primeira Liga,1,1920,sp braga,maritimo,15,5,schwach,1.413,B365,32,2:2,unentschieden,0
F1-1920-2019-09-25-paris-sg-reims,2019-09-25,F1,Ligue 1,1,1920,paris sg,reims,10,6,schwach,1.2025,B365,29,0:2,niederlage,0
D1-1920-2019-09-28-rb-leipzig-schalke-04,2019-09-28,D1,Bundesliga,1,1920,rb leipzig,schalke 04,5,5,stark,1.6083,B365,29,1:3,niederlage,0
D1-1920-2019-09-28-dortmund-werder-bremen,2019-09-28,D1,Bundesliga,1,1920,dortmund,werder bremen,10,5,schwach,1.3059,B365,7,2:2,unentschieden,0
D1-1920-2019-10-04-hertha-fortuna-dusseldorf,2019-10-04,D1,Bundesliga,1,1920,hertha,fortuna dusseldorf,14,6,schwach,1.7599,B365,32,3:1,sieg,1
T1-1920-2019-10-04-fenerbahce-antalyaspor,2019-10-04,T1,Süper Lig,1,1920,fenerbahce,antalyaspor,10,6,schwach,1.4533,B365,6,0:1,niederlage,0
D2-1920-2019-10-04-stuttgart-wehen,2019-10-04,D2,2. Bundesliga,2,1920,stuttgart,wehen,18,8,schwach,1.4192,B365,3,1:2,niederlage,0
I1-1920-2019-10-06-roma-cagliari,2019-10-06,I1,Serie A,1,1920,roma,cagliari,7,6,schwach,1.5089,B365,26,1:1,unentschieden,0
T1-1920-2019-10-06-sivasspor-ankaragucu,2019-10-06,T1,Süper Lig,1,1920,sivasspor,ankaragucu,13,6,schwach,1.5383,B365,15,3:1,sieg,1
G1-1920-2019-10-06-ofi-crete-panionios,2019-10-06,G1,Griechenland Super League,1,1920,ofi crete,panionios,11,5,schwach,1.6308,B365,9,4:1,sieg,1
SP2-1920-2019-10-12-girona-elche,2019-10-12,SP2,LaLiga 2,2,1920,girona,elche,12,10,schwach,1.6464,B365,5,0:2,niederlage,0
E0-1920-2019-10-19-leicester-burnley,2019-10-19,E0,Premier League,1,1920,Leicester,Burnley,7,8,schwach,1.6542,B365,26,2:1,sieg,1
E0-1920-2019-10-19-tottenham-watford,2019-10-19,E0,Premier League,1,1920,Tottenham,watford,20,8,schwach,1.4667,B365,6,1:1,unentschieden,0
N1-1920-2019-10-19-az-alkmaar-heerenveen,2019-10-19,N1,Eredivisie,1,1920,az alkmaar,heerenveen,8,9,schwach,1.6315,B365,7,2:4,niederlage,0
G1-1920-2019-10-20-aek-volos-nfc,2019-10-20,G1,Griechenland Super League,1,1920,aek,volos nfc,7,6,schwach,1.2805,B365,24,3:2,sieg,1
SP2-1920-2019-10-20-zaragoza-mirandes,2019-10-20,SP2,LaLiga 2,2,1920,zaragoza,mirandes,18,11,schwach,1.6058,B365,22,1:2,niederlage,0
E1-1920-2019-10-22-west-brom-barnsley,2019-10-22,E1,Championship,2,1920,west brom,barnsley,24,12,schwach,1.4011,B365,18,2:2,unentschieden,0
N1-1920-2019-10-26-vitesse-den-haag,2019-10-26,N1,Eredivisie,1,1920,vitesse,den haag,16,10,schwach,1.5247,B365,2,0:2,niederlage,0
I2-1920-2019-10-26-crotone-venezia,2019-10-26,I2,Serie B,2,1920,crotone,venezia,8,8,schwach,1.6518,B365,9,3:2,sieg,1
SP2-1920-2019-10-26-vallecano-ponferradina,2019-10-26,SP2,LaLiga 2,2,1920,vallecano,ponferradina,12,12,schwach,1.6803,B365,8,1:3,niederlage,0
E0-1920-2019-10-27-liverpool-tottenham,2019-10-27,E0,Premier League,1,1920,Liverpool,Tottenham,10,9,schwach,1.5772,B365,1,2:1,sieg,1
I1-1920-2019-10-27-atalanta-udinese,2019-10-27,I1,Serie A,1,1920,atalanta,udinese,11,8,schwach,1.4667,B365,11,7:1,sieg,1
B1-1920-2019-10-27-club-brugge-standard,2019-10-27,B1,Belgien Pro League,1,1920,club brugge,standard,2,11,stark,1.5683,B365,4,1:1,unentschieden,0
SC0-1920-2019-10-27-rangers-motherwell,2019-10-27,SC0,Scottish Premiership,1,1920,rangers,motherwell,4,9,stark,1.2593,B365,21,2:1,sieg,1
SP1-1920-2019-10-30-sociedad-levante,2019-10-30,SP1,La Liga,1,1920,sociedad,levante,14,10,schwach,1.5641,B365,24,1:2,niederlage,0
I1-1920-2019-10-30-sampdoria-lecce,2019-10-30,I1,Serie A,1,1920,sampdoria,lecce,16,9,schwach,1.7645,B365,8,1:1,unentschieden,0
P1-1920-2019-10-30-rio-ave-moreirense,2019-10-30,P1,Primeira Liga,1,1920,rio ave,moreirense,12,8,schwach,1.7645,B365,32,1:1,unentschieden,0
E0-1920-2019-11-02-man-city-southampton,2019-11-02,E0,Premier League,1,1920,Manchester City,Southampton,18,10,schwach,1.1288,B365,13,2:1,sieg,1
T1-1920-2019-11-02-trabzonspor-goztep,2019-11-02,T1,Süper Lig,1,1920,trabzonspor,goztep,15,9,schwach,1.7221,B365,31,0:1,niederlage,0
E1-1920-2019-11-02-fulham-hull,2019-11-02,E1,Championship,2,1920,Fulham,hull,13,14,schwach,1.6857,B365,9,0:3,niederlage,0
F2-1920-2019-11-02-clermont-le-mans,2019-11-02,F2,Ligue 2,2,1920,clermont,le mans,19,12,schwach,1.7272,B365,4,0:1,niederlage,0
I1-1920-2019-11-03-atalanta-cagliari,2019-11-03,I1,Serie A,1,1920,atalanta,cagliari,7,10,schwach,1.3491,B365,32,0:2,niederlage,0
G1-1920-2019-11-03-aek-atromitos,2019-11-03,G1,Griechenland Super League,1,1920,aek,atromitos,8,8,schwach,1.4966,B365,20,3:2,sieg,1
I1-1920-2019-11-09-inter-verona,2019-11-09,I1,Serie A,1,1920,inter,verona,9,11,schwach,1.3933,B365,19,2:1,sieg,1
B1-1920-2019-11-09-kortrijk-waasland-beveren,2019-11-09,B1,Belgien Pro League,1,1920,kortrijk,waasland beveren,15,14,schwach,1.7064,B365,12,1:3,niederlage,0
SC0-1920-2019-11-09-kilmarnock-hamilton,2019-11-09,SC0,Scottish Premiership,1,1920,kilmarnock,hamilton,8,12,schwach,1.6375,B365,2,2:2,unentschieden,0
N1-1920-2019-11-10-feyenoord-waalwijk,2019-11-10,N1,Eredivisie,1,1920,feyenoord,waalwijk,18,12,schwach,1.2417,B365,14,3:2,sieg,1
B1-1920-2019-11-10-standard-mechelen,2019-11-10,B1,Belgien Pro League,1,1920,standard,mechelen,5,14,stark,1.678,B365,15,1:2,niederlage,0
D1-1920-2019-11-22-dortmund-paderborn,2019-11-22,D1,Bundesliga,1,1920,dortmund,paderborn,18,11,schwach,1.2027,B365,5,3:3,unentschieden,0
F2-1920-2019-11-22-troyes-chambly,2019-11-22,F2,Ligue 2,2,1920,troyes,chambly,18,14,schwach,1.6933,B365,15,0:4,niederlage,0
E0-1920-2019-11-23-arsenal-southampton,2019-11-23,E0,Premier League,1,1920,Arsenal,Southampton,19,12,schwach,1.5283,B365,8,2:2,unentschieden,0
E0-1920-2019-11-23-man-city-chelsea,2019-11-23,E0,Premier League,1,1920,Manchester City,Chelsea,3,12,stark,1.5095,B365,21,2:1,sieg,1
SP1-1920-2019-11-23-real-madrid-sociedad,2019-11-23,SP1,La Liga,1,1920,real madrid,sociedad,5,13,stark,1.4286,B365,2,3:1,sieg,1
D1-1920-2019-11-23-leverkusen-freiburg,2019-11-23,D1,Bundesliga,1,1920,leverkusen,freiburg,4,11,stark,1.5283,B365,5,1:1,unentschieden,0
D1-1920-2019-11-24-hoffenheim-mainz,2019-11-24,D1,Bundesliga,1,1920,hoffenheim,mainz,16,11,schwach,1.7284,B365,33,1:5,niederlage,0
SP2-1920-2019-11-24-cadiz-lugo,2019-11-24,SP2,LaLiga 2,2,1920,cadiz,lugo,14,16,schwach,1.652,B365,5,2:1,sieg,1
D1-1920-2019-11-30-bayern-munich-leverkusen,2019-11-30,D1,Bundesliga,1,1920,bayern munich,leverkusen,9,12,schwach,1.3639,B365,10,1:2,niederlage,0
D2-1920-2019-11-30-nurnberg-wehen,2019-11-30,D2,2. Bundesliga,2,1920,nurnberg,wehen,18,14,schwach,1.7485,B365,4,0:2,niederlage,0
E0-1920-2019-12-01-leicester-everton,2019-12-01,E0,Premier League,1,1920,Leicester,Everton,17,13,schwach,1.7092,B365,23,2:1,sieg,1
E0-1920-2019-12-01-man-united-aston-villa,2019-12-01,E0,Premier League,1,1920,Manchester United,Aston Villa,16,13,schwach,1.5294,B365,11,2:2,unentschieden,0
G1-1920-2019-12-01-aris-lamia,2019-12-01,G1,Griechenland Super League,1,1920,aris,lamia,10,11,schwach,1.4165,B365,16,1:1,unentschieden,0
T1-1920-2019-12-06-fenerbahce-genclerbirligi,2019-12-06,T1,Süper Lig,1,1920,fenerbahce,genclerbirligi,13,13,schwach,1.5453,B365,8,5:2,sieg,1
D2-1920-2019-12-06-bielefeld-karlsruhe,2019-12-06,D2,2. Bundesliga,2,1920,bielefeld,karlsruhe,10,15,schwach,1.6895,B365,25,2:2,unentschieden,0
E0-1920-2019-12-07-man-city-man-united,2019-12-07,E0,Premier League,1,1920,Manchester City,Manchester United,6,15,stark,1.3664,B365,23,1:2,niederlage,0
I1-1920-2019-12-07-atalanta-verona,2019-12-07,I1,Serie A,1,1920,atalanta,verona,9,14,schwach,1.4011,B365,23,3:2,sieg,1
E1-1920-2019-12-07-fulham-bristol-city,2019-12-07,E1,Championship,2,1920,Fulham,bristol city,5,19,stark,1.747,B365,26,1:2,niederlage,0
F1-1920-2019-12-08-marseille-bordeaux,2019-12-08,F1,Ligue 1,1,1920,marseille,bordeaux,5,16,stark,1.69,B365,31,3:1,sieg,1
D2-1920-2019-12-09-stuttgart-nurnberg,2019-12-09,D2,2. Bundesliga,2,1920,stuttgart,nurnberg,16,15,schwach,1.7645,B365,10,3:1,sieg,1
E0-1920-2019-12-14-leicester-norwich,2019-12-14,E0,Premier League,1,1920,Leicester,norwich,19,16,schwach,1.2815,B365,26,1:1,unentschieden,0
D1-1920-2019-12-14-bayern-munich-werder-bremen,2019-12-14,D1,Bundesliga,1,1920,bayern munich,werder bremen,14,14,schwach,1.2027,B365,24,6:1,sieg,1
I1-1920-2019-12-14-napoli-parma,2019-12-14,I1,Serie A,1,1920,napoli,parma,8,15,schwach,1.3664,B365,4,1:2,niederlage,0
SP1-1920-2019-12-15-sevilla-villarreal,2019-12-15,SP1,La Liga,1,1920,sevilla,villarreal,13,16,schwach,1.747,B365,13,1:2,niederlage,0
E0-1920-2019-12-21-man-city-leicester,2019-12-21,E0,Premier League,1,1920,Manchester City,Leicester,2,17,stark,1.4404,B365,22,3:1,sieg,1
D1-1920-2019-12-21-rb-leipzig-augsburg,2019-12-21,D1,Bundesliga,1,1920,rb leipzig,augsburg,10,16,schwach,1.3059,B365,8,3:1,sieg,1
N1-1920-2019-12-21-psv-eindhoven-zwolle,2019-12-21,N1,Eredivisie,1,1920,psv eindhoven,zwolle,15,17,schwach,1.2986,B365,12,4:1,sieg,1
T1-1920-2019-12-21-yeni-malatyaspor-rizespor,2019-12-21,T1,Süper Lig,1,1920,yeni malatyaspor,rizespor,13,15,schwach,1.7645,B365,6,0:2,niederlage,0
I2-1920-2019-12-21-crotone-livorno,2019-12-21,I2,Serie B,2,1920,crotone,livorno,20,16,schwach,1.7761,B365,12,2:1,sieg,1
SP2-1920-2019-12-22-girona-mirandes,2019-12-22,SP2,LaLiga 2,2,1920,girona,mirandes,10,20,schwach,1.7453,B365,20,0:3,niederlage,0
E0-1920-2019-12-26-chelsea-southampton,2019-12-26,E0,Premier League,1,1920,Chelsea,Southampton,17,18,schwach,1.4011,B365,31,0:2,niederlage,0
E0-1920-2019-12-26-man-united-newcastle,2019-12-26,E0,Premier League,1,1920,Manchester United,Newcastle,9,18,schwach,1.4011,B365,17,4:1,sieg,1
E1-1920-2019-12-26-leeds-preston,2019-12-26,E1,Championship,2,1920,Leeds,preston,5,23,stark,1.4697,B365,22,1:1,unentschieden,0
T1-1920-2019-12-27-besiktas-genclerbirligi,2019-12-27,T1,Süper Lig,1,1920,besiktas,genclerbirligi,13,16,schwach,1.5767,B365,23,4:1,sieg,1
T1-1920-2019-12-29-alanyaspor-konyaspor,2019-12-29,T1,Süper Lig,1,1920,alanyaspor,konyaspor,15,16,schwach,1.638,B365,8,2:1,sieg,1
E1-1920-2019-12-29-sheffield-weds-cardiff,2019-12-29,E1,Championship,2,1920,sheffield weds,cardiff,11,24,schwach,1.7771,B365,5,1:2,niederlage,0
E1-1920-2019-12-29-west-brom-middlesbrough,2019-12-29,E1,Championship,2,1920,west brom,middlesbrough,19,24,schwach,1.5188,B365,17,0:2,niederlage,0
E1-1920-2020-01-01-fulham-reading,2020-01-01,E1,Championship,2,1920,Fulham,reading,14,24,schwach,1.7402,B365,14,1:2,niederlage,0
SP1-1920-2020-01-03-sevilla-ath-bilbao,2020-01-03,SP1,La Liga,1,1920,sevilla,ath bilbao,7,18,schwach,1.6977,B365,15,1:1,unentschieden,0
P1-1920-2020-01-10-benfica-aves,2020-01-10,P1,Primeira Liga,1,1920,benfica,aves,18,15,schwach,1.1496,B365,20,2:1,sieg,1
E0-1920-2020-01-11-wolves-newcastle,2020-01-11,E0,Premier League,1,1920,Wolves,Newcastle,13,21,schwach,1.512,B365,7,1:1,unentschieden,0
SP2-1920-2020-01-15-huesca-tenerife,2020-01-15,SP2,LaLiga 2,2,1920,huesca,tenerife,18,22,schwach,1.7773,B365,4,2:1,sieg,1
P1-1920-2020-01-17-porto-sp-braga,2020-01-17,P1,Primeira Liga,1,1920,porto,sp braga,5,16,stark,1.6993,B365,5,1:2,niederlage,0
D1-1920-2020-01-18-rb-leipzig-union-berlin,2020-01-18,D1,Bundesliga,1,1920,rb leipzig,union berlin,11,17,schwach,1.322,B365,10,3:1,sieg,1
I1-1920-2020-01-18-napoli-fiorentina,2020-01-18,I1,Serie A,1,1920,napoli,fiorentina,14,19,schwach,1.6854,B365,26,0:2,niederlage,0
E1-1920-2020-01-18-preston-charlton,2020-01-18,E1,Championship,2,1920,preston,charlton,19,27,schwach,1.6469,B365,5,2:1,sieg,1
SP1-1920-2020-01-19-villarreal-espanol,2020-01-19,SP1,La Liga,1,1920,villarreal,espanol,20,19,schwach,1.7212,B365,5,1:2,niederlage,0
I1-1920-2020-01-19-milan-udinese,2020-01-19,I1,Serie A,1,1920,milan,udinese,13,19,schwach,1.6011,B365,6,3:2,sieg,1
P1-1920-2020-01-19-famalicao-maritimo,2020-01-19,P1,Primeira Liga,1,1920,famalicao,maritimo,12,16,schwach,1.7688,B365,22,1:1,unentschieden,0
E1-1920-2020-01-19-nott-m-forest-luton,2020-01-19,E1,Championship,2,1920,Nottingham Forest,Luton,24,27,schwach,1.6812,B365,23,3:1,sieg,1
SC0-1920-2020-01-22-hibernian-hamilton,2020-01-22,SC0,Scottish Premiership,1,1920,hibernian,hamilton,11,21,schwach,1.5453,B365,18,2:1,sieg,1
D1-1920-2020-01-25-m-gladbach-mainz,2020-01-25,D1,Bundesliga,1,1920,m gladbach,mainz,15,18,schwach,1.5641,B365,11,3:1,sieg,1
N1-1920-2020-01-25-sparta-rotterdam-for-sittard,2020-01-25,N1,Eredivisie,1,1920,sparta rotterdam,for sittard,14,19,schwach,1.5964,B365,20,1:1,unentschieden,0
SP2-1920-2020-01-25-huesca-lugo,2020-01-25,SP2,LaLiga 2,2,1920,huesca,lugo,18,24,schwach,1.54,B365,32,2:1,sieg,1
B1-1920-2020-01-26-antwerp-waregem,2020-01-26,B1,Belgien Pro League,1,1920,antwerp,waregem,8,22,schwach,1.638,B365,13,2:1,sieg,1
E1-1920-2020-01-28-brentford-nott-m-forest,2020-01-28,E1,Championship,2,1920,Brentford,Nottingham Forest,4,28,stark,1.7037,B365,14,0:1,niederlage,0
E1-1920-2020-01-28-leeds-millwall,2020-01-28,E1,Championship,2,1920,Leeds,millwall,8,28,schwach,1.6011,B365,4,3:2,sieg,1
F2-1920-2020-01-31-ajaccio-chateauroux,2020-01-31,F2,Ligue 2,2,1920,ajaccio,chateauroux,15,21,schwach,1.7111,B365,34,0:1,niederlage,0
D1-1920-2020-02-01-rb-leipzig-m-gladbach,2020-02-01,D1,Bundesliga,1,1920,rb leipzig,m gladbach,3,19,stark,1.5942,B365,24,2:2,unentschieden,0
I1-1920-2020-02-02-milan-verona,2020-02-02,I1,Serie A,1,1920,milan,verona,10,20,schwach,1.7498,B365,13,1:1,unentschieden,0
I1-1920-2020-02-07-roma-bologna,2020-02-07,I1,Serie A,1,1920,roma,bologna,11,22,schwach,1.6938,B365,16,2:3,niederlage,0
B1-1920-2020-02-07-gent-anderlecht,2020-02-07,B1,Belgien Pro League,1,1920,gent,anderlecht,9,24,schwach,1.6857,B365,14,1:1,unentschieden,0
SP2-1920-2020-02-07-almeria-santander,2020-02-07,SP2,LaLiga 2,2,1920,almeria,santander,22,26,schwach,1.7156,B365,14,0:1,niederlage,0
D1-1920-2020-02-08-wolfsburg-fortuna-dusseldorf,2020-02-08,D1,Bundesliga,1,1920,wolfsburg,fortuna dusseldorf,17,20,schwach,1.6304,B365,13,1:1,unentschieden,0
E0-1920-2020-02-09-sheffield-united-bournemouth,2020-02-09,E0,Premier League,1,1920,Sheffield United,Bournemouth,16,25,schwach,1.7498,B365,13,2:1,sieg,1
I1-1920-2020-02-09-napoli-lecce,2020-02-09,I1,Serie A,1,1920,napoli,lecce,17,22,schwach,1.2769,B365,29,2:3,niederlage,0
P1-1920-2020-02-09-sp-lisbon-portimonense,2020-02-09,P1,Primeira Liga,1,1920,sp lisbon,portimonense,17,19,schwach,1.5383,B365,26,2:1,sieg,1
E1-1920-2020-02-11-nott-m-forest-charlton,2020-02-11,E1,Championship,2,1920,Nottingham Forest,charlton,21,31,schwach,1.6769,B365,24,0:1,niederlage,0
SC0-1920-2020-02-15-hearts-hamilton,2020-02-15,SC0,Scottish Premiership,1,1920,hearts,hamilton,11,26,schwach,1.6375,B365,5,2:2,unentschieden,0
E1-1920-2020-02-15-fulham-barnsley,2020-02-15,E1,Championship,2,1920,Fulham,barnsley,24,32,schwach,1.6193,B365,24,0:3,niederlage,0
E1-1920-2020-02-15-middlesbrough-luton,2020-02-15,E1,Championship,2,1920,middlesbrough,Luton,23,32,schwach,1.6952,B365,17,0:1,niederlage,0
SP1-1920-2020-02-16-real-madrid-celta,2020-02-16,SP1,La Liga,1,1920,real madrid,celta,18,23,schwach,1.3556,B365,7,2:2,unentschieden,0
SP1-1920-2020-02-21-betis-mallorca,2020-02-21,SP1,La Liga,1,1920,betis,mallorca,18,24,schwach,1.5224,B365,16,3:3,unentschieden,0
N1-1920-2020-02-22-heerenveen-den-haag,2020-02-22,N1,Eredivisie,1,1920,heerenveen,den haag,17,23,schwach,1.6071,B365,28,2:2,unentschieden,0
E1-1920-2020-02-22-brentford-blackburn,2020-02-22,E1,Championship,2,1920,Brentford,blackburn,8,33,schwach,1.6542,B365,11,2:2,unentschieden,0
D2-1920-2020-02-22-hamburg-st-pauli,2020-02-22,D2,2. Bundesliga,2,1920,hamburg,st pauli,14,22,schwach,1.5383,B365,20,0:2,niederlage,0
SP1-1920-2020-02-23-ath-madrid-villarreal,2020-02-23,SP1,La Liga,1,1920,ath madrid,villarreal,7,24,schwach,1.74,B365,16,3:1,sieg,1
F1-1920-2020-02-23-rennes-nimes,2020-02-23,F1,Ligue 1,1,1920,rennes,nimes,18,25,schwach,1.7833,B365,1,2:1,sieg,1
F1-1920-2020-02-23-paris-sg-bordeaux,2020-02-23,F1,Ligue 1,1,1920,paris sg,bordeaux,12,25,schwach,1.1937,B365,18,4:3,sieg,1
I2-1920-2020-02-29-benevento-spezia,2020-02-29,I2,Serie B,2,1920,benevento,spezia,4,25,stark,1.7761,B365,15,3:1,sieg,1
SP2-1920-2020-02-29-huesca-extremadura-ud,2020-02-29,SP2,LaLiga 2,2,1920,huesca,extremadura ud,20,29,schwach,1.6518,B365,17,2:2,unentschieden,0
F2-1920-2020-02-29-lorient-chambly,2020-02-29,F2,Ligue 2,2,1920,lorient,chambly,14,26,schwach,1.5765,B365,12,1:2,niederlage,0
D1-1920-2020-03-01-rb-leipzig-leverkusen,2020-03-01,D1,Bundesliga,1,1920,rb leipzig,leverkusen,5,23,stark,1.5095,B365,29,1:1,unentschieden,0
N1-1920-2020-03-01-ajax-az-alkmaar,2020-03-01,N1,Eredivisie,1,1920,ajax,az alkmaar,2,23,stark,1.5453,B365,4,0:2,niederlage,0
E0-1920-2020-03-07-liverpool-bournemouth,2020-03-07,E0,Premier League,1,1920,Liverpool,Bournemouth,18,28,schwach,1.2815,B365,9,2:1,sieg,1
I2-1920-2020-03-07-frosinone-cremonese,2020-03-07,I2,Serie B,2,1920,frosinone,cremonese,17,26,schwach,1.7584,B365,13,0:2,niederlage,0
I1-1920-2020-03-08-milan-genoa,2020-03-08,I1,Serie A,1,1920,milan,genoa,18,25,schwach,1.753,B365,7,1:2,niederlage,0
N1-1920-2020-03-08-heracles-waalwijk,2020-03-08,N1,Eredivisie,1,1920,heracles,waalwijk,18,25,schwach,1.5859,B365,16,4:2,sieg,1
D1-1920-2020-05-16-rb-leipzig-freiburg,2020-05-16,D1,Bundesliga,1,1920,rb leipzig,freiburg,8,25,schwach,1.3808,B365,34,1:1,unentschieden,0
D1-1920-2020-05-27-rb-leipzig-hertha,2020-05-27,D1,Bundesliga,1,1920,rb leipzig,hertha,11,27,schwach,1.453,B365,9,2:2,unentschieden,0
D2-1920-2020-05-31-hamburg-wehen,2020-05-31,D2,2. Bundesliga,2,1920,hamburg,wehen,17,28,schwach,1.4947,B365,12,3:2,sieg,1
P1-1920-2020-06-07-rio-ave-pacos-ferreira,2020-06-07,P1,Primeira Liga,1,1920,rio ave,pacos ferreira,16,24,schwach,1.6783,B365,11,2:3,niederlage,0
D2-1920-2020-06-08-hamburg-holstein-kiel,2020-06-08,D2,2. Bundesliga,2,1920,hamburg,holstein kiel,12,29,schwach,1.6655,B365,9,3:3,unentschieden,0
T1-1920-2020-06-13-besiktas-antalyaspor,2020-06-13,T1,Süper Lig,1,1920,besiktas,antalyaspor,11,26,schwach,1.5469,B365,15,1:2,niederlage,0
SP1-1920-2020-06-14-sociedad-osasuna,2020-06-14,SP1,La Liga,1,1920,sociedad,osasuna,11,27,schwach,1.7576,B365,29,1:1,unentschieden,0
D1-1920-2020-06-17-dortmund-mainz,2020-06-17,D1,Bundesliga,1,1920,dortmund,mainz,15,31,schwach,1.3173,B365,33,0:2,niederlage,0
T1-1920-2020-06-21-galatasaray-gaziantep,2020-06-21,T1,Süper Lig,1,1920,galatasaray,gaziantep,9,27,schwach,1.5964,B365,17,3:3,unentschieden,0
I1-1920-2020-06-22-fiorentina-brescia,2020-06-22,I1,Serie A,1,1920,fiorentina,brescia,20,26,schwach,1.5772,B365,17,1:1,unentschieden,0
I1-1920-2020-06-24-inter-sassuolo,2020-06-24,I1,Serie A,1,1920,inter,sassuolo,12,26,schwach,1.4533,B365,4,3:3,unentschieden,0
I1-1920-2020-06-24-roma-sampdoria,2020-06-24,I1,Serie A,1,1920,roma,sampdoria,16,26,schwach,1.5415,B365,11,2:1,sieg,1
SP1-1920-2020-06-26-sevilla-valladolid,2020-06-26,SP1,La Liga,1,1920,sevilla,valladolid,15,31,schwach,1.4737,B365,25,1:1,unentschieden,0
D1-1920-2020-06-27-dortmund-hoffenheim,2020-06-27,D1,Bundesliga,1,1920,dortmund,hoffenheim,7,33,schwach,1.7924,B365,8,0:4,niederlage,0
I1-1920-2020-06-27-lazio-fiorentina,2020-06-27,I1,Serie A,1,1920,lazio,fiorentina,13,27,schwach,1.6952,B365,25,2:1,sieg,1
G1-1920-2020-06-28-panetolikos-asteras-tripolis,2020-06-28,G1,Griechenland Super League,1,1920,panetolikos,asteras tripolis,6,29,stark,1.7453,B365,11,1:1,unentschieden,0
D2-1920-2020-06-28-hamburg-sandhausen,2020-06-28,D2,2. Bundesliga,2,1920,hamburg,sandhausen,12,33,schwach,1.4196,B365,13,1:5,niederlage,0
D2-1920-2020-06-28-stuttgart-darmstadt,2020-06-28,D2,2. Bundesliga,2,1920,stuttgart,darmstadt,5,33,stark,1.678,B365,32,1:3,niederlage,0
I1-1920-2020-07-02-roma-udinese,2020-07-02,I1,Serie A,1,1920,roma,udinese,16,28,schwach,1.6542,B365,12,0:2,niederlage,0
E0-1920-2020-07-04-man-united-bournemouth,2020-07-04,E0,Premier League,1,1920,Manchester United,Bournemouth,19,32,schwach,1.2229,B365,15,5:2,sieg,1
E0-1920-2020-07-07-watford-norwich,2020-07-07,E0,Premier League,1,1920,watford,norwich,20,33,schwach,1.7933,B365,4,2:1,sieg,1
E1-1920-2020-07-07-brentford-charlton,2020-07-07,E1,Championship,2,1920,Brentford,charlton,19,41,schwach,1.3491,B365,8,2:1,sieg,1
I1-1920-2020-07-08-roma-parma,2020-07-08,I1,Serie A,1,1920,roma,parma,12,30,schwach,1.5833,B365,9,2:1,sieg,1
I1-1920-2020-07-08-torino-brescia,2020-07-08,I1,Serie A,1,1920,torino,brescia,19,30,schwach,1.7055,B365,21,3:1,sieg,1
T1-1920-2020-07-08-trabzonspor-antalyaspor,2020-07-08,T1,Süper Lig,1,1920,trabzonspor,antalyaspor,10,30,schwach,1.4404,B365,8,2:2,unentschieden,0
G1-1920-2020-07-11-xanthi-asteras-tripolis,2020-07-11,G1,Griechenland Super League,1,1920,xanthi,asteras tripolis,5,31,stark,1.7156,B365,6,1:2,niederlage,0
G1-1920-2020-07-11-ofi-crete-aris,2020-07-11,G1,Griechenland Super League,1,1920,ofi crete,aris,6,33,stark,1.7092,B365,14,0:1,niederlage,0
E0-1920-2020-07-13-man-united-southampton,2020-07-13,E0,Premier League,1,1920,Manchester United,Southampton,12,34,schwach,1.3664,B365,12,2:2,unentschieden,0
I1-1920-2020-07-13-inter-torino,2020-07-13,I1,Serie A,1,1920,inter,torino,16,31,schwach,1.5453,B365,17,3:1,sieg,1
I2-1920-2020-07-13-frosinone-juve-stabia,2020-07-13,I2,Serie B,2,1920,frosinone,juve stabia,17,33,schwach,1.6993,B365,3,2:2,unentschieden,0
SP1-1920-2020-07-16-barcelona-osasuna,2020-07-16,SP1,La Liga,1,1920,barcelona,osasuna,11,36,schwach,1.2096,B365,15,1:2,niederlage,0
SP1-1920-2020-07-16-celta-levante,2020-07-16,SP1,La Liga,1,1920,celta,levante,12,36,schwach,1.7092,B365,11,2:3,niederlage,0
I2-1920-2020-07-17-spezia-venezia,2020-07-17,I2,Serie B,2,1920,spezia,venezia,15,34,schwach,1.7769,B365,16,0:1,niederlage,0
I1-1920-2020-07-19-napoli-udinese,2020-07-19,I1,Serie A,1,1920,napoli,udinese,16,33,schwach,1.5964,B365,22,2:1,sieg,1
E1-1920-2020-07-22-west-brom-qpr,2020-07-22,E1,Championship,2,1920,west brom,qpr,14,45,schwach,1.2986,B365,34,2:2,unentschieden,0
I1-1920-2020-08-02-lecce-parma,2020-08-02,I1,Serie A,1,1920,lecce,parma,11,37,schwach,1.587,B365,11,3:4,niederlage,0
B1-2021-2020-08-09-kortrijk-waasland-beveren,2020-08-09,B1,Belgien Pro League,1,2021,kortrijk,waasland beveren,,0,unbekannt,1.7579,B365,10,1:3,niederlage,0
B1-2021-2020-08-15-gent-kortrijk,2020-08-15,B1,Belgien Pro League,1,2021,gent,kortrijk,18,1,schwach,1.4563,B365,22,1:2,niederlage,0
B1-2021-2020-08-23-club-brugge-beerschot-va,2020-08-23,B1,Belgien Pro League,1,2021,club brugge,beerschot va,2,2,stark,1.3808,B365,28,0:1,niederlage,0
F1-2021-2020-08-28-lyon-dijon,2020-08-28,F1,Ligue 1,1,2021,lyon,dijon,12,1,schwach,1.3648,B365,14,4:1,sieg,1
F1-2021-2020-09-13-paris-sg-marseille,2020-09-13,F1,Ligue 1,1,2021,paris sg,marseille,11,1,schwach,1.7642,Avg,31,0:1,niederlage,0
E0-2021-2020-09-19-everton-west-brom,2020-09-19,E0,Premier League,1,2021,Everton,west brom,16,1,schwach,1.5879,B365,10,5:2,sieg,1
E0-2021-2020-09-19-man-united-crystal-palace,2020-09-19,E0,Premier League,1,2021,Manchester United,Crystal Palace,7,1,schwach,1.3732,B365,7,1:3,niederlage,0
P1-2021-2020-09-19-porto-sp-braga,2020-09-19,P1,Primeira Liga,1,2021,porto,sp braga,,0,unbekannt,1.7245,B365,21,3:1,sieg,1
SC0-2021-2020-09-19-celtic-livingston,2020-09-19,SC0,Scottish Premiership,1,2021,celtic,livingston,11,7,schwach,1.17,B365,17,3:2,sieg,1
SP2-2021-2020-09-19-vallecano-sabadell,2020-09-19,SP2,LaLiga 2,2,2021,vallecano,sabadell,,0,unbekannt,1.7754,B365,21,2:1,sieg,1
E0-2021-2020-09-20-leicester-burnley,2020-09-20,E0,Premier League,1,2021,Leicester,Burnley,,0,unbekannt,1.6952,B365,10,4:2,sieg,1
N1-2021-2020-09-20-feyenoord-twente,2020-09-20,N1,Eredivisie,1,2021,feyenoord,twente,7,1,schwach,1.4947,B365,2,1:1,unentschieden,0
B1-2021-2020-09-20-genk-mechelen,2020-09-20,B1,Belgien Pro League,1,2021,genk,mechelen,16,5,schwach,1.7223,B365,6,3:1,sieg,1
P1-2021-2020-09-25-sp-braga-santa-clara,2020-09-25,P1,Primeira Liga,1,2021,sp braga,santa clara,4,1,stark,1.4861,B365,5,0:1,niederlage,0
I1-2021-2020-09-26-inter-fiorentina,2020-09-26,I1,Serie A,1,2021,inter,fiorentina,5,1,stark,1.5833,B365,3,4:3,sieg,1
B1-2021-2020-09-26-beerschot-va-waasland-beveren,2020-09-26,B1,Belgien Pro League,1,2021,beerschot va,waasland beveren,17,6,schwach,1.5453,B365,11,3:2,sieg,1
N1-2021-2020-09-27-feyenoord-den-haag,2020-09-27,N1,Eredivisie,1,2021,feyenoord,den haag,16,2,schwach,1.3318,B365,11,4:2,sieg,1
B1-2021-2020-09-27-standard-waregem,2020-09-27,B1,Belgien Pro League,1,2021,standard,waregem,15,6,schwach,1.5893,B365,10,2:2,unentschieden,0
G1-2021-2020-09-27-aris-giannina,2020-09-27,G1,Griechenland Super League,1,2021,aris,giannina,,0,unbekannt,1.638,B365,15,2:2,unentschieden,0
E0-2021-2020-09-28-liverpool-arsenal,2020-09-28,E0,Premier League,1,2021,Liverpool,Arsenal,3,2,stark,1.5283,B365,25,3:1,sieg,1
B1-2021-2020-09-28-genk-oostende,2020-09-28,B1,Belgien Pro League,1,2021,genk,oostende,10,6,schwach,1.5964,B365,3,2:2,unentschieden,0
I1-2021-2020-09-30-udinese-spezia,2020-09-30,I1,Serie A,1,2021,udinese,spezia,17,1,schwach,1.7049,B365,29,0:2,niederlage,0
N1-2021-2020-10-02-utrecht-heerenveen,2020-10-02,N1,Eredivisie,1,2021,utrecht,heerenveen,2,3,stark,1.7156,B365,4,1:1,unentschieden,0
P1-2021-2020-10-03-porto-maritimo,2020-10-03,P1,Primeira Liga,1,2021,porto,maritimo,10,2,schwach,1.243,B365,24,2:3,niederlage,0
E0-2021-2020-10-04-leicester-west-ham,2020-10-04,E0,Premier League,1,2021,Leicester,West Ham,12,3,schwach,1.69,B365,14,0:3,niederlage,0
SP1-2021-2020-10-04-barcelona-sevilla,2020-10-04,SP1,La Liga,1,2021,barcelona,sevilla,8,2,schwach,1.6616,B365,8,1:1,unentschieden,0
F1-2021-2020-10-04-rennes-reims,2020-10-04,F1,Ligue 1,1,2021,rennes,reims,19,5,schwach,1.6977,B365,11,2:2,unentschieden,0
F1-2021-2020-10-04-lyon-marseille,2020-10-04,F1,Ligue 1,1,2021,lyon,marseille,10,5,schwach,1.7874,B365,16,1:1,unentschieden,0
T1-2021-2020-10-04-besiktas-genclerbirligi,2020-10-04,T1,Süper Lig,1,2021,besiktas,genclerbirligi,19,2,schwach,1.6862,B365,8,0:1,niederlage,0
SP1-2021-2020-10-17-real-madrid-cadiz,2020-10-17,SP1,La Liga,1,2021,real madrid,cadiz,9,5,schwach,1.2472,B365,16,0:1,niederlage,0
N1-2021-2020-10-17-heracles-waalwijk,2020-10-17,N1,Eredivisie,1,2021,heracles,waalwijk,18,3,schwach,1.6182,B365,26,0:1,niederlage,0
I1-2021-2020-10-18-roma-benevento,2020-10-18,I1,Serie A,1,2021,roma,benevento,7,3,schwach,1.3983,B365,5,5:2,sieg,1
I2-2021-2020-10-21-lecce-cremonese,2020-10-21,I2,Serie B,2,2021,lecce,cremonese,19,3,schwach,1.7773,B365,30,2:2,unentschieden,0
I1-2021-2020-10-23-sassuolo-torino,2020-10-23,I1,Serie A,1,2021,sassuolo,torino,20,3,schwach,1.7523,B365,33,3:3,unentschieden,0
E0-2021-2020-10-24-liverpool-sheffield-united,2020-10-24,E0,Premier League,1,2021,Liverpool,Sheffield United,19,5,schwach,1.2894,B365,13,2:1,sieg,1
D1-2021-2020-10-24-rb-leipzig-hertha,2020-10-24,D1,Bundesliga,1,2021,rb leipzig,hertha,15,4,schwach,1.5111,B365,8,2:1,sieg,1
I1-2021-2020-10-24-atalanta-sampdoria,2020-10-24,I1,Serie A,1,2021,atalanta,sampdoria,7,4,schwach,1.4699,B365,13,1:3,niederlage,0
N1-2021-2020-10-24-utrecht-twente,2020-10-24,N1,Eredivisie,1,2021,utrecht,twente,5,5,stark,1.7599,B365,1,2:1,sieg,1
E0-2021-2020-10-31-liverpool-west-ham,2020-10-31,E0,Premier League,1,2021,Liverpool,West Ham,12,6,schwach,1.4404,B365,10,2:1,sieg,1
N1-2021-2020-10-31-ajax-for-sittard,2020-10-31,N1,Eredivisie,1,2021,ajax,for sittard,18,6,schwach,1.1276,B365,7,5:2,sieg,1
E1-2021-2020-10-31-bournemouth-derby,2020-10-31,E1,Championship,2,2021,Bournemouth,derby,23,8,schwach,1.727,B365,13,1:1,unentschieden,0
G1-2021-2020-11-01-aek-ofi-crete,2020-11-01,G1,Griechenland Super League,1,2021,aek,ofi crete,10,6,schwach,1.4138,B365,6,2:1,sieg,1
E0-2021-2020-11-07-chelsea-sheffield-united,2020-11-07,E0,Premier League,1,2021,Chelsea,Sheffield United,20,7,schwach,1.432,B365,9,4:1,sieg,1
B1-2021-2020-11-07-eupen-waasland-beveren,2020-11-07,B1,Belgien Pro League,1,2021,eupen,waasland beveren,17,9,schwach,1.542,B365,11,1:1,unentschieden,0
E0-2021-2020-11-08-arsenal-aston-villa,2020-11-08,E0,Premier League,1,2021,Arsenal,Aston Villa,9,6,schwach,1.7324,B365,25,0:3,niederlage,0
I1-2021-2020-11-08-milan-verona,2020-11-08,I1,Serie A,1,2021,milan,verona,11,6,schwach,1.5453,B365,6,2:2,unentschieden,0
P1-2021-2020-11-08-porto-portimonense,2020-11-08,P1,Primeira Liga,1,2021,porto,portimonense,17,6,schwach,1.2769,B365,14,3:1,sieg,1
T1-2021-2020-11-08-buyuksehyr-genclerbirligi,2020-11-08,T1,Süper Lig,1,2021,buyuksehyr,genclerbirligi,19,6,schwach,1.4947,B365,1,2:1,sieg,1
E1-2021-2020-11-21-bournemouth-reading,2020-11-21,E1,Championship,2,2021,Bournemouth,reading,1,11,stark,1.7874,B365,4,4:2,sieg,1
B1-2021-2020-11-22-genk-mouscron,2020-11-22,B1,Belgien Pro League,1,2021,genk,mouscron,18,9,schwach,1.4676,B365,34,4:1,sieg,1
G1-2021-2020-11-22-paok-giannina,2020-11-22,G1,Griechenland Super League,1,2021,paok,giannina,8,8,schwach,1.3314,B365,31,2:1,sieg,1
N1-2021-2020-11-27-twente-waalwijk,2020-11-27,N1,Eredivisie,1,2021,twente,waalwijk,15,9,schwach,1.4947,B365,22,0:2,niederlage,0
SP1-2021-2020-11-28-real-madrid-alaves,2020-11-28,SP1,La Liga,1,2021,real madrid,alaves,15,10,schwach,1.4011,B365,5,1:2,niederlage,0
D1-2021-2020-11-28-dortmund-koln,2020-11-28,D1,Bundesliga,1,2021,dortmund,koln,17,8,schwach,1.2637,B365,9,1:2,niederlage,0
F1-2021-2020-11-28-paris-sg-bordeaux,2020-11-28,F1,Ligue 1,1,2021,paris sg,bordeaux,12,11,schwach,1.1976,B365,10,2:2,unentschieden,0
P1-2021-2020-11-28-sp-lisbon-moreirense,2020-11-28,P1,Primeira Liga,1,2021,sp lisbon,moreirense,11,6,schwach,1.331,B365,3,2:1,sieg,1
I2-2021-2020-11-28-venezia-ascoli,2020-11-28,I2,Serie B,2,2021,venezia,ascoli,17,7,schwach,1.7773,B365,14,2:1,sieg,1
I1-2021-2020-11-29-lazio-udinese,2020-11-29,I1,Serie A,1,2021,lazio,udinese,16,8,schwach,1.7645,B365,18,1:3,niederlage,0
B1-2021-2020-11-29-gent-waregem,2020-11-29,B1,Belgien Pro League,1,2021,gent,waregem,16,13,schwach,1.5833,B365,27,0:3,niederlage,0
E0-2021-2020-11-30-leicester-fulham,2020-11-30,E0,Premier League,1,2021,Leicester,Fulham,19,9,schwach,1.5772,B365,30,1:2,niederlage,0
E1-2021-2020-12-01-bournemouth-preston,2020-12-01,E1,Championship,2,2021,Bournemouth,preston,18,14,schwach,1.7037,B365,16,2:3,niederlage,0
E0-2021-2020-12-05-chelsea-leeds,2020-12-05,E0,Premier League,1,2021,Chelsea,Leeds,12,10,schwach,1.5833,B365,4,3:1,sieg,1
D1-2021-2020-12-05-bayern-munich-rb-leipzig,2020-12-05,D1,Bundesliga,1,2021,bayern munich,rb leipzig,2,9,stark,1.4308,B365,19,3:3,unentschieden,0
I1-2021-2020-12-05-juventus-torino,2020-12-05,I1,Serie A,1,2021,juventus,torino,18,9,schwach,1.48,B365,9,2:1,sieg,1
N1-2021-2020-12-05-ajax-twente,2020-12-05,N1,Eredivisie,1,2021,ajax,twente,5,10,stark,1.2557,B365,22,1:2,niederlage,0
G1-2021-2020-12-05-olympiakos-volos-nfc,2020-12-05,G1,Griechenland Super League,1,2021,olympiakos,volos nfc,5,9,stark,1.2439,B365,11,4:1,sieg,1
SP2-2021-2020-12-05-vallecano-logrones,2020-12-05,SP2,LaLiga 2,2,2021,vallecano,logrones,11,15,schwach,1.7769,B365,20,2:1,sieg,1
P1-2021-2020-12-06-benfica-pacos-ferreira,2020-12-06,P1,Primeira Liga,1,2021,benfica,pacos ferreira,6,8,stark,1.3314,B365,24,2:1,sieg,1
N1-2021-2020-12-11-heracles-for-sittard,2020-12-11,N1,Eredivisie,1,2021,heracles,for sittard,16,11,schwach,1.7599,B365,31,1:2,niederlage,0
D1-2021-2020-12-12-dortmund-stuttgart,2020-12-12,D1,Bundesliga,1,2021,dortmund,stuttgart,8,10,schwach,1.5833,B365,26,1:5,niederlage,0
N1-2021-2020-12-12-emmen-den-haag,2020-12-12,N1,Eredivisie,1,2021,emmen,den haag,17,11,schwach,1.7792,B365,6,1:1,unentschieden,0
T1-2021-2020-12-12-fenerbahce-yeni-malatyaspor,2020-12-12,T1,Süper Lig,1,2021,fenerbahce,yeni malatyaspor,12,10,schwach,1.5111,B365,9,0:3,niederlage,0
I1-2021-2020-12-13-napoli-sampdoria,2020-12-13,I1,Serie A,1,2021,napoli,sampdoria,13,10,schwach,1.4667,B365,20,2:1,sieg,1
I1-2021-2020-12-13-milan-parma,2020-12-13,I1,Serie A,1,2021,milan,parma,15,10,schwach,1.3705,B365,13,2:2,unentschieden,0
D2-2021-2020-12-15-greuther-furth-darmstadt,2020-12-15,D2,2. Bundesliga,2,2021,greuther furth,darmstadt,14,11,schwach,1.77,B365,17,0:4,niederlage,0
SP1-2021-2020-12-16-barcelona-sociedad,2020-12-16,SP1,La Liga,1,2021,barcelona,sociedad,1,13,stark,1.6756,B365,27,2:1,sieg,1
D1-2021-2020-12-16-bayern-munich-wolfsburg,2020-12-16,D1,Bundesliga,1,2021,bayern munich,wolfsburg,5,11,stark,1.3983,B365,5,2:1,sieg,1
F1-2021-2020-12-16-monaco-lens,2020-12-16,F1,Ligue 1,1,2021,monaco,lens,9,13,schwach,1.7402,B365,1,0:3,niederlage,0
SP1-2021-2020-12-19-barcelona-valencia,2020-12-19,SP1,La Liga,1,2021,barcelona,valencia,13,13,schwach,1.3696,B365,29,2:2,unentschieden,0
SC0-2021-2020-12-19-rangers-motherwell,2020-12-19,SC0,Scottish Premiership,1,2021,rangers,motherwell,9,15,schwach,1.2439,B365,6,3:1,sieg,1
I2-2021-2020-12-19-lecce-pisa,2020-12-19,I2,Serie B,2,2021,lecce,pisa,13,12,schwach,1.6304,B365,2,0:3,niederlage,0
SP2-2021-2020-12-19-mallorca-fuenlabrada,2020-12-19,SP2,LaLiga 2,2,2021,mallorca,fuenlabrada,13,18,schwach,1.7212,B365,11,2:3,niederlage,0
N1-2021-2020-12-20-az-alkmaar-willem-ii,2020-12-20,N1,Eredivisie,1,2021,az alkmaar,willem ii,16,12,schwach,1.4181,Avg,22,5:3,sieg,1
B1-2021-2020-12-20-standard-mouscron,2020-12-20,B1,Belgien Pro League,1,2021,standard,mouscron,18,17,schwach,1.4983,B365,30,0:1,niederlage,0
I1-2021-2020-12-22-juventus-fiorentina,2020-12-22,I1,Serie A,1,2021,juventus,fiorentina,16,13,schwach,1.3808,B365,3,0:3,niederlage,0
N1-2021-2020-12-22-psv-eindhoven-vvv-venlo,2020-12-22,N1,Eredivisie,1,2021,psv eindhoven,vvv venlo,15,13,schwach,1.1976,B365,22,4:1,sieg,1
B1-2021-2020-12-26-standard-st-truiden,2020-12-26,B1,Belgien Pro League,1,2021,standard,st truiden,18,17,schwach,1.6933,B365,5,1:2,niederlage,0
I2-2021-2020-12-27-lecce-vicenza,2020-12-27,I2,Serie B,2,2021,lecce,vicenza,13,13,schwach,1.77,B365,15,2:1,sieg,1
SC0-2021-2020-12-30-hibernian-ross-county,2020-12-30,SC0,Scottish Premiership,1,2021,hibernian,ross county,12,20,schwach,1.5415,B365,25,0:2,niederlage,0
I2-2021-2020-12-30-empoli-ascoli,2020-12-30,I2,Serie B,2,2021,empoli,ascoli,19,15,schwach,1.5294,B365,2,1:1,unentschieden,0
SP1-2021-2021-01-03-sociedad-osasuna,2021-01-03,SP1,La Liga,1,2021,sociedad,osasuna,19,15,schwach,1.6179,B365,20,1:1,unentschieden,0
D1-2021-2021-01-03-bayern-munich-mainz,2021-01-03,D1,Bundesliga,1,2021,bayern munich,mainz,17,13,schwach,1.1834,B365,32,5:2,sieg,1
I1-2021-2021-01-03-inter-crotone,2021-01-03,I1,Serie A,1,2021,inter,crotone,19,14,schwach,1.2714,B365,12,6:2,sieg,1
F1-2021-2021-01-06-lille-angers,2021-01-06,F1,Ligue 1,1,2021,lille,angers,9,17,schwach,1.6776,B365,5,1:2,niederlage,0
N1-2021-2021-01-10-heerenveen-for-sittard,2021-01-10,N1,Eredivisie,1,2021,heerenveen,for sittard,13,14,schwach,1.7645,B365,20,1:3,niederlage,0
N1-2021-2021-01-10-ajax-psv-eindhoven,2021-01-10,N1,Eredivisie,1,2021,ajax,psv eindhoven,2,14,stark,1.7053,B365,2,2:2,unentschieden,0
G1-2021-2021-01-10-paok-volos-nfc,2021-01-10,G1,Griechenland Super League,1,2021,paok,volos nfc,6,15,stark,1.2191,B365,11,3:1,sieg,1
SP2-2021-2021-01-10-mallorca-las-palmas,2021-01-10,SP2,LaLiga 2,2,2021,mallorca,las palmas,15,20,schwach,1.74,B365,21,0:1,niederlage,0
G1-2021-2021-01-14-atromitos-lamia,2021-01-14,G1,Griechenland Super League,1,2021,atromitos,lamia,14,13,schwach,1.6776,B365,7,2:1,sieg,1
E0-2021-2021-01-16-wolves-west-brom,2021-01-16,E0,Premier League,1,2021,Wolves,west brom,19,17,schwach,1.6857,B365,8,2:3,niederlage,0
SP1-2021-2021-01-20-villarreal-granada,2021-01-20,SP1,La Liga,1,2021,villarreal,granada,7,18,schwach,1.5893,B365,21,2:2,unentschieden,0
B1-2021-2021-01-20-club-brugge-oostende,2021-01-20,B1,Belgien Pro League,1,2021,club brugge,oostende,6,21,stark,1.3833,B365,14,2:1,sieg,1
P1-2021-2021-01-21-guimaraes-nacional,2021-01-21,P1,Primeira Liga,1,2021,guimaraes,nacional,14,13,schwach,1.7579,B365,16,3:1,sieg,1
SP1-2021-2021-01-24-ath-madrid-valencia,2021-01-24,SP1,La Liga,1,2021,ath madrid,valencia,14,19,schwach,1.4697,B365,11,3:1,sieg,1
I1-2021-2021-01-24-lazio-sassuolo,2021-01-24,I1,Serie A,1,2021,lazio,sassuolo,8,18,schwach,1.7829,B365,6,2:1,sieg,1
T1-2021-2021-01-25-alanyaspor-ankaragucu,2021-01-25,T1,Süper Lig,1,2021,alanyaspor,ankaragucu,19,19,schwach,1.5704,B365,3,4:3,sieg,1
E0-2021-2021-01-27-man-united-sheffield-united,2021-01-27,E0,Premier League,1,2021,Manchester United,Sheffield United,20,19,schwach,1.322,B365,23,1:2,niederlage,0
B1-2021-2021-01-27-gent-st-truiden,2021-01-27,B1,Belgien Pro League,1,2021,gent,st truiden,15,23,schwach,1.6655,B365,23,1:1,unentschieden,0
G1-2021-2021-01-27-aek-giannina,2021-01-27,G1,Griechenland Super League,1,2021,aek,giannina,11,18,schwach,1.386,B365,33,0:2,niederlage,0
D1-2021-2021-01-30-dortmund-augsburg,2021-01-30,D1,Bundesliga,1,2021,dortmund,augsburg,12,18,schwach,1.3312,B365,10,3:1,sieg,1
SC0-2021-2021-01-30-celtic-st-mirren,2021-01-30,SC0,Scottish Premiership,1,2021,celtic,st mirren,7,22,schwach,1.442,B365,18,1:2,niederlage,0
I2-2021-2021-01-30-empoli-frosinone,2021-01-30,I2,Serie B,2,2021,empoli,frosinone,10,18,schwach,1.7761,B365,30,3:1,sieg,1
I1-2021-2021-01-31-atalanta-lazio,2021-01-31,I1,Serie A,1,2021,atalanta,lazio,7,19,schwach,1.7974,B365,3,1:3,niederlage,0
B1-2021-2021-01-31-club-brugge-standard,2021-01-31,B1,Belgien Pro League,1,2021,club brugge,standard,4,24,stark,1.6464,B365,3,3:1,sieg,1
E1-2021-2021-02-03-brentford-bristol-city,2021-02-03,E1,Championship,2,2021,Brentford,bristol city,9,26,schwach,1.4758,B365,3,3:2,sieg,1
P1-2021-2021-02-04-sp-braga-portimonense,2021-02-04,P1,Primeira Liga,1,2021,sp braga,portimonense,13,16,schwach,1.5043,B365,23,2:1,sieg,1
D1-2021-2021-02-06-m-gladbach-koln,2021-02-06,D1,Bundesliga,1,2021,m gladbach,koln,14,19,schwach,1.5453,B365,3,1:2,niederlage,0
T1-2021-2021-02-06-alanyaspor-rizespor,2021-02-06,T1,Süper Lig,1,2021,alanyaspor,rizespor,13,22,schwach,1.6975,B365,25,2:1,sieg,1
E1-2021-2021-02-06-bournemouth-birmingham,2021-02-06,E1,Championship,2,2021,Bournemouth,birmingham,22,27,schwach,1.7035,B365,27,3:2,sieg,1
F1-2021-2021-02-07-montpellier-dijon,2021-02-07,F1,Ligue 1,1,2021,montpellier,dijon,19,23,schwach,1.747,B365,5,4:2,sieg,1
B1-2021-2021-02-07-gent-eupen,2021-02-07,B1,Belgien Pro League,1,2021,gent,eupen,14,25,schwach,1.77,B365,7,2:2,unentschieden,0
D2-2021-2021-02-07-greuther-furth-wurzburger-kickers,2021-02-07,D2,2. Bundesliga,2,2021,greuther furth,wurzburger kickers,18,19,schwach,1.5893,B365,15,4:1,sieg,1
SP1-2021-2021-02-08-ath-madrid-celta,2021-02-08,SP1,La Liga,1,2021,ath madrid,celta,11,21,schwach,1.6906,B365,13,2:2,unentschieden,0
I2-2021-2021-02-12-monza-pisa,2021-02-12,I2,Serie B,2,2021,monza,pisa,11,22,schwach,1.7049,B365,7,0:2,niederlage,0
F1-2021-2021-02-13-lyon-montpellier,2021-02-13,F1,Ligue 1,1,2021,lyon,montpellier,11,24,schwach,1.432,B365,20,1:2,niederlage,0
P1-2021-2021-02-13-porto-boavista,2021-02-13,P1,Primeira Liga,1,2021,porto,boavista,17,18,schwach,1.2972,B365,8,2:2,unentschieden,0
SC0-2021-2021-02-13-motherwell-hamilton,2021-02-13,SC0,Scottish Premiership,1,2021,motherwell,hamilton,12,26,schwach,1.7688,B365,7,1:4,niederlage,0
F1-2021-2021-02-14-monaco-lorient,2021-02-14,F1,Ligue 1,1,2021,monaco,lorient,17,23,schwach,1.442,B365,7,2:2,unentschieden,0
N1-2021-2021-02-14-vitesse-twente,2021-02-14,N1,Eredivisie,1,2021,vitesse,twente,7,21,schwach,1.7829,B365,16,0:2,niederlage,0
E1-2021-2021-02-14-brentford-barnsley,2021-02-14,E1,Championship,2,2021,Brentford,barnsley,15,27,schwach,1.7037,B365,13,0:2,niederlage,0
D1-2021-2021-02-15-bayern-munich-bielefeld,2021-02-15,D1,Bundesliga,1,2021,bayern munich,bielefeld,16,19,schwach,1.1746,B365,9,3:3,unentschieden,0
E0-2021-2021-02-20-liverpool-everton,2021-02-20,E0,Premier League,1,2021,Liverpool,Everton,7,23,schwach,1.5257,B365,3,0:2,niederlage,0
SP1-2021-2021-02-20-ath-madrid-levante,2021-02-20,SP1,La Liga,1,2021,ath madrid,levante,11,23,schwach,1.6011,B365,30,0:2,niederlage,0
D1-2021-2021-02-20-m-gladbach-mainz,2021-02-20,D1,Bundesliga,1,2021,m gladbach,mainz,17,21,schwach,1.7092,B365,10,1:2,niederlage,0
G1-2021-2021-02-20-aek-asteras-tripolis,2021-02-20,G1,Griechenland Super League,1,2021,aek,asteras tripolis,6,22,stark,1.4563,B365,16,2:2,unentschieden,0
I2-2021-2021-02-20-cittadella-reggiana,2021-02-20,I2,Serie B,2,2021,cittadella,reggiana,15,22,schwach,1.6518,B365,2,0:3,niederlage,0
I2-2021-2021-02-20-venezia-virtus-entella,2021-02-20,I2,Serie B,2,2021,venezia,virtus entella,20,23,schwach,1.7833,B365,24,3:2,sieg,1
F1-2021-2021-02-21-paris-sg-monaco,2021-02-21,F1,Ligue 1,1,2021,paris sg,monaco,4,25,stark,1.7108,B365,6,0:2,niederlage,0
N1-2021-2021-02-21-psv-eindhoven-vitesse,2021-02-21,N1,Eredivisie,1,2021,psv eindhoven,vitesse,4,22,stark,1.7229,B365,4,3:1,sieg,1
T1-2021-2021-02-21-fenerbahce-goztep,2021-02-21,T1,Süper Lig,1,2021,fenerbahce,goztep,12,24,schwach,1.5879,B365,9,0:1,niederlage,0
E0-2021-2021-02-22-brighton-crystal-palace,2021-02-22,E0,Premier League,1,2021,Brighton,Crystal Palace,14,24,schwach,1.7948,B365,28,1:2,niederlage,0
E1-2021-2021-02-23-middlesbrough-bristol-city,2021-02-23,E1,Championship,2,2021,middlesbrough,bristol city,15,31,schwach,1.7035,B365,21,1:3,niederlage,0
D1-2021-2021-02-27-rb-leipzig-m-gladbach,2021-02-27,D1,Bundesliga,1,2021,rb leipzig,m gladbach,8,22,schwach,1.6857,B365,6,3:2,sieg,1
N1-2021-2021-02-27-utrecht-emmen,2021-02-27,N1,Eredivisie,1,2021,utrecht,emmen,18,23,schwach,1.3399,B365,14,0:1,niederlage,0
I2-2021-2021-03-01-venezia-reggiana,2021-03-01,I2,Serie B,2,2021,venezia,reggiana,15,24,schwach,1.7857,B365,20,2:1,sieg,1
T1-2021-2021-03-04-fenerbahce-antalyaspor,2021-03-04,T1,Süper Lig,1,2021,fenerbahce,antalyaspor,10,26,schwach,1.5265,B365,12,1:1,unentschieden,0
D1-2021-2021-03-06-bayern-munich-dortmund,2021-03-06,D1,Bundesliga,1,2021,bayern munich,dortmund,5,23,stark,1.7333,B365,2,4:2,sieg,1
E0-2021-2021-03-07-man-city-man-united,2021-03-07,E0,Premier League,1,2021,Manchester City,Manchester United,3,27,stark,1.5294,B365,2,0:2,niederlage,0
T1-2021-2021-03-07-galatasaray-sivasspor,2021-03-07,T1,Süper Lig,1,2021,galatasaray,sivasspor,11,26,schwach,1.7543,B365,9,2:2,unentschieden,0
G1-2021-2021-03-07-paok-aris,2021-03-07,G1,Griechenland Super League,1,2021,paok,aris,2,24,stark,1.7874,B365,26,2:2,unentschieden,0
F2-2021-2021-03-13-troyes-nancy,2021-03-13,F2,Ligue 2,2,2021,troyes,nancy,10,28,schwach,1.7283,B365,15,1:5,niederlage,0
D1-2021-2021-03-14-leverkusen-bielefeld,2021-03-14,D1,Bundesliga,1,2021,leverkusen,bielefeld,17,24,schwach,1.4374,B365,17,1:2,niederlage,0
T1-2021-2021-03-19-galatasaray-rizespor,2021-03-19,T1,Süper Lig,1,2021,galatasaray,rizespor,14,28,schwach,1.39,B365,2,3:4,niederlage,0
F1-2021-2021-03-21-lille-nimes,2021-03-21,F1,Ligue 1,1,2021,lille,nimes,19,29,schwach,1.3782,B365,12,1:2,niederlage,0
B1-2021-2021-03-21-club-brugge-antwerp,2021-03-21,B1,Belgien Pro League,1,2021,club brugge,antwerp,2,30,stark,1.5879,B365,9,0:2,niederlage,0
B1-2021-2021-03-21-anderlecht-waregem,2021-03-21,B1,Belgien Pro League,1,2021,anderlecht,waregem,8,30,schwach,1.6655,B365,5,4:1,sieg,1
B1-2021-2021-04-03-oostende-waasland-beveren,2021-04-03,B1,Belgien Pro League,1,2021,oostende,waasland beveren,18,30,schwach,1.5257,B365,23,0:2,niederlage,0
E0-2021-2021-04-04-man-united-brighton,2021-04-04,E0,Premier League,1,2021,Manchester United,Brighton,16,29,schwach,1.6952,B365,13,2:1,sieg,1
P1-2021-2021-04-04-guimaraes-tondela,2021-04-04,P1,Primeira Liga,1,2021,guimaraes,tondela,13,24,schwach,1.7221,B365,27,1:2,niederlage,0
T1-2021-2021-04-04-alanyaspor-genclerbirligi,2021-04-04,T1,Süper Lig,1,2021,alanyaspor,genclerbirligi,20,29,schwach,1.5432,B365,8,1:2,niederlage,0
T1-2021-2021-04-06-trabzonspor-kayserispor,2021-04-06,T1,Süper Lig,1,2021,trabzonspor,kayserispor,18,30,schwach,1.7543,B365,6,1:1,unentschieden,0
G1-2021-2021-04-11-olympiakos-panathinaikos,2021-04-11,G1,Griechenland Super League,1,2021,olympiakos,panathinaikos,4,28,stark,1.6071,B365,31,3:1,sieg,1
T1-2021-2021-04-12-alanyaspor-denizlispor,2021-04-12,T1,Süper Lig,1,2021,alanyaspor,denizlispor,21,31,schwach,1.5453,B365,27,3:2,sieg,1
F1-2021-2021-04-16-lille-montpellier,2021-04-16,F1,Ligue 1,1,2021,lille,montpellier,8,32,schwach,1.7055,B365,21,1:1,unentschieden,0
F2-2021-2021-04-17-clermont-le-havre,2021-04-17,F2,Ligue 2,2,2021,clermont,le havre,12,32,schwach,1.629,B365,18,1:1,unentschieden,0
D1-2021-2021-04-18-dortmund-werder-bremen,2021-04-18,D1,Bundesliga,1,2021,dortmund,werder bremen,13,28,schwach,1.4533,B365,14,4:1,sieg,1
I1-2021-2021-04-21-juventus-parma,2021-04-21,I1,Serie A,1,2021,juventus,parma,19,31,schwach,1.322,B365,25,3:1,sieg,1
P1-2021-2021-04-21-sp-braga-boavista,2021-04-21,P1,Primeira Liga,1,2021,sp braga,boavista,14,27,schwach,1.5349,B365,28,2:1,sieg,1
P1-2021-2021-04-21-sp-lisbon-belenenses,2021-04-21,P1,Primeira Liga,1,2021,sp lisbon,belenenses,12,27,schwach,1.5294,B365,13,2:2,unentschieden,0
T1-2021-2021-04-21-ankaragucu-denizlispor,2021-04-21,T1,Süper Lig,1,2021,ankaragucu,denizlispor,21,33,schwach,1.7883,B365,6,1:1,unentschieden,0
D2-2021-2021-04-21-paderborn-osnabruck,2021-04-21,D2,2. Bundesliga,2,2021,paderborn,osnabruck,16,29,schwach,1.7164,B365,14,2:2,unentschieden,0
N1-2021-2021-04-22-ajax-utrecht,2021-04-22,N1,Eredivisie,1,2021,ajax,utrecht,7,28,schwach,1.4954,B365,13,1:1,unentschieden,0
T1-2021-2021-04-22-alanyaspor-gaziantep,2021-04-22,T1,Süper Lig,1,2021,alanyaspor,gaziantep,7,33,schwach,1.7642,B365,6,3:2,sieg,1
I1-2021-2021-04-24-parma-crotone,2021-04-24,I1,Serie A,1,2021,parma,crotone,20,32,schwach,1.7946,B365,14,3:4,niederlage,0
F2-2021-2021-04-24-auxerre-dunkerque,2021-04-24,F2,Ligue 2,2,2021,auxerre,dunkerque,18,33,schwach,1.6655,B365,2,2:1,sieg,1
F1-2021-2021-04-25-rennes-dijon,2021-04-25,F1,Ligue 1,1,2021,rennes,dijon,20,33,schwach,1.3776,B365,9,5:1,sieg,1
E0-2021-2021-04-26-leicester-crystal-palace,2021-04-26,E0,Premier League,1,2021,Leicester,Crystal Palace,13,31,schwach,1.488,B365,12,2:1,sieg,1
E1-2021-2021-05-01-norwich-reading,2021-05-01,E1,Championship,2,2021,norwich,reading,7,44,schwach,1.6877,B365,12,4:1,sieg,1
N1-2021-2021-05-02-psv-eindhoven-heerenveen,2021-05-02,N1,Eredivisie,1,2021,psv eindhoven,heerenveen,11,30,schwach,1.2972,B365,34,2:2,unentschieden,0
P1-2021-2021-05-05-sp-braga-pacos-ferreira,2021-05-05,P1,Primeira Liga,1,2021,sp braga,pacos ferreira,5,30,stark,1.5628,B365,26,1:1,unentschieden,0
E0-2021-2021-05-07-leicester-newcastle,2021-05-07,E0,Premier League,1,2021,Leicester,Newcastle,17,34,schwach,1.4697,B365,22,2:4,niederlage,0
I2-2021-2021-05-07-brescia-pisa,2021-05-07,I2,Serie B,2,2021,brescia,pisa,13,36,schwach,1.7996,B365,9,4:3,sieg,1
D1-2021-2021-05-08-hoffenheim-schalke-04,2021-05-08,D1,Bundesliga,1,2021,hoffenheim,schalke 04,18,30,schwach,1.2637,B365,12,4:2,sieg,1
D2-2021-2021-05-08-greuther-furth-karlsruhe,2021-05-08,D2,2. Bundesliga,2,2021,greuther furth,karlsruhe,8,31,schwach,1.678,B365,4,2:2,unentschieden,0
D2-2021-2021-05-09-bochum-regensburg,2021-05-09,D2,2. Bundesliga,2,2021,bochum,regensburg,14,30,schwach,1.6857,B365,26,5:1,sieg,1
E0-2021-2021-05-12-chelsea-arsenal,2021-05-12,E0,Premier League,1,2021,Chelsea,Arsenal,9,35,schwach,1.7425,B365,16,0:1,niederlage,0
D2-2021-2021-05-13-holstein-kiel-regensburg,2021-05-13,D2,2. Bundesliga,2,2021,holstein kiel,regensburg,14,31,schwach,1.6375,B365,16,3:2,sieg,1
T1-2021-2021-05-15-karagumruk-denizlispor,2021-05-15,T1,Süper Lig,1,2021,karagumruk,denizlispor,21,39,schwach,1.4947,B365,26,5:1,sieg,1
SP2-2021-2021-05-15-almeria-albacete,2021-05-15,SP2,LaLiga 2,2,2021,almeria,albacete,22,38,schwach,1.6574,B365,19,1:1,unentschieden,0
E0-2021-2021-05-16-everton-sheffield-united,2021-05-16,E0,Premier League,1,2021,Everton,Sheffield United,20,35,schwach,1.4463,B365,7,0:1,niederlage,0
N1-2021-2021-05-16-twente-den-haag,2021-05-16,N1,Eredivisie,1,2021,twente,den haag,18,33,schwach,1.7223,B365,30,3:2,sieg,1
G1-2021-2021-05-16-paok-asteras-tripolis,2021-05-16,G1,Griechenland Super League,1,2021,paok,asteras tripolis,6,35,stark,1.4618,B365,28,0:1,niederlage,0
SP1-2021-2021-05-22-real-madrid-villarreal,2021-05-22,SP1,La Liga,1,2021,real madrid,villarreal,6,37,stark,1.4954,B365,20,2:1,sieg,1
F1-2021-2021-05-23-nantes-montpellier,2021-05-23,F1,Ligue 1,1,2021,nantes,montpellier,8,37,schwach,1.5294,B365,30,1:2,niederlage,0
D2-2021-2021-05-23-greuther-furth-fortuna-dusseldorf,2021-05-23,D2,2. Bundesliga,2,2021,greuther furth,fortuna dusseldorf,4,33,stark,1.6274,B365,26,3:2,sieg,1
SP2-2021-2021-05-23-espanol-tenerife,2021-05-23,SP2,LaLiga 2,2,2021,espanol,tenerife,10,40,schwach,1.6154,B365,5,1:1,unentschieden,0
B1-2122-2021-07-25-anderlecht-st-gilloise,2021-07-25,B1,Belgien Pro League,1,2122,anderlecht,st gilloise,,0,unbekannt,1.6191,B365,20,1:3,niederlage,0
SP1-2122-2021-08-20-betis-cadiz,2021-08-20,SP1,La Liga,1,2122,betis,cadiz,7,1,schwach,1.5714,B365,11,1:1,unentschieden,0
N1-2122-2021-08-22-vitesse-willem-ii,2021-08-22,N1,Eredivisie,1,2122,vitesse,willem ii,18,1,schwach,1.7221,B365,18,0:3,niederlage,0
D2-2122-2021-08-22-hamburg-darmstadt,2021-08-22,D2,2. Bundesliga,2,2122,hamburg,darmstadt,14,3,schwach,1.7425,B365,14,2:2,unentschieden,0
I2-2122-2021-08-22-benevento-alessandria,2021-08-22,I2,Serie B,2,2122,benevento,alessandria,,0,unbekannt,1.7221,B365,6,4:3,sieg,1
T1-2122-2021-08-23-galatasaray-hatayspor,2021-08-23,T1,Süper Lig,1,2122,galatasaray,hatayspor,11,1,schwach,1.56,B365,3,2:1,sieg,1
I1-2122-2021-08-28-lazio-spezia,2021-08-28,I1,Serie A,1,2122,lazio,spezia,12,1,schwach,1.42,B365,4,6:1,sieg,1
I1-2122-2021-08-28-juventus-empoli,2021-08-28,I1,Serie A,1,2122,juventus,empoli,16,1,schwach,1.2894,B365,21,0:1,niederlage,0
P1-2122-2021-08-29-benfica-tondela,2021-08-29,P1,Primeira Liga,1,2122,benfica,tondela,12,3,schwach,1.2646,B365,22,2:1,sieg,1
SC0-2122-2021-08-29-aberdeen-ross-county,2021-08-29,SC0,Scottish Premiership,1,2122,aberdeen,ross county,10,3,schwach,1.7041,B365,33,1:1,unentschieden,0
I1-2122-2021-09-11-atalanta-fiorentina,2021-09-11,I1,Serie A,1,2122,atalanta,fiorentina,10,2,schwach,1.6398,B365,33,1:2,niederlage,0
SP1-2122-2021-09-12-real-madrid-celta,2021-09-12,SP1,La Liga,1,2122,real madrid,celta,18,3,schwach,1.429,B365,4,5:2,sieg,1
F1-2122-2021-09-12-rennes-reims,2021-09-12,F1,Ligue 1,1,2122,rennes,reims,17,4,schwach,1.727,B365,26,0:2,niederlage,0
B1-2122-2021-09-12-gent-charleroi,2021-09-12,B1,Belgien Pro League,1,2122,gent,charleroi,4,6,stark,1.6643,B365,5,2:3,niederlage,0
E1-2122-2021-09-18-fulham-reading,2021-09-18,E1,Championship,2,2122,Fulham,reading,18,7,schwach,1.406,B365,19,1:2,niederlage,0
SP1-2122-2021-09-20-barcelona-granada,2021-09-20,SP1,La Liga,1,2122,barcelona,granada,17,4,schwach,1.3506,B365,2,1:1,unentschieden,0
E1-2122-2021-09-24-west-brom-qpr,2021-09-24,E1,Championship,2,2122,west brom,qpr,8,8,schwach,1.7829,B365,1,2:1,sieg,1
E0-2122-2021-09-25-leicester-burnley,2021-09-25,E0,Premier League,1,2122,Leicester,Burnley,19,5,schwach,1.6542,B365,12,2:2,unentschieden,0
F1-2122-2021-09-25-lyon-lorient,2021-09-25,F1,Ligue 1,1,2122,lyon,lorient,5,7,stark,1.4098,B365,20,1:1,unentschieden,0
N1-2122-2021-09-25-vitesse-for-sittard,2021-09-25,N1,Eredivisie,1,2122,vitesse,for sittard,16,5,schwach,1.7179,B365,2,1:1,unentschieden,0
F2-2122-2021-09-27-toulouse-caen,2021-09-27,F2,Ligue 2,2,2122,toulouse,caen,13,9,schwach,1.6375,B365,8,2:3,niederlage,0
D1-2122-2021-10-01-koln-greuther-furth,2021-10-01,D1,Bundesliga,1,2122,koln,greuther furth,18,6,schwach,1.48,B365,7,3:1,sieg,1
P1-2122-2021-10-02-porto-pacos-ferreira,2021-10-02,P1,Primeira Liga,1,2122,porto,pacos ferreira,9,7,schwach,1.3314,B365,19,2:1,sieg,1
P1-2122-2021-10-03-sp-braga-boavista,2021-10-03,P1,Primeira Liga,1,2122,sp braga,boavista,8,7,schwach,1.56,B365,12,2:2,unentschieden,0
SC0-2122-2021-10-03-rangers-hibernian,2021-10-03,SC0,Scottish Premiership,1,2122,rangers,hibernian,3,7,stark,1.4533,B365,8,2:1,sieg,1
D1-2122-2021-10-16-m-gladbach-stuttgart,2021-10-16,D1,Bundesliga,1,2122,m gladbach,stuttgart,12,7,schwach,1.5658,B365,15,1:1,unentschieden,0
I1-2122-2021-10-16-milan-verona,2021-10-16,I1,Serie A,1,2122,milan,verona,12,7,schwach,1.6386,B365,7,3:2,sieg,1
N1-2122-2021-10-16-psv-eindhoven-zwolle,2021-10-16,N1,Eredivisie,1,2122,psv eindhoven,zwolle,18,8,schwach,1.22,B365,3,3:1,sieg,1
B1-2122-2021-10-16-st-gilloise-seraing,2021-10-16,B1,Belgien Pro League,1,2122,st gilloise,seraing,13,10,schwach,1.4433,B365,31,4:2,sieg,1
SP1-2122-2021-10-17-villarreal-osasuna,2021-10-17,SP1,La Liga,1,2122,villarreal,osasuna,5,8,stark,1.7589,B365,26,1:2,niederlage,0
SP1-2122-2021-10-17-barcelona-valencia,2021-10-17,SP1,La Liga,1,2122,barcelona,valencia,8,8,schwach,1.5772,B365,5,3:1,sieg,1
F1-2122-2021-10-17-marseille-lorient,2021-10-17,F1,Ligue 1,1,2122,marseille,lorient,8,9,schwach,1.5772,B365,13,4:1,sieg,1
G1-2122-2021-10-17-paok-volos-nfc,2021-10-17,G1,Griechenland Super League,1,2122,paok,volos nfc,2,5,stark,1.4295,B365,13,4:4,unentschieden,0
SP1-2122-2021-10-23-valencia-mallorca,2021-10-23,SP1,La Liga,1,2122,valencia,mallorca,13,9,schwach,1.753,B365,32,2:2,unentschieden,0
I1-2122-2021-10-23-sassuolo-venezia,2021-10-23,I1,Serie A,1,2122,sassuolo,venezia,16,8,schwach,1.6593,B365,32,3:1,sieg,1
SP1-2122-2021-10-24-ath-madrid-sociedad,2021-10-24,SP1,La Liga,1,2122,ath madrid,sociedad,1,9,stark,1.7035,B365,7,2:2,unentschieden,0
SP1-2122-2021-10-26-villarreal-cadiz,2021-10-26,SP1,La Liga,1,2122,villarreal,cadiz,17,10,schwach,1.3732,B365,14,3:3,unentschieden,0
SC0-2122-2021-10-27-rangers-aberdeen,2021-10-27,SC0,Scottish Premiership,1,2122,rangers,aberdeen,8,10,schwach,1.3491,B365,8,2:2,unentschieden,0
F1-2122-2021-10-29-paris-sg-lille,2021-10-29,F1,Ligue 1,1,2122,paris sg,lille,10,11,schwach,1.4098,B365,31,2:1,sieg,1
T1-2122-2021-10-29-trabzonspor-rizespor,2021-10-29,T1,Süper Lig,1,2122,trabzonspor,rizespor,20,10,schwach,1.4196,B365,22,2:1,sieg,1
E0-2122-2021-10-30-man-city-crystal-palace,2021-10-30,E0,Premier League,1,2122,Manchester City,Crystal Palace,15,9,schwach,1.2025,B365,6,0:2,niederlage,0
N1-2122-2021-10-30-psv-eindhoven-twente,2021-10-30,N1,Eredivisie,1,2122,psv eindhoven,twente,7,10,schwach,1.3808,B365,13,5:2,sieg,1
N1-2122-2021-10-30-az-alkmaar-zwolle,2021-10-30,N1,Eredivisie,1,2122,az alkmaar,zwolle,18,10,schwach,1.2986,B365,5,3:2,sieg,1
F2-2122-2021-10-30-toulouse-guingamp,2021-10-30,F2,Ligue 2,2,2122,toulouse,guingamp,9,13,schwach,1.7216,B365,25,2:2,unentschieden,0
B1-2122-2021-10-31-anderlecht-oud-heverlee-leuven,2021-10-31,B1,Belgien Pro League,1,2122,anderlecht,oud heverlee leuven,14,12,schwach,1.3556,B365,6,2:2,unentschieden,0
SP2-2122-2021-11-04-girona-alcorcon,2021-11-04,SP2,LaLiga 2,2,2122,girona,alcorcon,22,13,schwach,1.7333,B365,30,3:1,sieg,1
SP1-2122-2021-11-05-ath-bilbao-cadiz,2021-11-05,SP1,La Liga,1,2122,ath bilbao,cadiz,18,12,schwach,1.4374,B365,6,0:1,niederlage,0
E0-2122-2021-11-06-brentford-norwich,2021-11-06,E0,Premier League,1,2122,Brentford,norwich,20,10,schwach,1.6783,B365,6,1:2,niederlage,0
I1-2122-2021-11-07-napoli-verona,2021-11-07,I1,Serie A,1,2122,napoli,verona,10,11,schwach,1.442,B365,13,1:1,unentschieden,0
SC0-2122-2021-11-07-rangers-ross-county,2021-11-07,SC0,Scottish Premiership,1,2122,rangers,ross county,12,11,schwach,1.166,B365,5,4:2,sieg,1
SP1-2122-2021-11-20-sevilla-alaves,2021-11-20,SP1,La Liga,1,2122,sevilla,alaves,14,12,schwach,1.502,B365,5,2:2,unentschieden,0
I1-2122-2021-11-20-atalanta-spezia,2021-11-20,I1,Serie A,1,2122,atalanta,spezia,16,12,schwach,1.3239,B365,11,5:2,sieg,1
G1-2122-2021-11-20-aris-giannina,2021-11-20,G1,Griechenland Super League,1,2122,aris,giannina,6,9,stark,1.6454,B365,5,0:5,niederlage,0
B1-2122-2021-11-26-st-gilloise-oud-heverlee-leuven,2021-11-26,B1,Belgien Pro League,1,2122,st gilloise,oud heverlee leuven,13,15,schwach,1.3399,B365,13,1:3,niederlage,0
I2-2122-2021-11-26-lecce-ternana,2021-11-26,I2,Serie B,2,2122,lecce,ternana,13,13,schwach,1.747,B365,10,3:3,unentschieden,0
F1-2122-2021-11-27-nice-metz,2021-11-27,F1,Ligue 1,1,2122,nice,metz,20,14,schwach,1.4814,B365,31,0:1,niederlage,0
T1-2122-2021-11-27-besiktas-giresunspor,2021-11-27,T1,Süper Lig,1,2122,besiktas,giresunspor,16,13,schwach,1.5879,B365,22,0:4,niederlage,0
SP1-2122-2021-11-28-betis-levante,2021-11-28,SP1,La Liga,1,2122,betis,levante,20,14,schwach,1.7447,B365,7,3:1,sieg,1
SP1-2122-2021-11-28-real-madrid-sevilla,2021-11-28,SP1,La Liga,1,2122,real madrid,sevilla,3,13,stark,1.7829,B365,12,2:1,sieg,1
I1-2122-2021-11-30-fiorentina-sampdoria,2021-11-30,I1,Serie A,1,2122,fiorentina,sampdoria,15,14,schwach,1.7874,B365,15,3:1,sieg,1
N1-2122-2021-12-01-feyenoord-heracles,2021-12-01,N1,Eredivisie,1,2122,feyenoord,heracles,14,13,schwach,1.399,B365,15,2:1,sieg,1
I1-2122-2021-12-02-lazio-udinese,2021-12-02,I1,Serie A,1,2122,lazio,udinese,14,14,schwach,1.753,B365,17,4:4,unentschieden,0
N1-2122-2021-12-02-az-alkmaar-for-sittard,2021-12-02,N1,Eredivisie,1,2122,az alkmaar,for sittard,17,13,schwach,1.3491,B365,9,2:1,sieg,1
F1-2122-2021-12-04-lille-troyes,2021-12-04,F1,Ligue 1,1,2122,lille,troyes,15,16,schwach,1.512,B365,6,2:1,sieg,1
N1-2122-2021-12-04-psv-eindhoven-utrecht,2021-12-04,N1,Eredivisie,1,2122,psv eindhoven,utrecht,4,14,stark,1.6182,B365,12,4:1,sieg,1
T1-2122-2021-12-04-galatasaray-altay,2021-12-04,T1,Süper Lig,1,2122,galatasaray,altay,13,14,schwach,1.5415,B365,17,2:2,unentschieden,0
N1-2122-2021-12-05-az-alkmaar-sparta-rotterdam,2021-12-05,N1,Eredivisie,1,2122,az alkmaar,sparta rotterdam,16,14,schwach,1.5089,B365,19,3:1,sieg,1
B1-2122-2021-12-05-anderlecht-waregem,2021-12-05,B1,Belgien Pro League,1,2122,anderlecht,waregem,16,16,schwach,1.3333,B365,25,3:2,sieg,1
E0-2122-2021-12-11-chelsea-leeds,2021-12-11,E0,Premier League,1,2122,Chelsea,Leeds,15,15,schwach,1.3216,B365,28,3:2,sieg,1
D1-2122-2021-12-11-bayern-munich-mainz,2021-12-11,D1,Bundesliga,1,2122,bayern munich,mainz,7,14,schwach,1.26,B365,22,2:1,sieg,1
P1-2122-2021-12-11-guimaraes-tondela,2021-12-11,P1,Primeira Liga,1,2122,guimaraes,tondela,10,12,schwach,1.5247,B365,18,5:2,sieg,1
E1-2122-2021-12-11-bournemouth-blackburn,2021-12-11,E1,Championship,2,2122,Bournemouth,blackburn,4,21,stark,1.7874,B365,21,0:2,niederlage,0
G1-2122-2021-12-12-paok-lamia,2021-12-12,G1,Griechenland Super League,1,2122,paok,lamia,12,12,schwach,1.2552,B365,7,2:1,sieg,1
E0-2122-2021-12-16-liverpool-newcastle,2021-12-16,E0,Premier League,1,2122,Liverpool,Newcastle,19,16,schwach,1.1834,B365,7,3:1,sieg,1
D2-2122-2021-12-17-fortuna-dusseldorf-sandhausen,2021-12-17,D2,2. Bundesliga,2,2122,fortuna dusseldorf,sandhausen,17,17,schwach,1.7425,B365,7,0:1,niederlage,0
I1-2122-2021-12-18-atalanta-roma,2021-12-18,I1,Serie A,1,2122,atalanta,roma,6,17,stark,1.7852,B365,1,1:4,niederlage,0
B1-2122-2021-12-18-st-gilloise-cercle-brugge,2021-12-18,B1,Belgien Pro League,1,2122,st gilloise,cercle brugge,12,19,schwach,1.7108,B365,8,3:2,sieg,1
G1-2122-2021-12-19-paok-asteras-tripolis,2021-12-19,G1,Griechenland Super League,1,2122,paok,asteras tripolis,8,14,schwach,1.5879,B365,12,3:2,sieg,1
T1-2122-2021-12-23-besiktas-goztep,2021-12-23,T1,Süper Lig,1,2122,besiktas,goztep,18,17,schwach,1.7368,B365,3,2:1,sieg,1
SC0-2122-2021-12-26-aberdeen-dundee,2021-12-26,SC0,Scottish Premiership,1,2122,aberdeen,dundee,11,19,schwach,1.6933,B365,7,2:1,sieg,1
B1-2122-2021-12-27-charleroi-oud-heverlee-leuven,2021-12-27,B1,Belgien Pro League,1,2122,charleroi,oud heverlee leuven,12,20,schwach,1.7936,B365,17,0:3,niederlage,0
P1-2122-2021-12-29-sp-lisbon-portimonense,2021-12-29,P1,Primeira Liga,1,2122,sp lisbon,portimonense,6,15,stark,1.3658,B365,21,3:2,sieg,1
E1-2122-2021-12-30-stoke-derby,2021-12-30,E1,Championship,2,2122,stoke,derby,15,23,schwach,1.7445,B365,16,1:2,niederlage,0
E1-2122-2022-01-02-west-brom-cardiff,2022-01-02,E1,Championship,2,2122,west brom,cardiff,22,23,schwach,1.6464,B365,34,1:1,unentschieden,0
I1-2122-2022-01-06-lazio-empoli,2022-01-06,I1,Serie A,1,2122,lazio,empoli,9,19,schwach,1.6836,B365,6,3:3,unentschieden,0
I1-2122-2022-01-06-sassuolo-genoa,2022-01-06,I1,Serie A,1,2122,sassuolo,genoa,18,19,schwach,1.6616,B365,6,1:1,unentschieden,0
D1-2122-2022-01-08-hoffenheim-augsburg,2022-01-08,D1,Bundesliga,1,2122,hoffenheim,augsburg,15,17,schwach,1.6194,B365,5,3:1,sieg,1
T1-2122-2022-01-08-galatasaray-giresunspor,2022-01-08,T1,Süper Lig,1,2122,galatasaray,giresunspor,14,19,schwach,1.7645,B365,11,0:1,niederlage,0
I1-2122-2022-01-09-verona-salernitana,2022-01-09,I1,Serie A,1,2122,verona,salernitana,20,18,schwach,1.442,B365,29,1:2,niederlage,0
B1-2122-2022-01-14-gent-kortrijk,2022-01-14,B1,Belgien Pro League,1,2122,gent,kortrijk,8,20,schwach,1.4758,B365,8,2:2,unentschieden,0
E1-2122-2022-01-15-fulham-bristol-city,2022-01-15,E1,Championship,2,2122,Fulham,bristol city,16,25,schwach,1.2894,B365,7,6:2,sieg,1
D2-2122-2022-01-15-st-pauli-erzgebirge-aue,2022-01-15,D2,2. Bundesliga,2,2122,st pauli,erzgebirge aue,17,18,schwach,1.5095,B365,17,2:2,unentschieden,0
E0-2122-2022-01-16-west-ham-leeds,2022-01-16,E0,Premier League,1,2122,West Ham,Leeds,16,19,schwach,1.7053,B365,10,2:3,niederlage,0
T1-2122-2022-01-19-fenerbahce-altay,2022-01-19,T1,Süper Lig,1,2122,fenerbahce,altay,18,21,schwach,1.4758,B365,14,2:1,sieg,1
SP1-2122-2022-01-22-ath-madrid-valencia,2022-01-22,SP1,La Liga,1,2122,ath madrid,valencia,9,21,schwach,1.5123,B365,25,3:2,sieg,1
I1-2122-2022-01-22-inter-venezia,2022-01-22,I1,Serie A,1,2122,inter,venezia,17,21,schwach,1.1682,B365,19,2:1,sieg,1
B1-2122-2022-01-25-gent-oostende,2022-01-25,B1,Belgien Pro League,1,2122,gent,oostende,16,22,schwach,1.5257,B365,8,1:1,unentschieden,0
G1-2122-2022-01-30-aek-volos-nfc,2022-01-30,G1,Griechenland Super League,1,2122,aek,volos nfc,9,18,schwach,1.3983,B365,16,1:2,niederlage,0
I2-2122-2022-01-30-cittadella-cosenza,2022-01-30,I2,Serie B,2,2122,cittadella,cosenza,17,19,schwach,1.5558,B365,16,1:1,unentschieden,0
P1-2122-2022-02-02-benfica-gil-vicente,2022-02-02,P1,Primeira Liga,1,2122,benfica,gil vicente,5,19,stark,1.3982,B365,11,1:2,niederlage,0
F1-2122-2022-02-04-marseille-angers,2022-02-04,F1,Ligue 1,1,2122,marseille,angers,12,22,schwach,1.5893,B365,8,5:2,sieg,1
D2-2122-2022-02-04-nurnberg-ingolstadt,2022-02-04,D2,2. Bundesliga,2,2122,nurnberg,ingolstadt,18,20,schwach,1.7268,B365,13,0:5,niederlage,0
N1-2122-2022-02-05-utrecht-cambuur,2022-02-05,N1,Eredivisie,1,2122,utrecht,cambuur,8,20,schwach,1.48,B365,8,3:2,sieg,1
D2-2122-2022-02-05-schalke-04-regensburg,2022-02-05,D2,2. Bundesliga,2,2122,schalke 04,regensburg,8,20,schwach,1.7092,B365,32,2:1,sieg,1
SP1-2122-2022-02-07-ath-bilbao-espanol,2022-02-07,SP1,La Liga,1,2122,ath bilbao,espanol,13,22,schwach,1.6877,B365,3,2:1,sieg,1
E1-2122-2022-02-08-coventry-blackpool,2022-02-08,E1,Championship,2,2122,coventry,blackpool,13,29,schwach,1.753,B365,24,1:1,unentschieden,0
P1-2122-2022-02-12-benfica-santa-clara,2022-02-12,P1,Primeira Liga,1,2122,benfica,santa clara,10,21,schwach,1.3573,B365,20,2:1,sieg,1
I2-2122-2022-02-12-parma-pordenone,2022-02-12,I2,Serie B,2,2122,parma,pordenone,19,21,schwach,1.663,B365,12,4:1,sieg,1
E0-2122-2022-02-13-tottenham-wolves,2022-02-13,E0,Premier League,1,2122,Tottenham,Wolves,8,22,schwach,1.7813,B365,6,0:2,niederlage,0
T1-2122-2022-02-13-sivasspor-yeni-malatyaspor,2022-02-13,T1,Süper Lig,1,2122,sivasspor,yeni malatyaspor,20,23,schwach,1.7457,B365,31,2:1,sieg,1
SC0-2122-2022-02-15-aberdeen-st-johnstone,2022-02-15,SC0,Scottish Premiership,1,2122,aberdeen,st johnstone,12,25,schwach,1.7556,B365,6,1:1,unentschieden,0
E0-2122-2022-02-19-brighton-burnley,2022-02-19,E0,Premier League,1,2122,Brighton,Burnley,20,21,schwach,1.751,B365,21,0:3,niederlage,0
E0-2122-2022-02-19-man-city-tottenham,2022-02-19,E0,Premier League,1,2122,Manchester City,Tottenham,8,22,schwach,1.3413,B365,4,2:3,niederlage,0
E1-2122-2022-02-19-fulham-huddersfield,2022-02-19,E1,Championship,2,2122,Fulham,huddersfield,5,32,stark,1.4697,B365,31,1:2,niederlage,0
I1-2122-2022-02-20-inter-sassuolo,2022-02-20,I1,Serie A,1,2122,inter,sassuolo,12,25,schwach,1.3556,B365,8,0:2,niederlage,0
F1-2122-2022-02-20-marseille-clermont,2022-02-20,F1,Ligue 1,1,2122,marseille,clermont,15,24,schwach,1.5571,B365,13,0:2,niederlage,0
N1-2122-2022-02-20-feyenoord-cambuur,2022-02-20,N1,Eredivisie,1,2122,feyenoord,cambuur,9,22,schwach,1.2096,B365,17,3:1,sieg,1
SC0-2122-2022-02-20-celtic-dundee,2022-02-20,SC0,Scottish Premiership,1,2122,celtic,dundee,12,25,schwach,1.1834,B365,26,3:2,sieg,1
E0-2122-2022-02-24-arsenal-wolves,2022-02-24,E0,Premier League,1,2122,Arsenal,Wolves,7,24,schwach,1.7342,B365,10,2:1,sieg,1
T1-2122-2022-02-25-trabzonspor-kayserispor,2022-02-25,T1,Süper Lig,1,2122,trabzonspor,kayserispor,9,26,schwach,1.6193,B365,24,3:2,sieg,1
F1-2122-2022-02-26-paris-sg-st-etienne,2022-02-26,F1,Ligue 1,1,2122,paris sg,st etienne,16,25,schwach,1.2025,B365,16,3:1,sieg,1
E1-2122-2022-02-26-bournemouth-stoke,2022-02-26,E1,Championship,2,2122,Bournemouth,stoke,14,32,schwach,1.753,B365,20,2:1,sieg,1
SP2-2122-2022-02-26-las-palmas-lugo,2022-02-26,SP2,LaLiga 2,2,2122,las palmas,lugo,13,28,schwach,1.727,B365,23,2:2,unentschieden,0
I1-2122-2022-02-27-torino-cagliari,2022-02-27,I1,Serie A,1,2122,torino,cagliari,17,26,schwach,1.7342,B365,21,1:2,niederlage,0
T1-2122-2022-02-27-galatasaray-rizespor,2022-02-27,T1,Süper Lig,1,2122,galatasaray,rizespor,18,26,schwach,1.5111,B365,8,4:2,sieg,1
SP1-2122-2022-03-05-real-madrid-sociedad,2022-03-05,SP1,La Liga,1,2122,real madrid,sociedad,6,26,stark,1.6857,B365,10,4:1,sieg,1
N1-2122-2022-03-05-feyenoord-groningen,2022-03-05,N1,Eredivisie,1,2122,feyenoord,groningen,10,24,schwach,1.3505,B365,23,1:1,unentschieden,0
D2-2122-2022-03-05-schalke-04-hansa-rostock,2022-03-05,D2,2. Bundesliga,2,2122,schalke 04,hansa rostock,16,24,schwach,1.7523,B365,25,3:4,niederlage,0
D2-2122-2022-03-06-werder-bremen-dresden,2022-03-06,D2,2. Bundesliga,2,2122,werder bremen,dresden,16,24,schwach,1.432,B365,2,2:1,sieg,1
E1-2122-2022-03-08-bournemouth-peterboro,2022-03-08,E1,Championship,2,2122,Bournemouth,peterboro,24,34,schwach,1.3394,B365,30,1:1,unentschieden,0
T1-2122-2022-03-12-trabzonspor-goztep,2022-03-12,T1,Süper Lig,1,2122,trabzonspor,goztep,17,28,schwach,1.7327,B365,31,4:2,sieg,1
E0-2122-2022-03-13-southampton-watford,2022-03-13,E0,Premier League,1,2122,Southampton,watford,19,28,schwach,1.6857,B365,14,1:2,niederlage,0
B1-2122-2022-03-13-genk-st-truiden,2022-03-13,B1,Belgien Pro League,1,2122,genk,st truiden,11,30,schwach,1.5383,B365,29,0:1,niederlage,0
E1-2122-2022-03-16-coventry-hull,2022-03-16,E1,Championship,2,2122,coventry,hull,21,37,schwach,1.6602,B365,4,0:2,niederlage,0
B1-2122-2022-03-18-st-gilloise-oostende,2022-03-18,B1,Belgien Pro League,1,2122,st gilloise,oostende,15,31,schwach,1.384,B365,9,1:1,unentschieden,0
I1-2122-2022-03-19-napoli-udinese,2022-03-19,I1,Serie A,1,2122,napoli,udinese,14,27,schwach,1.5257,B365,22,2:1,sieg,1
F1-2122-2022-03-19-lens-clermont,2022-03-19,F1,Ligue 1,1,2122,lens,clermont,16,28,schwach,1.7342,B365,9,3:1,sieg,1
N1-2122-2022-03-20-utrecht-groningen,2022-03-20,N1,Eredivisie,1,2122,utrecht,groningen,8,26,schwach,1.7933,B365,4,1:3,niederlage,0
N1-2122-2022-03-20-ajax-feyenoord,2022-03-20,N1,Eredivisie,1,2122,ajax,feyenoord,3,26,stark,1.4947,B365,8,3:2,sieg,1
D1-2122-2022-04-02-hoffenheim-bochum,2022-04-02,D1,Bundesliga,1,2122,hoffenheim,bochum,12,27,schwach,1.5772,B365,28,1:2,niederlage,0
B1-2122-2022-04-02-mechelen-kortrijk,2022-04-02,B1,Belgien Pro League,1,2122,mechelen,kortrijk,12,32,schwach,1.7984,B365,7,3:2,sieg,1
E1-2122-2022-04-02-bournemouth-bristol-city,2022-04-02,E1,Championship,2,2122,Bournemouth,bristol city,19,39,schwach,1.5089,B365,4,3:2,sieg,1
D2-2122-2022-04-02-hamburg-paderborn,2022-04-02,D2,2. Bundesliga,2,2122,hamburg,paderborn,8,27,schwach,1.7485,B365,1,1:2,niederlage,0
SP1-2122-2022-04-08-sevilla-granada,2022-04-08,SP1,La Liga,1,2122,sevilla,granada,16,30,schwach,1.5607,B365,23,4:2,sieg,1
E0-2122-2022-04-09-arsenal-brighton,2022-04-09,E0,Premier League,1,2122,Arsenal,Brighton,13,30,schwach,1.7037,B365,28,1:2,niederlage,0
N1-2122-2022-04-09-ajax-sparta-rotterdam,2022-04-09,N1,Eredivisie,1,2122,ajax,sparta rotterdam,16,26,schwach,1.1414,B365,33,2:1,sieg,1
P1-2122-2022-04-09-benfica-belenenses,2022-04-09,P1,Primeira Liga,1,2122,benfica,belenenses,18,28,schwach,1.266,B365,3,3:1,sieg,1
I1-2122-2022-04-10-roma-salernitana,2022-04-10,I1,Serie A,1,2122,roma,salernitana,20,29,schwach,1.339,B365,22,2:1,sieg,1
E1-2122-2022-04-10-fulham-coventry,2022-04-10,E1,Championship,2,2122,Fulham,coventry,14,40,schwach,1.5641,B365,20,1:3,niederlage,0
E1-2122-2022-04-15-sheffield-united-reading,2022-04-15,E1,Championship,2,2122,Sheffield United,reading,22,41,schwach,1.6877,B365,17,1:2,niederlage,0
E0-2122-2022-04-17-west-ham-burnley,2022-04-17,E0,Premier League,1,2122,West Ham,Burnley,18,30,schwach,1.7874,B365,33,1:1,unentschieden,0
D2-2122-2022-04-17-werder-bremen-nurnberg,2022-04-17,D2,2. Bundesliga,2,2122,werder bremen,nurnberg,5,29,stark,1.6693,B365,24,1:1,unentschieden,0
I2-2122-2022-04-18-cremonese-cosenza,2022-04-18,I2,Serie B,2,2122,cremonese,cosenza,17,34,schwach,1.5856,B365,2,3:1,sieg,1
F1-2122-2022-04-20-marseille-nantes,2022-04-20,F1,Ligue 1,1,2122,marseille,nantes,10,32,schwach,1.6952,B365,26,3:2,sieg,1
N1-2122-2022-04-23-az-alkmaar-heerenveen,2022-04-23,N1,Eredivisie,1,2122,az alkmaar,heerenveen,11,29,schwach,1.502,B365,7,2:1,sieg,1
SP1-2122-2022-04-24-barcelona-vallecano,2022-04-24,SP1,La Liga,1,2122,barcelona,vallecano,14,32,schwach,1.3664,B365,7,0:1,niederlage,0
I2-2122-2022-04-25-cosenza-pordenone,2022-04-25,I2,Serie B,2,2122,cosenza,pordenone,20,35,schwach,1.6609,B365,24,3:1,sieg,1
I1-2122-2022-04-27-fiorentina-udinese,2022-04-27,I1,Serie A,1,2122,fiorentina,udinese,12,33,schwach,1.7829,B365,12,0:4,niederlage,0
I1-2122-2022-04-27-atalanta-torino,2022-04-27,I1,Serie A,1,2122,atalanta,torino,11,32,schwach,1.6783,B365,4,4:4,unentschieden,0
D1-2122-2022-04-29-union-berlin-greuther-furth,2022-04-29,D1,Bundesliga,1,2122,union berlin,greuther furth,18,31,schwach,1.3423,B365,33,1:1,unentschieden,0
D1-2122-2022-04-30-dortmund-bochum,2022-04-30,D1,Bundesliga,1,2122,dortmund,bochum,13,31,schwach,1.4404,B365,3,3:4,niederlage,0
F1-2122-2022-04-30-lens-nantes,2022-04-30,F1,Ligue 1,1,2122,lens,nantes,10,34,schwach,1.7342,B365,8,2:2,unentschieden,0
F2-2122-2022-04-30-ajaccio-le-havre,2022-04-30,F2,Ligue 2,2,2122,ajaccio,le havre,6,35,stark,1.65,B365,8,2:1,sieg,1
T1-2122-2022-05-01-alanyaspor-yeni-malatyaspor,2022-05-01,T1,Süper Lig,1,2122,alanyaspor,yeni malatyaspor,20,34,schwach,1.3517,B365,31,2:1,sieg,1
I1-2122-2022-05-02-atalanta-salernitana,2022-05-02,I1,Serie A,1,2122,atalanta,salernitana,19,33,schwach,1.3239,B365,27,1:1,unentschieden,0
I1-2122-2022-05-06-inter-empoli,2022-05-06,I1,Serie A,1,2122,inter,empoli,14,35,schwach,1.2027,B365,5,4:2,sieg,1
N1-2122-2022-05-07-twente-for-sittard,2022-05-07,N1,Eredivisie,1,2122,twente,for sittard,15,31,schwach,1.4697,B365,25,1:2,niederlage,0
SC0-2122-2022-05-07-celtic-hearts,2022-05-07,SC0,Scottish Premiership,1,2122,celtic,hearts,3,35,stark,1.3491,B365,3,4:1,sieg,1
D2-2122-2022-05-07-schalke-04-st-pauli,2022-05-07,D2,2. Bundesliga,2,2122,schalke 04,st pauli,5,32,stark,1.5885,B365,9,3:2,sieg,1
F2-2122-2022-05-07-toulouse-nimes,2022-05-07,F2,Ligue 2,2,2122,toulouse,nimes,8,36,schwach,1.4181,B365,25,2:1,sieg,1
D1-2122-2022-05-08-bayern-munich-stuttgart,2022-05-08,D1,Bundesliga,1,2122,bayern munich,stuttgart,16,32,schwach,1.3102,B365,8,2:2,unentschieden,0
F1-2122-2022-05-11-nice-st-etienne,2022-05-11,F1,Ligue 1,1,2122,nice,st etienne,18,35,schwach,1.6655,B365,11,4:2,sieg,1
D1-2122-2022-05-14-dortmund-hertha,2022-05-14,D1,Bundesliga,1,2122,dortmund,hertha,15,33,schwach,1.5857,B365,18,2:1,sieg,1
I1-2122-2022-05-14-roma-venezia,2022-05-14,I1,Serie A,1,2122,roma,venezia,20,36,schwach,1.3059,B365,1,1:1,unentschieden,0
F1-2122-2022-05-14-monaco-brest,2022-05-14,F1,Ligue 1,1,2122,monaco,brest,11,36,schwach,1.3173,B365,10,4:2,sieg,1
N1-2122-2022-05-15-az-alkmaar-waalwijk,2022-05-15,N1,Eredivisie,1,2122,az alkmaar,waalwijk,13,33,schwach,1.3523,B365,18,1:3,niederlage,0
N1-2122-2022-05-15-feyenoord-twente,2022-05-15,N1,Eredivisie,1,2122,feyenoord,twente,4,33,stark,1.6299,B365,27,1:2,niederlage,0
E0-2122-2022-05-19-chelsea-leicester,2022-05-19,E0,Premier League,1,2122,Chelsea,Leicester,9,36,schwach,1.4697,B365,6,1:1,unentschieden,0
SP2-2122-2022-05-21-ponferradina-leganes,2022-05-21,SP2,LaLiga 2,2,2122,ponferradina,leganes,14,40,schwach,1.5879,B365,6,0:3,niederlage,0
E0-2122-2022-05-22-liverpool-wolves,2022-05-22,E0,Premier League,1,2122,Liverpool,Wolves,8,37,schwach,1.2101,B365,3,3:1,sieg,1
I1-2122-2022-05-22-salernitana-udinese,2022-05-22,I1,Serie A,1,2122,salernitana,udinese,13,37,schwach,1.7829,B365,6,0:4,niederlage,0
SP2-2122-2022-05-29-tenerife-cartagena,2022-05-29,SP2,LaLiga 2,2,2122,tenerife,cartagena,9,41,schwach,1.626,B365,12,1:2,niederlage,0
E0-2223-2022-08-06-tottenham-southampton,2022-08-06,E0,Premier League,1,2223,Tottenham,Southampton,,0,unbekannt,1.3983,B365,12,4:1,sieg,1
B1-2223-2022-08-06-charleroi-oostende,2022-08-06,B1,Belgien Pro League,1,2223,charleroi,oostende,11,2,schwach,1.7411,B365,28,1:3,niederlage,0
E1-2223-2022-08-06-norwich-wigan,2022-08-06,E1,Championship,2,2223,norwich,wigan,17,1,schwach,1.7773,B365,29,1:1,unentschieden,0
E0-2223-2022-08-07-man-united-brighton,2022-08-07,E0,Premier League,1,2223,Manchester United,Brighton,,0,unbekannt,1.6857,B365,30,1:2,niederlage,0
B1-2223-2022-08-07-gent-westerlo,2022-08-07,B1,Belgien Pro League,1,2223,gent,westerlo,12,2,schwach,1.7414,B365,5,2:1,sieg,1
B1-2223-2022-08-07-antwerp-oud-heverlee-leuven,2022-08-07,B1,Belgien Pro League,1,2223,antwerp,oud heverlee leuven,1,2,stark,1.7414,B365,27,4:2,sieg,1
D1-2223-2022-08-13-hoffenheim-bochum,2022-08-13,D1,Bundesliga,1,2223,hoffenheim,bochum,12,1,schwach,1.6479,B365,10,3:2,sieg,1
D1-2223-2022-08-13-leverkusen-augsburg,2022-08-13,D1,Bundesliga,1,2223,leverkusen,augsburg,17,1,schwach,1.3629,B365,15,1:2,niederlage,0
I1-2223-2022-08-13-milan-udinese,2022-08-13,I1,Serie A,1,2223,milan,udinese,,0,unbekannt,1.5089,B365,2,4:2,sieg,1
E0-2223-2022-08-15-liverpool-crystal-palace,2022-08-15,E0,Premier League,1,2223,Liverpool,Crystal Palace,18,1,schwach,1.2486,B365,32,1:1,unentschieden,0
E1-2223-2022-08-16-burnley-hull,2022-08-16,E1,Championship,2,2223,Burnley,hull,2,3,stark,1.6179,B365,25,1:1,unentschieden,0
D1-2223-2022-08-20-leverkusen-hoffenheim,2022-08-20,D1,Bundesliga,1,2223,leverkusen,hoffenheim,8,2,schwach,1.7523,B365,9,0:3,niederlage,0
E0-2223-2022-08-27-man-city-crystal-palace,2022-08-27,E0,Premier League,1,2223,Manchester City,Crystal Palace,9,3,schwach,1.2481,B365,4,4:2,sieg,1
G1-2223-2022-08-27-aek-volos-nfc,2022-08-27,G1,Griechenland Super League,1,2223,aek,volos nfc,8,1,schwach,1.322,B365,19,0:1,niederlage,0
F1-2223-2022-08-28-paris-sg-monaco,2022-08-28,F1,Ligue 1,1,2223,paris sg,monaco,12,3,schwach,1.2383,B365,20,1:1,unentschieden,0
SC0-2223-2022-08-28-hearts-st-johnstone,2022-08-28,SC0,Scottish Premiership,1,2223,hearts,st johnstone,10,4,schwach,1.727,B365,6,3:2,sieg,1
F2-2223-2022-08-30-caen-pau,2022-08-30,F2,Ligue 2,2,2223,caen,pau,20,5,schwach,1.7093,B365,7,1:1,unentschieden,0
P1-2223-2022-09-02-benfica-vizela,2022-09-02,P1,Primeira Liga,1,2223,benfica,vizela,11,4,schwach,1.2514,B365,20,2:1,sieg,1
B1-2223-2022-09-03-mechelen-seraing,2022-09-03,B1,Belgien Pro League,1,2223,mechelen,seraing,18,6,schwach,1.6616,B365,22,2:3,niederlage,0
E1-2223-2022-09-03-preston-birmingham,2022-09-03,E1,Championship,2,2223,preston,birmingham,22,7,schwach,1.7498,B365,16,0:1,niederlage,0
N1-2223-2022-09-04-waalwijk-excelsior,2022-09-04,N1,Eredivisie,1,2223,waalwijk,excelsior,8,4,schwach,1.7829,B365,15,5:2,sieg,1
B1-2223-2022-09-04-anderlecht-oud-heverlee-leuven,2022-09-04,B1,Belgien Pro League,1,2223,anderlecht,oud heverlee leuven,4,6,stark,1.4447,B365,19,2:2,unentschieden,0
T1-2223-2022-09-05-galatasaray-gaziantep,2022-09-05,T1,Süper Lig,1,2223,galatasaray,gaziantep,5,4,stark,1.7177,B365,27,2:1,sieg,1
I1-2223-2022-09-11-juventus-salernitana,2022-09-11,I1,Serie A,1,2223,juventus,salernitana,10,5,schwach,1.4758,B365,18,2:2,unentschieden,0
G1-2223-2022-09-11-olympiakos-volos-nfc,2022-09-11,G1,Griechenland Super League,1,2223,olympiakos,volos nfc,8,3,schwach,1.322,B365,29,1:1,unentschieden,0
SP2-2223-2022-09-11-sp-gijon-santander,2022-09-11,SP2,LaLiga 2,2,2223,sp gijon,santander,22,4,schwach,1.626,B365,30,0:2,niederlage,0
E1-2223-2022-09-13-middlesbrough-cardiff,2022-09-13,E1,Championship,2,2223,middlesbrough,cardiff,22,8,schwach,1.796,B365,4,2:3,niederlage,0
E1-2223-2022-09-14-west-brom-birmingham,2022-09-14,E1,Championship,2,2223,west brom,birmingham,22,8,schwach,1.5126,B365,14,2:3,niederlage,0
E0-2223-2022-09-17-tottenham-leicester,2022-09-17,E0,Premier League,1,2223,Tottenham,Leicester,20,6,schwach,1.5294,B365,6,6:2,sieg,1
SP1-2223-2022-09-17-ath-bilbao-vallecano,2022-09-17,SP1,La Liga,1,2223,ath bilbao,vallecano,9,5,schwach,1.6179,B365,5,3:2,sieg,1
N1-2223-2022-09-17-vitesse-volendam,2022-09-17,N1,Eredivisie,1,2223,vitesse,volendam,16,6,schwach,1.5317,B365,21,1:1,unentschieden,0
F2-2223-2022-09-17-sochaux-nimes,2022-09-17,F2,Ligue 2,2,2223,sochaux,nimes,15,8,schwach,1.7467,B365,4,3:1,sieg,1
SP1-2223-2022-09-18-villarreal-sevilla,2022-09-18,SP1,La Liga,1,2223,villarreal,sevilla,16,5,schwach,1.7874,B365,8,1:1,unentschieden,0
T1-2223-2022-09-18-trabzonspor-gaziantep,2022-09-18,T1,Süper Lig,1,2223,trabzonspor,gaziantep,7,6,schwach,1.7645,B365,2,3:2,sieg,1
B1-2223-2022-09-30-standard-seraing,2022-09-30,B1,Belgien Pro League,1,2223,standard,seraing,16,9,schwach,1.7268,B365,9,0:2,niederlage,0
E0-2223-2022-10-01-liverpool-brighton,2022-10-01,E0,Premier League,1,2223,Liverpool,Brighton,4,6,stark,1.4098,B365,4,3:3,unentschieden,0
B1-2223-2022-10-02-gent-cercle-brugge,2022-10-02,B1,Belgien Pro League,1,2223,gent,cercle brugge,17,9,schwach,1.72,B365,24,3:4,niederlage,0
P1-2223-2022-10-08-benfica-rio-ave,2022-10-08,P1,Primeira Liga,1,2223,benfica,rio ave,10,8,schwach,1.2549,B365,6,4:2,sieg,1
P1-2223-2022-10-09-sp-braga-chaves,2022-10-09,P1,Primeira Liga,1,2223,sp braga,chaves,10,8,schwach,1.3749,B365,2,0:1,niederlage,0
B1-2223-2022-10-14-westerlo-seraing,2022-10-14,B1,Belgien Pro League,1,2223,westerlo,seraing,14,11,schwach,1.6862,B365,12,2:2,unentschieden,0
SP1-2223-2022-10-15-valencia-elche,2022-10-15,SP1,La Liga,1,2223,valencia,elche,20,8,schwach,1.4814,B365,29,2:2,unentschieden,0
D1-2223-2022-10-16-koln-augsburg,2022-10-16,D1,Bundesliga,1,2223,koln,augsburg,12,9,schwach,1.747,B365,14,3:2,sieg,1
E1-2223-2022-10-18-west-brom-bristol-city,2022-10-18,E1,Championship,2,2223,west brom,bristol city,17,15,schwach,1.7874,B365,32,0:2,niederlage,0
N1-2223-2022-10-22-feyenoord-for-sittard,2022-10-22,N1,Eredivisie,1,2223,feyenoord,for sittard,10,10,schwach,1.27,B365,9,1:1,unentschieden,0
SC0-2223-2022-10-22-rangers-livingston,2022-10-22,SC0,Scottish Premiership,1,2223,rangers,livingston,6,10,stark,1.2223,B365,4,1:1,unentschieden,0
SP1-2223-2022-10-23-espanol-elche,2022-10-23,SP1,La Liga,1,2223,espanol,elche,20,10,schwach,1.7589,B365,11,2:2,unentschieden,0
SP1-2223-2022-10-23-villarreal-almeria,2022-10-23,SP1,La Liga,1,2223,villarreal,almeria,13,10,schwach,1.4374,B365,31,2:1,sieg,1
D2-2223-2022-10-23-hamburg-magdeburg,2022-10-23,D2,2. Bundesliga,2,2223,hamburg,magdeburg,18,12,schwach,1.5658,B365,11,2:3,niederlage,0
E0-2223-2022-10-29-liverpool-leeds,2022-10-29,E0,Premier League,1,2223,Liverpool,Leeds,18,11,schwach,1.3611,B365,4,1:2,niederlage,0
F1-2223-2022-10-29-paris-sg-troyes,2022-10-29,F1,Ligue 1,1,2223,paris sg,troyes,11,12,schwach,1.1465,B365,3,4:3,sieg,1
SC0-2223-2022-10-29-rangers-aberdeen,2022-10-29,SC0,Scottish Premiership,1,2223,rangers,aberdeen,3,11,stark,1.4416,B365,21,4:1,sieg,1
E1-2223-2022-11-02-burnley-rotherham,2022-11-02,E1,Championship,2,2223,Burnley,rotherham,13,17,schwach,1.5161,B365,3,3:2,sieg,1
I1-2223-2022-11-04-udinese-lecce,2022-11-04,I1,Serie A,1,2223,udinese,lecce,17,12,schwach,1.7055,B365,33,1:1,unentschieden,0
SP1-2223-2022-11-06-villarreal-mallorca,2022-11-06,SP1,La Liga,1,2223,villarreal,mallorca,14,12,schwach,1.6655,B365,32,0:2,niederlage,0
P1-2223-2022-11-06-sp-braga-casa-pia,2022-11-06,P1,Primeira Liga,1,2223,sp braga,casa pia,5,11,stark,1.48,B365,23,0:1,niederlage,0
D2-2223-2022-11-06-hamburg-regensburg,2022-11-06,D2,2. Bundesliga,2,2223,hamburg,regensburg,9,14,schwach,1.4814,B365,7,3:1,sieg,1
I1-2223-2022-11-09-inter-bologna,2022-11-09,I1,Serie A,1,2223,inter,bologna,12,13,schwach,1.3506,B365,22,6:1,sieg,1
E0-2223-2022-11-12-man-city-brentford,2022-11-12,E0,Premier League,1,2223,Manchester City,Brentford,11,14,schwach,1.2096,B365,16,1:2,niederlage,0
E0-2223-2022-11-12-tottenham-leeds,2022-11-12,E0,Premier League,1,2223,Tottenham,Leeds,12,13,schwach,1.7402,B365,10,4:3,sieg,1
N1-2223-2022-11-12-psv-eindhoven-az-alkmaar,2022-11-12,N1,Eredivisie,1,2223,psv eindhoven,az alkmaar,5,13,stark,1.5641,B365,18,0:1,niederlage,0
E1-2223-2022-11-12-luton-rotherham,2022-11-12,E1,Championship,2,2223,Luton,rotherham,15,20,schwach,1.7771,B365,1,1:1,unentschieden,0
D2-2223-2022-11-12-heidenheim-regensburg,2022-11-12,D2,2. Bundesliga,2,2223,heidenheim,regensburg,10,16,schwach,1.7829,B365,13,5:4,sieg,1
F2-2223-2022-11-12-bordeaux-pau,2022-11-12,F2,Ligue 2,2,2223,bordeaux,pau,10,14,schwach,1.736,B365,23,1:1,unentschieden,0
N1-2223-2022-11-13-feyenoord-excelsior,2022-11-13,N1,Eredivisie,1,2223,feyenoord,excelsior,12,13,schwach,1.1926,B365,4,5:1,sieg,1
SC0-2223-2022-12-15-rangers-hibernian,2022-12-15,SC0,Scottish Premiership,1,2223,rangers,hibernian,8,16,schwach,1.3921,B365,8,3:2,sieg,1
I2-2223-2022-12-18-parma-spal,2022-12-18,I2,Serie B,2,2223,parma,spal,17,17,schwach,1.7979,B365,19,0:1,niederlage,0
E0-2223-2022-12-26-arsenal-west-ham,2022-12-26,E0,Premier League,1,2223,Arsenal,West Ham,16,15,schwach,1.5772,B365,27,3:1,sieg,1
E0-2223-2022-12-30-liverpool-leicester,2022-12-30,E0,Premier League,1,2223,Liverpool,Leicester,13,16,schwach,1.3508,B365,4,2:1,sieg,1
I1-2223-2023-01-04-udinese-empoli,2023-01-04,I1,Serie A,1,2223,udinese,empoli,13,15,schwach,1.6592,B365,3,1:1,unentschieden,0
T1-2223-2023-01-04-galatasaray-ankaragucu,2023-01-04,T1,Süper Lig,1,2223,galatasaray,ankaragucu,13,15,schwach,1.5644,B365,7,2:1,sieg,1
SP1-2223-2023-01-06-valencia-cadiz,2023-01-06,SP1,La Liga,1,2223,valencia,cadiz,19,15,schwach,1.6655,B365,9,0:1,niederlage,0
F1-2223-2023-01-14-marseille-lorient,2023-01-14,F1,Ligue 1,1,2223,marseille,lorient,6,18,stark,1.4667,B365,29,3:1,sieg,1
F1-2223-2023-01-14-lyon-strasbourg,2023-01-14,F1,Ligue 1,1,2223,lyon,strasbourg,19,18,schwach,1.6857,B365,29,1:2,niederlage,0
SC0-2223-2023-01-14-hibernian-dundee-united,2023-01-14,SC0,Scottish Premiership,1,2223,hibernian,dundee united,11,20,schwach,1.7933,B365,6,2:2,unentschieden,0
I1-2223-2023-01-15-torino-spezia,2023-01-15,I1,Serie A,1,2223,torino,spezia,17,17,schwach,1.7209,B365,28,0:1,niederlage,0
B1-2223-2023-01-18-anderlecht-waregem,2023-01-18,B1,Belgien Pro League,1,2223,anderlecht,waregem,17,20,schwach,1.619,B365,11,2:3,niederlage,0
E1-2223-2023-01-21-watford-rotherham,2023-01-21,E1,Championship,2,2223,watford,rotherham,19,27,schwach,1.6274,B365,20,1:1,unentschieden,0
B1-2223-2023-01-22-club-brugge-charleroi,2023-01-22,B1,Belgien Pro League,1,2223,club brugge,charleroi,12,21,schwach,1.5265,B365,13,2:2,unentschieden,0
D1-2223-2023-01-24-bayern-munich-koln,2023-01-24,D1,Bundesliga,1,2223,bayern munich,koln,11,16,schwach,1.26,B365,4,1:1,unentschieden,0
N1-2223-2023-01-28-az-alkmaar-utrecht,2023-01-28,N1,Eredivisie,1,2223,az alkmaar,utrecht,7,18,schwach,1.7576,B365,12,5:5,unentschieden,0
I1-2223-2023-01-29-milan-sassuolo,2023-01-29,I1,Serie A,1,2223,milan,sassuolo,17,19,schwach,1.5641,B365,19,2:5,niederlage,0
I1-2223-2023-01-29-juventus-monza,2023-01-29,I1,Serie A,1,2223,juventus,monza,13,19,schwach,1.626,B365,18,0:2,niederlage,0
T1-2223-2023-01-29-fenerbahce-kasimpasa,2023-01-29,T1,Süper Lig,1,2223,fenerbahce,kasimpasa,16,19,schwach,1.4086,B365,24,5:1,sieg,1
G1-2223-2023-01-29-olympiakos-ofi-crete,2023-01-29,G1,Griechenland Super League,1,2223,olympiakos,ofi crete,9,19,schwach,1.2847,B365,19,2:1,sieg,1
T1-2223-2023-02-01-galatasaray-umraniyespor,2023-02-01,T1,Süper Lig,1,2223,galatasaray,umraniyespor,19,20,schwach,1.2691,B365,11,3:2,sieg,1
F1-2223-2023-02-04-paris-sg-toulouse,2023-02-04,F1,Ligue 1,1,2223,paris sg,toulouse,12,21,schwach,1.4404,B365,20,2:1,sieg,1
SC0-2223-2023-02-04-hearts-dundee-united,2023-02-04,SC0,Scottish Premiership,1,2223,hearts,dundee united,12,23,schwach,1.7771,B365,9,3:1,sieg,1
T1-2223-2023-02-05-galatasaray-trabzonspor,2023-02-05,T1,Süper Lig,1,2223,galatasaray,trabzonspor,6,21,stark,1.7731,B365,1,2:1,sieg,1
E0-2223-2023-02-08-man-united-leeds,2023-02-08,E0,Premier League,1,2223,Manchester United,Leeds,17,20,schwach,1.5317,B365,1,2:2,unentschieden,0
N1-2223-2023-02-12-ajax-waalwijk,2023-02-12,N1,Eredivisie,1,2223,ajax,waalwijk,9,20,schwach,1.2096,B365,17,3:1,sieg,1
SP2-2223-2023-02-12-eibar-cartagena,2023-02-12,SP2,LaLiga 2,2,2223,eibar,cartagena,9,26,schwach,1.7624,B365,2,0:3,niederlage,0
E1-2223-2023-02-14-burnley-watford,2023-02-14,E1,Championship,2,2223,Burnley,watford,6,31,stark,1.7576,B365,32,1:1,unentschieden,0
N1-2223-2023-02-18-feyenoord-az-alkmaar,2023-02-18,N1,Eredivisie,1,2223,feyenoord,az alkmaar,2,21,stark,1.7874,B365,17,2:1,sieg,1
B1-2223-2023-02-18-st-gilloise-standard,2023-02-18,B1,Belgien Pro League,1,2223,st gilloise,standard,6,25,stark,1.6193,B365,20,2:4,niederlage,0
I1-2223-2023-02-19-atalanta-lecce,2023-02-19,I1,Serie A,1,2223,atalanta,lecce,13,22,schwach,1.5893,B365,4,1:2,niederlage,0
I1-2223-2023-02-19-fiorentina-empoli,2023-02-19,I1,Serie A,1,2223,fiorentina,empoli,12,22,schwach,1.6783,B365,28,1:1,unentschieden,0
F1-2223-2023-02-24-lille-brest,2023-02-24,F1,Ligue 1,1,2223,lille,brest,16,24,schwach,1.432,B365,8,2:1,sieg,1
SP1-2223-2023-02-26-ath-bilbao-girona,2023-02-26,SP1,La Liga,1,2223,ath bilbao,girona,11,22,schwach,1.7576,B365,4,2:3,niederlage,0
I1-2223-2023-02-26-udinese-spezia,2023-02-26,I1,Serie A,1,2223,udinese,spezia,17,23,schwach,1.7081,B365,6,2:2,unentschieden,0
SP1-2223-2023-02-27-villarreal-getafe,2023-02-27,SP1,La Liga,1,2223,villarreal,getafe,19,22,schwach,1.7543,B365,9,2:1,sieg,1
E0-2223-2023-03-04-arsenal-bournemouth,2023-03-04,E0,Premier League,1,2223,Arsenal,Bournemouth,19,24,schwach,1.276,B365,1,3:2,sieg,1
N1-2223-2023-03-04-twente-heerenveen,2023-03-04,N1,Eredivisie,1,2223,twente,heerenveen,10,23,schwach,1.626,B365,25,3:3,unentschieden,0
B1-2223-2023-03-04-cercle-brugge-seraing,2023-03-04,B1,Belgien Pro League,1,2223,cercle brugge,seraing,18,27,schwach,1.4697,B365,3,3:1,sieg,1
F2-2223-2023-03-04-le-havre-laval,2023-03-04,F2,Ligue 2,2,2223,le havre,laval,15,25,schwach,1.7808,B365,10,2:1,sieg,1
SC0-2223-2023-03-08-celtic-hearts,2023-03-08,SC0,Scottish Premiership,1,2223,celtic,hearts,3,27,stark,1.2383,B365,6,3:1,sieg,1
SP1-2223-2023-03-11-real-madrid-espanol,2023-03-11,SP1,La Liga,1,2223,real madrid,espanol,13,24,schwach,1.3239,B365,8,3:1,sieg,1
D1-2223-2023-03-11-bayern-munich-augsburg,2023-03-11,D1,Bundesliga,1,2223,bayern munich,augsburg,13,23,schwach,1.185,B365,2,5:3,sieg,1
I1-2223-2023-03-12-roma-sassuolo,2023-03-12,I1,Serie A,1,2223,roma,sassuolo,13,25,schwach,1.7675,B365,13,3:4,niederlage,0
N1-2223-2023-03-12-psv-eindhoven-cambuur,2023-03-12,N1,Eredivisie,1,2223,psv eindhoven,cambuur,18,24,schwach,1.212,B365,22,5:2,sieg,1
N1-2223-2023-03-12-feyenoord-volendam,2023-03-12,N1,Eredivisie,1,2223,feyenoord,volendam,14,24,schwach,1.1951,B365,12,2:1,sieg,1
G1-2223-2023-03-12-aris-giannina,2023-03-12,G1,Griechenland Super League,1,2223,aris,giannina,11,25,schwach,1.5386,B365,7,3:1,sieg,1
F1-2223-2023-03-17-lyon-nantes,2023-03-17,F1,Ligue 1,1,2223,lyon,nantes,14,27,schwach,1.6783,B365,2,1:1,unentschieden,0
SP2-2223-2023-03-18-andorra-ibiza,2023-03-18,SP2,LaLiga 2,2,2223,andorra,ibiza,22,31,schwach,1.7814,B365,7,2:2,unentschieden,0
F1-2223-2023-03-19-nice-lorient,2023-03-19,F1,Ligue 1,1,2223,nice,lorient,9,27,schwach,1.7349,B365,30,1:1,unentschieden,0
B1-2223-2023-03-19-st-gilloise-mechelen,2023-03-19,B1,Belgien Pro League,1,2223,st gilloise,mechelen,13,29,schwach,1.4806,B365,4,2:1,sieg,1
SP2-2223-2023-03-26-las-palmas-sp-gijon,2023-03-26,SP2,LaLiga 2,2,2223,las palmas,sp gijon,18,32,schwach,1.7948,B365,18,1:1,unentschieden,0
D1-2223-2023-03-31-ein-frankfurt-bochum,2023-03-31,D1,Bundesliga,1,2223,ein frankfurt,bochum,14,25,schwach,1.5772,B365,13,1:1,unentschieden,0
F1-2223-2023-03-31-marseille-montpellier,2023-03-31,F1,Ligue 1,1,2223,marseille,montpellier,11,28,schwach,1.5579,B365,12,1:1,unentschieden,0
E0-2223-2023-04-01-man-city-liverpool,2023-04-01,E0,Premier League,1,2223,Manchester City,Liverpool,6,26,stark,1.7097,B365,17,4:1,sieg,1
E0-2223-2023-04-01-brighton-brentford,2023-04-01,E0,Premier League,1,2223,Brighton,Brentford,8,27,schwach,1.7515,B365,10,3:3,unentschieden,0
E0-2223-2023-04-01-chelsea-aston-villa,2023-04-01,E0,Premier League,1,2223,Chelsea,Aston Villa,11,27,schwach,1.7576,B365,18,0:2,niederlage,0
D1-2223-2023-04-01-rb-leipzig-mainz,2023-04-01,D1,Bundesliga,1,2223,rb leipzig,mainz,9,25,schwach,1.6182,B365,9,0:3,niederlage,0
D1-2223-2023-04-01-wolfsburg-augsburg,2023-04-01,D1,Bundesliga,1,2223,wolfsburg,augsburg,12,25,schwach,1.6995,B365,2,2:2,unentschieden,0
N1-2223-2023-04-01-az-alkmaar-heerenveen,2023-04-01,N1,Eredivisie,1,2223,az alkmaar,heerenveen,9,26,schwach,1.5879,B365,5,1:1,unentschieden,0
T1-2223-2023-04-01-trabzonspor-kayserispor,2023-04-01,T1,Süper Lig,1,2223,trabzonspor,kayserispor,7,24,schwach,1.6073,B365,1,3:4,niederlage,0
D2-2223-2023-04-01-karlsruhe-braunschweig,2023-04-01,D2,2. Bundesliga,2,2223,karlsruhe,braunschweig,16,25,schwach,1.7938,B365,3,1:1,unentschieden,0
SP1-2223-2023-04-02-celta-almeria,2023-04-02,SP1,La Liga,1,2223,celta,almeria,19,26,schwach,1.6458,B365,7,2:2,unentschieden,0
E0-2223-2023-04-04-leeds-nott-m-forest,2023-04-04,E0,Premier League,1,2223,Leeds,Nottingham Forest,16,28,schwach,1.7933,B365,12,2:1,sieg,1
F1-2223-2023-04-09-reims-brest,2023-04-09,F1,Ligue 1,1,2223,reims,brest,15,29,schwach,1.7081,B365,6,1:1,unentschieden,0
T1-2223-2023-04-09-besiktas-giresunspor,2023-04-09,T1,Süper Lig,1,2223,besiktas,giresunspor,16,25,schwach,1.5101,B365,21,3:1,sieg,1
E1-2223-2023-04-10-luton-blackpool,2023-04-10,E1,Championship,2,2223,Luton,blackpool,24,40,schwach,1.6011,B365,29,3:1,sieg,1
SP1-2223-2023-04-15-villarreal-valladolid,2023-04-15,SP1,La Liga,1,2223,villarreal,valladolid,17,28,schwach,1.5247,B365,2,1:2,niederlage,0
D1-2223-2023-04-15-rb-leipzig-augsburg,2023-04-15,D1,Bundesliga,1,2223,rb leipzig,augsburg,13,27,schwach,1.3173,B365,5,3:2,sieg,1
E1-2223-2023-04-15-sheffield-united-cardiff,2023-04-15,E1,Championship,2,2223,Sheffield United,cardiff,22,40,schwach,1.6355,B365,19,4:1,sieg,1
F2-2223-2023-04-15-sochaux-pau,2023-04-15,F2,Ligue 2,2,2223,sochaux,pau,15,30,schwach,1.6602,B365,10,2:3,niederlage,0
F1-2223-2023-04-16-lille-montpellier,2023-04-16,F1,Ligue 1,1,2223,lille,montpellier,13,30,schwach,1.5833,B365,24,2:1,sieg,1
D2-2223-2023-04-16-st-pauli-braunschweig,2023-04-16,D2,2. Bundesliga,2,2223,st pauli,braunschweig,15,27,schwach,1.6469,B365,1,1:2,niederlage,0
E1-2223-2023-04-18-millwall-birmingham,2023-04-18,E1,Championship,2,2223,millwall,birmingham,17,42,schwach,1.796,B365,28,0:1,niederlage,0
E0-2223-2023-04-21-arsenal-southampton,2023-04-21,E0,Premier League,1,2223,Arsenal,Southampton,20,31,schwach,1.2637,B365,1,3:3,unentschieden,0
D2-2223-2023-04-21-darmstadt-karlsruhe,2023-04-21,D2,2. Bundesliga,2,2223,darmstadt,karlsruhe,9,28,schwach,1.7515,B365,11,2:1,sieg,1
SP1-2223-2023-04-26-ath-madrid-mallorca,2023-04-26,SP1,La Liga,1,2223,ath madrid,mallorca,11,30,schwach,1.488,B365,20,3:1,sieg,1
F1-2223-2023-04-30-monaco-montpellier,2023-04-30,F1,Ligue 1,1,2223,monaco,montpellier,13,32,schwach,1.5833,B365,28,0:4,niederlage,0
F1-2223-2023-04-30-rennes-angers,2023-04-30,F1,Ligue 1,1,2223,rennes,angers,20,32,schwach,1.3518,B365,19,4:2,sieg,1
F1-2223-2023-04-30-paris-sg-lorient,2023-04-30,F1,Ligue 1,1,2223,paris sg,lorient,11,32,schwach,1.2458,B365,15,1:3,niederlage,0
F1-2223-2023-04-30-marseille-auxerre,2023-04-30,F1,Ligue 1,1,2223,marseille,auxerre,14,32,schwach,1.3933,B365,33,2:1,sieg,1
I1-2223-2023-05-03-atalanta-spezia,2023-05-03,I1,Serie A,1,2223,atalanta,spezia,18,32,schwach,1.442,B365,18,3:2,sieg,1
SP1-2223-2023-05-04-ath-bilbao-betis,2023-05-04,SP1,La Liga,1,2223,ath bilbao,betis,6,32,stark,1.7829,B365,6,0:1,niederlage,0
D1-2223-2023-05-05-leverkusen-koln,2023-05-05,D1,Bundesliga,1,2223,leverkusen,koln,11,30,schwach,1.7515,B365,14,1:2,niederlage,0
D1-2223-2023-05-05-mainz-schalke-04,2023-05-05,D1,Bundesliga,1,2223,mainz,schalke 04,17,30,schwach,1.7136,B365,26,2:3,niederlage,0
T1-2223-2023-05-06-ad-demirspor-alanyaspor,2023-05-06,T1,Süper Lig,1,2223,ad demirspor,alanyaspor,13,29,schwach,1.646,B365,11,4:2,sieg,1
F2-2223-2023-05-06-st-etienne-guingamp,2023-05-06,F2,Ligue 2,2,2223,st etienne,guingamp,9,33,schwach,1.7258,B365,12,3:2,sieg,1
N1-2223-2023-05-07-go-ahead-eagles-groningen,2023-05-07,N1,Eredivisie,1,2223,go ahead eagles,groningen,17,30,schwach,1.7874,B365,6,1:1,unentschieden,0
E0-2223-2023-05-08-brighton-everton,2023-05-08,E0,Premier League,1,2223,Brighton,Everton,19,34,schwach,1.4011,B365,1,1:5,niederlage,0
E1-2223-2023-05-08-norwich-blackpool,2023-05-08,E1,Championship,2,2223,norwich,blackpool,24,45,schwach,1.6179,B365,15,0:1,niederlage,0
F1-2223-2023-05-12-lens-reims,2023-05-12,F1,Ligue 1,1,2223,lens,reims,10,34,schwach,1.6182,B365,23,2:1,sieg,1
E0-2223-2023-05-13-chelsea-nott-m-forest,2023-05-13,E0,Premier League,1,2223,Chelsea,Nottingham Forest,16,35,schwach,1.5833,B365,13,2:2,unentschieden,0
P1-2223-2023-05-13-sp-lisbon-maritimo,2023-05-13,P1,Primeira Liga,1,2223,sp lisbon,maritimo,16,31,schwach,1.3109,B365,10,2:1,sieg,1
F1-2223-2023-05-14-marseille-angers,2023-05-14,F1,Ligue 1,1,2223,marseille,angers,20,34,schwach,1.2416,B365,28,3:1,sieg,1
N1-2223-2023-05-14-psv-eindhoven-for-sittard,2023-05-14,N1,Eredivisie,1,2223,psv eindhoven,for sittard,12,31,schwach,1.1763,B365,4,2:1,sieg,1
I2-2223-2023-05-19-perugia-benevento,2023-05-19,I2,Serie B,2,2223,perugia,benevento,20,37,schwach,1.7576,B365,30,3:2,sieg,1
E0-2223-2023-05-20-liverpool-aston-villa,2023-05-20,E0,Premier League,1,2223,Liverpool,Aston Villa,8,36,schwach,1.522,B365,27,1:1,unentschieden,0
I1-2223-2023-05-20-atalanta-verona,2023-05-20,I1,Serie A,1,2223,atalanta,verona,17,35,schwach,1.6193,B365,11,3:1,sieg,1
SC0-2223-2023-05-20-celtic-st-mirren,2023-05-20,SC0,Scottish Premiership,1,2223,celtic,st mirren,6,35,stark,1.1794,B365,4,2:2,unentschieden,0
N1-2223-2023-05-21-sparta-rotterdam-cambuur,2023-05-21,N1,Eredivisie,1,2223,sparta rotterdam,cambuur,18,32,schwach,1.4697,B365,9,4:1,sieg,1
D2-2223-2023-05-21-fortuna-dusseldorf-hannover,2023-05-21,D2,2. Bundesliga,2,2223,fortuna dusseldorf,hannover,8,32,schwach,1.7402,B365,12,3:3,unentschieden,0
I1-2223-2023-05-22-roma-salernitana,2023-05-22,I1,Serie A,1,2223,roma,salernitana,15,35,schwach,1.5386,B365,12,2:2,unentschieden,0
F2-2223-2023-05-22-le-havre-valenciennes,2023-05-22,F2,Ligue 2,2,2223,le havre,valenciennes,18,35,schwach,1.7176,B365,7,0:2,niederlage,0
SC0-2223-2023-05-24-rangers-hearts,2023-05-24,SC0,Scottish Premiership,1,2223,rangers,hearts,4,36,stark,1.4098,B365,1,2:2,unentschieden,0
D1-2223-2023-05-27-dortmund-mainz,2023-05-27,D1,Bundesliga,1,2223,dortmund,mainz,9,33,schwach,1.2101,B365,15,2:2,unentschieden,0
F1-2223-2023-05-27-lille-nantes,2023-05-27,F1,Ligue 1,1,2223,lille,nantes,17,36,schwach,1.5089,B365,17,2:1,sieg,1
E0-2223-2023-05-28-crystal-palace-nott-m-forest,2023-05-28,E0,Premier League,1,2223,Crystal Palace,Nottingham Forest,16,37,schwach,1.7515,B365,31,1:1,unentschieden,0
E0-2223-2023-05-28-man-united-fulham,2023-05-28,E0,Premier League,1,2223,Manchester United,Fulham,10,37,schwach,1.5964,B365,19,2:1,sieg,1
F2-2223-2023-06-02-bordeaux-rodez,2023-06-02,F2,Ligue 2,2,2223,bordeaux,rodez,16,37,schwach,1.4225,B365,23,0:1,niederlage,0
T1-2223-2023-06-03-trabzonspor-alanyaspor,2023-06-03,T1,Süper Lig,1,2223,trabzonspor,alanyaspor,14,33,schwach,1.6061,B365,14,5:1,sieg,1
B1-2324-2023-07-30-gent-kortrijk,2023-07-30,B1,Belgien Pro League,1,2324,gent,kortrijk,,0,unbekannt,1.4463,B365,5,3:2,sieg,1
B1-2324-2023-08-05-genk-eupen,2023-08-05,B1,Belgien Pro League,1,2324,genk,eupen,6,1,stark,1.4098,B365,2,0:1,niederlage,0
E1-2324-2023-08-06-leeds-cardiff,2023-08-06,E1,Championship,2,2324,Leeds,cardiff,,0,unbekannt,1.4758,B365,23,2:2,unentschieden,0
F1-2324-2023-08-12-marseille-reims,2023-08-12,F1,Ligue 1,1,2324,marseille,reims,,0,unbekannt,1.7829,B365,10,2:1,sieg,1
N1-2324-2023-08-13-nijmegen-excelsior,2023-08-13,N1,Eredivisie,1,2324,nijmegen,excelsior,,0,unbekannt,1.5772,B365,12,3:4,niederlage,0
E0-2324-2023-08-19-liverpool-bournemouth,2023-08-19,E0,Premier League,1,2324,Liverpool,Bournemouth,11,1,schwach,1.2637,B365,3,3:1,sieg,1
F1-2324-2023-08-19-lyon-montpellier,2023-08-19,F1,Ligue 1,1,2324,lyon,montpellier,8,1,schwach,1.7974,B365,20,1:4,niederlage,0
E1-2324-2023-08-19-sunderland-rotherham,2023-08-19,E1,Championship,2,2324,Sunderland,rotherham,20,2,schwach,1.7634,B365,20,2:1,sieg,1
B1-2324-2023-08-20-gent-st-truiden,2023-08-20,B1,Belgien Pro League,1,2324,gent,st truiden,7,3,schwach,1.4814,B365,7,2:2,unentschieden,0
T1-2324-2023-08-20-buyuksehyr-karagumruk,2023-08-20,T1,Süper Lig,1,2324,buyuksehyr,karagumruk,18,1,schwach,1.729,B365,6,0:2,niederlage,0
SP2-2324-2023-08-20-albacete-amorebieta,2023-08-20,SP2,LaLiga 2,2,2324,albacete,amorebieta,14,1,schwach,1.6992,B365,5,2:2,unentschieden,0
E0-2324-2023-08-26-arsenal-fulham,2023-08-26,E0,Premier League,1,2324,Arsenal,Fulham,14,2,schwach,1.2637,B365,1,2:2,unentschieden,0
E0-2324-2023-08-26-man-united-nott-m-forest,2023-08-26,E0,Premier League,1,2324,Manchester United,Nottingham Forest,11,2,schwach,1.3792,B365,2,3:2,sieg,1
E0-2324-2023-08-26-brighton-west-ham,2023-08-26,E0,Premier League,1,2324,Brighton,West Ham,7,2,schwach,1.6135,B365,19,1:3,niederlage,0
P1-2324-2023-08-26-arouca-portimonense,2023-08-26,P1,Primeira Liga,1,2324,arouca,portimonense,18,2,schwach,1.7349,B365,5,1:1,unentschieden,0
T1-2324-2023-08-26-trabzonspor-rizespor,2023-08-26,T1,Süper Lig,1,2324,trabzonspor,rizespor,16,2,schwach,1.6147,B365,20,2:3,niederlage,0
G1-2324-2023-08-26-aek-panserraikos,2023-08-26,G1,Griechenland Super League,1,2324,aek,panserraikos,9,1,schwach,1.234,B365,1,1:1,unentschieden,0
I1-2324-2023-08-27-juventus-bologna,2023-08-27,I1,Serie A,1,2324,juventus,bologna,16,1,schwach,1.5833,B365,24,1:1,unentschieden,0
I1-2324-2023-08-27-lazio-genoa,2023-08-27,I1,Serie A,1,2324,lazio,genoa,18,1,schwach,1.6458,B365,16,0:1,niederlage,0
SP1-2324-2023-09-02-real-madrid-getafe,2023-09-02,SP1,La Liga,1,2324,real madrid,getafe,12,3,schwach,1.3933,B365,11,2:1,sieg,1
I1-2324-2023-09-02-bologna-cagliari,2023-09-02,I1,Serie A,1,2324,bologna,cagliari,16,2,schwach,1.7933,B365,22,2:1,sieg,1
I1-2324-2023-09-02-napoli-lazio,2023-09-02,I1,Serie A,1,2324,napoli,lazio,19,2,schwach,1.6995,B365,30,1:2,niederlage,0
E1-2324-2023-09-02-ipswich-cardiff,2023-09-02,E1,Championship,2,2324,Ipswich,cardiff,17,4,schwach,1.6803,B365,30,3:2,sieg,1
E1-2324-2023-09-02-leicester-hull,2023-09-02,E1,Championship,2,2324,Leicester,hull,8,4,schwach,1.6593,B365,15,0:1,niederlage,0
F1-2324-2023-09-15-paris-sg-nice,2023-09-15,F1,Ligue 1,1,2324,paris sg,nice,8,4,schwach,1.6263,B365,21,2:3,niederlage,0
B1-2324-2023-09-16-club-brugge-charleroi,2023-09-16,B1,Belgien Pro League,1,2324,club brugge,charleroi,13,6,schwach,1.5101,B365,6,4:2,sieg,1
SP1-2324-2023-09-17-real-madrid-sociedad,2023-09-17,SP1,La Liga,1,2324,real madrid,sociedad,10,4,schwach,1.7425,B365,5,2:1,sieg,1
T1-2324-2023-09-17-fenerbahce-antalyaspor,2023-09-17,T1,Süper Lig,1,2324,fenerbahce,antalyaspor,14,4,schwach,1.4978,B365,31,3:2,sieg,1
SP2-2324-2023-09-17-espanol-eldense,2023-09-17,SP2,LaLiga 2,2,2324,espanol,eldense,12,5,schwach,1.5522,B365,10,3:3,unentschieden,0
D1-2324-2023-09-22-stuttgart-darmstadt,2023-09-22,D1,Bundesliga,1,2324,stuttgart,darmstadt,17,4,schwach,1.4722,B365,17,3:1,sieg,1
SP1-2324-2023-09-23-barcelona-celta,2023-09-23,SP1,La Liga,1,2324,barcelona,celta,16,5,schwach,1.3583,B365,19,3:2,sieg,1
N1-2324-2023-09-23-heerenveen-excelsior,2023-09-23,N1,Eredivisie,1,2324,heerenveen,excelsior,9,5,schwach,1.7515,B365,21,0:3,niederlage,0
E0-2324-2023-09-24-brighton-bournemouth,2023-09-24,E0,Premier League,1,2324,Brighton,Bournemouth,17,5,schwach,1.4404,B365,25,3:1,sieg,1
B1-2324-2023-09-24-genk-st-truiden,2023-09-24,B1,Belgien Pro League,1,2324,genk,st truiden,7,7,schwach,1.6532,B365,31,3:3,unentschieden,0
B1-2324-2023-09-24-gent-eupen,2023-09-24,B1,Belgien Pro League,1,2324,gent,eupen,11,7,schwach,1.3518,B365,28,2:1,sieg,1
E0-2324-2023-09-30-everton-luton,2023-09-30,E0,Premier League,1,2324,Everton,Luton,18,5,schwach,1.6547,B365,24,1:2,niederlage,0
E0-2324-2023-09-30-man-united-crystal-palace,2023-09-30,E0,Premier League,1,2324,Manchester United,Crystal Palace,10,6,schwach,1.6386,B365,25,0:1,niederlage,0
SP1-2324-2023-10-01-ath-madrid-cadiz,2023-10-01,SP1,La Liga,1,2324,ath madrid,cadiz,9,7,schwach,1.399,B365,12,3:2,sieg,1
I2-2324-2023-10-01-cittadella-lecco,2023-10-01,I2,Serie B,2,2324,cittadella,lecco,20,3,schwach,1.727,B365,20,2:1,sieg,1
E0-2324-2023-10-07-man-united-brentford,2023-10-07,E0,Premier League,1,2324,Manchester United,Brentford,14,7,schwach,1.7492,B365,26,2:1,sieg,1
P1-2324-2023-10-07-sp-braga-rio-ave,2023-10-07,P1,Primeira Liga,1,2324,sp braga,rio ave,16,7,schwach,1.4328,B365,5,2:1,sieg,1
I1-2324-2023-10-08-napoli-fiorentina,2023-10-08,I1,Serie A,1,2324,napoli,fiorentina,5,7,stark,1.6719,B365,7,1:3,niederlage,0
F1-2324-2023-10-08-lyon-lorient,2023-10-08,F1,Ligue 1,1,2324,lyon,lorient,16,7,schwach,1.7492,B365,16,3:3,unentschieden,0
B1-2324-2023-10-08-antwerp-eupen,2023-10-08,B1,Belgien Pro League,1,2324,antwerp,eupen,13,9,schwach,1.3239,B365,11,4:1,sieg,1
D1-2324-2023-10-21-freiburg-bochum,2023-10-21,D1,Bundesliga,1,2324,freiburg,bochum,16,7,schwach,1.7933,B365,15,2:1,sieg,1
SP1-2324-2023-10-22-girona-almeria,2023-10-22,SP1,La Liga,1,2324,girona,almeria,20,9,schwach,1.5294,B365,2,5:2,sieg,1
F1-2324-2023-10-22-monaco-metz,2023-10-22,F1,Ligue 1,1,2324,monaco,metz,15,8,schwach,1.3983,B365,4,2:1,sieg,1
I1-2324-2023-10-23-fiorentina-empoli,2023-10-23,I1,Serie A,1,2324,fiorentina,empoli,19,8,schwach,1.5126,B365,21,0:2,niederlage,0
I2-2324-2023-10-24-pisa-lecco,2023-10-24,I2,Serie B,2,2324,pisa,lecco,20,6,schwach,1.7814,B365,23,1:2,niederlage,0
B1-2324-2023-10-28-anderlecht-oud-heverlee-leuven,2023-10-28,B1,Belgien Pro League,1,2324,anderlecht,oud heverlee leuven,12,11,schwach,1.6315,B365,6,5:1,sieg,1
E1-2324-2023-10-28-ipswich-plymouth,2023-10-28,E1,Championship,2,2324,Ipswich,plymouth,18,13,schwach,1.4286,B365,7,3:2,sieg,1
N1-2324-2023-10-29-psv-eindhoven-ajax,2023-10-29,N1,Eredivisie,1,2324,psv eindhoven,ajax,17,7,schwach,1.3705,B365,10,5:2,sieg,1
I2-2324-2023-10-29-palermo-lecco,2023-10-29,I2,Serie B,2,2324,palermo,lecco,20,7,schwach,1.542,B365,8,1:2,niederlage,0
D2-2324-2023-11-03-fortuna-dusseldorf-wehen,2023-11-03,D2,2. Bundesliga,2,2324,fortuna dusseldorf,wehen,11,11,schwach,1.6397,B365,10,1:3,niederlage,0
P1-2324-2023-11-04-sp-braga-portimonense,2023-11-04,P1,Primeira Liga,1,2324,sp braga,portimonense,10,9,schwach,1.3333,B365,10,6:1,sieg,1
T1-2324-2023-11-04-fenerbahce-trabzonspor,2023-11-04,T1,Süper Lig,1,2324,fenerbahce,trabzonspor,6,10,stark,1.4365,B365,10,2:3,niederlage,0
D1-2324-2023-11-05-wolfsburg-werder-bremen,2023-11-05,D1,Bundesliga,1,2324,wolfsburg,werder bremen,12,9,schwach,1.7852,B365,7,2:2,unentschieden,0
N1-2324-2023-11-05-sparta-rotterdam-almere-city,2023-11-05,N1,Eredivisie,1,2324,sparta rotterdam,almere city,13,10,schwach,1.7515,B365,12,1:2,niederlage,0
G1-2324-2023-11-05-aris-atromitos,2023-11-05,G1,Griechenland Super League,1,2324,aris,atromitos,12,9,schwach,1.6212,B365,25,1:3,niederlage,0
SP1-2324-2023-11-10-ath-bilbao-celta,2023-11-10,SP1,La Liga,1,2324,ath bilbao,celta,18,12,schwach,1.7735,B365,25,4:3,sieg,1
I1-2324-2023-11-10-sassuolo-salernitana,2023-11-10,I1,Serie A,1,2324,sassuolo,salernitana,20,11,schwach,1.7402,B365,5,2:2,unentschieden,0
E1-2324-2023-11-11-ipswich-swansea,2023-11-11,E1,Championship,2,2324,Ipswich,swansea,14,15,schwach,1.6315,B365,7,3:2,sieg,1
SP1-2324-2023-11-12-barcelona-alaves,2023-11-12,SP1,La Liga,1,2324,barcelona,alaves,14,12,schwach,1.322,B365,1,2:1,sieg,1
SP1-2324-2023-11-12-ath-madrid-villarreal,2023-11-12,SP1,La Liga,1,2324,ath madrid,villarreal,13,12,schwach,1.4286,B365,20,3:1,sieg,1
G1-2324-2023-11-12-paok-panetolikos,2023-11-12,G1,Griechenland Super League,1,2324,paok,panetolikos,14,10,schwach,1.2552,B365,19,2:1,sieg,1
SP2-2324-2023-11-12-tenerife-villarreal-b,2023-11-12,SP2,LaLiga 2,2,2324,tenerife,villarreal b,18,14,schwach,1.7212,B365,23,0:1,niederlage,0
SP1-2324-2023-11-25-getafe-almeria,2023-11-25,SP1,La Liga,1,2324,getafe,almeria,20,13,schwach,1.74,B365,7,2:1,sieg,1
D1-2324-2023-11-25-dortmund-m-gladbach,2023-11-25,D1,Bundesliga,1,2324,dortmund,m gladbach,9,11,schwach,1.5398,B365,13,4:2,sieg,1
D1-2324-2023-11-25-freiburg-darmstadt,2023-11-25,D1,Bundesliga,1,2324,freiburg,darmstadt,15,11,schwach,1.6275,B365,18,1:1,unentschieden,0
G1-2324-2023-11-25-olympiakos-panetolikos,2023-11-25,G1,Griechenland Super League,1,2324,olympiakos,panetolikos,14,11,schwach,1.2007,B365,13,3:1,sieg,1
B1-2324-2023-11-26-anderlecht-rwd-molenbeek,2023-11-26,B1,Belgien Pro League,1,2324,anderlecht,rwd molenbeek,10,14,schwach,1.48,B365,16,2:1,sieg,1
E1-2324-2023-11-29-leeds-swansea,2023-11-29,E1,Championship,2,2324,Leeds,swansea,18,17,schwach,1.419,B365,1,3:1,sieg,1
E1-2324-2023-11-29-sunderland-huddersfield,2023-11-29,E1,Championship,2,2324,Sunderland,huddersfield,21,17,schwach,1.648,B365,28,1:2,niederlage,0
F1-2324-2023-12-02-lens-lyon,2023-12-02,F1,Ligue 1,1,2324,lens,lyon,18,12,schwach,1.7829,B365,15,3:2,sieg,1
F2-2324-2023-12-02-bordeaux-troyes,2023-12-02,F2,Ligue 2,2,2324,bordeaux,troyes,17,15,schwach,1.5257,B365,34,0:1,niederlage,0
E0-2324-2023-12-03-man-city-tottenham,2023-12-03,E0,Premier League,1,2324,Manchester City,Tottenham,6,13,stark,1.3583,B365,6,3:3,unentschieden,0
D1-2324-2023-12-03-leverkusen-dortmund,2023-12-03,D1,Bundesliga,1,2324,leverkusen,dortmund,5,12,stark,1.7011,B365,5,1:1,unentschieden,0
P1-2324-2023-12-03-sp-braga-estoril,2023-12-03,P1,Primeira Liga,1,2324,sp braga,estoril,14,11,schwach,1.4579,B365,24,3:1,sieg,1
SP1-2324-2023-12-04-celta-cadiz,2023-12-04,SP1,La Liga,1,2324,celta,cadiz,17,14,schwach,1.6547,B365,16,1:1,unentschieden,0
P1-2324-2023-12-04-sp-lisbon-gil-vicente,2023-12-04,P1,Primeira Liga,1,2324,sp lisbon,gil vicente,13,11,schwach,1.2735,B365,34,3:1,sieg,1
N1-2324-2023-12-06-az-alkmaar-nijmegen,2023-12-06,N1,Eredivisie,1,2324,az alkmaar,nijmegen,16,13,schwach,1.3333,B365,11,1:2,niederlage,0
N1-2324-2023-12-08-twente-excelsior,2023-12-08,N1,Eredivisie,1,2324,twente,excelsior,10,14,schwach,1.2894,B365,9,4:2,sieg,1
E0-2324-2023-12-09-man-united-bournemouth,2023-12-09,E0,Premier League,1,2324,Manchester United,Bournemouth,16,15,schwach,1.6275,B365,5,0:3,niederlage,0
SC0-2324-2023-12-09-rangers-dundee,2023-12-09,SC0,Scottish Premiership,1,2324,rangers,dundee,7,14,schwach,1.2287,B365,5,3:1,sieg,1
SP1-2324-2023-12-10-barcelona-girona,2023-12-10,SP1,La Liga,1,2324,barcelona,girona,2,15,stark,1.5842,B365,12,2:4,niederlage,0
E1-2324-2023-12-13-leicester-millwall,2023-12-13,E1,Championship,2,2324,Leicester,millwall,20,20,schwach,1.432,B365,10,3:2,sieg,1
D1-2324-2023-12-16-mainz-heidenheim,2023-12-16,D1,Bundesliga,1,2324,mainz,heidenheim,13,14,schwach,1.7492,B365,12,0:1,niederlage,0
N1-2324-2023-12-16-heerenveen-volendam,2023-12-16,N1,Eredivisie,1,2324,heerenveen,volendam,18,15,schwach,1.4463,B365,28,1:2,niederlage,0
E1-2324-2023-12-16-plymouth-rotherham,2023-12-16,E1,Championship,2,2324,plymouth,rotherham,24,21,schwach,1.7576,B365,16,3:2,sieg,1
I2-2324-2023-12-16-venezia-sudtirol,2023-12-16,I2,Serie B,2,2324,venezia,sudtirol,14,16,schwach,1.749,B365,9,2:3,niederlage,0
I1-2324-2023-12-18-atalanta-salernitana,2023-12-18,I1,Serie A,1,2324,atalanta,salernitana,20,15,schwach,1.3664,B365,10,4:1,sieg,1
SP2-2324-2023-12-19-espanol-burgos,2023-12-19,SP2,LaLiga 2,2,2324,espanol,burgos,11,20,schwach,1.7675,B365,12,3:3,unentschieden,0
I2-2324-2023-12-23-parma-ternana,2023-12-23,I2,Serie B,2,2324,parma,ternana,15,17,schwach,1.6995,B365,8,3:1,sieg,1
I2-2324-2023-12-23-venezia-lecco,2023-12-23,I2,Serie B,2,2324,venezia,lecco,19,16,schwach,1.7342,B365,21,2:2,unentschieden,0
I2-2324-2023-12-23-sampdoria-feralpisalo,2023-12-23,I2,Serie B,2,2324,sampdoria,feralpisalo,20,17,schwach,1.6877,B365,13,2:3,niederlage,0
E0-2324-2023-12-28-arsenal-west-ham,2023-12-28,E0,Premier League,1,2324,Arsenal,West Ham,7,18,schwach,1.4192,B365,13,0:2,niederlage,0
D1-2324-2024-01-13-rb-leipzig-ein-frankfurt,2024-01-13,D1,Bundesliga,1,2324,rb leipzig,ein frankfurt,6,16,stark,1.5156,B365,7,0:1,niederlage,0
I1-2324-2024-01-13-napoli-salernitana,2024-01-13,I1,Serie A,1,2324,napoli,salernitana,20,19,schwach,1.4225,B365,29,2:1,sieg,1
I1-2324-2024-01-14-fiorentina-udinese,2024-01-14,I1,Serie A,1,2324,fiorentina,udinese,17,19,schwach,1.749,B365,10,2:2,unentschieden,0
P1-2324-2024-01-14-benfica-rio-ave,2024-01-14,P1,Primeira Liga,1,2324,benfica,rio ave,16,16,schwach,1.2714,B365,9,4:1,sieg,1
B1-2324-2024-01-19-gent-mechelen,2024-01-19,B1,Belgien Pro League,1,2324,gent,mechelen,10,20,schwach,1.6571,B365,26,1:2,niederlage,0
SP1-2324-2024-01-21-real-madrid-almeria,2024-01-21,SP1,La Liga,1,2324,real madrid,almeria,20,20,schwach,1.1795,B365,1,3:2,sieg,1
B1-2324-2024-01-21-st-gilloise-st-truiden,2024-01-21,B1,Belgien Pro League,1,2324,st gilloise,st truiden,8,20,schwach,1.4098,B365,17,2:1,sieg,1
E1-2324-2024-01-21-leeds-preston,2024-01-21,E1,Championship,2,2324,Leeds,preston,12,27,schwach,1.3664,B365,2,2:1,sieg,1
T1-2324-2024-01-25-galatasaray-istanbulspor,2024-01-25,T1,Süper Lig,1,2324,galatasaray,istanbulspor,20,21,schwach,1.1951,B365,28,3:1,sieg,1
D1-2324-2024-01-27-hoffenheim-heidenheim,2024-01-27,D1,Bundesliga,1,2324,hoffenheim,heidenheim,9,18,schwach,1.7568,B365,29,1:1,unentschieden,0
I1-2324-2024-01-27-milan-bologna,2024-01-27,I1,Serie A,1,2324,milan,bologna,8,20,schwach,1.7634,B365,29,2:2,unentschieden,0
B1-2324-2024-01-27-gent-westerlo,2024-01-27,B1,Belgien Pro League,1,2324,gent,westerlo,11,21,schwach,1.4812,B365,17,2:2,unentschieden,0
T1-2324-2024-01-28-fenerbahce-ankaragucu,2024-01-28,T1,Süper Lig,1,2324,fenerbahce,ankaragucu,10,22,schwach,1.2646,B365,13,2:1,sieg,1
T1-2324-2024-01-29-galatasaray-gaziantep,2024-01-29,T1,Süper Lig,1,2324,galatasaray,gaziantep,17,22,schwach,1.2591,B365,29,2:1,sieg,1
E0-2324-2024-01-30-crystal-palace-sheffield-united,2024-01-30,E0,Premier League,1,2324,Crystal Palace,Sheffield United,20,21,schwach,1.6992,B365,1,3:2,sieg,1
E0-2324-2024-01-31-tottenham-brentford,2024-01-31,E0,Premier League,1,2324,Tottenham,Brentford,16,20,schwach,1.7492,B365,15,3:2,sieg,1
I1-2324-2024-02-03-bologna-sassuolo,2024-02-03,I1,Serie A,1,2324,bologna,sassuolo,15,21,schwach,1.7933,B365,13,4:2,sieg,1
N1-2324-2024-02-03-nijmegen-heracles,2024-02-03,N1,Eredivisie,1,2324,nijmegen,heracles,15,19,schwach,1.7967,B365,3,3:1,sieg,1
F2-2324-2024-02-03-guingamp-annecy,2024-02-03,F2,Ligue 2,2,2324,guingamp,annecy,17,22,schwach,1.6662,B365,18,1:4,niederlage,0
N1-2324-2024-02-04-utrecht-volendam,2024-02-04,N1,Eredivisie,1,2324,utrecht,volendam,17,19,schwach,1.406,B365,9,4:2,sieg,1
F1-2324-2024-02-10-paris-sg-lille,2024-02-10,F1,Ligue 1,1,2324,paris sg,lille,4,20,stark,1.6943,B365,6,3:1,sieg,1
B1-2324-2024-02-10-st-gilloise-westerlo,2024-02-10,B1,Belgien Pro League,1,2324,st gilloise,westerlo,10,24,schwach,1.3583,B365,6,2:2,unentschieden,0
T1-2324-2024-02-11-fenerbahce-alanyaspor,2024-02-11,T1,Süper Lig,1,2324,fenerbahce,alanyaspor,15,24,schwach,1.2815,B365,12,2:2,unentschieden,0
I1-2324-2024-02-12-juventus-udinese,2024-02-12,I1,Serie A,1,2324,juventus,udinese,18,23,schwach,1.5,B365,25,0:1,niederlage,0
B1-2324-2024-02-17-genk-rwd-molenbeek,2024-02-17,B1,Belgien Pro League,1,2324,genk,rwd molenbeek,14,25,schwach,1.3508,B365,2,3:1,sieg,1
E1-2324-2024-02-17-leicester-middlesbrough,2024-02-17,E1,Championship,2,2324,Leicester,middlesbrough,13,31,schwach,1.6629,B365,24,1:2,niederlage,0
F1-2324-2024-02-18-strasbourg-lorient,2024-02-18,F1,Ligue 1,1,2324,strasbourg,lorient,16,21,schwach,1.7874,B365,2,1:3,niederlage,0
N1-2324-2024-02-18-twente-utrecht,2024-02-18,N1,Eredivisie,1,2324,twente,utrecht,11,21,schwach,1.6943,B365,29,0:1,niederlage,0
B1-2324-2024-02-18-anderlecht-st-truiden,2024-02-18,B1,Belgien Pro League,1,2324,anderlecht,st truiden,9,25,schwach,1.7137,B365,8,4:1,sieg,1
E1-2324-2024-02-20-ipswich-rotherham,2024-02-20,E1,Championship,2,2324,Ipswich,rotherham,24,32,schwach,1.2935,B365,2,4:3,sieg,1
E1-2324-2024-02-20-southampton-hull,2024-02-20,E1,Championship,2,2324,Southampton,hull,8,32,schwach,1.648,B365,11,1:2,niederlage,0
E0-2324-2024-02-21-liverpool-luton,2024-02-21,E0,Premier League,1,2324,Liverpool,Luton,18,24,schwach,1.2637,B365,12,4:1,sieg,1
P1-2324-2024-02-24-guimaraes-casa-pia,2024-02-24,P1,Primeira Liga,1,2324,guimaraes,casa pia,12,22,schwach,1.6877,B365,4,0:2,niederlage,0
E1-2324-2024-02-24-middlesbrough-plymouth,2024-02-24,E1,Championship,2,2324,middlesbrough,plymouth,17,33,schwach,1.5257,B365,7,0:2,niederlage,0
E1-2324-2024-02-24-qpr-rotherham,2024-02-24,E1,Championship,2,2324,qpr,rotherham,24,33,schwach,1.7333,B365,7,2:1,sieg,1
E1-2324-2024-02-24-southampton-millwall,2024-02-24,E1,Championship,2,2324,Southampton,millwall,21,33,schwach,1.442,B365,5,1:2,niederlage,0
D1-2324-2024-02-25-dortmund-hoffenheim,2024-02-25,D1,Bundesliga,1,2324,dortmund,hoffenheim,10,22,schwach,1.5727,B365,2,2:3,niederlage,0
F1-2324-2024-02-25-paris-sg-rennes,2024-02-25,F1,Ligue 1,1,2324,paris sg,rennes,7,22,schwach,1.5124,B365,33,1:1,unentschieden,0
F1-2324-2024-02-25-marseille-montpellier,2024-02-25,F1,Ligue 1,1,2324,marseille,montpellier,14,22,schwach,1.7829,B365,5,4:1,sieg,1
I2-2324-2024-02-27-palermo-ternana,2024-02-27,I2,Serie B,2,2324,palermo,ternana,16,26,schwach,1.6719,B365,10,2:3,niederlage,0
I1-2324-2024-03-02-udinese-salernitana,2024-03-02,I1,Serie A,1,2324,udinese,salernitana,20,26,schwach,1.7212,B365,10,1:1,unentschieden,0
E0-2324-2024-03-03-man-city-man-united,2024-03-03,E0,Premier League,1,2324,Manchester City,Manchester United,6,26,stark,1.331,B365,8,3:1,sieg,1
I2-2324-2024-03-08-parma-brescia,2024-03-08,I2,Serie B,2,2324,parma,brescia,7,28,schwach,1.727,B365,16,2:1,sieg,1
E0-2324-2024-03-09-bournemouth-sheffield-united,2024-03-09,E0,Premier League,1,2324,Bournemouth,Sheffield United,20,27,schwach,1.4196,B365,27,2:2,unentschieden,0
E0-2324-2024-03-10-west-ham-burnley,2024-03-10,E0,Premier League,1,2324,West Ham,Burnley,20,27,schwach,1.7691,B365,11,2:2,unentschieden,0
F1-2324-2024-03-10-paris-sg-reims,2024-03-10,F1,Ligue 1,1,2324,paris sg,reims,9,24,schwach,1.48,B365,7,2:2,unentschieden,0
B1-2324-2024-03-10-club-brugge-oud-heverlee-leuven,2024-03-10,B1,Belgien Pro League,1,2324,club brugge,oud heverlee leuven,13,28,schwach,1.4192,B365,31,3:1,sieg,1
T1-2324-2024-03-10-fenerbahce-pendikspor,2024-03-10,T1,Süper Lig,1,2324,fenerbahce,pendikspor,19,28,schwach,1.2458,B365,30,4:1,sieg,1
G1-2324-2024-03-10-paok-aris,2024-03-10,G1,Griechenland Super League,1,2324,paok,aris,5,26,stark,1.5879,B365,31,0:1,niederlage,0
E0-2324-2024-03-13-bournemouth-luton,2024-03-13,E0,Premier League,1,2324,Bournemouth,Luton,18,27,schwach,1.5767,B365,9,4:3,sieg,1
P1-2324-2024-03-16-porto-vizela,2024-03-16,P1,Primeira Liga,1,2324,porto,vizela,17,25,schwach,1.212,B365,17,4:1,sieg,1
F2-2324-2024-03-16-auxerre-caen,2024-03-16,F2,Ligue 2,2,2324,auxerre,caen,5,28,stark,1.7642,B365,10,2:1,sieg,1
D1-2324-2024-03-17-dortmund-ein-frankfurt,2024-03-17,D1,Bundesliga,1,2324,dortmund,ein frankfurt,6,25,stark,1.7097,B365,13,3:1,sieg,1
F1-2324-2024-03-17-monaco-lorient,2024-03-17,F1,Ligue 1,1,2324,monaco,lorient,15,25,schwach,1.4231,B365,1,2:2,unentschieden,0
P1-2324-2024-03-17-sp-lisbon-boavista,2024-03-17,P1,Primeira Liga,1,2324,sp lisbon,boavista,10,25,schwach,1.2096,B365,3,6:1,sieg,1
E1-2324-2024-03-29-norwich-plymouth,2024-03-29,E1,Championship,2,2324,norwich,plymouth,18,38,schwach,1.5833,B365,10,2:1,sieg,1
E0-2324-2024-03-30-tottenham-luton,2024-03-30,E0,Premier League,1,2324,Tottenham,Luton,18,29,schwach,1.2591,B365,3,2:1,sieg,1
D1-2324-2024-03-30-leverkusen-hoffenheim,2024-03-30,D1,Bundesliga,1,2324,leverkusen,hoffenheim,8,26,schwach,1.26,B365,33,2:1,sieg,1
D1-2324-2024-03-30-bayern-munich-dortmund,2024-03-30,D1,Bundesliga,1,2324,bayern munich,dortmund,4,26,stark,1.4768,B365,10,0:2,niederlage,0
E0-2324-2024-03-31-liverpool-brighton,2024-03-31,E0,Premier League,1,2324,Liverpool,Brighton,9,28,schwach,1.4286,B365,2,2:1,sieg,1
N1-2324-2024-03-31-feyenoord-utrecht,2024-03-31,N1,Eredivisie,1,2324,feyenoord,utrecht,8,26,schwach,1.3792,B365,2,4:2,sieg,1
E1-2324-2024-04-01-leicester-norwich,2024-04-01,E1,Championship,2,2324,Leicester,norwich,6,39,stark,1.7284,B365,20,3:1,sieg,1
G1-2324-2024-04-03-paok-lamia,2024-04-03,G1,Griechenland Super League,1,2324,paok,lamia,6,28,stark,1.2025,B365,7,3:1,sieg,1
F1-2324-2024-04-06-paris-sg-clermont,2024-04-06,F1,Ligue 1,1,2324,paris sg,clermont,18,27,schwach,1.2458,B365,32,1:1,unentschieden,0
P1-2324-2024-04-06-sp-braga-arouca,2024-04-06,P1,Primeira Liga,1,2324,sp braga,arouca,7,27,schwach,1.5124,B365,29,0:3,niederlage,0
F2-2324-2024-04-06-annecy-valenciennes,2024-04-06,F2,Ligue 2,2,2324,annecy,valenciennes,20,30,schwach,1.7583,B365,23,2:1,sieg,1
F1-2324-2024-04-07-brest-metz,2024-04-07,F1,Ligue 1,1,2324,brest,metz,17,27,schwach,1.5865,B365,6,4:3,sieg,1
P1-2324-2024-04-07-porto-guimaraes,2024-04-07,P1,Primeira Liga,1,2324,porto,guimaraes,5,27,stark,1.4533,B365,12,1:2,niederlage,0
N1-2324-2024-04-13-az-alkmaar-waalwijk,2024-04-13,N1,Eredivisie,1,2324,az alkmaar,waalwijk,16,29,schwach,1.3776,B365,3,3:2,sieg,1
P1-2324-2024-04-13-guimaraes-farense,2024-04-13,P1,Primeira Liga,1,2324,guimaraes,farense,10,28,schwach,1.6179,B365,9,1:1,unentschieden,0
P1-2324-2024-04-13-porto-famalicao,2024-04-13,P1,Primeira Liga,1,2324,porto,famalicao,8,27,schwach,1.2894,B365,9,2:2,unentschieden,0
SC0-2324-2024-04-13-hearts-livingston,2024-04-13,SC0,Scottish Premiership,1,2324,hearts,livingston,12,32,schwach,1.48,B365,10,4:2,sieg,1
E0-2324-2024-04-14-liverpool-crystal-palace,2024-04-14,E0,Premier League,1,2324,Liverpool,Crystal Palace,17,31,schwach,1.276,B365,14,0:1,niederlage,0
SP1-2324-2024-04-14-sociedad-almeria,2024-04-14,SP1,La Liga,1,2324,sociedad,almeria,20,30,schwach,1.399,B365,30,2:2,unentschieden,0
N1-2324-2024-04-14-nijmegen-zwolle,2024-04-14,N1,Eredivisie,1,2324,nijmegen,zwolle,14,29,schwach,1.6397,B365,10,2:2,unentschieden,0
G1-2324-2024-04-14-panathinaikos-lamia,2024-04-14,G1,Griechenland Super League,1,2324,panathinaikos,lamia,8,30,schwach,1.2063,B365,14,3:1,sieg,1
SP1-2324-2024-04-19-ath-bilbao-granada,2024-04-19,SP1,La Liga,1,2324,ath bilbao,granada,19,31,schwach,1.322,B365,6,1:1,unentschieden,0
F2-2324-2024-04-20-angers-troyes,2024-04-20,F2,Ligue 2,2,2324,angers,troyes,17,32,schwach,1.7714,B365,29,2:1,sieg,1
F2-2324-2024-04-20-paris-valenciennes,2024-04-20,F2,Ligue 2,2,2324,paris,valenciennes,20,32,schwach,1.4841,B365,9,2:1,sieg,1
P1-2324-2024-04-21-famalicao-portimonense,2024-04-21,P1,Primeira Liga,1,2324,famalicao,portimonense,16,29,schwach,1.6963,B365,7,2:2,unentschieden,0
SP2-2324-2024-04-21-espanol-andorra,2024-04-21,SP2,LaLiga 2,2,2324,espanol,andorra,22,35,schwach,1.74,B365,29,1:1,unentschieden,0
E0-2324-2024-04-27-newcastle-sheffield-united,2024-04-27,E0,Premier League,1,2324,Newcastle,Sheffield United,20,34,schwach,1.2852,B365,5,5:1,sieg,1
D1-2324-2024-04-27-rb-leipzig-dortmund,2024-04-27,D1,Bundesliga,1,2324,rb leipzig,dortmund,5,30,stark,1.7568,B365,20,4:1,sieg,1
F1-2324-2024-04-27-paris-sg-le-havre,2024-04-27,F1,Ligue 1,1,2324,paris sg,le havre,16,30,schwach,1.4086,B365,19,3:3,unentschieden,0
P1-2324-2024-04-27-benfica-sp-braga,2024-04-27,P1,Primeira Liga,1,2324,benfica,sp braga,4,30,stark,1.6275,B365,28,3:1,sieg,1
B1-2324-2024-04-27-gent-westerlo,2024-04-27,B1,Belgien Pro League,1,2324,gent,westerlo,13,35,schwach,1.4533,B365,1,3:2,sieg,1
E1-2324-2024-04-27-norwich-swansea,2024-04-27,E1,Championship,2,2324,norwich,swansea,14,44,schwach,1.7515,B365,24,2:2,unentschieden,0
B1-2324-2024-04-28-st-gilloise-antwerp,2024-04-28,B1,Belgien Pro League,1,2324,st gilloise,antwerp,6,35,stark,1.7691,B365,17,4:1,sieg,1
T1-2324-2024-04-28-trabzonspor-gaziantep,2024-04-28,T1,Süper Lig,1,2324,trabzonspor,gaziantep,16,33,schwach,1.5607,B365,12,4:2,sieg,1
G1-2324-2024-04-28-panathinaikos-aris,2024-04-28,G1,Griechenland Super League,1,2324,panathinaikos,aris,5,33,stark,1.3782,B365,2,0:1,niederlage,0
E1-2324-2024-05-04-leeds-southampton,2024-05-04,E1,Championship,2,2324,Leeds,Southampton,4,45,stark,1.648,B365,18,1:2,niederlage,0
SP1-2324-2024-05-05-vallecano-almeria,2024-05-05,SP1,La Liga,1,2324,vallecano,almeria,20,33,schwach,1.6655,B365,30,0:1,niederlage,0
I1-2324-2024-05-05-milan-genoa,2024-05-05,I1,Serie A,1,2324,milan,genoa,12,34,schwach,1.5453,B365,5,3:3,unentschieden,0
N1-2324-2024-05-05-psv-eindhoven-sparta-rotterdam,2024-05-05,N1,Eredivisie,1,2324,psv eindhoven,sparta rotterdam,8,31,schwach,1.1924,B365,8,4:2,sieg,1
SC0-2324-2024-05-05-rangers-kilmarnock,2024-05-05,SC0,Scottish Premiership,1,2324,rangers,kilmarnock,4,34,stark,1.3173,B365,12,4:1,sieg,1
F1-2324-2024-05-10-brest-reims,2024-05-10,F1,Ligue 1,1,2324,brest,reims,12,31,schwach,1.7515,B365,25,1:1,unentschieden,0
I2-2324-2024-05-10-como-cosenza,2024-05-10,I2,Serie B,2,2324,como,cosenza,10,37,schwach,1.3611,B365,30,1:1,unentschieden,0
E0-2324-2024-05-11-newcastle-brighton,2024-05-11,E0,Premier League,1,2324,Newcastle,Brighton,11,35,schwach,1.6611,B365,18,1:1,unentschieden,0
E0-2324-2024-05-11-tottenham-burnley,2024-05-11,E0,Premier League,1,2324,Tottenham,Burnley,19,36,schwach,1.4308,B365,25,2:1,sieg,1
I1-2324-2024-05-12-juventus-salernitana,2024-05-12,I1,Serie A,1,2324,juventus,salernitana,20,35,schwach,1.2012,B365,27,1:1,unentschieden,0
N1-2324-2024-05-12-twente-volendam,2024-05-12,N1,Eredivisie,1,2324,twente,volendam,18,32,schwach,1.1384,B365,4,7:2,sieg,1
B1-2324-2024-05-12-gent-oud-heverlee-leuven,2024-05-12,B1,Belgien Pro League,1,2324,gent,oud heverlee leuven,11,37,schwach,1.4954,B365,6,0:1,niederlage,0
SP2-2324-2024-05-12-elche-huesca,2024-05-12,SP2,LaLiga 2,2,2324,elche,huesca,18,38,schwach,1.72,B365,32,0:3,niederlage,0
I1-2324-2024-05-13-fiorentina-monza,2024-05-13,I1,Serie A,1,2324,fiorentina,monza,12,35,schwach,1.6386,B365,9,2:1,sieg,1
F2-2324-2024-05-17-auxerre-concarneau,2024-05-17,F2,Ligue 2,2,2324,auxerre,concarneau,18,37,schwach,1.4221,B365,21,4:1,sieg,1
P1-2324-2024-05-18-boavista-vizela,2024-05-18,P1,Primeira Liga,1,2324,boavista,vizela,17,33,schwach,1.6885,B365,30,2:2,unentschieden,0
T1-2324-2024-05-18-besiktas-hatayspor,2024-05-18,T1,Süper Lig,1,2324,besiktas,hatayspor,18,36,schwach,1.6083,B365,26,2:2,unentschieden,0
SC0-2324-2024-05-18-celtic-st-mirren,2024-05-18,SC0,Scottish Premiership,1,2324,celtic,st mirren,6,37,stark,1.306,B365,7,3:2,sieg,1
SP1-2324-2024-05-19-ath-madrid-osasuna,2024-05-19,SP1,La Liga,1,2324,ath madrid,osasuna,13,36,schwach,1.4861,B365,26,1:4,niederlage,0
I1-2324-2024-05-19-inter-lazio,2024-05-19,I1,Serie A,1,2324,inter,lazio,7,36,schwach,1.729,B365,32,1:1,unentschieden,0
F1-2324-2024-05-19-lille-nice,2024-05-19,F1,Ligue 1,1,2324,lille,nice,5,33,stark,1.7425,B365,10,2:2,unentschieden,0
N1-2324-2024-05-19-psv-eindhoven-waalwijk,2024-05-19,N1,Eredivisie,1,2324,psv eindhoven,waalwijk,15,33,schwach,1.276,B365,16,3:1,sieg,1
I1-2324-2024-06-02-atalanta-fiorentina,2024-06-02,I1,Serie A,1,2324,atalanta,fiorentina,8,37,schwach,1.5582,B365,6,2:3,niederlage,0
