datum,liga,liga_code,saison,team,gegner,vorquote_fair,torniveau_liga_saison,minute_gegentor,modell_p_sieg,modell_faire_quote,lohnt_ab_quote,live_quote_notiert,einsatz,notiert_am,bemerkung,endstand,ergebnis,treffer
2005-07-30,Scottish Premiership,SC0,0506,hibernian,dunfermline,1.7955,2.811,12,0.3366,2.97,3.13,,,,,1:1,unentschieden,0
2005-08-07,Bundesliga,D1,0506,schalke 04,kaiserslautern,1.6786,2.814,33,0.297,3.37,3.55,,,,,2:1,sieg,1
2005-08-14,Bundesliga,D1,0506,stuttgart,koln,1.6604,2.814,8,0.4057,2.46,2.6,,,,,2:3,niederlage,0
2005-08-21,Eredivisie,N1,0506,psv eindhoven,vitesse,1.3971,2.98,21,0.5003,2.0,2.1,,,,,2:1,sieg,1
2005-08-24,Premier League,E0,0506,Arsenal,Fulham,1.3157,2.484,22,0.5649,1.77,1.86,,,,,4:1,sieg,1
2005-08-27,Bundesliga,D1,0506,hamburg,hannover,1.6667,2.814,18,0.3608,2.77,2.92,,,,,1:1,unentschieden,0
2005-09-10,Premier League,E0,0506,Newcastle,Fulham,1.7419,2.484,13,0.3516,2.84,2.99,,,,,1:1,unentschieden,0
2005-09-10,Scottish Premiership,SC0,0506,hibernian,dundee united,1.782,2.811,14,0.3332,3.0,3.16,,,,,2:1,sieg,1
2005-09-10,La Liga,SP1,0506,real madrid,celta,1.3889,2.463,8,0.5644,1.77,1.87,,,,,2:3,niederlage,0
2005-09-17,Bundesliga,D1,0506,werder bremen,dortmund,1.7931,2.814,8,0.3536,2.83,2.98,,,,,3:2,sieg,1
2005-09-18,Eredivisie,N1,0506,feyenoord,heerenveen,1.5733,2.98,12,0.4299,2.33,2.45,,,,,5:1,sieg,1
2005-09-21,Ligue 1,F1,0506,st etienne,nancy,1.7959,2.134,31,0.2652,3.77,3.97,,,,,0:2,niederlage,0
2005-09-21,La Liga,SP1,0506,villarreal,celta,1.7931,2.463,27,0.2803,3.57,3.76,,,,,1:2,niederlage,0
2005-09-22,Ligue 1,F1,0506,lyon,lens,1.7959,2.134,6,0.3608,2.77,2.92,,,,,1:1,unentschieden,0
2005-09-22,La Liga,SP1,0506,real madrid,ath bilbao,1.552,2.463,25,0.3849,2.6,2.74,,,,,3:1,sieg,1
2005-09-24,Premier League,E0,0506,Manchester United,blackburn,1.4002,2.484,33,0.4445,2.25,2.37,,,,,1:2,niederlage,0
2005-09-24,Ligue 1,F1,0506,marseille,metz,1.7472,2.134,11,0.3578,2.79,2.94,,,,,3:1,sieg,1
2005-09-24,Scottish Premiership,SC0,0506,kilmarnock,falkirk,1.734,2.811,11,0.3628,2.76,2.9,,,,,1:1,unentschieden,0
2005-09-25,Premier League,E0,0506,middlesbrough,Sunderland,1.6901,2.484,2,0.4188,2.39,2.51,,,,,0:2,niederlage,0
2005-10-02,Serie A,I1,0506,roma,siena,1.6557,2.608,17,0.3696,2.71,2.85,,,,,2:3,niederlage,0
2005-10-02,La Liga,SP1,0506,la coruna,osasuna,1.7901,2.463,19,0.311,3.22,3.39,,,,,0:1,niederlage,0
2005-10-15,Bundesliga,D1,0506,hamburg,wolfsburg,1.7501,2.814,19,0.3246,3.08,3.24,,,,,0:1,niederlage,0
2005-10-15,Premier League,E0,0506,Chelsea,bolton,1.3829,2.484,4,0.5865,1.71,1.8,,,,,5:1,sieg,1
2005-10-16,Eredivisie,N1,0506,feyenoord,groningen,1.4066,2.98,9,0.5467,1.83,1.93,,,,,4:1,sieg,1
2005-10-23,Serie A,I1,0506,milan,palermo,1.5056,2.608,28,0.3974,2.52,2.65,,,,,2:1,sieg,1
2005-10-23,La Liga,SP1,0506,real madrid,valencia,1.7901,2.463,22,0.2996,3.34,3.51,,,,,1:2,niederlage,0
2005-10-26,Serie A,I1,0506,inter,roma,1.7419,2.608,11,0.3598,2.78,2.93,,,,,2:3,niederlage,0
2005-10-27,La Liga,SP1,0506,valencia,sevilla,1.7901,2.463,20,0.3072,3.26,3.43,,,,,0:2,niederlage,0
2005-10-29,Bundesliga,D1,0506,werder bremen,ein frankfurt,1.5654,2.814,19,0.4036,2.48,2.61,,,,,4:1,sieg,1
2005-10-29,Scottish Premiership,SC0,0506,rangers,inverness c,1.3457,2.811,26,0.5199,1.92,2.03,,,,,1:1,unentschieden,0
2005-10-30,Serie A,I1,0506,fiorentina,cagliari,1.5213,2.608,23,0.41,2.44,2.57,,,,,2:1,sieg,1
2005-11-05,Bundesliga,D1,0506,bayern munich,werder bremen,1.7931,2.814,1,0.3827,2.61,2.75,,,,,3:1,sieg,1
2005-11-19,Ligue 1,F1,0506,lyon,troyes,1.3889,2.134,21,0.5066,1.97,2.08,,,,,2:1,sieg,1
2005-11-26,Scottish Premiership,SC0,0506,celtic,dunfermline,1.2114,2.811,17,0.6975,1.43,1.51,,,,,0:1,niederlage,0
2005-11-27,Serie A,I1,0506,juventus,treviso,1.2297,2.608,25,0.6438,1.55,1.64,,,,,3:1,sieg,1
2005-12-03,Premier League,E0,0506,Tottenham,Sunderland,1.4402,2.484,16,0.4915,2.03,2.14,,,,,3:2,sieg,1
2005-12-10,Eredivisie,N1,0506,heerenveen,willem ii,1.6667,2.98,10,0.3944,2.54,2.67,,,,,3:3,unentschieden,0
2005-12-11,Premier League,E0,0506,Manchester United,Everton,1.3972,2.484,7,0.5625,1.78,1.87,,,,,1:1,unentschieden,0
2005-12-12,Premier League,E0,0506,Tottenham,portsmouth,1.552,2.484,24,0.3891,2.57,2.71,,,,,3:1,sieg,1
2005-12-16,Ligue 1,F1,0506,lyon,lille,1.6287,2.134,8,0.4201,2.38,2.51,,,,,1:3,niederlage,0
2005-12-17,Ligue 1,F1,0506,auxerre,nancy,1.7282,2.134,5,0.3902,2.56,2.7,,,,,0:1,niederlage,0
2005-12-17,Eredivisie,N1,0506,psv eindhoven,willem ii,1.2558,2.98,15,0.6549,1.53,1.61,,,,,4:1,sieg,1
2005-12-18,La Liga,SP1,0506,villarreal,getafe,1.6901,2.463,20,0.3431,2.91,3.07,,,,,2:1,sieg,1
2005-12-21,La Liga,SP1,0506,real madrid,santander,1.3462,2.463,21,0.5417,1.85,1.94,,,,,1:2,niederlage,0
2006-01-02,Premier League,E0,0506,blackburn,portsmouth,1.7901,2.484,3,0.3754,2.66,2.81,,,,,2:1,sieg,1
2006-01-02,Premier League,E0,0506,Fulham,Sunderland,1.6901,2.484,7,0.3972,2.52,2.65,,,,,2:1,sieg,1
2006-01-04,Ligue 1,F1,0506,st etienne,troyes,1.7959,2.134,34,0.2549,3.92,4.13,,,,,1:1,unentschieden,0
2006-01-08,Serie A,I1,0506,lazio,ascoli,1.6901,2.608,13,0.3718,2.69,2.83,,,,,4:1,sieg,1
2006-01-08,Serie A,I1,0506,milan,parma,1.2753,2.608,24,0.5965,1.68,1.77,,,,,4:3,sieg,1
2006-01-11,Ligue 1,F1,0506,lens,nancy,1.7472,2.134,29,0.2877,3.48,3.66,,,,,1:2,niederlage,0
2006-01-11,Ligue 1,F1,0506,lyon,marseille,1.7472,2.134,19,0.3257,3.07,3.23,,,,,2:1,sieg,1
2006-01-14,Scottish Premiership,SC0,0506,hibernian,aberdeen,1.782,2.811,4,0.3741,2.67,2.81,,,,,1:2,niederlage,0
2006-01-15,Eredivisie,N1,0506,ajax,nijmegen,1.4267,2.98,5,0.5499,1.82,1.91,,,,,1:1,unentschieden,0
2006-01-15,La Liga,SP1,0506,barcelona,ath bilbao,1.2558,2.463,16,0.6509,1.54,1.62,,,,,2:1,sieg,1
2006-01-15,La Liga,SP1,0506,la coruna,alaves,1.552,2.463,22,0.3977,2.51,2.65,,,,,0:2,niederlage,0
2006-01-21,Ligue 1,F1,0506,bordeaux,strasbourg,1.6167,2.134,9,0.4215,2.37,2.5,,,,,2:1,sieg,1
2006-01-21,Eredivisie,N1,0506,az alkmaar,groningen,1.4803,2.98,16,0.4652,2.15,2.26,,,,,1:1,unentschieden,0
2006-01-21,Eredivisie,N1,0506,vitesse,willem ii,1.6786,2.98,24,0.3316,3.02,3.18,,,,,2:1,sieg,1
2006-01-22,Serie A,I1,0506,juventus,empoli,1.2297,2.608,3,0.7282,1.37,1.45,,,,,2:1,sieg,1
2006-01-22,Serie A,I1,0506,livorno,treviso,1.6861,2.608,7,0.3989,2.51,2.64,,,,,1:1,unentschieden,0
2006-01-29,Eredivisie,N1,0506,ajax,utrecht,1.6786,2.98,2,0.4238,2.36,2.48,,,,,1:4,niederlage,0
2006-02-01,Premier League,E0,0506,Arsenal,West Ham,1.51,2.484,25,0.4078,2.45,2.58,,,,,2:3,niederlage,0
2006-02-03,Eredivisie,N1,0506,willem ii,roosendaal,1.6894,2.98,2,0.4191,2.39,2.51,,,,,3:1,sieg,1
2006-02-04,Bundesliga,D1,0506,hamburg,bielefeld,1.4722,2.814,26,0.4261,2.35,2.47,,,,,2:1,sieg,1
2006-02-04,Bundesliga,D1,0506,werder bremen,mainz,1.4044,2.814,1,0.5834,1.71,1.8,,,,,4:2,sieg,1
2006-02-04,Ligue 1,F1,0506,paris sg,st etienne,1.7419,2.134,16,0.3395,2.95,3.1,,,,,2:2,unentschieden,0
2006-02-04,Eredivisie,N1,0506,psv eindhoven,roda jc,1.3889,2.98,2,0.5906,1.69,1.78,,,,,3:2,sieg,1
2006-02-05,La Liga,SP1,0506,barcelona,ath madrid,1.51,2.463,33,0.3737,2.68,2.82,,,,,1:3,niederlage,0
2006-02-05,La Liga,SP1,0506,villarreal,cadiz,1.6604,2.463,1,0.4362,2.29,2.41,,,,,1:1,unentschieden,0
2006-02-08,Serie A,I1,0506,roma,cagliari,1.51,2.608,15,0.4516,2.21,2.33,,,,,4:3,sieg,1
2006-02-11,Premier League,E0,0506,Arsenal,bolton,1.625,2.484,12,0.4045,2.47,2.6,,,,,1:1,unentschieden,0
2006-02-18,Scottish Premiership,SC0,0506,kilmarnock,livingston,1.5213,2.811,14,0.4495,2.22,2.34,,,,,3:1,sieg,1
2006-02-19,Premier League,E0,0506,Tottenham,wigan,1.7931,2.484,10,0.3455,2.89,3.05,,,,,2:2,unentschieden,0
2006-02-19,Serie A,I1,0506,fiorentina,lazio,1.7954,2.608,34,0.255,3.92,4.13,,,,,1:2,niederlage,0
2006-02-19,Eredivisie,N1,0506,az alkmaar,utrecht,1.6667,2.98,3,0.4246,2.35,2.48,,,,,2:3,niederlage,0
2006-02-25,Ligue 1,F1,0506,bordeaux,metz,1.5213,2.134,15,0.445,2.25,2.37,,,,,3:3,unentschieden,0
2006-02-25,Ligue 1,F1,0506,lyon,rennes,1.5213,2.134,20,0.4231,2.36,2.49,,,,,1:4,niederlage,0
2006-02-26,Serie A,I1,0506,juventus,lecce,1.2558,2.608,10,0.6748,1.48,1.56,,,,,3:1,sieg,1
2006-03-04,Bundesliga,D1,0506,bayern munich,hamburg,1.6576,2.814,16,0.3729,2.68,2.82,,,,,1:2,niederlage,0
2006-03-04,La Liga,SP1,0506,villarreal,alaves,1.6978,2.463,11,0.3771,2.65,2.79,,,,,3:2,sieg,1
2006-03-11,Scottish Premiership,SC0,0506,dundee united,livingston,1.7501,2.811,17,0.3325,3.01,3.17,,,,,3:1,sieg,1
2006-03-18,Bundesliga,D1,0506,leverkusen,mainz,1.6978,2.814,34,0.2863,3.49,3.68,,,,,1:2,niederlage,0
2006-03-21,La Liga,SP1,0506,barcelona,getafe,1.3462,2.463,5,0.6115,1.64,1.72,,,,,3:1,sieg,1
2006-03-25,Bundesliga,D1,0506,hamburg,dortmund,1.7901,2.814,25,0.2885,3.47,3.65,,,,,2:4,niederlage,0
2006-03-25,Serie A,I1,0506,milan,fiorentina,1.7419,2.608,12,0.3557,2.81,2.96,,,,,3:1,sieg,1
2006-03-26,Serie A,I1,0506,siena,lecce,1.7472,2.608,4,0.3871,2.58,2.72,,,,,1:2,niederlage,0
2006-03-27,Premier League,E0,0506,Tottenham,west brom,1.552,2.484,21,0.402,2.49,2.62,,,,,2:1,sieg,1
2006-04-09,Premier League,E0,0506,Chelsea,West Ham,1.3234,2.484,10,0.6098,1.64,1.73,,,,,4:1,sieg,1
2006-04-09,Serie A,I1,0506,milan,chievo,1.4356,2.608,13,0.5081,1.97,2.07,,,,,4:1,sieg,1
2006-04-22,Serie A,I1,0506,juventus,lazio,1.7955,2.608,29,0.2724,3.67,3.87,,,,,1:1,unentschieden,0
2006-04-23,La Liga,SP1,0506,real madrid,malaga,1.2945,2.463,22,0.5854,1.71,1.8,,,,,2:1,sieg,1
2006-04-30,Ligue 1,F1,0506,bordeaux,le mans,1.7472,2.134,20,0.3217,3.11,3.27,,,,,2:2,unentschieden,0
2006-05-03,Bundesliga,D1,0506,bayern munich,stuttgart,1.5056,2.814,6,0.4943,2.02,2.13,,,,,3:1,sieg,1
2006-05-06,Ligue 1,F1,0506,nice,metz,1.6786,2.134,22,0.3396,2.94,3.1,,,,,2:1,sieg,1
2006-05-06,Ligue 1,F1,0506,paris sg,ajaccio,1.6057,2.134,19,0.3837,2.61,2.74,,,,,2:4,niederlage,0
2006-05-07,Premier League,E0,0506,Everton,west brom,1.7901,2.484,14,0.3305,3.03,3.19,,,,,2:2,unentschieden,0
2006-05-13,Bundesliga,D1,0506,bayern munich,dortmund,1.6727,2.814,2,0.4264,2.35,2.47,,,,,3:3,unentschieden,0
2006-05-13,Ligue 1,F1,0506,lens,nantes,1.6215,2.134,8,0.4235,2.36,2.49,,,,,3:1,sieg,1
2006-05-13,Ligue 1,F1,0506,lyon,le mans,1.6786,2.134,15,0.3682,2.72,2.86,,,,,8:1,sieg,1
2006-05-14,Serie A,I1,0506,sampdoria,lecce,1.7713,2.608,25,0.2945,3.4,3.58,,,,,1:3,niederlage,0
2006-08-04,Belgien Pro League,B1,0607,standard,charleroi,1.6055,2.784,1,0.4622,2.16,2.28,,,,,1:2,niederlage,0
2006-08-05,Belgien Pro League,B1,0607,gent,mouscron,1.7955,2.784,5,0.3651,2.74,2.88,,,,,1:3,niederlage,0
2006-08-05,Scottish Premiership,SC0,0607,rangers,dundee united,1.2389,2.456,15,0.6734,1.49,1.56,,,,,2:2,unentschieden,0
2006-08-12,Bundesliga,D1,0607,hamburg,bielefeld,1.552,2.735,32,0.3557,2.81,2.96,,,,,1:1,unentschieden,0
2006-08-19,Bundesliga,D1,0607,werder bremen,leverkusen,1.7931,2.735,15,0.3255,3.07,3.23,,,,,2:1,sieg,1
2006-08-19,Griechenland Super League,G1,0607,olympiakos,xanthi,1.4028,2.329,5,0.5671,1.76,1.86,,,,,2:1,sieg,1
2006-08-26,Premier League,E0,0607,Liverpool,West Ham,1.552,2.45,12,0.4412,2.27,2.39,,,,,2:1,sieg,1
2006-08-26,Griechenland Super League,G1,0607,panathinaikos,ionikos,1.285,2.329,29,0.5645,1.77,1.87,,,,,0:2,niederlage,0
2006-08-26,Primeira Liga,P1,0607,sp lisbon,boavista,1.7153,2.308,17,0.3454,2.9,3.05,,,,,3:2,sieg,1
2006-08-26,Scottish Premiership,SC0,0607,celtic,hibernian,1.4267,2.456,8,0.5366,1.86,1.96,,,,,2:1,sieg,1
2006-09-09,Premier League,E0,0607,Arsenal,middlesbrough,1.4402,2.45,22,0.4647,2.15,2.27,,,,,1:1,unentschieden,0
2006-09-09,Ligue 1,F1,0607,bordeaux,nice,1.7431,2.25,29,0.289,3.46,3.64,,,,,3:2,sieg,1
2006-09-10,Eredivisie,N1,0607,groningen,heracles,1.7153,2.99,1,0.4126,2.42,2.55,,,,,2:1,sieg,1
2006-09-16,Bundesliga,D1,0607,nurnberg,bochum,1.7399,2.735,10,0.3647,2.74,2.89,,,,,1:1,unentschieden,0
2006-09-16,Ligue 1,F1,0607,lille,toulouse,1.7447,2.25,17,0.3345,2.99,3.15,,,,,1:3,niederlage,0
2006-09-17,Eredivisie,N1,0607,az alkmaar,twente,1.435,2.99,14,0.504,1.98,2.09,,,,,2:2,unentschieden,0
2006-09-18,Primeira Liga,P1,0607,sp braga,leiria,1.7153,2.308,8,0.3826,2.61,2.75,,,,,0:1,niederlage,0
2006-09-20,Serie A,I1,0607,palermo,catania,1.6861,2.55,27,0.317,3.16,3.32,,,,,5:3,sieg,1
2006-09-23,Ligue 1,F1,0607,bordeaux,troyes,1.6786,2.25,10,0.3893,2.57,2.71,,,,,2:1,sieg,1
2006-09-23,Scottish Premiership,SC0,0607,hibernian,falkirk,1.714,2.456,9,0.3789,2.64,2.78,,,,,0:1,niederlage,0
2006-09-24,La Liga,SP1,0607,barcelona,valencia,1.6607,2.479,17,0.3674,2.72,2.87,,,,,1:1,unentschieden,0
2006-10-01,Eredivisie,N1,0607,az alkmaar,den haag,1.2988,2.99,5,0.6529,1.53,1.61,,,,,2:2,unentschieden,0
2006-10-01,Eredivisie,N1,0607,feyenoord,nac breda,1.455,2.99,13,0.4949,2.02,2.13,,,,,3:2,sieg,1
2006-10-01,La Liga,SP1,0607,real madrid,ath madrid,1.7931,2.479,6,0.3618,2.76,2.91,,,,,1:1,unentschieden,0
2006-10-01,La Liga,SP1,0607,zaragoza,levante,1.7399,2.479,22,0.3165,3.16,3.33,,,,,2:2,unentschieden,0
2006-10-01,Süper Lig,T1,0607,fenerbahce,bursaspor,1.3724,2.405,16,0.542,1.85,1.94,,,,,0:1,niederlage,0
2006-10-14,Belgien Pro League,B1,0607,standard,roeselare,1.5733,2.784,21,0.391,2.56,2.69,,,,,2:1,sieg,1
2006-10-14,Premier League,E0,0607,Liverpool,blackburn,1.552,2.45,17,0.4193,2.39,2.51,,,,,1:1,unentschieden,0
2006-10-14,Süper Lig,T1,0607,trabzonspor,erciyesspor,1.5327,2.405,10,0.4607,2.17,2.29,,,,,3:1,sieg,1
2006-10-15,Serie A,I1,0607,inter,catania,1.2888,2.55,16,0.6168,1.62,1.71,,,,,2:1,sieg,1
2006-10-15,Serie A,I1,0607,palermo,atalanta,1.6978,2.55,13,0.3687,2.71,2.86,,,,,2:3,niederlage,0
2006-10-15,Eredivisie,N1,0607,psv eindhoven,roda jc,1.5367,2.99,4,0.4852,2.06,2.17,,,,,4:1,sieg,1
2006-10-20,Bundesliga,D1,0607,dortmund,bochum,1.552,2.735,30,0.3639,2.75,2.89,,,,,1:1,unentschieden,0
2006-10-21,Scottish Premiership,SC0,0607,hearts,kilmarnock,1.6283,2.456,28,0.3364,2.97,3.13,,,,,0:2,niederlage,0
2006-10-22,Primeira Liga,P1,0607,benfica,est amadora,1.366,2.308,14,0.556,1.8,1.89,,,,,3:1,sieg,1
2006-10-25,Serie A,I1,0607,palermo,messina,1.6143,2.55,7,0.4314,2.32,2.44,,,,,2:1,sieg,1
2006-10-25,Serie A,I1,0607,roma,ascoli,1.3462,2.55,22,0.5373,1.86,1.96,,,,,2:2,unentschieden,0
2006-10-28,Premier League,E0,0607,Arsenal,Everton,1.5056,2.45,11,0.472,2.12,2.23,,,,,1:1,unentschieden,0
2006-10-28,Ligue 1,F1,0607,bordeaux,sedan,1.6719,2.25,18,0.3586,2.79,2.94,,,,,3:1,sieg,1
2006-10-29,Primeira Liga,P1,0607,sp braga,maritimo,1.7771,2.308,4,0.3759,2.66,2.8,,,,,1:4,niederlage,0
2006-11-04,Bundesliga,D1,0607,leverkusen,mainz,1.6143,2.735,29,0.3385,2.95,3.11,,,,,1:1,unentschieden,0
2006-11-04,Primeira Liga,P1,0607,boavista,aves,1.6214,2.308,8,0.4236,2.36,2.49,,,,,2:1,sieg,1
2006-11-05,La Liga,SP1,0607,villarreal,betis,1.7901,2.479,4,0.3712,2.69,2.84,,,,,3:2,sieg,1
2006-11-10,Bundesliga,D1,0607,werder bremen,dortmund,1.552,2.735,7,0.4633,2.16,2.27,,,,,1:3,niederlage,0
2006-11-11,Serie A,I1,0607,fiorentina,atalanta,1.7901,2.55,25,0.2885,3.47,3.65,,,,,3:1,sieg,1
2006-11-11,Süper Lig,T1,0607,besiktas,sivasspor,1.3971,2.405,15,0.5271,1.9,2.0,,,,,0:1,niederlage,0
2006-11-12,La Liga,SP1,0607,barcelona,zaragoza,1.552,2.479,17,0.4193,2.39,2.51,,,,,3:1,sieg,1
2006-11-18,Bundesliga,D1,0607,bayern munich,stuttgart,1.6978,2.735,8,0.3897,2.57,2.7,,,,,2:1,sieg,1
2006-11-18,Premier League,E0,0607,Arsenal,Newcastle,1.3462,2.45,30,0.5016,1.99,2.1,,,,,1:1,unentschieden,0
2006-11-18,Premier League,E0,0607,portsmouth,watford,1.7399,2.45,32,0.2792,3.58,3.77,,,,,2:1,sieg,1
2006-11-18,Griechenland Super League,G1,0607,aek,kerkyra,1.3382,2.329,2,0.6307,1.59,1.67,,,,,4:1,sieg,1
2006-11-18,Eredivisie,N1,0607,nijmegen,sparta,1.7258,2.99,34,0.2767,3.61,3.81,,,,,1:2,niederlage,0
2006-11-19,Eredivisie,N1,0607,ajax,twente,1.5279,2.99,8,0.4723,2.12,2.23,,,,,1:1,unentschieden,0
2006-11-24,Primeira Liga,P1,0607,boavista,est amadora,1.5887,2.308,11,0.4265,2.34,2.47,,,,,1:1,unentschieden,0
2006-11-25,La Liga,SP1,0607,ath madrid,sociedad,1.5056,2.479,24,0.4147,2.41,2.54,,,,,1:1,unentschieden,0
2006-11-26,Griechenland Super League,G1,0607,panathinaikos,kalamaria,1.2418,2.329,4,0.7121,1.4,1.48,,,,,3:2,sieg,1
2006-11-26,Eredivisie,N1,0607,groningen,den haag,1.5084,2.99,3,0.5061,1.98,2.08,,,,,2:5,niederlage,0
2006-12-02,Serie A,I1,0607,roma,atalanta,1.4356,2.55,20,0.4768,2.1,2.21,,,,,2:1,sieg,1
2006-12-02,Scottish Premiership,SC0,0607,hibernian,dundee united,1.6727,2.456,24,0.334,2.99,3.15,,,,,2:1,sieg,1
2006-12-03,Griechenland Super League,G1,0607,larisa,ergotelis,1.7377,2.329,26,0.302,3.31,3.49,,,,,2:1,sieg,1
2006-12-03,Primeira Liga,P1,0607,sp braga,academica,1.6444,2.308,2,0.4391,2.28,2.4,,,,,4:2,sieg,1
2006-12-10,Griechenland Super League,G1,0607,olympiakos,egaleo,1.2418,2.329,22,0.6419,1.56,1.64,,,,,3:2,sieg,1
2006-12-10,Griechenland Super League,G1,0607,paok,atromitos,1.4988,2.329,11,0.4761,2.1,2.21,,,,,0:3,niederlage,0
2006-12-10,Süper Lig,T1,0607,galatasaray,bursaspor,1.4532,2.405,4,0.5363,1.86,1.96,,,,,3:1,sieg,1
2006-12-23,Premier League,E0,0607,Arsenal,blackburn,1.4356,2.45,3,0.5526,1.81,1.91,,,,,6:2,sieg,1
2006-12-23,Premier League,E0,0607,portsmouth,Sheffield United,1.7931,2.45,4,0.3701,2.7,2.85,,,,,3:1,sieg,1
2006-12-23,Serie A,I1,0607,inter,atalanta,1.3462,2.55,17,0.5594,1.79,1.88,,,,,2:1,sieg,1
2006-12-23,Eredivisie,N1,0607,feyenoord,sparta,1.3889,2.99,16,0.5289,1.89,1.99,,,,,3:2,sieg,1
2006-12-23,Scottish Premiership,SC0,0607,kilmarnock,motherwell,1.7692,2.456,15,0.3337,3.0,3.16,,,,,1:2,niederlage,0
2006-12-26,Scottish Premiership,SC0,0607,celtic,dundee united,1.2382,2.456,17,0.6662,1.5,1.58,,,,,2:2,unentschieden,0
2006-12-30,Premier League,E0,0607,Chelsea,Fulham,1.2297,2.45,16,0.6798,1.47,1.55,,,,,2:2,unentschieden,0
2006-12-30,Scottish Premiership,SC0,0607,rangers,st mirren,1.34,2.456,14,0.5779,1.73,1.82,,,,,1:1,unentschieden,0
2006-12-31,Eredivisie,N1,0607,az alkmaar,roda jc,1.3889,2.99,23,0.4977,2.01,2.12,,,,,2:2,unentschieden,0
2007-01-14,Griechenland Super League,G1,0607,aek,ofi,1.3491,2.329,18,0.5525,1.81,1.91,,,,,3:1,sieg,1
2007-01-21,Serie A,I1,0607,inter,fiorentina,1.6557,2.55,5,0.4208,2.38,2.5,,,,,3:1,sieg,1
2007-01-24,Ligue 1,F1,0607,lyon,bordeaux,1.538,2.25,3,0.4889,2.05,2.15,,,,,1:2,niederlage,0
2007-01-24,Ligue 1,F1,0607,sochaux,sedan,1.6719,2.25,22,0.3423,2.92,3.08,,,,,1:1,unentschieden,0
2007-01-28,Serie A,I1,0607,fiorentina,livorno,1.6604,2.55,27,0.327,3.06,3.22,,,,,2:1,sieg,1
2007-01-31,Bundesliga,D1,0607,schalke 04,aachen,1.4278,2.735,17,0.4957,2.02,2.12,,,,,2:1,sieg,1
2007-02-03,Primeira Liga,P1,0607,sp lisbon,nacional,1.6005,2.308,26,0.3569,2.8,2.95,,,,,5:1,sieg,1
2007-02-04,La Liga,SP1,0607,real madrid,levante,1.384,2.479,11,0.555,1.8,1.9,,,,,0:1,niederlage,0
2007-02-17,Belgien Pro League,B1,0607,anderlecht,mouscron,1.2777,2.784,7,0.6647,1.5,1.58,,,,,2:1,sieg,1
2007-02-17,Scottish Premiership,SC0,0607,hearts,st mirren,1.6034,2.456,14,0.4062,2.46,2.59,,,,,1:1,unentschieden,0
2007-02-24,Belgien Pro League,B1,0607,charleroi,beveren,1.6667,2.784,21,0.3485,2.87,3.02,,,,,2:1,sieg,1
2007-02-24,Ligue 1,F1,0607,lyon,sochaux,1.5213,2.25,9,0.4717,2.12,2.23,,,,,3:3,unentschieden,0
2007-02-24,Ligue 1,F1,0607,rennes,sedan,1.7959,2.25,14,0.3285,3.04,3.21,,,,,0:2,niederlage,0
2007-02-25,Serie A,I1,0607,udinese,parma,1.7955,2.55,8,0.3528,2.83,2.99,,,,,3:3,unentschieden,0
2007-02-26,Primeira Liga,P1,0607,sp braga,est amadora,1.7771,2.308,12,0.3429,2.92,3.07,,,,,2:1,sieg,1
2007-02-28,Serie A,I1,0607,lazio,catania,1.6557,2.55,17,0.3696,2.71,2.85,,,,,3:1,sieg,1
2007-03-03,Serie A,I1,0607,milan,chievo,1.51,2.55,16,0.4472,2.24,2.35,,,,,3:1,sieg,1
2007-03-04,Bundesliga,D1,0607,dortmund,cottbus,1.7399,2.735,6,0.3814,2.62,2.76,,,,,2:3,niederlage,0
2007-03-04,Serie A,I1,0607,fiorentina,torino,1.5056,2.55,15,0.4542,2.2,2.32,,,,,5:1,sieg,1
2007-03-04,Eredivisie,N1,0607,ajax,heerenveen,1.384,2.99,18,0.5239,1.91,2.01,,,,,0:1,niederlage,0
2007-03-04,La Liga,SP1,0607,zaragoza,sociedad,1.6604,2.479,17,0.3676,2.72,2.86,,,,,3:2,sieg,1
2007-03-11,Ligue 1,F1,0607,lens,sedan,1.6604,2.25,2,0.4318,2.32,2.44,,,,,1:1,unentschieden,0
2007-03-11,Griechenland Super League,G1,0607,panathinaikos,ergotelis,1.2631,2.329,19,0.6307,1.59,1.67,,,,,0:1,niederlage,0
2007-03-11,Serie A,I1,0607,siena,ascoli,1.7954,2.55,23,0.2942,3.4,3.58,,,,,0:1,niederlage,0
2007-03-11,Eredivisie,N1,0607,vitesse,den haag,1.6775,2.99,11,0.3855,2.59,2.73,,,,,2:2,unentschieden,0
2007-03-17,La Liga,SP1,0607,valencia,santander,1.6604,2.479,20,0.3552,2.82,2.96,,,,,0:2,niederlage,0
2007-03-17,Süper Lig,T1,0607,trabzonspor,ankaragucu,1.7102,2.405,14,0.3596,2.78,2.93,,,,,0:1,niederlage,0
2007-03-18,Griechenland Super League,G1,0607,panathinaikos,atromitos,1.2988,2.329,32,0.5371,1.86,1.96,,,,,1:2,niederlage,0
2007-03-31,Premier League,E0,0607,Manchester United,blackburn,1.4356,2.45,29,0.4369,2.29,2.41,,,,,4:1,sieg,1
2007-04-06,Premier League,E0,0607,Everton,Fulham,1.7901,2.45,22,0.2996,3.34,3.51,,,,,4:1,sieg,1
2007-04-06,Süper Lig,T1,0607,galatasaray,erciyesspor,1.384,2.405,14,0.5417,1.85,1.94,,,,,0:1,niederlage,0
2007-04-08,Bundesliga,D1,0607,leverkusen,bochum,1.7399,2.735,8,0.373,2.68,2.82,,,,,1:4,niederlage,0
2007-04-08,Eredivisie,N1,0607,twente,heracles,1.3678,2.99,8,0.5809,1.72,1.81,,,,,1:1,unentschieden,0
2007-04-14,Premier League,E0,0607,Arsenal,bolton,1.7931,2.45,11,0.3414,2.93,3.08,,,,,2:1,sieg,1
2007-04-15,Griechenland Super League,G1,0607,aek,egaleo,1.3218,2.329,17,0.5811,1.72,1.81,,,,,5:2,sieg,1
2007-04-15,Serie A,I1,0607,inter,palermo,1.5056,2.55,3,0.5077,1.97,2.07,,,,,2:2,unentschieden,0
2007-04-20,Bundesliga,D1,0607,werder bremen,aachen,1.3523,2.735,2,0.6192,1.62,1.7,,,,,3:1,sieg,1
2007-04-21,Scottish Premiership,SC0,0607,rangers,hearts,1.7501,2.456,16,0.3365,2.97,3.13,,,,,2:1,sieg,1
2007-04-22,Bundesliga,D1,0607,hamburg,mainz,1.7931,2.735,12,0.3374,2.96,3.12,,,,,2:2,unentschieden,0
2007-04-22,Serie A,I1,0607,chievo,livorno,1.7954,2.55,18,0.3131,3.19,3.36,,,,,2:1,sieg,1
2007-04-28,Belgien Pro League,B1,0607,gent,bergen,1.5,2.784,8,0.4887,2.05,2.15,,,,,4:1,sieg,1
2007-04-28,Premier League,E0,0607,Chelsea,bolton,1.384,2.45,19,0.5194,1.93,2.03,,,,,2:2,unentschieden,0
2007-05-06,Süper Lig,T1,0607,galatasaray,antalyaspor,1.4532,2.405,12,0.5006,2.0,2.1,,,,,1:1,unentschieden,0
2007-05-12,Bundesliga,D1,0607,werder bremen,ein frankfurt,1.4044,2.735,13,0.5305,1.88,1.98,,,,,1:2,niederlage,0
2007-05-12,La Liga,SP1,0607,real madrid,espanol,1.3462,2.479,15,0.5682,1.76,1.85,,,,,4:3,sieg,1
2007-05-13,Premier League,E0,0607,Liverpool,charlton,1.4722,2.45,2,0.5328,1.88,1.98,,,,,2:2,unentschieden,0
2007-05-19,Bundesliga,D1,0607,stuttgart,cottbus,1.228,2.735,19,0.67,1.49,1.57,,,,,2:1,sieg,1
2007-05-27,Serie A,I1,0607,roma,messina,1.2558,2.55,9,0.6788,1.47,1.55,,,,,4:3,sieg,1
2007-06-09,La Liga,SP1,0607,barcelona,espanol,1.3157,2.479,30,0.5294,1.89,1.99,,,,,2:2,unentschieden,0
2007-06-09,La Liga,SP1,0607,betis,osasuna,1.7931,2.479,32,0.2626,3.81,4.01,,,,,0:5,niederlage,0
2007-06-09,La Liga,SP1,0607,villarreal,ath bilbao,1.7931,2.479,22,0.2987,3.35,3.53,,,,,3:1,sieg,1
2007-06-17,La Liga,SP1,0607,celta,getafe,1.5101,2.479,26,0.4034,2.48,2.61,,,,,2:1,sieg,1
2007-06-17,La Liga,SP1,0607,real madrid,mallorca,1.1903,2.479,17,0.7237,1.38,1.46,,,,,3:1,sieg,1
2007-08-11,Scottish Premiership,SC0,0708,hibernian,gretna,1.5654,2.675,17,0.4122,2.43,2.55,,,,,4:2,sieg,1
2007-08-12,Bundesliga,D1,0708,dortmund,duisburg,1.6576,2.81,8,0.4069,2.46,2.59,,,,,1:3,niederlage,0
2007-08-12,Premier League,E0,0708,Arsenal,Fulham,1.4286,2.637,1,0.5663,1.77,1.86,,,,,2:1,sieg,1
2007-08-12,Premier League,E0,0708,Chelsea,birmingham,1.2923,2.637,15,0.6176,1.62,1.71,,,,,3:2,sieg,1
2007-08-25,Belgien Pro League,B1,0708,gent,waregem,1.5833,2.598,15,0.4118,2.43,2.56,,,,,1:1,unentschieden,0
2007-08-25,La Liga,SP1,0708,sevilla,getafe,1.5056,2.687,2,0.5122,1.95,2.06,,,,,4:1,sieg,1
2007-08-26,Eredivisie,N1,0708,ajax,heerenveen,1.4514,3.124,27,0.4351,2.3,2.42,,,,,4:1,sieg,1
2007-08-26,Eredivisie,N1,0708,twente,utrecht,1.6447,3.124,27,0.3335,3.0,3.16,,,,,2:2,unentschieden,0
2007-09-01,Primeira Liga,P1,0708,sp braga,est amadora,1.669,2.304,9,0.3976,2.51,2.65,,,,,2:1,sieg,1
2007-09-15,La Liga,SP1,0708,valencia,valladolid,1.5972,2.687,10,0.4266,2.34,2.47,,,,,2:1,sieg,1
2007-09-15,Süper Lig,T1,0708,denizlispor,kasimpasa,1.7989,2.569,28,0.2749,3.64,3.83,,,,,0:1,niederlage,0
2007-09-15,Süper Lig,T1,0708,fenerbahce,rizespor,1.3001,2.569,13,0.6185,1.62,1.7,,,,,1:1,unentschieden,0
2007-09-22,Belgien Pro League,B1,0708,gent,roeselare,1.4803,2.598,4,0.5188,1.93,2.03,,,,,1:1,unentschieden,0
2007-09-22,Süper Lig,T1,0708,besiktas,denizlispor,1.435,2.569,5,0.5442,1.84,1.94,,,,,3:2,sieg,1
2007-09-23,Ligue 1,F1,0708,lyon,lille,1.6293,2.284,17,0.3812,2.62,2.76,,,,,1:1,unentschieden,0
2007-09-25,La Liga,SP1,0708,sevilla,espanol,1.5294,2.687,30,0.3757,2.66,2.8,,,,,2:3,niederlage,0
2007-09-30,Serie A,I1,0708,milan,catania,1.3032,2.553,25,0.5637,1.77,1.87,,,,,1:1,unentschieden,0
2007-09-30,Eredivisie,N1,0708,ajax,vvv venlo,1.244,3.124,4,0.7098,1.41,1.48,,,,,6:1,sieg,1
2007-10-06,Belgien Pro League,B1,0708,cercle brugge,st truiden,1.7216,2.598,14,0.3552,2.82,2.96,,,,,5:1,sieg,1
2007-10-06,Griechenland Super League,G1,0708,paok,ofi,1.7955,2.329,6,0.361,2.77,2.92,,,,,2:2,unentschieden,0
2007-10-07,Belgien Pro League,B1,0708,standard,germinal,1.4734,2.598,21,0.4473,2.24,2.35,,,,,3:1,sieg,1
2007-10-07,Griechenland Super League,G1,0708,larisa,levadeiakos,1.6667,2.329,1,0.4334,2.31,2.43,,,,,3:3,unentschieden,0
2007-10-20,Serie A,I1,0708,roma,napoli,1.4889,2.553,2,0.5223,1.91,2.02,,,,,4:4,unentschieden,0
2007-10-20,Süper Lig,T1,0708,fenerbahce,konyaspor,1.3378,2.569,11,0.5929,1.69,1.78,,,,,4:1,sieg,1
2007-10-21,Griechenland Super League,G1,0708,ofi,asteras tripolis,1.734,2.329,32,0.2811,3.56,3.75,,,,,0:3,niederlage,0
2007-10-27,Belgien Pro League,B1,0708,standard,mechelen,1.3087,2.598,4,0.6479,1.54,1.63,,,,,2:2,unentschieden,0
2007-10-27,Scottish Premiership,SC0,0708,hibernian,st mirren,1.592,2.675,13,0.4161,2.4,2.53,,,,,0:1,niederlage,0
2007-10-27,La Liga,SP1,0708,real madrid,la coruna,1.3782,2.687,2,0.5987,1.67,1.76,,,,,3:1,sieg,1
2007-10-28,Primeira Liga,P1,0708,benfica,maritimo,1.5815,2.304,9,0.4389,2.28,2.4,,,,,2:1,sieg,1
2007-10-31,Serie A,I1,0708,palermo,parma,1.7283,2.553,3,0.3987,2.51,2.64,,,,,1:1,unentschieden,0
2007-11-04,Griechenland Super League,G1,0708,aek,iraklis,1.3106,2.329,9,0.6256,1.6,1.68,,,,,1:2,niederlage,0
2007-11-10,Eredivisie,N1,0708,twente,nac breda,1.6748,3.124,16,0.3656,2.73,2.88,,,,,1:1,unentschieden,0
2007-11-11,Belgien Pro League,B1,0708,gent,mechelen,1.6255,2.598,18,0.3787,2.64,2.78,,,,,4:1,sieg,1
2007-11-11,Serie A,I1,0708,fiorentina,udinese,1.7649,2.553,23,0.3041,3.29,3.46,,,,,1:2,niederlage,0
2007-11-11,Süper Lig,T1,0708,galatasaray,genclerbirligi,1.375,2.569,3,0.5969,1.68,1.76,,,,,3:2,sieg,1
2007-11-24,Bundesliga,D1,0708,leverkusen,duisburg,1.4533,2.81,10,0.5095,1.96,2.07,,,,,4:1,sieg,1
2007-11-24,Eredivisie,N1,0708,heerenveen,graafschap,1.68,3.124,13,0.376,2.66,2.8,,,,,2:3,niederlage,0
2007-11-24,La Liga,SP1,0708,sevilla,mallorca,1.7176,2.687,17,0.3445,2.9,3.06,,,,,1:2,niederlage,0
2007-11-25,Griechenland Super League,G1,0708,xanthi,iraklis,1.6047,2.329,26,0.355,2.82,2.97,,,,,0:3,niederlage,0
2007-11-25,Primeira Liga,P1,0708,maritimo,naval,1.7001,2.304,2,0.4146,2.41,2.54,,,,,0:1,niederlage,0
2007-12-01,Bundesliga,D1,0708,stuttgart,dortmund,1.7629,2.81,11,0.3521,2.84,2.99,,,,,1:2,niederlage,0
2007-12-01,Scottish Premiership,SC0,0708,dundee united,inverness c,1.7667,2.675,20,0.315,3.17,3.34,,,,,0:1,niederlage,0
2007-12-02,Premier League,E0,0708,Tottenham,birmingham,1.5229,2.637,24,0.4048,2.47,2.6,,,,,2:3,niederlage,0
2007-12-02,Eredivisie,N1,0708,ajax,nac breda,1.305,3.124,25,0.5619,1.78,1.87,,,,,1:3,niederlage,0
2007-12-02,La Liga,SP1,0708,getafe,levante,1.6266,2.687,15,0.3909,2.56,2.69,,,,,2:1,sieg,1
2007-12-02,La Liga,SP1,0708,mallorca,murcia,1.7761,2.687,24,0.2967,3.37,3.55,,,,,1:1,unentschieden,0
2007-12-02,La Liga,SP1,0708,valencia,ath bilbao,1.7156,2.687,33,0.2837,3.52,3.71,,,,,0:3,niederlage,0
2007-12-02,Süper Lig,T1,0708,galatasaray,buyuksehyr,1.4356,2.569,10,0.5215,1.92,2.02,,,,,2:2,unentschieden,0
2007-12-07,Eredivisie,N1,0708,psv eindhoven,roda jc,1.4463,3.124,19,0.4739,2.11,2.22,,,,,2:4,niederlage,0
2007-12-08,Süper Lig,T1,0708,ankaragucu,kasimpasa,1.7001,2.569,16,0.3554,2.81,2.96,,,,,2:2,unentschieden,0
2007-12-09,La Liga,SP1,0708,barcelona,la coruna,1.28,2.687,3,0.6783,1.47,1.55,,,,,2:1,sieg,1
2007-12-09,La Liga,SP1,0708,villarreal,betis,1.6375,2.687,9,0.4117,2.43,2.56,,,,,0:1,niederlage,0
2007-12-14,Eredivisie,N1,0708,roda jc,sparta,1.3776,3.124,22,0.5111,1.96,2.06,,,,,2:3,niederlage,0
2007-12-15,Eredivisie,N1,0708,twente,vvv venlo,1.366,3.124,13,0.5605,1.78,1.88,,,,,1:1,unentschieden,0
2007-12-15,Scottish Premiership,SC0,0708,kilmarnock,gretna,1.7216,2.675,5,0.3929,2.55,2.68,,,,,3:3,unentschieden,0
2007-12-22,Belgien Pro League,B1,0708,gent,dender,1.55,2.598,5,0.4733,2.11,2.22,,,,,2:4,niederlage,0
2007-12-22,Primeira Liga,P1,0708,sp lisbon,pacos ferreira,1.3342,2.304,10,0.6003,1.67,1.75,,,,,2:1,sieg,1
2007-12-22,Scottish Premiership,SC0,0708,celtic,hibernian,1.4225,2.675,20,0.486,2.06,2.17,,,,,1:1,unentschieden,0
2007-12-22,Scottish Premiership,SC0,0708,dundee united,gretna,1.5815,2.675,12,0.4257,2.35,2.47,,,,,1:2,niederlage,0
2007-12-23,Premier League,E0,0708,Newcastle,derby,1.4009,2.637,6,0.5642,1.77,1.87,,,,,2:2,unentschieden,0
2007-12-26,Premier League,E0,0708,Chelsea,Aston Villa,1.4789,2.637,14,0.475,2.11,2.22,,,,,4:4,unentschieden,0
2007-12-29,Premier League,E0,0708,portsmouth,middlesbrough,1.7629,2.637,20,0.3163,3.16,3.33,,,,,0:1,niederlage,0
2008-01-12,Ligue 1,F1,0708,lille,metz,1.6776,2.284,24,0.332,3.01,3.17,,,,,1:1,unentschieden,0
2008-01-12,Ligue 1,F1,0708,lyon,toulouse,1.4095,2.284,9,0.5446,1.84,1.93,,,,,3:2,sieg,1
2008-01-13,La Liga,SP1,0708,villarreal,la coruna,1.6803,2.687,27,0.3192,3.13,3.3,,,,,4:3,sieg,1
2008-01-19,Belgien Pro League,B1,0708,westerlo,brussels,1.7124,2.598,1,0.4138,2.42,2.54,,,,,7:2,sieg,1
2008-01-19,Premier League,E0,0708,portsmouth,derby,1.5229,2.637,4,0.4931,2.03,2.14,,,,,3:1,sieg,1
2008-01-19,Süper Lig,T1,0708,besiktas,kasimpasa,1.3438,2.569,1,0.6303,1.59,1.67,,,,,4:2,sieg,1
2008-01-26,Ligue 1,F1,0708,marseille,caen,1.7948,2.284,2,0.3779,2.65,2.79,,,,,6:1,sieg,1
2008-01-26,Süper Lig,T1,0708,besiktas,gaziantepspor,1.4734,2.569,20,0.4518,2.21,2.33,,,,,3:1,sieg,1
2008-01-27,Eredivisie,N1,0708,feyenoord,groningen,1.7583,3.124,32,0.2732,3.66,3.85,,,,,1:1,unentschieden,0
2008-01-27,Eredivisie,N1,0708,twente,sparta,1.3889,3.124,28,0.4753,2.1,2.22,,,,,1:2,niederlage,0
2008-01-27,La Liga,SP1,0708,valencia,almeria,1.7156,2.687,21,0.3293,3.04,3.2,,,,,0:1,niederlage,0
2008-02-03,Belgien Pro League,B1,0708,germinal,lokeren,1.7535,2.598,33,0.2712,3.69,3.88,,,,,1:1,unentschieden,0
2008-02-03,Griechenland Super League,G1,0708,aek,panionios,1.4371,2.329,10,0.5205,1.92,2.02,,,,,2:3,niederlage,0
2008-02-03,Primeira Liga,P1,0708,guimaraes,leixoes,1.7996,2.304,14,0.3273,3.06,3.22,,,,,2:1,sieg,1
2008-02-09,Bundesliga,D1,0708,stuttgart,hertha,1.7773,2.81,7,0.3633,2.75,2.9,,,,,1:3,niederlage,0
2008-02-09,Bundesliga,D1,0708,wolfsburg,duisburg,1.6748,2.81,26,0.3252,3.07,3.24,,,,,2:1,sieg,1
2008-02-10,Premier League,E0,0708,Manchester United,Manchester City,1.3545,2.637,25,0.5167,1.94,2.04,,,,,1:2,niederlage,0
2008-02-10,La Liga,SP1,0708,espanol,recreativo,1.7156,2.687,18,0.3412,2.93,3.09,,,,,1:2,niederlage,0
2008-02-17,Eredivisie,N1,0708,utrecht,vvv venlo,1.576,3.124,17,0.4068,2.46,2.59,,,,,1:4,niederlage,0
2008-02-17,Süper Lig,T1,0708,kayserispor,gaziantepspor,1.7001,2.569,28,0.3079,3.25,3.42,,,,,3:1,sieg,1
2008-02-23,Premier League,E0,0708,Liverpool,middlesbrough,1.4807,2.637,9,0.4962,2.02,2.12,,,,,3:2,sieg,1
2008-02-23,Süper Lig,T1,0708,fenerbahce,bursaspor,1.375,2.569,28,0.4863,2.06,2.17,,,,,0:2,niederlage,0
2008-02-24,Serie A,I1,0708,milan,palermo,1.6729,2.553,9,0.396,2.53,2.66,,,,,2:1,sieg,1
2008-02-24,Eredivisie,N1,0708,psv eindhoven,graafschap,1.2382,3.124,7,0.7048,1.42,1.49,,,,,4:1,sieg,1
2008-02-24,Primeira Liga,P1,0708,benfica,sp braga,1.6266,2.304,5,0.4343,2.3,2.42,,,,,1:1,unentschieden,0
2008-02-29,Eredivisie,N1,0708,vitesse,vvv venlo,1.6542,3.124,2,0.4346,2.3,2.42,,,,,1:3,niederlage,0
2008-03-01,Premier League,E0,0708,Arsenal,Aston Villa,1.6547,2.637,27,0.3294,3.04,3.2,,,,,1:1,unentschieden,0
2008-03-01,Scottish Premiership,SC0,0708,rangers,aberdeen,1.3438,2.675,28,0.5126,1.95,2.05,,,,,3:1,sieg,1
2008-03-02,Eredivisie,N1,0708,feyenoord,nijmegen,1.4618,3.124,17,0.4726,2.12,2.23,,,,,1:3,niederlage,0
2008-03-08,La Liga,SP1,0708,real madrid,espanol,1.6,2.687,29,0.345,2.9,3.05,,,,,2:1,sieg,1
2008-03-09,La Liga,SP1,0708,barcelona,villarreal,1.6071,2.687,31,0.3337,3.0,3.16,,,,,1:2,niederlage,0
2008-03-09,La Liga,SP1,0708,sevilla,levante,1.2972,2.687,4,0.6584,1.52,1.6,,,,,2:1,sieg,1
2008-03-12,Premier League,E0,0708,Aston Villa,middlesbrough,1.6977,2.637,23,0.3282,3.05,3.21,,,,,1:1,unentschieden,0
2008-03-14,Bundesliga,D1,0708,schalke 04,duisburg,1.413,2.81,20,0.4929,2.03,2.14,,,,,2:1,sieg,1
2008-03-15,Premier League,E0,0708,Arsenal,middlesbrough,1.3234,2.637,25,0.5444,1.84,1.93,,,,,1:1,unentschieden,0
2008-03-15,Premier League,E0,0708,Liverpool,reading,1.3234,2.637,5,0.6308,1.59,1.67,,,,,2:1,sieg,1
2008-03-16,Eredivisie,N1,0708,ajax,willem ii,1.3105,3.124,18,0.5872,1.7,1.79,,,,,4:1,sieg,1
2008-03-16,Eredivisie,N1,0708,nijmegen,sparta,1.7041,3.124,2,0.4129,2.42,2.55,,,,,4:2,sieg,1
2008-03-19,Serie A,I1,0708,milan,sampdoria,1.6042,2.553,12,0.4144,2.41,2.54,,,,,1:2,niederlage,0
2008-03-22,Ligue 1,F1,0708,marseille,sochaux,1.7176,2.284,3,0.403,2.48,2.61,,,,,0:1,niederlage,0
2008-03-22,Griechenland Super League,G1,0708,panathinaikos,iraklis,1.2848,2.329,13,0.6333,1.58,1.66,,,,,1:1,unentschieden,0
2008-03-22,Eredivisie,N1,0708,heerenveen,roda jc,1.7692,3.124,24,0.2989,3.35,3.52,,,,,4:3,sieg,1
2008-03-23,La Liga,SP1,0708,real madrid,valencia,1.6016,2.687,34,0.3243,3.08,3.25,,,,,2:3,niederlage,0
2008-03-23,Süper Lig,T1,0708,galatasaray,denizlispor,1.4573,2.569,24,0.4444,2.25,2.37,,,,,2:1,sieg,1
2008-03-29,Bundesliga,D1,0708,leverkusen,ein frankfurt,1.6748,2.81,24,0.3331,3.0,3.16,,,,,0:2,niederlage,0
2008-03-29,Bundesliga,D1,0708,werder bremen,duisburg,1.3602,2.81,32,0.4806,2.08,2.19,,,,,1:2,niederlage,0
2008-03-30,Serie A,I1,0708,milan,atalanta,1.4165,2.553,32,0.437,2.29,2.41,,,,,1:2,niederlage,0
2008-04-04,Belgien Pro League,B1,0708,gent,st truiden,1.6375,2.598,11,0.4031,2.48,2.61,,,,,2:3,niederlage,0
2008-04-05,Scottish Premiership,SC0,0708,celtic,motherwell,1.3739,2.675,33,0.4649,2.15,2.26,,,,,0:1,niederlage,0
2008-04-05,Süper Lig,T1,0708,fenerbahce,kayserispor,1.55,2.569,32,0.3567,2.8,2.95,,,,,2:1,sieg,1
2008-04-05,Süper Lig,T1,0708,oftasspor,kasimpasa,1.7153,2.569,10,0.3742,2.67,2.81,,,,,0:1,niederlage,0
2008-04-06,Bundesliga,D1,0708,bayern munich,bochum,1.3314,2.81,4,0.6281,1.59,1.68,,,,,3:1,sieg,1
2008-04-11,Primeira Liga,P1,0708,benfica,academica,1.3314,2.304,4,0.6281,1.59,1.68,,,,,0:3,niederlage,0
2008-04-13,Eredivisie,N1,0708,roda jc,vvv venlo,1.68,3.124,21,0.3431,2.91,3.07,,,,,4:1,sieg,1
2008-04-19,La Liga,SP1,0708,ath madrid,betis,1.7156,2.687,15,0.3534,2.83,2.98,,,,,1:3,niederlage,0
2008-04-19,La Liga,SP1,0708,sevilla,almeria,1.5947,2.687,24,0.3679,2.72,2.86,,,,,1:4,niederlage,0
2008-04-27,Primeira Liga,P1,0708,sp lisbon,maritimo,1.5815,2.304,2,0.4699,2.13,2.24,,,,,2:1,sieg,1
2008-05-03,Bundesliga,D1,0708,schalke 04,hannover,1.5349,2.81,8,0.4684,2.14,2.25,,,,,1:1,unentschieden,0
2008-05-03,Premier League,E0,0708,blackburn,derby,1.3234,2.637,19,0.5709,1.75,1.84,,,,,3:1,sieg,1
2008-05-03,Primeira Liga,P1,0708,porto,nacional,1.28,2.304,20,0.6087,1.64,1.73,,,,,0:3,niederlage,0
2008-05-04,La Liga,SP1,0708,santander,murcia,1.488,2.687,13,0.4738,2.11,2.22,,,,,3:2,sieg,1
2008-05-04,Süper Lig,T1,0708,fenerbahce,genclerbirligi,1.402,2.569,30,0.4565,2.19,2.31,,,,,3:2,sieg,1
2008-05-04,Süper Lig,T1,0708,manisaspor,kasimpasa,1.6786,2.569,30,0.3083,3.24,3.42,,,,,1:2,niederlage,0
2008-05-07,Bundesliga,D1,0708,leverkusen,hertha,1.638,2.81,26,0.3403,2.94,3.09,,,,,1:2,niederlage,0
2008-05-10,Süper Lig,T1,0708,kayserispor,ankaragucu,1.7216,2.569,24,0.3154,3.17,3.34,,,,,0:2,niederlage,0
2008-05-11,Primeira Liga,P1,0708,sp lisbon,boavista,1.4257,2.304,5,0.5506,1.82,1.91,,,,,2:1,sieg,1
2008-05-17,Bundesliga,D1,0708,stuttgart,bielefeld,1.6509,2.81,10,0.4013,2.49,2.62,,,,,2:2,unentschieden,0
2008-05-18,Serie A,I1,0708,milan,udinese,1.3724,2.553,32,0.4706,2.13,2.24,,,,,4:1,sieg,1
2008-05-18,La Liga,SP1,0708,sevilla,ath bilbao,1.5383,2.687,4,0.4843,2.06,2.17,,,,,4:1,sieg,1
2008-08-09,Ligue 1,F1,0809,bordeaux,caen,1.6776,2.258,14,0.3728,2.68,2.82,,,,,2:1,sieg,1
2008-08-16,Bundesliga,D1,0809,wolfsburg,koln,1.72,2.922,20,0.3316,3.02,3.18,,,,,2:1,sieg,1
2008-08-17,Premier League,E0,0809,Manchester United,Newcastle,1.3518,2.479,22,0.5324,1.88,1.98,,,,,1:1,unentschieden,0
2008-08-30,Bundesliga,D1,0809,wolfsburg,ein frankfurt,1.782,2.922,22,0.3022,3.31,3.48,,,,,2:2,unentschieden,0
2008-08-31,Serie A,I1,0809,milan,bologna,1.382,2.6,18,0.5254,1.9,2.0,,,,,1:2,niederlage,0
2008-09-13,Belgien Pro League,B1,0809,club brugge,dender,1.3286,2.797,15,0.5836,1.71,1.8,,,,,1:1,unentschieden,0
2008-09-13,Premier League,E0,0809,Newcastle,hull,1.7137,2.479,34,0.2808,3.56,3.75,,,,,1:2,niederlage,0
2008-09-13,Ligue 1,F1,0809,lyon,nice,1.49,2.258,3,0.5172,1.93,2.04,,,,,3:2,sieg,1
2008-09-13,Scottish Premiership,SC0,0809,rangers,kilmarnock,1.3314,2.404,9,0.607,1.65,1.73,,,,,2:1,sieg,1
2008-09-14,La Liga,SP1,0809,real madrid,numancia,1.3314,2.897,7,0.6155,1.62,1.71,,,,,4:3,sieg,1
2008-09-14,La Liga,SP1,0809,sevilla,sp gijon,1.4138,2.897,18,0.5013,1.99,2.1,,,,,4:3,sieg,1
2008-09-20,Belgien Pro League,B1,0809,gent,mechelen,1.4954,2.797,11,0.4781,2.09,2.2,,,,,1:2,niederlage,0
2008-09-21,Bundesliga,D1,0809,stuttgart,karlsruhe,1.6748,2.922,8,0.3994,2.5,2.64,,,,,3:1,sieg,1
2008-09-27,Bundesliga,D1,0809,hertha,cottbus,1.6803,2.922,13,0.3759,2.66,2.8,,,,,0:1,niederlage,0
2008-09-27,Premier League,E0,0809,Aston Villa,Sunderland,1.6602,2.479,10,0.3972,2.52,2.65,,,,,2:1,sieg,1
2008-09-27,Süper Lig,T1,0809,trabzonspor,antalyaspor,1.4533,2.572,22,0.4559,2.19,2.31,,,,,3:2,sieg,1
2008-09-28,La Liga,SP1,0809,valencia,la coruna,1.782,2.897,11,0.3453,2.9,3.05,,,,,4:2,sieg,1
2008-10-04,Belgien Pro League,B1,0809,gent,lokeren,1.774,2.797,26,0.2899,3.45,3.63,,,,,1:1,unentschieden,0
2008-10-04,Griechenland Super League,G1,0809,larisa,ofi,1.7714,2.163,14,0.3369,2.97,3.13,,,,,4:3,sieg,1
2008-10-04,Serie A,I1,0809,lazio,lecce,1.54,2.6,26,0.387,2.58,2.72,,,,,1:1,unentschieden,0
2008-10-04,La Liga,SP1,0809,villarreal,betis,1.6776,2.897,20,0.3481,2.87,3.03,,,,,2:1,sieg,1
2008-10-05,Serie A,I1,0809,juventus,palermo,1.6266,2.6,24,0.3533,2.83,2.98,,,,,1:2,niederlage,0
2008-10-05,La Liga,SP1,0809,mallorca,sp gijon,1.72,2.897,12,0.364,2.75,2.89,,,,,0:2,niederlage,0
2008-10-05,La Liga,SP1,0809,real madrid,espanol,1.4138,2.897,21,0.4878,2.05,2.16,,,,,2:2,unentschieden,0
2008-10-05,Süper Lig,T1,0809,fenerbahce,kayserispor,1.5815,2.572,21,0.3869,2.58,2.72,,,,,1:4,niederlage,0
2008-10-18,Premier League,E0,0809,Arsenal,Everton,1.4382,2.479,9,0.5242,1.91,2.01,,,,,3:1,sieg,1
2008-10-18,Premier League,E0,0809,Liverpool,wigan,1.4789,2.479,29,0.4089,2.45,2.58,,,,,3:2,sieg,1
2008-10-18,Ligue 1,F1,0809,lyon,lille,1.6266,2.258,14,0.3952,2.53,2.66,,,,,2:2,unentschieden,0
2008-10-18,Ligue 1,F1,0809,paris sg,lorient,1.7257,2.258,12,0.3618,2.76,2.91,,,,,3:2,sieg,1
2008-10-18,Süper Lig,T1,0809,bursaspor,eskisehirspor,1.6359,2.572,11,0.4038,2.48,2.61,,,,,1:2,niederlage,0
2008-10-19,Eredivisie,N1,0809,nijmegen,vitesse,1.7216,2.843,17,0.343,2.92,3.07,,,,,3:1,sieg,1
2008-10-24,Süper Lig,T1,0809,besiktas,sivasspor,1.6273,2.572,4,0.4383,2.28,2.4,,,,,1:1,unentschieden,0
2008-10-25,Belgien Pro League,B1,0809,anderlecht,mechelen,1.3747,2.797,15,0.5446,1.84,1.93,,,,,7:1,sieg,1
2008-10-25,Bundesliga,D1,0809,bayern munich,wolfsburg,1.6862,2.922,31,0.3016,3.32,3.49,,,,,4:2,sieg,1
2008-10-25,Eredivisie,N1,0809,willem ii,graafschap,1.7793,2.843,17,0.3223,3.1,3.27,,,,,1:1,unentschieden,0
2008-10-25,Primeira Liga,P1,0809,porto,leixoes,1.3234,2.3,3,0.6391,1.56,1.65,,,,,2:3,niederlage,0
2008-10-26,La Liga,SP1,0809,sevilla,malaga,1.4463,2.897,16,0.4873,2.05,2.16,,,,,0:1,niederlage,0
2008-10-29,Premier League,E0,0809,Arsenal,Tottenham,1.512,2.479,13,0.4593,2.18,2.29,,,,,4:4,unentschieden,0
2008-10-29,Premier League,E0,0809,Aston Villa,blackburn,1.749,2.479,29,0.2871,3.48,3.67,,,,,3:2,sieg,1
2008-10-31,Belgien Pro League,B1,0809,standard,charleroi,1.3845,2.797,33,0.4565,2.19,2.31,,,,,1:2,niederlage,0
2008-11-01,Belgien Pro League,B1,0809,club brugge,kortrijk,1.3845,2.797,11,0.5546,1.8,1.9,,,,,4:1,sieg,1
2008-11-01,Bundesliga,D1,0809,stuttgart,koln,1.638,2.922,3,0.4377,2.28,2.41,,,,,1:3,niederlage,0
2008-11-01,La Liga,SP1,0809,valencia,santander,1.4533,2.897,23,0.4515,2.21,2.33,,,,,2:4,niederlage,0
2008-11-02,Bundesliga,D1,0809,dortmund,bochum,1.6559,2.922,27,0.3289,3.04,3.2,,,,,1:1,unentschieden,0
2008-11-07,Süper Lig,T1,0809,besiktas,kocaelispor,1.2972,2.572,15,0.6128,1.63,1.72,,,,,5:2,sieg,1
2008-11-08,Belgien Pro League,B1,0809,anderlecht,lokeren,1.4463,2.797,24,0.4517,2.21,2.33,,,,,2:3,niederlage,0
2008-11-08,Scottish Premiership,SC0,0809,hibernian,inverness c,1.7675,2.404,30,0.2775,3.6,3.8,,,,,1:2,niederlage,0
2008-11-08,La Liga,SP1,0809,real madrid,malaga,1.2972,2.897,6,0.6503,1.54,1.62,,,,,4:3,sieg,1
2008-11-09,Premier League,E0,0809,Aston Villa,middlesbrough,1.7874,2.479,34,0.2574,3.89,4.09,,,,,1:2,niederlage,0
2008-11-15,Griechenland Super League,G1,0809,aris,asteras tripolis,1.771,2.163,13,0.3411,2.93,3.09,,,,,1:1,unentschieden,0
2008-11-15,Eredivisie,N1,0809,heerenveen,utrecht,1.6727,2.843,6,0.409,2.45,2.57,,,,,3:2,sieg,1
2008-11-15,La Liga,SP1,0809,valencia,sp gijon,1.4463,2.897,20,0.4695,2.13,2.24,,,,,2:3,niederlage,0
2008-11-22,Belgien Pro League,B1,0809,charleroi,tubize,1.5383,2.797,22,0.405,2.47,2.6,,,,,3:2,sieg,1
2008-11-22,Bundesliga,D1,0809,bayern munich,cottbus,1.2451,2.922,25,0.6256,1.6,1.68,,,,,4:1,sieg,1
2008-11-22,Scottish Premiership,SC0,0809,dundee united,hamilton,1.6011,2.404,8,0.4334,2.31,2.43,,,,,1:1,unentschieden,0
2008-11-23,Eredivisie,N1,0809,feyenoord,den haag,1.452,2.843,10,0.5103,1.96,2.06,,,,,3:1,sieg,1
2008-11-23,La Liga,SP1,0809,barcelona,getafe,1.2472,2.897,19,0.6481,1.54,1.62,,,,,1:1,unentschieden,0
2008-11-30,La Liga,SP1,0809,ath madrid,santander,1.6748,2.897,7,0.4037,2.48,2.61,,,,,4:1,sieg,1
2008-11-30,Süper Lig,T1,0809,galatasaray,hacettepespor,1.3091,2.572,33,0.5224,1.91,2.02,,,,,3:1,sieg,1
2008-12-06,Eredivisie,N1,0809,psv eindhoven,groningen,1.6447,2.843,31,0.3178,3.15,3.31,,,,,4:2,sieg,1
2008-12-06,Scottish Premiership,SC0,0809,rangers,hamilton,1.28,2.404,2,0.6822,1.47,1.54,,,,,7:1,sieg,1
2008-12-06,Süper Lig,T1,0809,besiktas,ankaraspor,1.5657,2.572,20,0.3991,2.51,2.64,,,,,1:3,niederlage,0
2008-12-07,Eredivisie,N1,0809,feyenoord,graafschap,1.3433,2.843,11,0.5881,1.7,1.79,,,,,1:3,niederlage,0
2008-12-07,Eredivisie,N1,0809,nac breda,den haag,1.3816,2.843,9,0.5656,1.77,1.86,,,,,0:4,niederlage,0
2008-12-07,Süper Lig,T1,0809,trabzonspor,kocaelispor,1.3636,2.572,11,0.5712,1.75,1.84,,,,,2:1,sieg,1
2008-12-13,Belgien Pro League,B1,0809,gent,kortrijk,1.6058,2.797,9,0.4267,2.34,2.47,,,,,1:1,unentschieden,0
2008-12-13,Premier League,E0,0809,Aston Villa,bolton,1.7675,2.479,17,0.3264,3.06,3.23,,,,,4:2,sieg,1
2008-12-13,Premier League,E0,0809,Liverpool,hull,1.399,2.479,12,0.539,1.86,1.95,,,,,2:2,unentschieden,0
2008-12-13,Scottish Premiership,SC0,0809,celtic,hearts,1.4225,2.404,23,0.4726,2.12,2.23,,,,,1:1,unentschieden,0
2008-12-13,La Liga,SP1,0809,valencia,espanol,1.6375,2.897,28,0.3325,3.01,3.17,,,,,2:1,sieg,1
2008-12-14,Premier League,E0,0809,Chelsea,West Ham,1.3106,2.479,33,0.521,1.92,2.02,,,,,1:1,unentschieden,0
2008-12-20,Süper Lig,T1,0809,trabzonspor,eskisehirspor,1.4497,2.572,23,0.4539,2.2,2.32,,,,,2:1,sieg,1
2008-12-21,Ligue 1,F1,0809,marseille,nancy,1.6266,2.258,34,0.3136,3.19,3.36,,,,,0:3,niederlage,0
2008-12-28,Premier League,E0,0809,West Ham,stoke,1.7905,2.479,5,0.3669,2.73,2.87,,,,,2:1,sieg,1
2009-01-03,La Liga,SP1,0809,barcelona,mallorca,1.2602,2.897,15,0.6502,1.54,1.62,,,,,3:1,sieg,1
2009-01-11,Serie A,I1,0809,fiorentina,lecce,1.4501,2.6,6,0.5295,1.89,1.99,,,,,1:2,niederlage,0
2009-01-16,Belgien Pro League,B1,0809,anderlecht,cercle brugge,1.4533,2.797,1,0.5495,1.82,1.92,,,,,1:2,niederlage,0
2009-01-17,Belgien Pro League,B1,0809,mouscron,tubize,1.6047,2.797,21,0.3757,2.66,2.8,,,,,1:1,unentschieden,0
2009-01-17,Scottish Premiership,SC0,0809,rangers,falkirk,1.275,2.404,12,0.6472,1.55,1.63,,,,,3:1,sieg,1
2009-01-18,Scottish Premiership,SC0,0809,dundee united,motherwell,1.7808,2.404,23,0.2989,3.35,3.52,,,,,0:4,niederlage,0
2009-01-18,La Liga,SP1,0809,real madrid,osasuna,1.3314,2.897,20,0.5592,1.79,1.88,,,,,3:1,sieg,1
2009-01-24,Belgien Pro League,B1,0809,cercle brugge,kortrijk,1.7352,2.797,34,0.2736,3.66,3.85,,,,,0:1,niederlage,0
2009-01-24,Süper Lig,T1,0809,kayserispor,genclerbirligi,1.7692,2.572,24,0.2989,3.35,3.52,,,,,1:3,niederlage,0
2009-01-25,Eredivisie,N1,0809,utrecht,sparta,1.7692,2.843,6,0.3704,2.7,2.84,,,,,3:3,unentschieden,0
2009-01-25,La Liga,SP1,0809,sevilla,santander,1.638,2.897,24,0.3484,2.87,3.02,,,,,0:2,niederlage,0
2009-01-31,Serie A,I1,0809,juventus,cagliari,1.4533,2.6,16,0.4826,2.07,2.18,,,,,2:3,niederlage,0
2009-02-01,Bundesliga,D1,0809,werder bremen,bielefeld,1.4374,2.922,24,0.4578,2.18,2.3,,,,,1:2,niederlage,0
2009-02-03,Eredivisie,N1,0809,ajax,heracles,1.258,2.843,12,0.6646,1.5,1.58,,,,,2:2,unentschieden,0
2009-02-07,Belgien Pro League,B1,0809,anderlecht,bergen,1.3105,2.797,14,0.6045,1.65,1.74,,,,,3:2,sieg,1
2009-02-07,Serie A,I1,0809,milan,reggina,1.2793,2.6,33,0.5529,1.81,1.9,,,,,1:1,unentschieden,0
2009-02-07,Eredivisie,N1,0809,az alkmaar,willem ii,1.32,2.843,18,0.5784,1.73,1.82,,,,,3:1,sieg,1
2009-02-08,Belgien Pro League,B1,0809,cercle brugge,charleroi,1.734,2.797,21,0.3225,3.1,3.26,,,,,2:2,unentschieden,0
2009-02-08,Bundesliga,D1,0809,bayern munich,dortmund,1.54,2.922,2,0.4923,2.03,2.14,,,,,3:1,sieg,1
2009-02-08,Eredivisie,N1,0809,utrecht,den haag,1.5434,2.843,14,0.4371,2.29,2.41,,,,,3:1,sieg,1
2009-02-14,Eredivisie,N1,0809,twente,volendam,1.2707,2.843,6,0.6755,1.48,1.56,,,,,2:1,sieg,1
2009-02-14,Scottish Premiership,SC0,0809,dundee united,inverness c,1.7629,2.404,16,0.3319,3.01,3.17,,,,,1:1,unentschieden,0
2009-02-15,Bundesliga,D1,0809,dortmund,cottbus,1.6602,2.922,31,0.3116,3.21,3.38,,,,,1:1,unentschieden,0
2009-02-15,Serie A,I1,0809,juventus,sampdoria,1.5893,2.6,10,0.4305,2.32,2.45,,,,,1:1,unentschieden,0
2009-02-15,Süper Lig,T1,0809,ankaraspor,buyuksehyr,1.7092,2.572,4,0.4022,2.49,2.62,,,,,1:2,niederlage,0
2009-02-20,Belgien Pro League,B1,0809,genk,mouscron,1.4861,2.797,17,0.4571,2.19,2.3,,,,,1:1,unentschieden,0
2009-02-21,Bundesliga,D1,0809,bayern munich,koln,1.3314,2.922,22,0.5504,1.82,1.91,,,,,1:2,niederlage,0
2009-02-21,Scottish Premiership,SC0,0809,rangers,kilmarnock,1.2769,2.404,17,0.6246,1.6,1.69,,,,,3:1,sieg,1
2009-02-21,La Liga,SP1,0809,villarreal,sp gijon,1.6748,2.897,1,0.4298,2.33,2.45,,,,,2:1,sieg,1
2009-02-21,Süper Lig,T1,0809,trabzonspor,denizlispor,1.3816,2.572,15,0.5391,1.85,1.95,,,,,0:2,niederlage,0
2009-02-22,Serie A,I1,0809,fiorentina,chievo,1.4889,2.6,13,0.4732,2.11,2.23,,,,,2:1,sieg,1
2009-02-22,Eredivisie,N1,0809,ajax,volendam,1.295,2.843,15,0.615,1.63,1.71,,,,,2:1,sieg,1
2009-02-27,Eredivisie,N1,0809,psv eindhoven,heerenveen,1.7589,2.843,15,0.3373,2.96,3.12,,,,,2:3,niederlage,0
2009-02-28,Griechenland Super League,G1,0809,aris,thrasyvoulos,1.4549,2.163,3,0.5396,1.85,1.95,,,,,2:1,sieg,1
2009-03-07,Bundesliga,D1,0809,bayern munich,hannover,1.4138,2.922,15,0.5147,1.94,2.05,,,,,5:1,sieg,1
2009-03-08,Bundesliga,D1,0809,leverkusen,bochum,1.5966,2.922,32,0.3345,2.99,3.15,,,,,1:1,unentschieden,0
2009-03-08,La Liga,SP1,0809,osasuna,sp gijon,1.7649,2.897,8,0.3637,2.75,2.9,,,,,1:2,niederlage,0
2009-03-14,Ligue 1,F1,0809,valenciennes,le havre,1.7695,2.258,24,0.2988,3.35,3.52,,,,,3:2,sieg,1
2009-03-14,Serie A,I1,0809,juventus,bologna,1.4889,2.6,24,0.4246,2.36,2.48,,,,,4:1,sieg,1
2009-03-15,Serie A,I1,0809,lazio,chievo,1.7695,2.6,27,0.2877,3.48,3.66,,,,,0:3,niederlage,0
2009-03-15,Primeira Liga,P1,0809,sp braga,academica,1.7216,2.3,32,0.2853,3.5,3.69,,,,,1:1,unentschieden,0
2009-03-21,Belgien Pro League,B1,0809,cercle brugge,mouscron,1.7177,2.797,19,0.3364,2.97,3.13,,,,,0:1,niederlage,0
2009-03-21,Bundesliga,D1,0809,leverkusen,ein frankfurt,1.5893,2.922,16,0.4044,2.47,2.6,,,,,1:1,unentschieden,0
2009-04-04,Belgien Pro League,B1,0809,genk,westerlo,1.7773,2.797,31,0.2708,3.69,3.89,,,,,1:4,niederlage,0
2009-04-04,Scottish Premiership,SC0,0809,hearts,kilmarnock,1.7761,2.404,8,0.3596,2.78,2.93,,,,,3:1,sieg,1
2009-04-05,Belgien Pro League,B1,0809,standard,germinal,1.4954,2.797,15,0.4603,2.17,2.29,,,,,3:1,sieg,1
2009-04-05,Serie A,I1,0809,juventus,chievo,1.413,2.6,25,0.4706,2.13,2.24,,,,,3:3,unentschieden,0
2009-04-05,La Liga,SP1,0809,ath madrid,osasuna,1.7773,2.897,8,0.3592,2.78,2.93,,,,,2:4,niederlage,0
2009-04-11,Primeira Liga,P1,0809,benfica,academica,1.4533,2.3,23,0.4515,2.21,2.33,,,,,0:1,niederlage,0
2009-04-12,Ligue 1,F1,0809,lyon,monaco,1.4501,2.258,34,0.4054,2.47,2.6,,,,,2:2,unentschieden,0
2009-04-12,Griechenland Super League,G1,0809,aek,aris,1.6803,2.163,23,0.3349,2.99,3.14,,,,,0:1,niederlage,0
2009-04-18,Belgien Pro League,B1,0809,club brugge,bergen,1.3815,2.797,15,0.5392,1.85,1.95,,,,,3:2,sieg,1
2009-04-21,La Liga,SP1,0809,real madrid,getafe,1.3314,2.897,10,0.6027,1.66,1.75,,,,,3:2,sieg,1
2009-04-23,La Liga,SP1,0809,villarreal,recreativo,1.7583,2.897,1,0.3956,2.53,2.66,,,,,2:1,sieg,1
2009-04-25,Bundesliga,D1,0809,bayern munich,schalke 04,1.7221,2.922,21,0.3269,3.06,3.22,,,,,0:1,niederlage,0
2009-04-25,Bundesliga,D1,0809,werder bremen,bochum,1.5714,2.922,16,0.4135,2.42,2.55,,,,,3:2,sieg,1
2009-04-25,Premier League,E0,0809,Manchester United,Tottenham,1.52,2.479,29,0.3851,2.6,2.73,,,,,5:2,sieg,1
2009-04-25,Süper Lig,T1,0809,fenerbahce,ankaragucu,1.5657,2.572,4,0.4693,2.13,2.24,,,,,1:2,niederlage,0
2009-04-26,Griechenland Super League,G1,0809,aris,panthrakikos,1.2839,2.163,28,0.5701,1.75,1.85,,,,,3:2,sieg,1
2009-05-03,Serie A,I1,0809,juventus,lecce,1.4533,2.6,11,0.505,1.98,2.09,,,,,2:2,unentschieden,0
2009-05-09,Primeira Liga,P1,0809,benfica,trofense,1.3327,2.3,30,0.5136,1.95,2.05,,,,,2:2,unentschieden,0
2009-05-09,La Liga,SP1,0809,sevilla,mallorca,1.638,2.897,16,0.3815,2.62,2.76,,,,,3:1,sieg,1
2009-05-09,Süper Lig,T1,0809,sivasspor,buyuksehyr,1.4225,2.572,8,0.5396,1.85,1.95,,,,,1:2,niederlage,0
2009-05-10,Serie A,I1,0809,lecce,napoli,1.7265,2.6,33,0.28,3.57,3.76,,,,,1:1,unentschieden,0
2009-05-10,Eredivisie,N1,0809,feyenoord,roda jc,1.6952,2.843,14,0.3656,2.74,2.88,,,,,2:3,niederlage,0
2009-05-10,Eredivisie,N1,0809,nijmegen,sparta,1.7714,2.843,25,0.2945,3.4,3.58,,,,,1:1,unentschieden,0
2009-05-16,Bundesliga,D1,0809,hamburg,koln,1.3314,2.922,9,0.607,1.65,1.73,,,,,0:1,niederlage,0
2009-05-16,Bundesliga,D1,0809,werder bremen,karlsruhe,1.6748,2.922,28,0.3174,3.15,3.32,,,,,1:3,niederlage,0
2009-05-16,Ligue 1,F1,0809,bordeaux,le mans,1.331,2.258,24,0.5419,1.85,1.94,,,,,3:2,sieg,1
2009-05-16,Ligue 1,F1,0809,lorient,le havre,1.7092,2.258,11,0.3725,2.68,2.83,,,,,1:1,unentschieden,0
2009-05-17,Ligue 1,F1,0809,lille,nice,1.7221,2.258,34,0.2779,3.6,3.79,,,,,1:1,unentschieden,0
2009-05-17,Serie A,I1,0809,juventus,atalanta,1.3314,2.6,2,0.6364,1.57,1.65,,,,,2:2,unentschieden,0
2009-05-24,Serie A,I1,0809,torino,genoa,1.4978,2.6,32,0.3849,2.6,2.74,,,,,2:3,niederlage,0
2009-05-24,Süper Lig,T1,0809,sivasspor,genclerbirligi,1.5815,2.572,22,0.3827,2.61,2.75,,,,,3:2,sieg,1
2009-05-30,Süper Lig,T1,0809,genclerbirligi,kayserispor,1.7515,2.572,11,0.3562,2.81,2.96,,,,,0:4,niederlage,0
2009-05-31,Serie A,I1,0809,roma,torino,1.7595,2.6,9,0.3615,2.77,2.91,,,,,3:2,sieg,1
2009-05-31,La Liga,SP1,0809,sp gijon,recreativo,1.4225,2.897,23,0.4726,2.12,2.23,,,,,2:1,sieg,1
2009-07-31,Belgien Pro League,B1,0910,standard,st truiden,1.2972,2.69,24,0.574,1.74,1.83,,,,,2:2,unentschieden,0
2009-08-08,Bundesliga,D1,0910,werder bremen,ein frankfurt,1.4861,2.83,6,0.5062,1.98,2.08,,,,,2:3,niederlage,0
2009-08-15,Ligue 1,F1,0910,paris sg,le mans,1.72,2.411,21,0.3277,3.05,3.21,,,,,3:1,sieg,1
2009-08-16,Eredivisie,N1,0910,utrecht,vvv venlo,1.6266,2.915,3,0.4431,2.26,2.38,,,,,2:2,unentschieden,0
2009-08-16,Primeira Liga,P1,0910,benfica,maritimo,1.54,2.504,25,0.3912,2.56,2.69,,,,,1:1,unentschieden,0
2009-08-22,Eredivisie,N1,0910,vitesse,den haag,1.7041,2.915,18,0.3457,2.89,3.05,,,,,1:3,niederlage,0
2009-08-23,Belgien Pro League,B1,0910,club brugge,kortrijk,1.452,2.69,21,0.4612,2.17,2.28,,,,,2:2,unentschieden,0
2009-08-23,Eredivisie,N1,0910,psv eindhoven,nac breda,1.5265,2.915,8,0.4731,2.11,2.23,,,,,3:1,sieg,1
2009-08-29,Bundesliga,D1,0910,leverkusen,bochum,1.4861,2.83,32,0.3917,2.55,2.69,,,,,2:1,sieg,1
2009-08-29,Eredivisie,N1,0910,nijmegen,vvv venlo,1.7793,2.915,32,0.2667,3.75,3.95,,,,,1:1,unentschieden,0
2009-09-12,Belgien Pro League,B1,0910,waregem,kortrijk,1.7793,2.69,12,0.3422,2.92,3.08,,,,,0:2,niederlage,0
2009-09-12,Eredivisie,N1,0910,twente,utrecht,1.5893,2.915,8,0.4393,2.28,2.4,,,,,3:2,sieg,1
2009-09-12,Scottish Premiership,SC0,0910,celtic,dundee united,1.3234,2.566,6,0.6267,1.6,1.68,,,,,1:1,unentschieden,0
2009-09-13,Serie A,I1,0910,palermo,bari,1.72,2.611,2,0.4064,2.46,2.59,,,,,1:1,unentschieden,0
2009-09-13,Serie A,I1,0910,udinese,catania,1.7808,2.611,11,0.3457,2.89,3.05,,,,,4:2,sieg,1
2009-09-19,Bundesliga,D1,0910,stuttgart,koln,1.5383,2.83,25,0.3921,2.55,2.69,,,,,0:2,niederlage,0
2009-09-20,Scottish Premiership,SC0,0910,celtic,hearts,1.4225,2.566,5,0.5529,1.81,1.9,,,,,2:1,sieg,1
2009-09-20,La Liga,SP1,0910,valencia,sp gijon,1.3747,2.713,7,0.5798,1.72,1.82,,,,,2:2,unentschieden,0
2009-09-21,Primeira Liga,P1,0910,sp lisbon,olhanense,1.3636,2.504,9,0.5799,1.72,1.82,,,,,3:2,sieg,1
2009-09-23,Belgien Pro League,B1,0910,club brugge,waregem,1.6447,2.69,22,0.3536,2.83,2.98,,,,,3:1,sieg,1
2009-09-23,La Liga,SP1,0910,ath madrid,almeria,1.5383,2.713,26,0.3879,2.58,2.71,,,,,2:2,unentschieden,0
2009-09-26,Ligue 1,F1,0910,lyon,toulouse,1.5294,2.411,9,0.467,2.14,2.25,,,,,2:1,sieg,1
2009-09-26,Eredivisie,N1,0910,twente,vvv venlo,1.4181,2.915,3,0.5648,1.77,1.86,,,,,2:1,sieg,1
2009-09-27,Eredivisie,N1,0910,nijmegen,heracles,1.7102,2.915,9,0.3805,2.63,2.77,,,,,0:2,niederlage,0
2009-10-03,Ligue 1,F1,0910,paris sg,nancy,1.6729,2.411,14,0.3748,2.67,2.81,,,,,1:1,unentschieden,0
2009-10-03,Ligue 1,F1,0910,rennes,auxerre,1.7329,2.411,17,0.3388,2.95,3.11,,,,,0:1,niederlage,0
2009-10-04,Ligue 1,F1,0910,marseille,monaco,1.6266,2.411,20,0.3699,2.7,2.85,,,,,1:2,niederlage,0
2009-10-17,Ligue 1,F1,0910,lyon,sochaux,1.3782,2.411,17,0.5329,1.88,1.98,,,,,0:2,niederlage,0
2009-10-18,Griechenland Super League,G1,0910,aek,panthrakikos,1.3091,2.337,26,0.5535,1.81,1.9,,,,,3:2,sieg,1
2009-10-18,Serie A,I1,0910,napoli,bologna,1.6518,2.611,14,0.3839,2.61,2.74,,,,,2:1,sieg,1
2009-10-18,Serie A,I1,0910,udinese,atalanta,1.7808,2.611,4,0.3745,2.67,2.81,,,,,1:3,niederlage,0
2009-10-24,Griechenland Super League,G1,0910,olympiakos,ergotelis,1.3327,2.337,22,0.5492,1.82,1.92,,,,,2:1,sieg,1
2009-10-31,Ligue 1,F1,0910,marseille,toulouse,1.7033,2.411,28,0.3067,3.26,3.43,,,,,1:1,unentschieden,0
2009-11-01,Serie A,I1,0910,roma,bologna,1.7808,2.611,32,0.2663,3.76,3.95,,,,,2:1,sieg,1
2009-11-01,Primeira Liga,P1,0910,nacional,setubal,1.6429,2.504,11,0.4006,2.5,2.63,,,,,2:1,sieg,1
2009-11-07,Belgien Pro League,B1,0910,germinal,st truiden,1.7049,2.69,24,0.3215,3.11,3.28,,,,,4:1,sieg,1
2009-11-07,Premier League,E0,0910,Manchester City,Burnley,1.4009,2.771,19,0.5064,1.97,2.08,,,,,3:3,unentschieden,0
2009-11-07,Eredivisie,N1,0910,nijmegen,waalwijk,1.5383,2.915,32,0.3627,2.76,2.9,,,,,0:1,niederlage,0
2009-11-08,Serie A,I1,0910,inter,roma,1.7265,2.611,13,0.3574,2.8,2.95,,,,,1:1,unentschieden,0
2009-11-21,Ligue 1,F1,0910,bordeaux,valenciennes,1.4889,2.411,7,0.5,2.0,2.11,,,,,0:1,niederlage,0
2009-11-21,Eredivisie,N1,0910,nac breda,nijmegen,1.72,2.915,10,0.3724,2.69,2.83,,,,,3:3,unentschieden,0
2009-11-28,La Liga,SP1,0910,sevilla,malaga,1.3314,2.713,22,0.5504,1.82,1.91,,,,,2:2,unentschieden,0
2009-11-28,Süper Lig,T1,0910,fenerbahce,kasimpasa,1.3273,2.434,1,0.644,1.55,1.64,,,,,1:3,niederlage,0
2009-11-29,Ligue 1,F1,0910,lyon,rennes,1.6574,2.411,14,0.3814,2.62,2.76,,,,,1:1,unentschieden,0
2009-11-29,La Liga,SP1,0910,getafe,xerez,1.6058,2.713,33,0.3264,3.06,3.23,,,,,5:1,sieg,1
2009-12-04,Eredivisie,N1,0910,nac breda,sparta,1.7209,2.915,24,0.3156,3.17,3.34,,,,,2:2,unentschieden,0
2009-12-05,Bundesliga,D1,0910,wolfsburg,freiburg,1.6375,2.83,19,0.3692,2.71,2.85,,,,,2:2,unentschieden,0
2009-12-05,La Liga,SP1,0910,sevilla,valladolid,1.42,2.713,33,0.4301,2.32,2.45,,,,,1:1,unentschieden,0
2009-12-06,Eredivisie,N1,0910,feyenoord,groningen,1.7265,2.915,4,0.3952,2.53,2.66,,,,,3:1,sieg,1
2009-12-12,Premier League,E0,0910,Chelsea,Everton,1.3106,2.771,12,0.6129,1.63,1.72,,,,,3:3,unentschieden,0
2009-12-12,Premier League,E0,0910,Manchester United,Aston Villa,1.5714,2.771,21,0.392,2.55,2.69,,,,,0:1,niederlage,0
2009-12-12,Premier League,E0,0910,Tottenham,Wolves,1.3135,2.771,3,0.6478,1.54,1.63,,,,,0:1,niederlage,0
2009-12-12,Griechenland Super League,G1,0910,aris,asteras tripolis,1.7808,2.337,12,0.3417,2.93,3.08,,,,,0:1,niederlage,0
2009-12-12,Primeira Liga,P1,0910,sp lisbon,leiria,1.54,2.504,27,0.3827,2.61,2.75,,,,,0:1,niederlage,0
2009-12-12,Scottish Premiership,SC0,0910,aberdeen,hamilton,1.782,2.566,32,0.2659,3.76,3.96,,,,,1:2,niederlage,0
2009-12-18,Süper Lig,T1,0910,besiktas,bursaspor,1.7137,2.434,19,0.338,2.96,3.12,,,,,2:3,niederlage,0
2009-12-19,La Liga,SP1,0910,sevilla,getafe,1.7111,2.713,12,0.3675,2.72,2.86,,,,,1:2,niederlage,0
2009-12-19,Süper Lig,T1,0910,kayserispor,antalyaspor,1.6803,2.434,5,0.41,2.44,2.57,,,,,1:2,niederlage,0
2009-12-20,Serie A,I1,0910,juventus,catania,1.413,2.611,23,0.4795,2.09,2.2,,,,,1:2,niederlage,0
2009-12-26,Belgien Pro League,B1,0910,club brugge,cercle brugge,1.5349,2.69,21,0.4111,2.43,2.56,,,,,2:1,sieg,1
2009-12-28,Premier League,E0,0910,Chelsea,Fulham,1.4382,2.771,4,0.5464,1.83,1.93,,,,,2:1,sieg,1
2010-01-06,Griechenland Super League,G1,0910,panathinaikos,ergotelis,1.3753,2.337,8,0.575,1.74,1.83,,,,,4:1,sieg,1
2010-01-06,Serie A,I1,0910,lazio,livorno,1.7808,2.611,7,0.362,2.76,2.91,,,,,4:1,sieg,1
2010-01-06,Serie A,I1,0910,milan,genoa,1.6803,2.611,25,0.327,3.06,3.22,,,,,5:2,sieg,1
2010-01-09,Premier League,E0,0910,Arsenal,Everton,1.4758,2.771,12,0.4859,2.06,2.17,,,,,2:2,unentschieden,0
2010-01-09,Serie A,I1,0910,inter,siena,1.28,2.611,18,0.6172,1.62,1.71,,,,,4:3,sieg,1
2010-01-09,La Liga,SP1,0910,sevilla,santander,1.6717,2.713,26,0.3265,3.06,3.23,,,,,1:2,niederlage,0
2010-01-10,Griechenland Super League,G1,0910,aek,atromitos,1.576,2.337,9,0.4417,2.26,2.38,,,,,3:3,unentschieden,0
2010-01-10,Serie A,I1,0910,fiorentina,bari,1.7464,2.611,25,0.3028,3.3,3.48,,,,,2:1,sieg,1
2010-01-16,Bundesliga,D1,0910,leverkusen,mainz,1.488,2.83,8,0.4961,2.02,2.12,,,,,4:2,sieg,1
2010-01-16,Primeira Liga,P1,0910,guimaraes,setubal,1.6321,2.504,3,0.4405,2.27,2.39,,,,,2:2,unentschieden,0
2010-01-16,Primeira Liga,P1,0910,sp lisbon,nacional,1.6321,2.504,24,0.3509,2.85,3.0,,,,,3:2,sieg,1
2010-01-16,Scottish Premiership,SC0,0910,celtic,falkirk,1.2593,2.566,19,0.6348,1.58,1.66,,,,,1:1,unentschieden,0
2010-01-17,Serie A,I1,0910,fiorentina,bologna,1.6,2.611,28,0.349,2.87,3.02,,,,,1:2,niederlage,0
2010-01-20,Premier League,E0,0910,Arsenal,bolton,1.2936,2.771,7,0.6496,1.54,1.62,,,,,4:2,sieg,1
2010-01-20,Ligue 1,F1,0910,marseille,le mans,1.42,2.411,16,0.5057,1.98,2.08,,,,,2:1,sieg,1
2010-01-23,Belgien Pro League,B1,0910,lokeren,roeselare,1.663,2.69,23,0.3419,2.92,3.08,,,,,1:4,niederlage,0
2010-01-24,Bundesliga,D1,0910,wolfsburg,koln,1.6058,2.83,7,0.4355,2.3,2.42,,,,,2:3,niederlage,0
2010-01-24,Griechenland Super League,G1,0910,olympiakos,paok,1.6474,2.337,20,0.3607,2.77,2.92,,,,,0:1,niederlage,0
2010-01-27,Scottish Premiership,SC0,0910,dundee united,st johnstone,1.7675,2.566,6,0.371,2.7,2.84,,,,,3:3,unentschieden,0
2010-01-30,Scottish Premiership,SC0,0910,hibernian,st mirren,1.7808,2.566,9,0.3538,2.83,2.98,,,,,2:1,sieg,1
2010-01-31,Belgien Pro League,B1,0910,gent,waregem,1.7793,2.69,7,0.3626,2.76,2.9,,,,,0:2,niederlage,0
2010-01-31,Belgien Pro League,B1,0910,standard,kortrijk,1.782,2.69,15,0.3293,3.04,3.2,,,,,3:1,sieg,1
2010-01-31,La Liga,SP1,0910,ath madrid,malaga,1.5879,2.713,3,0.4622,2.16,2.28,,,,,0:2,niederlage,0
2010-01-31,La Liga,SP1,0910,villarreal,osasuna,1.6803,2.713,15,0.3675,2.72,2.87,,,,,0:2,niederlage,0
2010-02-02,Scottish Premiership,SC0,0910,aberdeen,falkirk,1.7808,2.566,31,0.2698,3.71,3.9,,,,,0:1,niederlage,0
2010-02-06,Griechenland Super League,G1,0910,aek,xanthi,1.525,2.337,9,0.4695,2.13,2.24,,,,,3:1,sieg,1
2010-02-06,Primeira Liga,P1,0910,sp lisbon,academica,1.4983,2.504,3,0.5121,1.95,2.06,,,,,1:2,niederlage,0
2010-02-07,Bundesliga,D1,0910,dortmund,ein frankfurt,1.72,2.83,8,0.3808,2.63,2.77,,,,,2:3,niederlage,0
2010-02-10,Scottish Premiership,SC0,0910,dundee united,hamilton,1.6266,2.566,23,0.3574,2.8,2.95,,,,,0:2,niederlage,0
2010-02-13,Bundesliga,D1,0910,bayern munich,dortmund,1.4278,2.83,5,0.5492,1.82,1.92,,,,,3:1,sieg,1
2010-02-14,Griechenland Super League,G1,0910,aris,ergotelis,1.6729,2.337,2,0.4263,2.35,2.47,,,,,2:1,sieg,1
2010-02-14,Primeira Liga,P1,0910,leiria,setubal,1.7644,2.504,10,0.3556,2.81,2.96,,,,,3:3,unentschieden,0
2010-02-21,Premier League,E0,0910,Aston Villa,Burnley,1.4382,2.771,10,0.5197,1.92,2.03,,,,,5:2,sieg,1
2010-02-21,Eredivisie,N1,0910,feyenoord,den haag,1.3342,2.915,10,0.6003,1.67,1.75,,,,,2:2,unentschieden,0
2010-02-27,Primeira Liga,P1,0910,sp braga,olhanense,1.4165,2.504,15,0.5127,1.95,2.05,,,,,3:1,sieg,1
2010-02-28,Ligue 1,F1,0910,lille,auxerre,1.72,2.411,19,0.3356,2.98,3.14,,,,,1:2,niederlage,0
2010-03-06,Bundesliga,D1,0910,wolfsburg,bochum,1.5696,2.83,28,0.3634,2.75,2.9,,,,,4:1,sieg,1
2010-03-06,Eredivisie,N1,0910,az alkmaar,heerenveen,1.6058,2.915,20,0.3794,2.64,2.78,,,,,4:1,sieg,1
2010-03-06,Primeira Liga,P1,0910,porto,olhanense,1.3105,2.504,13,0.6087,1.64,1.73,,,,,2:2,unentschieden,0
2010-03-06,Scottish Premiership,SC0,0910,rangers,st mirren,1.28,2.566,30,0.5654,1.77,1.86,,,,,3:1,sieg,1
2010-03-06,La Liga,SP1,0910,la coruna,tenerife,1.7317,2.713,17,0.3392,2.95,3.1,,,,,3:1,sieg,1
2010-03-06,La Liga,SP1,0910,real madrid,sevilla,1.4861,2.713,10,0.4883,2.05,2.16,,,,,3:2,sieg,1
2010-03-06,Süper Lig,T1,0910,trabzonspor,genclerbirligi,1.7265,2.434,25,0.3098,3.23,3.4,,,,,3:1,sieg,1
2010-03-07,La Liga,SP1,0910,malaga,xerez,1.7317,2.713,5,0.3889,2.57,2.71,,,,,2:4,niederlage,0
2010-03-12,Eredivisie,N1,0910,twente,den haag,1.3314,2.915,1,0.6406,1.56,1.64,,,,,3:1,sieg,1
2010-03-13,Bundesliga,D1,0910,bayern munich,freiburg,1.236,2.83,31,0.6111,1.64,1.72,,,,,2:1,sieg,1
2010-03-13,Ligue 1,F1,0910,nancy,boulogne,1.7808,2.411,33,0.2628,3.81,4.01,,,,,1:3,niederlage,0
2010-03-14,Belgien Pro League,B1,0910,gent,charleroi,1.638,2.69,25,0.3443,2.9,3.06,,,,,2:1,sieg,1
2010-03-20,Bundesliga,D1,0910,werder bremen,bochum,1.4138,2.83,14,0.5191,1.93,2.03,,,,,3:2,sieg,1
2010-03-21,Bundesliga,D1,0910,wolfsburg,hertha,1.6058,2.83,6,0.4399,2.27,2.39,,,,,1:5,niederlage,0
2010-03-21,Premier League,E0,0910,Manchester United,Liverpool,1.749,2.771,5,0.3822,2.62,2.76,,,,,2:1,sieg,1
2010-03-21,Serie A,I1,0910,milan,napoli,1.6776,2.611,13,0.377,2.65,2.79,,,,,1:1,unentschieden,0
2010-03-24,Premier League,E0,0910,Aston Villa,Sunderland,1.6212,2.771,22,0.364,2.75,2.89,,,,,1:1,unentschieden,0
2010-03-27,Süper Lig,T1,0910,besiktas,eskisehirspor,1.638,2.434,2,0.4421,2.26,2.38,,,,,3:2,sieg,1
2010-03-28,La Liga,SP1,0910,real madrid,ath madrid,1.3776,2.713,10,0.5644,1.77,1.87,,,,,3:2,sieg,1
2010-04-02,Primeira Liga,P1,0910,sp braga,guimaraes,1.7583,2.504,18,0.3257,3.07,3.23,,,,,3:2,sieg,1
2010-04-03,Bundesliga,D1,0910,stuttgart,m gladbach,1.4861,2.83,33,0.3874,2.58,2.72,,,,,2:1,sieg,1
2010-04-03,Ligue 1,F1,0910,bordeaux,nancy,1.5524,2.411,18,0.4147,2.41,2.54,,,,,1:2,niederlage,0
2010-04-03,Eredivisie,N1,0910,roda jc,waalwijk,1.4463,2.915,7,0.5276,1.9,2.0,,,,,5:1,sieg,1
2010-04-03,Primeira Liga,P1,0910,porto,maritimo,1.4039,2.504,1,0.5838,1.71,1.8,,,,,4:1,sieg,1
2010-04-03,Scottish Premiership,SC0,0910,motherwell,falkirk,1.7793,2.566,27,0.2846,3.51,3.7,,,,,0:1,niederlage,0
2010-04-03,Süper Lig,T1,0910,bursaspor,antalyaspor,1.5349,2.434,7,0.4728,2.11,2.23,,,,,2:1,sieg,1
2010-04-11,Serie A,I1,0910,milan,catania,1.4533,2.611,12,0.5005,2.0,2.1,,,,,2:2,unentschieden,0
2010-04-11,Serie A,I1,0910,palermo,chievo,1.54,2.611,18,0.4214,2.37,2.5,,,,,3:1,sieg,1
2010-04-11,Eredivisie,N1,0910,utrecht,den haag,1.6748,2.915,17,0.3615,2.77,2.91,,,,,0:2,niederlage,0
2010-04-11,Primeira Liga,P1,0910,maritimo,belenenses,1.7808,2.504,2,0.3829,2.61,2.75,,,,,3:3,unentschieden,0
2010-04-14,La Liga,SP1,0910,ath madrid,xerez,1.4533,2.713,9,0.5139,1.95,2.05,,,,,1:2,niederlage,0
2010-04-17,Bundesliga,D1,0910,hamburg,mainz,1.5349,2.83,20,0.4155,2.41,2.53,,,,,0:1,niederlage,0
2010-04-18,Eredivisie,N1,0910,psv eindhoven,groningen,1.4138,2.915,3,0.5679,1.76,1.85,,,,,3:1,sieg,1
2010-04-19,Primeira Liga,P1,0910,sp lisbon,setubal,1.375,2.504,11,0.562,1.78,1.87,,,,,2:1,sieg,1
2010-04-24,Ligue 1,F1,0910,nice,grenoble,1.6776,2.411,22,0.34,2.94,3.1,,,,,2:1,sieg,1
2010-04-24,Serie A,I1,0910,inter,atalanta,1.2972,2.611,5,0.6543,1.53,1.61,,,,,3:1,sieg,1
2010-04-25,Serie A,I1,0910,bologna,parma,1.65,2.611,23,0.3473,2.88,3.03,,,,,2:1,sieg,1
2010-05-01,Bundesliga,D1,0910,leverkusen,hertha,1.4138,2.83,12,0.5281,1.89,1.99,,,,,1:1,unentschieden,0
2010-05-02,Ligue 1,F1,0910,rennes,sochaux,1.72,2.411,28,0.3007,3.33,3.5,,,,,1:2,niederlage,0
2010-05-02,Eredivisie,N1,0910,feyenoord,heerenveen,1.6375,2.915,12,0.3988,2.51,2.64,,,,,6:2,sieg,1
2010-05-02,La Liga,SP1,0910,real madrid,osasuna,1.2007,2.713,7,0.746,1.34,1.41,,,,,3:2,sieg,1
2010-05-04,La Liga,SP1,0910,getafe,sp gijon,1.6748,2.713,18,0.3574,2.8,2.95,,,,,1:1,unentschieden,0
2010-05-05,Ligue 1,F1,0910,lyon,auxerre,1.7317,2.411,15,0.3473,2.88,3.03,,,,,2:1,sieg,1
2010-05-08,Ligue 1,F1,0910,lille,marseille,1.6857,2.411,6,0.4034,2.48,2.61,,,,,3:2,sieg,1
2010-05-08,Ligue 1,F1,0910,rennes,nice,1.7464,2.411,12,0.354,2.82,2.97,,,,,2:2,unentschieden,0
2010-05-09,Serie A,I1,0910,fiorentina,siena,1.4454,2.611,3,0.5459,1.83,1.93,,,,,1:1,unentschieden,0
2010-05-09,Serie A,I1,0910,inter,chievo,1.163,2.611,12,0.7755,1.29,1.36,,,,,4:3,sieg,1
2010-05-16,Serie A,I1,0910,cagliari,bologna,1.7299,2.611,3,0.3981,2.51,2.65,,,,,1:1,unentschieden,0
2010-08-14,Belgien Pro League,B1,1011,gent,eupen,1.4138,2.646,24,0.4745,2.11,2.22,,,,,2:1,sieg,1
2010-08-14,Eredivisie,N1,1011,ajax,vitesse,1.2319,3.225,26,0.6371,1.57,1.65,,,,,4:2,sieg,1
2010-08-21,Eredivisie,N1,1011,heerenveen,nac breda,1.678,3.225,1,0.4284,2.33,2.46,,,,,3:1,sieg,1
2010-08-22,Belgien Pro League,B1,1011,club brugge,mechelen,1.7317,2.646,19,0.3312,3.02,3.18,,,,,1:2,niederlage,0
2010-08-22,Scottish Premiership,SC0,1011,dundee united,inverness c,1.782,2.561,34,0.259,3.86,4.07,,,,,0:4,niederlage,0
2010-08-28,Bundesliga,D1,1011,schalke 04,hannover,1.413,2.922,31,0.444,2.25,2.37,,,,,1:2,niederlage,0
2010-08-28,Scottish Premiership,SC0,1011,rangers,st johnstone,1.2972,2.561,25,0.5696,1.76,1.85,,,,,2:1,sieg,1
2010-08-29,Bundesliga,D1,1011,leverkusen,m gladbach,1.4563,2.922,20,0.4628,2.16,2.28,,,,,3:6,niederlage,0
2010-08-29,Ligue 1,F1,1011,lille,nice,1.6,2.342,34,0.325,3.08,3.24,,,,,1:1,unentschieden,0
2010-08-29,Griechenland Super League,G1,1011,paok,panserraikos,1.382,2.2,19,0.521,1.92,2.02,,,,,3:2,sieg,1
2010-09-10,Süper Lig,T1,1011,bursaspor,eskisehirspor,1.5893,2.739,19,0.3916,2.55,2.69,,,,,2:1,sieg,1
2010-09-11,Premier League,E0,1011,Manchester City,blackburn,1.399,2.797,25,0.481,2.08,2.19,,,,,1:1,unentschieden,0
2010-09-11,Eredivisie,N1,1011,az alkmaar,roda,1.7265,3.225,6,0.3867,2.59,2.72,,,,,1:2,niederlage,0
2010-09-11,Primeira Liga,P1,1011,porto,sp braga,1.6748,2.433,16,0.3656,2.73,2.88,,,,,3:2,sieg,1
2010-09-11,La Liga,SP1,1011,barcelona,hercules,1.1275,2.742,27,0.7805,1.28,1.35,,,,,0:2,niederlage,0
2010-09-12,Ligue 1,F1,1011,marseille,monaco,1.7111,2.342,15,0.3552,2.82,2.96,,,,,2:2,unentschieden,0
2010-09-18,Serie A,I1,1011,milan,catania,1.3919,2.513,27,0.4775,2.09,2.21,,,,,1:1,unentschieden,0
2010-09-19,Griechenland Super League,G1,1011,paok,olympiakos volou,1.4572,2.2,22,0.4533,2.21,2.32,,,,,1:1,unentschieden,0
2010-09-19,Eredivisie,N1,1011,utrecht,vvv venlo,1.4978,3.225,16,0.4544,2.2,2.32,,,,,3:2,sieg,1
2010-09-25,Bundesliga,D1,1011,bayern munich,mainz,1.5383,2.922,15,0.4355,2.3,2.42,,,,,1:2,niederlage,0
2010-09-25,Bundesliga,D1,1011,schalke 04,m gladbach,1.638,2.922,15,0.3858,2.59,2.73,,,,,2:2,unentschieden,0
2010-09-26,Serie A,I1,1011,palermo,lecce,1.6725,2.513,8,0.4004,2.5,2.63,,,,,2:2,unentschieden,0
2010-09-26,Eredivisie,N1,1011,nac breda,willem ii,1.5383,3.225,7,0.4709,2.12,2.24,,,,,2:1,sieg,1
2010-10-02,Bundesliga,D1,1011,hamburg,kaiserslautern,1.5972,2.922,3,0.4575,2.19,2.3,,,,,2:1,sieg,1
2010-10-02,Scottish Premiership,SC0,1011,celtic,hamilton,1.2451,2.561,3,0.7124,1.4,1.48,,,,,3:1,sieg,1
2010-10-03,Premier League,E0,1011,Liverpool,blackpool,1.399,2.797,29,0.4632,2.16,2.27,,,,,1:2,niederlage,0
2010-10-03,Eredivisie,N1,1011,ajax,utrecht,1.2658,3.225,6,0.6803,1.47,1.55,,,,,1:2,niederlage,0
2010-10-03,Eredivisie,N1,1011,twente,groningen,1.7209,3.225,28,0.3004,3.33,3.51,,,,,4:2,sieg,1
2010-10-16,Premier League,E0,1011,Arsenal,birmingham,1.3518,2.797,33,0.4833,2.07,2.18,,,,,2:1,sieg,1
2010-10-16,Süper Lig,T1,1011,besiktas,manisaspor,1.4938,2.739,7,0.497,2.01,2.12,,,,,2:3,niederlage,0
2010-10-17,Bundesliga,D1,1011,hoffenheim,m gladbach,1.7543,2.922,12,0.3511,2.85,3.0,,,,,3:2,sieg,1
2010-10-17,Süper Lig,T1,1011,galatasaray,ankaragucu,1.5847,2.739,4,0.4594,2.18,2.29,,,,,2:4,niederlage,0
2010-10-17,Süper Lig,T1,1011,kayserispor,sivasspor,1.6143,2.739,21,0.3713,2.69,2.84,,,,,4:1,sieg,1
2010-10-23,Ligue 1,F1,1011,bordeaux,brest,1.7111,2.342,6,0.3928,2.55,2.68,,,,,0:2,niederlage,0
2010-10-23,La Liga,SP1,1011,valencia,mallorca,1.6803,2.742,7,0.4014,2.49,2.62,,,,,1:2,niederlage,0
2010-10-23,Süper Lig,T1,1011,trabzonspor,genclerbirligi,1.4983,2.739,32,0.3846,2.6,2.74,,,,,3:1,sieg,1
2010-10-27,Eredivisie,N1,1011,groningen,den haag,1.6559,3.225,12,0.3905,2.56,2.7,,,,,3:1,sieg,1
2010-10-30,La Liga,SP1,1011,valencia,zaragoza,1.51,2.742,3,0.5051,1.98,2.08,,,,,1:1,unentschieden,0
2010-11-01,La Liga,SP1,1011,mallorca,levante,1.7209,2.742,26,0.3079,3.25,3.42,,,,,2:1,sieg,1
2010-11-05,Süper Lig,T1,1011,kayserispor,genclerbirligi,1.7265,2.739,34,0.2764,3.62,3.81,,,,,1:1,unentschieden,0
2010-11-06,Belgien Pro League,B1,1011,standard,eupen,1.2972,2.646,15,0.6128,1.63,1.72,,,,,1:3,niederlage,0
2010-11-06,Serie A,I1,1011,inter,brescia,1.3333,2.513,14,0.5838,1.71,1.8,,,,,1:1,unentschieden,0
2010-11-06,Eredivisie,N1,1011,groningen,nac breda,1.5893,3.225,2,0.4659,2.15,2.26,,,,,2:1,sieg,1
2010-11-06,Eredivisie,N1,1011,twente,excelsior,1.2488,3.225,2,0.7124,1.4,1.48,,,,,2:1,sieg,1
2010-11-07,Belgien Pro League,B1,1011,anderlecht,club brugge,1.7265,2.646,5,0.3909,2.56,2.69,,,,,2:2,unentschieden,0
2010-11-07,Bundesliga,D1,1011,leverkusen,kaiserslautern,1.5415,2.922,15,0.4337,2.31,2.43,,,,,3:1,sieg,1
2010-11-07,Serie A,I1,1011,juventus,cesena,1.4533,2.513,11,0.505,1.98,2.09,,,,,3:1,sieg,1
2010-11-08,Griechenland Super League,G1,1011,aek,ergotelis,1.4889,2.2,33,0.3858,2.59,2.73,,,,,3:1,sieg,1
2010-11-10,Scottish Premiership,SC0,1011,rangers,hibernian,1.3032,2.561,6,0.6447,1.55,1.63,,,,,0:3,niederlage,0
2010-11-13,Griechenland Super League,G1,1011,panathinaikos,larisa,1.3747,2.2,7,0.5798,1.72,1.82,,,,,1:1,unentschieden,0
2010-11-13,Eredivisie,N1,1011,psv eindhoven,excelsior,1.2007,3.225,6,0.7494,1.33,1.41,,,,,4:2,sieg,1
2010-11-14,Süper Lig,T1,1011,galatasaray,manisaspor,1.6434,2.739,31,0.3183,3.14,3.31,,,,,0:2,niederlage,0
2010-11-20,Griechenland Super League,G1,1011,panathinaikos,iraklis,1.3708,2.2,20,0.5255,1.9,2.0,,,,,4:2,sieg,1
2010-11-20,Süper Lig,T1,1011,besiktas,konyaspor,1.4333,2.739,16,0.4963,2.02,2.12,,,,,2:2,unentschieden,0
2010-11-27,Belgien Pro League,B1,1011,anderlecht,charleroi,1.2602,2.646,12,0.6623,1.51,1.59,,,,,4:1,sieg,1
2010-11-27,Belgien Pro League,B1,1011,westerlo,eupen,1.7324,2.646,33,0.2781,3.6,3.79,,,,,1:1,unentschieden,0
2010-11-27,Bundesliga,D1,1011,dortmund,m gladbach,1.3703,2.922,33,0.4678,2.14,2.25,,,,,4:1,sieg,1
2010-11-27,Premier League,E0,1011,bolton,blackpool,1.6593,2.797,28,0.3236,3.09,3.25,,,,,2:2,unentschieden,0
2010-11-27,Serie A,I1,1011,juventus,fiorentina,1.7675,2.513,4,0.3794,2.64,2.78,,,,,1:1,unentschieden,0
2010-11-27,La Liga,SP1,1011,ath madrid,espanol,1.72,2.742,22,0.3237,3.09,3.25,,,,,2:3,niederlage,0
2010-11-28,Serie A,I1,1011,inter,parma,1.7808,2.513,4,0.3745,2.67,2.81,,,,,5:2,sieg,1
2010-12-04,Ligue 1,F1,1011,lille,lorient,1.6266,2.342,6,0.4299,2.33,2.45,,,,,6:3,sieg,1
2010-12-04,Eredivisie,N1,1011,psv eindhoven,heracles,1.2775,3.225,27,0.5812,1.72,1.81,,,,,5:2,sieg,1
2010-12-05,Belgien Pro League,B1,1011,club brugge,westerlo,1.7265,2.646,9,0.374,2.67,2.82,,,,,4:3,sieg,1
2010-12-06,Süper Lig,T1,1011,kayserispor,eskisehirspor,1.782,2.739,9,0.3534,2.83,2.98,,,,,2:2,unentschieden,0
2010-12-11,Serie A,I1,1011,palermo,parma,1.7583,2.513,7,0.3703,2.7,2.84,,,,,3:1,sieg,1
2010-12-11,Süper Lig,T1,1011,galatasaray,genclerbirligi,1.6058,2.739,1,0.462,2.16,2.28,,,,,0:2,niederlage,0
2010-12-12,Belgien Pro League,B1,1011,kortrijk,lierse,1.7543,2.646,23,0.3077,3.25,3.42,,,,,3:1,sieg,1
2010-12-13,Süper Lig,T1,1011,bursaspor,kasimpasa,1.4225,2.739,14,0.5129,1.95,2.05,,,,,2:1,sieg,1
2010-12-18,Bundesliga,D1,1011,werder bremen,kaiserslautern,1.729,2.922,1,0.4071,2.46,2.59,,,,,1:2,niederlage,0
2010-12-18,Ligue 1,F1,1011,paris sg,monaco,1.6266,2.342,32,0.3214,3.11,3.28,,,,,2:2,unentschieden,0
2010-12-22,Ligue 1,F1,1011,bordeaux,lens,1.6776,2.342,15,0.3686,2.71,2.86,,,,,2:2,unentschieden,0
2011-01-02,La Liga,SP1,1011,ath bilbao,la coruna,1.7808,2.742,22,0.3026,3.3,3.48,,,,,1:2,niederlage,0
2011-01-09,Serie A,I1,1011,fiorentina,brescia,1.5989,2.513,30,0.3414,2.93,3.08,,,,,3:2,sieg,1
2011-01-09,La Liga,SP1,1011,real madrid,villarreal,1.3635,2.742,7,0.5887,1.7,1.79,,,,,4:2,sieg,1
2011-01-15,Premier League,E0,1011,Manchester City,Wolves,1.399,2.797,12,0.539,1.86,1.95,,,,,4:3,sieg,1
2011-01-15,Ligue 1,F1,1011,paris sg,sochaux,1.5893,2.342,14,0.4131,2.42,2.55,,,,,2:1,sieg,1
2011-01-16,Griechenland Super League,G1,1011,aris,panionios,1.7234,2.2,19,0.3343,2.99,3.15,,,,,0:2,niederlage,0
2011-01-16,Griechenland Super League,G1,1011,panathinaikos,kavala,1.4549,2.2,3,0.5396,1.85,1.95,,,,,4:2,sieg,1
2011-01-19,Eredivisie,N1,1011,az alkmaar,nijmegen,1.5333,3.225,22,0.4077,2.45,2.58,,,,,2:2,unentschieden,0
2011-01-22,Belgien Pro League,B1,1011,genk,kortrijk,1.5966,2.646,9,0.4313,2.32,2.44,,,,,3:2,sieg,1
2011-01-22,Premier League,E0,1011,Everton,West Ham,1.575,2.797,26,0.3691,2.71,2.85,,,,,2:2,unentschieden,0
2011-01-22,Griechenland Super League,G1,1011,aek,olympiakos volou,1.6,2.2,12,0.4165,2.4,2.53,,,,,0:4,niederlage,0
2011-01-22,Primeira Liga,P1,1011,sp braga,setubal,1.4932,2.433,18,0.4483,2.23,2.35,,,,,2:2,unentschieden,0
2011-01-22,La Liga,SP1,1011,valencia,malaga,1.5383,2.742,10,0.4576,2.19,2.3,,,,,4:3,sieg,1
2011-01-23,Serie A,I1,1011,fiorentina,lecce,1.5349,2.513,29,0.377,2.65,2.79,,,,,1:1,unentschieden,0
2011-01-23,La Liga,SP1,1011,villarreal,sociedad,1.5966,2.742,30,0.3425,2.92,3.07,,,,,2:1,sieg,1
2011-01-29,Belgien Pro League,B1,1011,lokeren,eupen,1.6748,2.646,9,0.3951,2.53,2.66,,,,,0:2,niederlage,0
2011-01-29,Eredivisie,N1,1011,psv eindhoven,willem ii,1.1564,3.225,17,0.7686,1.3,1.37,,,,,2:1,sieg,1
2011-01-30,Bundesliga,D1,1011,stuttgart,freiburg,1.638,2.922,24,0.3484,2.87,3.02,,,,,0:1,niederlage,0
2011-01-30,Serie A,I1,1011,inter,palermo,1.7808,2.513,5,0.3703,2.7,2.84,,,,,3:2,sieg,1
2011-02-01,Premier League,E0,1011,Arsenal,Everton,1.4758,2.797,24,0.4326,2.31,2.43,,,,,2:1,sieg,1
2011-02-05,Griechenland Super League,G1,1011,aek,aris,1.7111,2.2,29,0.3001,3.33,3.51,,,,,1:2,niederlage,0
2011-02-12,Ligue 1,F1,1011,bordeaux,caen,1.6776,2.342,10,0.3897,2.57,2.7,,,,,1:2,niederlage,0
2011-02-19,Eredivisie,N1,1011,groningen,roda,1.7793,3.225,15,0.3302,3.03,3.19,,,,,1:4,niederlage,0
2011-02-20,Serie A,I1,1011,parma,cesena,1.7808,2.513,31,0.2698,3.71,3.9,,,,,2:2,unentschieden,0
2011-02-20,Eredivisie,N1,1011,twente,nijmegen,1.4225,3.225,7,0.544,1.84,1.94,,,,,1:1,unentschieden,0
2011-02-26,Griechenland Super League,G1,1011,panathinaikos,atromitos,1.3919,2.2,31,0.4597,2.18,2.29,,,,,1:1,unentschieden,0
2011-03-04,Süper Lig,T1,1011,kayserispor,manisaspor,1.7209,2.739,16,0.3473,2.88,3.03,,,,,1:2,niederlage,0
2011-03-09,Premier League,E0,1011,Everton,birmingham,1.6179,2.797,17,0.3865,2.59,2.72,,,,,1:1,unentschieden,0
2011-03-10,Scottish Premiership,SC0,1011,dundee united,hamilton,1.5893,2.561,26,0.3622,2.76,2.91,,,,,2:1,sieg,1
2011-03-13,Eredivisie,N1,1011,twente,vvv venlo,1.2279,3.225,3,0.7301,1.37,1.44,,,,,2:1,sieg,1
2011-03-19,Scottish Premiership,SC0,1011,hearts,st mirren,1.638,2.561,15,0.3858,2.59,2.73,,,,,3:2,sieg,1
2011-03-20,Griechenland Super League,G1,1011,aris,panserraikos,1.4278,2.2,3,0.558,1.79,1.89,,,,,3:1,sieg,1
2011-04-10,Serie A,I1,1011,juventus,genoa,1.6776,2.513,7,0.4025,2.48,2.62,,,,,3:2,sieg,1
2011-04-16,Eredivisie,N1,1011,nac breda,excelsior,1.678,3.225,20,0.3479,2.87,3.03,,,,,1:2,niederlage,0
2011-04-17,Serie A,I1,1011,lecce,cagliari,1.5947,2.513,20,0.3847,2.6,2.74,,,,,3:3,unentschieden,0
2011-04-17,Eredivisie,N1,1011,feyenoord,willem ii,1.2769,3.225,20,0.6119,1.63,1.72,,,,,6:1,sieg,1
2011-04-17,Scottish Premiership,SC0,1011,hibernian,hamilton,1.72,2.561,9,0.3766,2.66,2.8,,,,,1:2,niederlage,0
2011-04-23,Bundesliga,D1,1011,leverkusen,hoffenheim,1.6375,2.922,28,0.3325,3.01,3.17,,,,,2:1,sieg,1
2011-04-23,Premier League,E0,1011,Tottenham,west brom,1.6542,2.797,5,0.4215,2.37,2.5,,,,,2:2,unentschieden,0
2011-04-30,Bundesliga,D1,1011,hamburg,freiburg,1.729,2.922,16,0.3442,2.9,3.06,,,,,0:2,niederlage,0
2011-04-30,Premier League,E0,1011,Chelsea,Tottenham,1.5246,2.797,19,0.4256,2.35,2.47,,,,,2:1,sieg,1
2011-05-07,Bundesliga,D1,1011,leverkusen,hamburg,1.5383,2.922,2,0.4932,2.03,2.13,,,,,1:1,unentschieden,0
2011-05-07,Serie A,I1,1011,palermo,bari,1.5383,2.513,7,0.4709,2.12,2.24,,,,,2:1,sieg,1
2011-05-07,La Liga,SP1,1011,ath madrid,malaga,1.678,2.742,29,0.3123,3.2,3.37,,,,,0:3,niederlage,0
2011-05-14,Bundesliga,D1,1011,bayern munich,stuttgart,1.3635,2.922,24,0.5136,1.95,2.05,,,,,2:1,sieg,1
2011-05-15,Premier League,E0,1011,Arsenal,Aston Villa,1.432,2.797,11,0.5195,1.92,2.03,,,,,1:2,niederlage,0
2011-05-15,Eredivisie,N1,1011,feyenoord,nijmegen,1.7883,3.225,12,0.3391,2.95,3.11,,,,,1:1,unentschieden,0
2011-05-15,La Liga,SP1,1011,sp gijon,santander,1.4225,2.742,32,0.4328,2.31,2.43,,,,,2:1,sieg,1
2011-05-21,Ligue 1,F1,1011,marseille,valenciennes,1.5383,2.342,33,0.3586,2.79,2.94,,,,,2:2,unentschieden,0
2011-05-21,La Liga,SP1,1011,la coruna,valencia,1.5829,2.742,4,0.4603,2.17,2.29,,,,,0:2,niederlage,0
2011-05-22,Serie A,I1,1011,bologna,bari,1.72,2.513,28,0.3007,3.33,3.5,,,,,0:4,niederlage,0
2011-05-22,Serie A,I1,1011,roma,sampdoria,1.3753,2.513,26,0.495,2.02,2.13,,,,,3:1,sieg,1
2011-07-23,Scottish Premiership,SC0,1112,rangers,hearts,1.4468,2.636,16,0.487,2.05,2.16,,,,,1:1,unentschieden,0
2011-08-06,Ligue 1,F1,1112,paris sg,lorient,1.6293,2.516,28,0.336,2.98,3.13,,,,,0:1,niederlage,0
2011-08-13,Bundesliga,D1,1112,schalke 04,koln,1.7209,2.859,12,0.3637,2.75,2.9,,,,,5:1,sieg,1
2011-08-13,Primeira Liga,P1,1112,sp lisbon,olhanense,1.488,2.632,30,0.3991,2.51,2.64,,,,,1:1,unentschieden,0
2011-08-14,Eredivisie,N1,1112,heracles,nac breda,1.7691,3.258,32,0.2698,3.71,3.9,,,,,2:1,sieg,1
2011-08-14,Eredivisie,N1,1112,utrecht,graafschap,1.5879,3.258,14,0.4138,2.42,2.54,,,,,2:2,unentschieden,0
2011-08-20,Bundesliga,D1,1112,werder bremen,freiburg,1.6458,2.859,7,0.4166,2.4,2.53,,,,,5:3,sieg,1
2011-08-20,Premier League,E0,1112,Chelsea,west brom,1.3664,2.805,4,0.5993,1.67,1.76,,,,,2:1,sieg,1
2011-08-20,Premier League,E0,1112,Everton,qpr,1.6212,2.805,31,0.3276,3.05,3.21,,,,,0:1,niederlage,0
2011-08-28,Eredivisie,N1,1112,feyenoord,heerenveen,1.701,3.258,26,0.3152,3.17,3.34,,,,,2:2,unentschieden,0
2011-09-09,Serie A,I1,1112,milan,lazio,1.7265,2.558,12,0.3615,2.77,2.91,,,,,2:2,unentschieden,0
2011-09-11,Premier League,E0,1112,Fulham,blackburn,1.7675,2.805,32,0.2703,3.7,3.9,,,,,1:1,unentschieden,0
2011-09-17,Bundesliga,D1,1112,hertha,augsburg,1.6748,2.859,20,0.3492,2.86,3.02,,,,,2:2,unentschieden,0
2011-09-17,Premier League,E0,1112,Everton,wigan,1.5893,2.805,31,0.3418,2.93,3.08,,,,,3:1,sieg,1
2011-09-18,Eredivisie,N1,1112,twente,den haag,1.3635,3.258,14,0.5581,1.79,1.89,,,,,5:2,sieg,1
2011-09-21,Serie A,I1,1112,milan,udinese,1.7808,2.558,29,0.2769,3.61,3.8,,,,,1:1,unentschieden,0
2011-09-24,Bundesliga,D1,1112,schalke 04,freiburg,1.4463,2.859,3,0.5453,1.83,1.93,,,,,4:2,sieg,1
2011-09-24,La Liga,SP1,1112,real madrid,vallecano,1.1746,2.763,1,0.7947,1.26,1.33,,,,,6:2,sieg,1
2011-10-02,Ligue 1,F1,1112,marseille,brest,1.54,2.516,5,0.4789,2.09,2.2,,,,,1:1,unentschieden,0
2011-10-02,Eredivisie,N1,1112,feyenoord,den haag,1.4463,3.258,15,0.4918,2.03,2.14,,,,,0:3,niederlage,0
2011-10-15,Bundesliga,D1,1112,schalke 04,kaiserslautern,1.5349,2.859,30,0.3728,2.68,2.82,,,,,1:2,niederlage,0
2011-10-15,Ligue 1,F1,1112,montpellier,dijon,1.54,2.516,9,0.4611,2.17,2.28,,,,,5:3,sieg,1
2011-10-15,Eredivisie,N1,1112,ajax,az alkmaar,1.7793,3.258,14,0.3342,2.99,3.15,,,,,2:2,unentschieden,0
2011-10-23,La Liga,SP1,1112,ath madrid,mallorca,1.5349,2.763,2,0.4952,2.02,2.13,,,,,1:1,unentschieden,0
2011-10-29,Ligue 1,F1,1112,paris sg,caen,1.4222,2.516,12,0.522,1.92,2.02,,,,,4:2,sieg,1
2011-11-05,Bundesliga,D1,1112,werder bremen,koln,1.5349,2.859,3,0.4907,2.04,2.15,,,,,3:2,sieg,1
2011-11-05,Ligue 1,F1,1112,lille,evian thonon gaillard,1.4533,2.516,4,0.5362,1.86,1.96,,,,,1:1,unentschieden,0
2011-11-05,Eredivisie,N1,1112,feyenoord,nijmegen,1.5415,3.258,7,0.4691,2.13,2.24,,,,,0:1,niederlage,0
2011-11-06,Eredivisie,N1,1112,psv eindhoven,heracles,1.3314,3.258,12,0.5941,1.68,1.77,,,,,4:1,sieg,1
2011-11-19,Eredivisie,N1,1112,heerenveen,waalwijk,1.4978,3.258,12,0.4722,2.12,2.23,,,,,1:1,unentschieden,0
2011-11-20,Eredivisie,N1,1112,groningen,vvv venlo,1.2191,3.258,16,0.6922,1.44,1.52,,,,,2:1,sieg,1
2011-11-26,La Liga,SP1,1112,real madrid,ath madrid,1.2488,2.763,15,0.6625,1.51,1.59,,,,,4:1,sieg,1
2011-12-03,Bundesliga,D1,1112,stuttgart,koln,1.5383,2.859,15,0.4355,2.3,2.42,,,,,2:2,unentschieden,0
2011-12-04,Premier League,E0,1112,Everton,stoke,1.7675,2.805,15,0.3343,2.99,3.15,,,,,0:1,niederlage,0
2011-12-10,Ligue 1,F1,1112,rennes,brest,1.72,2.516,17,0.3436,2.91,3.06,,,,,1:1,unentschieden,0
2011-12-11,La Liga,SP1,1112,malaga,osasuna,1.7265,2.763,33,0.28,3.57,3.76,,,,,1:1,unentschieden,0
2011-12-16,Primeira Liga,P1,1112,benfica,rio ave,1.2416,2.632,24,0.6339,1.58,1.66,,,,,5:1,sieg,1
2011-12-17,Bundesliga,D1,1112,leverkusen,nurnberg,1.5893,2.859,8,0.4393,2.28,2.4,,,,,0:3,niederlage,0
2011-12-17,Premier League,E0,1112,Everton,norwich,1.702,2.805,28,0.3072,3.26,3.43,,,,,1:1,unentschieden,0
2011-12-21,Serie A,I1,1112,inter,lecce,1.3782,2.558,19,0.524,1.91,2.01,,,,,4:1,sieg,1
2011-12-30,Premier League,E0,1112,Liverpool,Newcastle,1.6179,2.805,25,0.3531,2.83,2.98,,,,,3:1,sieg,1
2011-12-31,Premier League,E0,1112,Manchester United,blackburn,1.1847,2.805,16,0.7344,1.36,1.43,,,,,2:3,niederlage,0
2012-01-14,Premier League,E0,1112,Tottenham,Wolves,1.3234,2.805,22,0.5577,1.79,1.89,,,,,1:1,unentschieden,0
2012-01-14,Primeira Liga,P1,1112,benfica,setubal,1.2191,2.632,6,0.7289,1.37,1.44,,,,,4:1,sieg,1
2012-01-16,Serie A,I1,1112,napoli,bologna,1.4138,2.558,14,0.5191,1.93,2.03,,,,,1:1,unentschieden,0
2012-01-22,Serie A,I1,1112,inter,lazio,1.72,2.558,30,0.2932,3.41,3.59,,,,,2:1,sieg,1
2012-01-22,La Liga,SP1,1112,real madrid,ath bilbao,1.2646,2.763,13,0.6538,1.53,1.61,,,,,4:1,sieg,1
2012-01-28,Eredivisie,N1,1112,nac breda,graafschap,1.678,3.258,8,0.3981,2.51,2.65,,,,,1:1,unentschieden,0
2012-01-28,La Liga,SP1,1112,real madrid,zaragoza,1.1384,2.763,11,0.8109,1.23,1.3,,,,,3:1,sieg,1
2012-01-29,Ligue 1,F1,1112,valenciennes,ajaccio,1.6266,2.516,6,0.4299,2.33,2.45,,,,,1:2,niederlage,0
2012-01-29,La Liga,SP1,1112,betis,granada,1.7265,2.763,13,0.3574,2.8,2.95,,,,,1:2,niederlage,0
2012-02-01,Serie A,I1,1112,inter,palermo,1.5349,2.558,16,0.433,2.31,2.43,,,,,4:4,unentschieden,0
2012-02-04,Bundesliga,D1,1112,hoffenheim,augsburg,1.7209,2.859,31,0.2892,3.46,3.64,,,,,2:2,unentschieden,0
2012-02-05,Eredivisie,N1,1112,groningen,waalwijk,1.6375,3.258,2,0.4423,2.26,2.38,,,,,0:3,niederlage,0
2012-02-09,Serie A,I1,1112,lazio,cesena,1.6,2.558,14,0.4078,2.45,2.58,,,,,3:2,sieg,1
2012-02-10,Eredivisie,N1,1112,twente,heracles,1.39,3.258,33,0.4523,2.21,2.33,,,,,2:3,niederlage,0
2012-02-11,Ligue 1,F1,1112,lyon,caen,1.4889,2.516,13,0.4732,2.11,2.23,,,,,1:2,niederlage,0
2012-02-12,Ligue 1,F1,1112,lille,bordeaux,1.7265,2.516,2,0.4038,2.48,2.61,,,,,4:5,niederlage,0
2012-02-12,La Liga,SP1,1112,real madrid,levante,1.1495,2.763,5,0.813,1.23,1.3,,,,,4:2,sieg,1
2012-02-18,Serie A,I1,1112,juventus,catania,1.4138,2.558,4,0.5635,1.77,1.87,,,,,3:1,sieg,1
2012-02-18,Scottish Premiership,SC0,1112,rangers,kilmarnock,1.4563,2.636,12,0.4985,2.01,2.11,,,,,0:1,niederlage,0
2012-02-19,La Liga,SP1,1112,barcelona,valencia,1.331,2.763,9,0.6074,1.65,1.73,,,,,5:1,sieg,1
2012-02-19,Süper Lig,T1,1112,besiktas,genclerbirligi,1.782,2.578,23,0.2985,3.35,3.53,,,,,3:2,sieg,1
2012-02-25,Eredivisie,N1,1112,roda,graafschap,1.3753,3.258,26,0.495,2.02,2.13,,,,,0:2,niederlage,0
2012-02-25,La Liga,SP1,1112,malaga,zaragoza,1.5349,2.763,23,0.4025,2.48,2.62,,,,,5:1,sieg,1
2012-03-03,Ligue 1,F1,1112,bordeaux,nice,1.6776,2.516,18,0.3562,2.81,2.96,,,,,1:2,niederlage,0
2012-03-04,Serie A,I1,1112,inter,catania,1.7808,2.558,20,0.3102,3.22,3.39,,,,,2:2,unentschieden,0
2012-03-10,Eredivisie,N1,1112,heerenveen,excelsior,1.2593,3.258,4,0.6945,1.44,1.52,,,,,4:2,sieg,1
2012-03-10,Eredivisie,N1,1112,heracles,den haag,1.5383,3.258,5,0.4798,2.08,2.19,,,,,0:2,niederlage,0
2012-03-11,Ligue 1,F1,1112,rennes,auxerre,1.6729,2.516,10,0.3917,2.55,2.69,,,,,1:1,unentschieden,0
2012-03-11,Serie A,I1,1112,lazio,bologna,1.7808,2.558,11,0.3457,2.89,3.05,,,,,1:3,niederlage,0
2012-03-12,Premier League,E0,1112,Arsenal,Newcastle,1.5246,2.805,14,0.4476,2.23,2.35,,,,,2:1,sieg,1
2012-03-19,La Liga,SP1,1112,espanol,santander,1.7793,2.763,12,0.3422,2.92,3.08,,,,,3:1,sieg,1
2012-03-22,La Liga,SP1,1112,malaga,vallecano,1.7793,2.763,5,0.3709,2.7,2.84,,,,,4:2,sieg,1
2012-03-24,Premier League,E0,1112,Liverpool,wigan,1.3518,2.805,30,0.4967,2.01,2.12,,,,,1:2,niederlage,0
2012-03-31,Premier League,E0,1112,Manchester City,Sunderland,1.2894,2.805,31,0.5511,1.81,1.91,,,,,3:3,unentschieden,0
2012-04-01,Serie A,I1,1112,roma,novara,1.3782,2.558,17,0.5329,1.88,1.98,,,,,5:2,sieg,1
2012-04-07,Premier League,E0,1112,Liverpool,Aston Villa,1.5246,2.805,10,0.4653,2.15,2.26,,,,,1:1,unentschieden,0
2012-04-07,Premier League,E0,1112,stoke,Wolves,1.6542,2.805,26,0.3335,3.0,3.16,,,,,2:1,sieg,1
2012-04-09,Premier League,E0,1112,Tottenham,norwich,1.3518,2.805,13,0.5722,1.75,1.84,,,,,1:2,niederlage,0
2012-04-11,Serie A,I1,1112,inter,siena,1.7209,2.558,6,0.3889,2.57,2.71,,,,,2:1,sieg,1
2012-04-11,Serie A,I1,1112,napoli,atalanta,1.5294,2.558,10,0.4626,2.16,2.28,,,,,1:3,niederlage,0
2012-04-14,La Liga,SP1,1112,real madrid,sp gijon,1.1329,2.763,30,0.7622,1.31,1.38,,,,,3:1,sieg,1
2012-04-15,Eredivisie,N1,1112,utrecht,vvv venlo,1.5383,3.258,9,0.462,2.16,2.28,,,,,4:2,sieg,1
2012-04-16,Premier League,E0,1112,Arsenal,wigan,1.3125,2.805,7,0.6322,1.58,1.67,,,,,1:2,niederlage,0
2012-04-21,Bundesliga,D1,1112,hertha,kaiserslautern,1.6375,2.859,27,0.3365,2.97,3.13,,,,,1:2,niederlage,0
2012-04-21,La Liga,SP1,1112,barcelona,real madrid,1.729,2.763,17,0.3402,2.94,3.1,,,,,1:2,niederlage,0
2012-04-22,Premier League,E0,1112,Manchester United,Everton,1.3782,2.805,33,0.4615,2.17,2.28,,,,,4:4,unentschieden,0
2012-04-22,Ligue 1,F1,1112,lyon,lorient,1.5383,2.516,22,0.405,2.47,2.6,,,,,3:2,sieg,1
2012-04-22,Serie A,I1,1112,milan,bologna,1.2769,2.558,26,0.5861,1.71,1.8,,,,,1:1,unentschieden,0
2012-04-22,Eredivisie,N1,1112,psv eindhoven,nijmegen,1.39,3.258,7,0.5679,1.76,1.85,,,,,2:1,sieg,1
2012-04-25,Serie A,I1,1112,roma,fiorentina,1.7265,2.558,2,0.4038,2.48,2.61,,,,,1:2,niederlage,0
2012-04-28,Eredivisie,N1,1112,vitesse,excelsior,1.3753,3.258,34,0.4593,2.18,2.29,,,,,3:2,sieg,1
2012-05-01,Premier League,E0,1112,Liverpool,Fulham,1.6995,2.805,5,0.4019,2.49,2.62,,,,,0:1,niederlage,0
2012-05-02,Premier League,E0,1112,Chelsea,Newcastle,1.5772,2.805,19,0.3976,2.52,2.65,,,,,0:2,niederlage,0
2012-05-02,Serie A,I1,1112,fiorentina,novara,1.5893,2.558,14,0.4131,2.42,2.55,,,,,2:2,unentschieden,0
2012-05-02,Serie A,I1,1112,lazio,siena,1.6803,2.558,26,0.3231,3.1,3.26,,,,,1:1,unentschieden,0
2012-05-05,Bundesliga,D1,1112,hannover,kaiserslautern,1.4138,2.859,7,0.5503,1.82,1.91,,,,,2:1,sieg,1
2012-05-05,La Liga,SP1,1112,zaragoza,santander,1.4138,2.763,11,0.5325,1.88,1.98,,,,,2:1,sieg,1
2012-05-13,Premier League,E0,1112,wigan,Wolves,1.6542,2.805,9,0.4041,2.47,2.61,,,,,3:2,sieg,1
2012-05-13,Serie A,I1,1112,milan,novara,1.3314,2.558,20,0.5592,1.79,1.88,,,,,2:1,sieg,1
2012-08-11,Ligue 1,F1,1213,paris sg,lorient,1.413,2.545,4,0.5641,1.77,1.87,,,,,2:2,unentschieden,0
2012-08-11,Eredivisie,N1,1213,roda,zwolle,1.678,3.15,7,0.4024,2.49,2.62,,,,,1:1,unentschieden,0
2012-08-12,Eredivisie,N1,1213,heerenveen,nijmegen,1.7691,3.15,27,0.2878,3.47,3.66,,,,,0:2,niederlage,0
2012-08-17,Ligue 1,F1,1213,lille,nancy,1.54,2.545,33,0.3577,2.8,2.94,,,,,1:1,unentschieden,0
2012-08-25,Premier League,E0,1213,Manchester United,Fulham,1.3518,2.797,3,0.6153,1.63,1.71,,,,,3:2,sieg,1
2012-08-26,Serie A,I1,1213,roma,catania,1.4861,2.639,28,0.4089,2.45,2.58,,,,,2:2,unentschieden,0
2012-09-01,Ligue 1,F1,1213,lyon,valenciennes,1.7265,2.545,12,0.3615,2.77,2.91,,,,,3:2,sieg,1
2012-09-02,Bundesliga,D1,1213,bayern munich,stuttgart,1.322,2.935,25,0.5457,1.83,1.93,,,,,6:1,sieg,1
2012-09-02,Premier League,E0,1213,Newcastle,Aston Villa,1.702,2.797,22,0.3305,3.03,3.19,,,,,1:1,unentschieden,0
2012-09-02,Scottish Premiership,SC0,1213,hearts,dundee,1.488,2.732,3,0.5184,1.93,2.03,,,,,0:1,niederlage,0
2012-09-15,Eredivisie,N1,1213,heerenveen,den haag,1.6766,3.15,20,0.3485,2.87,3.02,,,,,1:3,niederlage,0
2012-09-16,Eredivisie,N1,1213,heracles,nac breda,1.7209,3.15,14,0.3555,2.81,2.96,,,,,2:1,sieg,1
2012-09-22,Eredivisie,N1,1213,waalwijk,vvv venlo,1.6071,3.15,6,0.4393,2.28,2.4,,,,,1:1,unentschieden,0
2012-09-23,Premier League,E0,1213,Tottenham,qpr,1.5246,2.797,32,0.3699,2.7,2.85,,,,,2:1,sieg,1
2012-09-24,Primeira Liga,P1,1213,sp lisbon,gil vicente,1.5893,2.779,7,0.4437,2.25,2.37,,,,,2:1,sieg,1
2012-09-29,Premier League,E0,1213,Everton,Southampton,1.4697,2.797,6,0.5166,1.94,2.04,,,,,3:1,sieg,1
2012-09-29,Premier League,E0,1213,Manchester United,Tottenham,1.6542,2.797,2,0.4346,2.3,2.42,,,,,2:3,niederlage,0
2012-09-30,La Liga,SP1,1213,real madrid,la coruna,1.1951,2.871,16,0.7212,1.39,1.46,,,,,5:1,sieg,1
2012-10-06,Premier League,E0,1213,Chelsea,norwich,1.2894,2.797,11,0.6371,1.57,1.65,,,,,4:1,sieg,1
2012-10-06,Ligue 1,F1,1213,montpellier,evian thonon gaillard,1.7808,2.545,30,0.2733,3.66,3.85,,,,,2:3,niederlage,0
2012-10-06,Primeira Liga,P1,1213,benfica,beira mar,1.1994,2.779,4,0.7575,1.32,1.39,,,,,2:1,sieg,1
2012-10-07,Primeira Liga,P1,1213,sp braga,olhanense,1.4889,2.779,4,0.5134,1.95,2.05,,,,,4:4,unentschieden,0
2012-10-20,Bundesliga,D1,1213,dortmund,schalke 04,1.729,2.935,14,0.3524,2.84,2.99,,,,,1:2,niederlage,0
2012-10-20,Premier League,E0,1213,Manchester United,stoke,1.3518,2.797,11,0.581,1.72,1.81,,,,,4:2,sieg,1
2012-10-20,Eredivisie,N1,1213,az alkmaar,nijmegen,1.6655,3.15,15,0.3737,2.68,2.82,,,,,0:2,niederlage,0
2012-10-20,Eredivisie,N1,1213,psv eindhoven,willem ii,1.155,3.15,17,0.7705,1.3,1.37,,,,,3:2,sieg,1
2012-10-20,La Liga,SP1,1213,malaga,valladolid,1.638,2.871,9,0.4115,2.43,2.56,,,,,2:1,sieg,1
2012-10-20,La Liga,SP1,1213,valencia,ath bilbao,1.7209,2.871,19,0.3352,2.98,3.14,,,,,3:2,sieg,1
2012-10-21,Eredivisie,N1,1213,waalwijk,zwolle,1.6642,3.15,5,0.417,2.4,2.53,,,,,1:2,niederlage,0
2012-10-22,La Liga,SP1,1213,sevilla,mallorca,1.7209,2.871,26,0.3079,3.25,3.42,,,,,3:2,sieg,1
2012-10-31,Serie A,I1,1213,inter,sampdoria,1.5893,2.639,20,0.3873,2.58,2.72,,,,,3:2,sieg,1
2012-11-03,La Liga,SP1,1213,malaga,vallecano,1.4861,2.871,11,0.4839,2.07,2.18,,,,,1:2,niederlage,0
2012-11-10,Bundesliga,D1,1213,schalke 04,werder bremen,1.5257,2.935,16,0.4381,2.28,2.4,,,,,2:1,sieg,1
2012-11-10,Scottish Premiership,SC0,1213,motherwell,dundee,1.5964,2.732,28,0.3507,2.85,3.0,,,,,1:1,unentschieden,0
2012-11-10,La Liga,SP1,1213,malaga,sociedad,1.6375,2.871,1,0.4467,2.24,2.36,,,,,1:2,niederlage,0
2012-11-11,Premier League,E0,1213,Manchester City,Tottenham,1.6542,2.797,21,0.3537,2.83,2.98,,,,,2:1,sieg,1
2012-11-11,Eredivisie,N1,1213,psv eindhoven,heerenveen,1.3668,3.15,6,0.5904,1.69,1.78,,,,,5:1,sieg,1
2012-11-17,Ligue 1,F1,1213,paris sg,rennes,1.6464,2.545,13,0.3905,2.56,2.7,,,,,1:2,niederlage,0
2012-11-17,Eredivisie,N1,1213,heerenveen,waalwijk,1.7793,3.15,7,0.3626,2.76,2.9,,,,,0:2,niederlage,0
2012-11-18,Bundesliga,D1,1213,werder bremen,fortuna dusseldorf,1.6282,2.935,10,0.4117,2.43,2.56,,,,,2:1,sieg,1
2012-11-18,Eredivisie,N1,1213,vitesse,nijmegen,1.7793,3.15,3,0.3793,2.64,2.78,,,,,4:1,sieg,1
2012-12-01,Premier League,E0,1213,Manchester City,Everton,1.5893,2.797,33,0.3338,3.0,3.15,,,,,1:1,unentschieden,0
2012-12-01,Ligue 1,F1,1213,bordeaux,sochaux,1.5349,2.545,33,0.3603,2.78,2.92,,,,,2:2,unentschieden,0
2012-12-14,Bundesliga,D1,1213,bayern munich,m gladbach,1.2191,2.935,21,0.6728,1.49,1.57,,,,,1:1,unentschieden,0
2012-12-14,Eredivisie,N1,1213,twente,heracles,1.5942,3.15,20,0.385,2.6,2.74,,,,,3:2,sieg,1
2012-12-15,Premier League,E0,1213,Liverpool,Aston Villa,1.4374,2.797,29,0.4357,2.3,2.42,,,,,1:3,niederlage,0
2012-12-15,Primeira Liga,P1,1213,benfica,maritimo,1.3041,2.779,25,0.5628,1.78,1.87,,,,,4:1,sieg,1
2012-12-16,Serie A,I1,1213,napoli,bologna,1.4533,2.639,10,0.5095,1.96,2.07,,,,,2:3,niederlage,0
2012-12-16,La Liga,SP1,1213,barcelona,ath madrid,1.3333,2.871,31,0.5086,1.97,2.07,,,,,4:1,sieg,1
2012-12-16,La Liga,SP1,1213,real madrid,espanol,1.1747,2.871,31,0.6934,1.44,1.52,,,,,2:2,unentschieden,0
2012-12-22,Ligue 1,F1,1213,lorient,reims,1.6,2.545,6,0.4428,2.26,2.38,,,,,2:2,unentschieden,0
2012-12-26,Premier League,E0,1213,Manchester United,Newcastle,1.2815,2.797,4,0.673,1.49,1.56,,,,,4:3,sieg,1
2013-01-01,Premier League,E0,1213,Tottenham,reading,1.399,2.797,4,0.5743,1.74,1.83,,,,,3:1,sieg,1
2013-01-18,Eredivisie,N1,1213,psv eindhoven,zwolle,1.2185,3.15,25,0.6576,1.52,1.6,,,,,1:3,niederlage,0
2013-01-19,Premier League,E0,1213,west brom,Aston Villa,1.7875,2.797,12,0.3393,2.95,3.1,,,,,2:2,unentschieden,0
2013-01-19,Scottish Premiership,SC0,1213,hibernian,dundee,1.678,2.732,8,0.3981,2.51,2.65,,,,,1:1,unentschieden,0
2013-01-23,Premier League,E0,1213,Arsenal,West Ham,1.4832,2.797,18,0.4545,2.2,2.32,,,,,5:1,sieg,1
2013-01-30,Premier League,E0,1213,Manchester United,Southampton,1.2816,2.797,3,0.6768,1.48,1.56,,,,,2:1,sieg,1
2013-02-01,Serie A,I1,1213,roma,cagliari,1.5964,2.639,3,0.4579,2.18,2.3,,,,,2:4,niederlage,0
2013-02-02,Premier League,E0,1213,Everton,Aston Villa,1.4356,2.797,2,0.557,1.8,1.89,,,,,3:3,unentschieden,0
2013-02-02,Ligue 1,F1,1213,lille,troyes,1.4861,2.545,30,0.4002,2.5,2.63,,,,,1:1,unentschieden,0
2013-02-02,Eredivisie,N1,1213,az alkmaar,groningen,1.5966,3.15,27,0.3547,2.82,2.97,,,,,0:1,niederlage,0
2013-02-03,Ligue 1,F1,1213,montpellier,reims,1.5312,2.545,33,0.3623,2.76,2.91,,,,,3:1,sieg,1
2013-02-03,Eredivisie,N1,1213,twente,utrecht,1.5383,3.15,32,0.3627,2.76,2.9,,,,,2:4,niederlage,0
2013-02-03,La Liga,SP1,1213,malaga,zaragoza,1.6375,2.871,13,0.3945,2.53,2.67,,,,,1:1,unentschieden,0
2013-02-09,Eredivisie,N1,1213,heracles,willem ii,1.54,3.15,6,0.4744,2.11,2.22,,,,,4:1,sieg,1
2013-02-10,Primeira Liga,P1,1213,porto,olhanense,1.1946,2.779,7,0.753,1.33,1.4,,,,,1:1,unentschieden,0
2013-02-10,Primeira Liga,P1,1213,sp lisbon,maritimo,1.7675,2.779,18,0.3225,3.1,3.27,,,,,0:1,niederlage,0
2013-02-11,Primeira Liga,P1,1213,sp braga,pacos ferreira,1.72,2.779,16,0.3476,2.88,3.03,,,,,2:3,niederlage,0
2013-02-16,Eredivisie,N1,1213,psv eindhoven,utrecht,1.3333,3.15,10,0.6011,1.66,1.75,,,,,2:1,sieg,1
2013-02-16,Scottish Premiership,SC0,1213,celtic,dundee united,1.3808,2.732,10,0.5619,1.78,1.87,,,,,6:2,sieg,1
2013-02-23,Ligue 1,F1,1213,rennes,sochaux,1.72,2.545,21,0.3277,3.05,3.21,,,,,2:2,unentschieden,0
2013-02-24,Ligue 1,F1,1213,bordeaux,brest,1.54,2.545,19,0.417,2.4,2.52,,,,,0:2,niederlage,0
2013-02-24,Ligue 1,F1,1213,lyon,lorient,1.7808,2.545,11,0.3457,2.89,3.05,,,,,3:1,sieg,1
2013-02-24,Eredivisie,N1,1213,ajax,den haag,1.2451,3.15,30,0.6045,1.65,1.74,,,,,1:1,unentschieden,0
2013-02-24,Eredivisie,N1,1213,az alkmaar,nac breda,1.5349,3.15,6,0.4773,2.1,2.21,,,,,0:1,niederlage,0
2013-03-02,Bundesliga,D1,1213,hamburg,greuther furth,1.7265,2.935,14,0.3533,2.83,2.98,,,,,1:1,unentschieden,0
2013-03-02,Bundesliga,D1,1213,leverkusen,stuttgart,1.6315,2.935,12,0.4015,2.49,2.62,,,,,2:1,sieg,1
2013-03-02,La Liga,SP1,1213,valencia,levante,1.5879,2.871,16,0.4051,2.47,2.6,,,,,2:2,unentschieden,0
2013-03-09,Bundesliga,D1,1213,bayern munich,fortuna dusseldorf,1.1746,2.935,16,0.7474,1.34,1.41,,,,,3:2,sieg,1
2013-03-09,Eredivisie,N1,1213,az alkmaar,den haag,1.6655,3.15,10,0.3949,2.53,2.67,,,,,1:1,unentschieden,0
2013-03-10,Serie A,I1,1213,atalanta,pescara,1.54,2.639,24,0.3955,2.53,2.66,,,,,2:1,sieg,1
2013-03-10,Primeira Liga,P1,1213,pacos ferreira,beira mar,1.6655,2.779,13,0.3821,2.62,2.76,,,,,1:1,unentschieden,0
2013-03-16,Bundesliga,D1,1213,dortmund,freiburg,1.4463,2.935,28,0.4341,2.3,2.43,,,,,5:1,sieg,1
2013-03-16,La Liga,SP1,1213,real madrid,mallorca,1.192,2.871,6,0.7593,1.32,1.39,,,,,5:2,sieg,1
2013-04-06,Scottish Premiership,SC0,1213,kilmarnock,dundee,1.7793,2.732,6,0.3667,2.73,2.87,,,,,1:2,niederlage,0
2013-04-06,La Liga,SP1,1213,real madrid,levante,1.2185,2.871,31,0.633,1.58,1.66,,,,,5:1,sieg,1
2013-04-08,Primeira Liga,P1,1213,porto,sp braga,1.5383,2.779,22,0.405,2.47,2.6,,,,,3:1,sieg,1
2013-04-14,Eredivisie,N1,1213,heerenveen,willem ii,1.3703,3.15,12,0.5614,1.78,1.88,,,,,3:2,sieg,1
2013-04-21,Serie A,I1,1213,napoli,cagliari,1.5349,2.639,18,0.4242,2.36,2.48,,,,,3:2,sieg,1
2013-04-21,Serie A,I1,1213,roma,pescara,1.2451,2.639,14,0.6705,1.49,1.57,,,,,1:1,unentschieden,0
2013-04-24,Ligue 1,F1,1213,st etienne,ajaccio,1.5312,2.545,15,0.4394,2.28,2.4,,,,,4:2,sieg,1
2013-04-28,Bundesliga,D1,1213,schalke 04,hamburg,1.6684,2.935,5,0.4152,2.41,2.54,,,,,4:1,sieg,1
2013-04-28,Serie A,I1,1213,milan,catania,1.42,2.639,30,0.4433,2.26,2.38,,,,,4:2,sieg,1
2013-05-04,Premier League,E0,1213,Fulham,reading,1.7731,2.797,12,0.3444,2.9,3.06,,,,,2:4,niederlage,0
2013-05-04,La Liga,SP1,1213,real madrid,valladolid,1.2593,2.871,8,0.6791,1.47,1.55,,,,,4:3,sieg,1
2013-05-05,Ligue 1,F1,1213,paris sg,valenciennes,1.2846,2.545,17,0.6168,1.62,1.71,,,,,1:1,unentschieden,0
2013-05-05,La Liga,SP1,1213,barcelona,betis,1.2714,2.871,2,0.6903,1.45,1.53,,,,,4:2,sieg,1
2013-05-11,Bundesliga,D1,1213,schalke 04,stuttgart,1.4463,2.935,24,0.4517,2.21,2.33,,,,,1:2,niederlage,0
2013-05-11,Serie A,I1,1213,juventus,cagliari,1.3703,2.639,12,0.5614,1.78,1.88,,,,,1:1,unentschieden,0
2013-05-12,Serie A,I1,1213,udinese,atalanta,1.4563,2.639,10,0.5075,1.97,2.08,,,,,2:1,sieg,1
2013-05-12,Eredivisie,N1,1213,vitesse,vvv venlo,1.3091,3.15,27,0.5491,1.82,1.92,,,,,0:1,niederlage,0
2013-05-19,Premier League,E0,1213,Manchester City,norwich,1.3627,2.797,26,0.5054,1.98,2.08,,,,,2:3,niederlage,0
2013-08-18,Ligue 1,F1,1314,paris sg,ajaccio,1.2769,2.455,9,0.6575,1.52,1.6,,,,,1:1,unentschieden,0
2013-08-18,Eredivisie,N1,1314,ajax,feyenoord,1.4533,3.196,6,0.5273,1.9,2.0,,,,,2:1,sieg,1
2013-08-18,La Liga,SP1,1314,real madrid,betis,1.236,2.75,14,0.6805,1.47,1.55,,,,,2:1,sieg,1
2013-08-24,Premier League,E0,1314,Southampton,Sunderland,1.7698,2.768,3,0.3828,2.61,2.75,,,,,1:1,unentschieden,0
2013-08-24,Scottish Premiership,SC0,1314,celtic,inverness c,1.5383,2.746,14,0.4399,2.27,2.39,,,,,2:2,unentschieden,0
2013-09-02,Primeira Liga,P1,1314,estoril,academica,1.6748,2.371,16,0.3656,2.73,2.88,,,,,1:1,unentschieden,0
2013-09-15,Primeira Liga,P1,1314,sp braga,estoril,1.6748,2.371,17,0.3615,2.77,2.91,,,,,3:2,sieg,1
2013-09-16,La Liga,SP1,1314,ath bilbao,celta,1.7793,2.75,14,0.3342,2.99,3.15,,,,,3:2,sieg,1
2013-09-22,La Liga,SP1,1314,real madrid,getafe,1.1924,2.75,5,0.7621,1.31,1.38,,,,,4:1,sieg,1
2013-09-28,La Liga,SP1,1314,real madrid,ath madrid,1.7265,2.75,11,0.3657,2.73,2.88,,,,,0:1,niederlage,0
2013-10-04,La Liga,SP1,1314,malaga,osasuna,1.6375,2.75,23,0.3527,2.84,2.99,,,,,0:1,niederlage,0
2013-10-05,Bundesliga,D1,1314,wolfsburg,braunschweig,1.3703,3.16,31,0.4767,2.1,2.21,,,,,0:2,niederlage,0
2013-10-05,Premier League,E0,1314,Manchester City,Everton,1.7013,2.768,16,0.3549,2.82,2.97,,,,,3:1,sieg,1
2013-10-05,La Liga,SP1,1314,barcelona,valladolid,1.1609,2.75,10,0.7843,1.27,1.34,,,,,4:1,sieg,1
2013-10-06,Ligue 1,F1,1314,bordeaux,sochaux,1.6776,2.455,17,0.3604,2.78,2.92,,,,,4:1,sieg,1
2013-10-06,Serie A,I1,1314,juventus,milan,1.678,2.724,1,0.4284,2.33,2.46,,,,,3:2,sieg,1
2013-10-19,Premier League,E0,1314,Chelsea,cardiff,1.2756,2.768,10,0.6547,1.53,1.61,,,,,4:1,sieg,1
2013-10-20,Eredivisie,N1,1314,az alkmaar,cambuur,1.6375,3.196,6,0.4248,2.35,2.48,,,,,3:1,sieg,1
2013-10-20,Eredivisie,N1,1314,heracles,nijmegen,1.7691,3.196,2,0.3873,2.58,2.72,,,,,1:1,unentschieden,0
2013-10-25,Primeira Liga,P1,1314,sp braga,academica,1.488,2.371,4,0.514,1.95,2.05,,,,,0:1,niederlage,0
2013-10-26,Bundesliga,D1,1314,bayern munich,hertha,1.1746,3.16,4,0.7858,1.27,1.34,,,,,3:2,sieg,1
2013-10-26,Bundesliga,D1,1314,leverkusen,augsburg,1.5964,3.16,24,0.3671,2.72,2.87,,,,,2:1,sieg,1
2013-10-26,Premier League,E0,1314,Manchester United,stoke,1.3627,2.768,4,0.6023,1.66,1.75,,,,,3:2,sieg,1
2013-10-26,Ligue 1,F1,1314,marseille,reims,1.6776,2.455,34,0.2936,3.41,3.59,,,,,2:3,niederlage,0
2013-10-31,La Liga,SP1,1314,ath bilbao,elche,1.7265,2.75,9,0.374,2.67,2.82,,,,,2:2,unentschieden,0
2013-10-31,La Liga,SP1,1314,villarreal,getafe,1.5349,2.75,5,0.4818,2.08,2.19,,,,,0:2,niederlage,0
2013-11-01,Bundesliga,D1,1314,dortmund,stuttgart,1.305,3.16,13,0.6139,1.63,1.72,,,,,6:1,sieg,1
2013-11-08,Ligue 1,F1,1314,monaco,evian thonon gaillard,1.3753,2.455,20,0.5218,1.92,2.02,,,,,1:1,unentschieden,0
2013-11-09,Bundesliga,D1,1314,m gladbach,nurnberg,1.6282,3.16,21,0.365,2.74,2.89,,,,,3:1,sieg,1
2013-11-09,Bundesliga,D1,1314,schalke 04,werder bremen,1.678,3.16,22,0.3398,2.94,3.1,,,,,3:1,sieg,1
2013-11-09,Ligue 1,F1,1314,toulouse,ajaccio,1.6748,2.455,7,0.4037,2.48,2.61,,,,,1:1,unentschieden,0
2013-11-09,Eredivisie,N1,1314,roda,go ahead eagles,1.7209,3.196,9,0.3762,2.66,2.8,,,,,1:4,niederlage,0
2013-11-09,La Liga,SP1,1314,ath bilbao,levante,1.5966,2.75,33,0.3305,3.03,3.19,,,,,2:1,sieg,1
2013-11-10,Premier League,E0,1314,Tottenham,Newcastle,1.6041,2.768,13,0.4101,2.44,2.57,,,,,0:1,niederlage,0
2013-11-10,La Liga,SP1,1314,valencia,valladolid,1.6375,2.75,9,0.4117,2.43,2.56,,,,,2:2,unentschieden,0
2013-12-01,Premier League,E0,1314,Chelsea,Southampton,1.6153,2.768,1,0.4574,2.19,2.3,,,,,3:1,sieg,1
2013-12-04,Premier League,E0,1314,Southampton,Aston Villa,1.743,2.768,15,0.3431,2.91,3.07,,,,,2:3,niederlage,0
2013-12-06,Primeira Liga,P1,1314,benfica,arouca,1.2416,2.371,18,0.6584,1.52,1.6,,,,,2:2,unentschieden,0
2013-12-07,Bundesliga,D1,1314,dortmund,leverkusen,1.5964,3.16,18,0.3924,2.55,2.68,,,,,0:1,niederlage,0
2013-12-08,Serie A,I1,1314,inter,parma,1.74,2.724,11,0.3605,2.77,2.92,,,,,3:3,unentschieden,0
2013-12-08,Eredivisie,N1,1314,groningen,den haag,1.6509,3.196,32,0.3114,3.21,3.38,,,,,1:2,niederlage,0
2013-12-09,Premier League,E0,1314,swansea,hull,1.7848,2.768,9,0.3524,2.84,2.99,,,,,1:1,unentschieden,0
2013-12-13,Bundesliga,D1,1314,hertha,werder bremen,1.7136,3.16,15,0.3542,2.82,2.97,,,,,3:2,sieg,1
2013-12-15,Ligue 1,F1,1314,lille,bastia,1.5349,2.455,3,0.4907,2.04,2.15,,,,,2:1,sieg,1
2013-12-15,Eredivisie,N1,1314,vitesse,nac breda,1.3314,3.196,24,0.5415,1.85,1.94,,,,,3:2,sieg,1
2013-12-20,Ligue 1,F1,1314,monaco,valenciennes,1.306,2.455,30,0.5388,1.86,1.95,,,,,1:2,niederlage,0
2013-12-21,La Liga,SP1,1314,ath madrid,levante,1.2191,2.75,1,0.7462,1.34,1.41,,,,,3:2,sieg,1
2013-12-26,Premier League,E0,1314,Everton,Sunderland,1.4022,2.768,25,0.4786,2.09,2.2,,,,,0:1,niederlage,0
2013-12-26,Premier League,E0,1314,Manchester City,Liverpool,1.7971,2.768,24,0.29,3.45,3.63,,,,,2:1,sieg,1
2013-12-26,Premier League,E0,1314,Newcastle,stoke,1.7939,2.768,29,0.2729,3.66,3.86,,,,,5:1,sieg,1
2014-01-01,Scottish Premiership,SC0,1314,inverness c,ross county,1.6277,2.746,15,0.3904,2.56,2.7,,,,,1:2,niederlage,0
2014-01-13,Serie A,I1,1314,inter,chievo,1.5383,2.724,8,0.4665,2.14,2.26,,,,,1:1,unentschieden,0
2014-01-18,Premier League,E0,1314,Liverpool,Aston Villa,1.2556,2.768,25,0.6137,1.63,1.72,,,,,2:2,unentschieden,0
2014-01-20,La Liga,SP1,1314,ath bilbao,valladolid,1.4463,2.75,15,0.4918,2.03,2.14,,,,,4:2,sieg,1
2014-01-25,Bundesliga,D1,1314,wolfsburg,hannover,1.6509,3.16,28,0.327,3.06,3.22,,,,,1:3,niederlage,0
2014-01-25,Serie A,I1,1314,napoli,chievo,1.3747,2.724,18,0.5312,1.88,1.98,,,,,1:1,unentschieden,0
2014-01-25,La Liga,SP1,1314,valencia,espanol,1.6375,2.75,3,0.4379,2.28,2.4,,,,,2:2,unentschieden,0
2014-01-26,Serie A,I1,1314,fiorentina,genoa,1.413,2.724,27,0.4617,2.17,2.28,,,,,3:3,unentschieden,0
2014-02-01,Bundesliga,D1,1314,augsburg,werder bremen,1.7793,3.16,3,0.3793,2.64,2.78,,,,,3:1,sieg,1
2014-02-01,Bundesliga,D1,1314,leverkusen,stuttgart,1.5971,3.16,12,0.4179,2.39,2.52,,,,,2:1,sieg,1
2014-02-01,Premier League,E0,1314,Everton,Aston Villa,1.5719,2.768,34,0.3379,2.96,3.12,,,,,2:1,sieg,1
2014-02-01,Serie A,I1,1314,milan,torino,1.6993,2.724,17,0.3516,2.84,2.99,,,,,1:1,unentschieden,0
2014-02-02,Eredivisie,N1,1314,twente,cambuur,1.3312,3.196,25,0.5372,1.86,1.96,,,,,3:1,sieg,1
2014-02-04,Eredivisie,N1,1314,vitesse,az alkmaar,1.729,3.196,20,0.3283,3.05,3.21,,,,,0:2,niederlage,0
2014-02-08,Ligue 1,F1,1314,montpellier,evian thonon gaillard,1.7676,2.455,32,0.2703,3.7,3.9,,,,,1:1,unentschieden,0
2014-02-08,Eredivisie,N1,1314,feyenoord,nijmegen,1.2986,3.196,11,0.6283,1.59,1.68,,,,,5:1,sieg,1
2014-02-09,Premier League,E0,1314,Manchester United,Fulham,1.2346,2.768,19,0.6624,1.51,1.59,,,,,2:2,unentschieden,0
2014-02-16,La Liga,SP1,1314,ath bilbao,espanol,1.6748,2.75,6,0.408,2.45,2.58,,,,,1:2,niederlage,0
2014-02-22,Bundesliga,D1,1314,nurnberg,braunschweig,1.7265,3.16,34,0.2764,3.62,3.81,,,,,2:1,sieg,1
2014-02-23,Eredivisie,N1,1314,vitesse,waalwijk,1.3808,3.196,14,0.5442,1.84,1.94,,,,,3:1,sieg,1
2014-03-08,Bundesliga,D1,1314,stuttgart,braunschweig,1.7735,3.16,24,0.2975,3.36,3.54,,,,,2:2,unentschieden,0
2014-03-08,Ligue 1,F1,1314,nantes,ajaccio,1.6803,2.455,5,0.41,2.44,2.57,,,,,2:2,unentschieden,0
2014-03-15,Bundesliga,D1,1314,dortmund,m gladbach,1.4533,3.16,31,0.4163,2.4,2.53,,,,,1:2,niederlage,0
2014-03-15,Eredivisie,N1,1314,heracles,roda,1.7209,3.196,14,0.3555,2.81,2.96,,,,,2:1,sieg,1
2014-03-15,Scottish Premiership,SC0,1314,dundee united,st mirren,1.6375,2.746,20,0.365,2.74,2.88,,,,,3:2,sieg,1
2014-03-22,Scottish Premiership,SC0,1314,aberdeen,kilmarnock,1.5893,2.746,11,0.4262,2.35,2.47,,,,,2:1,sieg,1
2014-03-23,Serie A,I1,1314,parma,genoa,1.6803,2.724,21,0.3429,2.92,3.07,,,,,1:1,unentschieden,0
2014-03-25,Premier League,E0,1314,Arsenal,swansea,1.6153,2.768,11,0.4134,2.42,2.55,,,,,2:2,unentschieden,0
2014-03-29,Bundesliga,D1,1314,bayern munich,hoffenheim,1.2185,3.16,23,0.6656,1.5,1.58,,,,,3:3,unentschieden,0
2014-03-29,Premier League,E0,1314,Manchester United,Aston Villa,1.4865,2.768,13,0.4747,2.11,2.22,,,,,4:1,sieg,1
2014-03-29,Scottish Premiership,SC0,1314,celtic,ross county,1.2723,2.746,16,0.6335,1.58,1.66,,,,,1:1,unentschieden,0
2014-03-30,La Liga,SP1,1314,villarreal,elche,1.5383,2.75,31,0.3668,2.73,2.87,,,,,1:1,unentschieden,0
2014-04-05,Bundesliga,D1,1314,dortmund,wolfsburg,1.5415,3.16,34,0.3528,2.83,2.98,,,,,2:1,sieg,1
2014-04-07,Premier League,E0,1314,Tottenham,Sunderland,1.6153,2.768,17,0.3877,2.58,2.72,,,,,5:1,sieg,1
2014-04-12,Bundesliga,D1,1314,bayern munich,dortmund,1.5964,3.16,20,0.3839,2.6,2.74,,,,,0:3,niederlage,0
2014-04-12,Bundesliga,D1,1314,wolfsburg,nurnberg,1.6729,3.16,8,0.4003,2.5,2.63,,,,,4:1,sieg,1
2014-04-13,Serie A,I1,1314,napoli,lazio,1.7136,2.724,21,0.33,3.03,3.19,,,,,4:2,sieg,1
2014-04-16,Premier League,E0,1314,Everton,Crystal Palace,1.4347,2.768,23,0.4641,2.15,2.27,,,,,2:3,niederlage,0
2014-04-26,Bundesliga,D1,1314,bayern munich,werder bremen,1.2805,3.16,10,0.6499,1.54,1.62,,,,,5:2,sieg,1
2014-04-27,Eredivisie,N1,1314,vitesse,go ahead eagles,1.3747,3.196,30,0.4776,2.09,2.2,,,,,2:2,unentschieden,0
2014-05-03,Bundesliga,D1,1314,dortmund,hoffenheim,1.4416,3.16,5,0.5396,1.85,1.95,,,,,3:2,sieg,1
2014-05-03,Premier League,E0,1314,Manchester United,Sunderland,1.3965,2.768,30,0.4606,2.17,2.29,,,,,0:1,niederlage,0
2014-05-06,Serie A,I1,1314,fiorentina,sassuolo,1.7599,2.724,23,0.3058,3.27,3.44,,,,,3:4,niederlage,0
2014-05-10,Bundesliga,D1,1314,augsburg,ein frankfurt,1.6315,3.16,15,0.3887,2.57,2.71,,,,,2:1,sieg,1
2014-05-10,Bundesliga,D1,1314,leverkusen,werder bremen,1.3312,3.16,21,0.555,1.8,1.9,,,,,2:1,sieg,1
2014-05-10,Primeira Liga,P1,1314,pacos ferreira,academica,1.72,2.371,7,0.385,2.6,2.74,,,,,2:4,niederlage,0
2014-05-11,Premier League,E0,1314,Liverpool,Newcastle,1.2565,2.768,20,0.6337,1.58,1.66,,,,,2:1,sieg,1
2014-05-11,Primeira Liga,P1,1314,sp lisbon,estoril,1.638,2.371,5,0.4289,2.33,2.46,,,,,0:1,niederlage,0
2014-08-10,Ligue 1,F1,1415,monaco,lorient,1.488,2.492,9,0.4916,2.03,2.14,,,,,1:2,niederlage,0
2014-08-16,Premier League,E0,1415,Manchester United,swansea,1.3956,2.566,28,0.4702,2.13,2.24,,,,,1:2,niederlage,0
2014-08-16,Eredivisie,N1,1415,vitesse,cambuur,1.6315,3.078,10,0.4101,2.44,2.57,,,,,2:2,unentschieden,0
2014-08-17,Ligue 1,F1,1415,marseille,montpellier,1.6518,2.492,18,0.3671,2.72,2.87,,,,,0:2,niederlage,0
2014-08-17,Ligue 1,F1,1415,st etienne,reims,1.6,2.492,27,0.3531,2.83,2.98,,,,,3:1,sieg,1
2014-08-23,Bundesliga,D1,1415,dortmund,leverkusen,1.6766,2.755,1,0.429,2.33,2.45,,,,,0:2,niederlage,0
2014-08-24,Ligue 1,F1,1415,lyon,lens,1.5383,2.492,11,0.4531,2.21,2.32,,,,,0:1,niederlage,0
2014-08-30,Bundesliga,D1,1415,hamburg,paderborn,1.7735,2.755,29,0.2792,3.58,3.77,,,,,0:3,niederlage,0
2014-08-30,Bundesliga,D1,1415,leverkusen,hertha,1.5415,2.755,24,0.3947,2.53,2.67,,,,,4:2,sieg,1
2014-08-31,Ligue 1,F1,1415,bordeaux,bastia,1.72,2.492,18,0.3396,2.94,3.1,,,,,1:1,unentschieden,0
2014-09-13,Premier League,E0,1415,Chelsea,swansea,1.3344,2.566,11,0.5958,1.68,1.77,,,,,4:2,sieg,1
2014-09-13,Premier League,E0,1415,Liverpool,Aston Villa,1.3348,2.566,9,0.6041,1.66,1.74,,,,,0:1,niederlage,0
2014-09-13,Eredivisie,N1,1415,feyenoord,willem ii,1.4463,3.078,8,0.5231,1.91,2.01,,,,,1:2,niederlage,0
2014-09-13,Primeira Liga,P1,1415,sp lisbon,belenenses,1.4533,2.493,28,0.4294,2.33,2.45,,,,,1:1,unentschieden,0
2014-09-13,La Liga,SP1,1415,real madrid,ath madrid,1.7793,2.655,10,0.3503,2.85,3.01,,,,,1:2,niederlage,0
2014-09-20,La Liga,SP1,1415,ath madrid,celta,1.5349,2.655,19,0.4198,2.38,2.51,,,,,2:2,unentschieden,0
2014-09-21,Primeira Liga,P1,1415,benfica,moreirense,1.28,2.493,16,0.6256,1.6,1.68,,,,,3:1,sieg,1
2014-09-21,Scottish Premiership,SC0,1415,celtic,motherwell,1.305,2.575,19,0.5881,1.7,1.79,,,,,1:1,unentschieden,0
2014-09-21,La Liga,SP1,1415,sociedad,almeria,1.5415,2.655,30,0.3693,2.71,2.85,,,,,1:2,niederlage,0
2014-09-21,La Liga,SP1,1415,villarreal,vallecano,1.638,2.655,22,0.3565,2.8,2.95,,,,,4:2,sieg,1
2014-09-23,Bundesliga,D1,1415,hoffenheim,freiburg,1.7136,2.755,31,0.2918,3.43,3.61,,,,,3:3,unentschieden,0
2014-09-23,La Liga,SP1,1415,real madrid,elche,1.137,2.655,15,0.8016,1.25,1.31,,,,,5:1,sieg,1
2014-09-27,Ligue 1,F1,1415,monaco,nice,1.5893,2.492,7,0.4437,2.25,2.37,,,,,0:1,niederlage,0
2014-09-28,Serie A,I1,1415,inter,cagliari,1.5383,2.695,10,0.4576,2.19,2.3,,,,,1:4,niederlage,0
2014-10-04,Bundesliga,D1,1415,leverkusen,paderborn,1.4196,2.755,20,0.4881,2.05,2.16,,,,,2:2,unentschieden,0
2014-10-05,Serie A,I1,1415,napoli,torino,1.5893,2.695,14,0.4131,2.42,2.55,,,,,2:1,sieg,1
2014-10-05,Scottish Premiership,SC0,1415,inverness c,ross county,1.5893,2.575,21,0.3831,2.61,2.75,,,,,1:1,unentschieden,0
2014-10-19,Eredivisie,N1,1415,groningen,excelsior,1.6766,3.078,16,0.3649,2.74,2.89,,,,,1:1,unentschieden,0
2014-10-24,Ligue 1,F1,1415,toulouse,lens,1.6776,2.492,11,0.3854,2.59,2.73,,,,,0:2,niederlage,0
2014-10-26,Serie A,I1,1415,napoli,verona,1.4861,2.695,1,0.5285,1.89,1.99,,,,,6:2,sieg,1
2014-11-01,Bundesliga,D1,1415,bayern munich,dortmund,1.5415,2.755,31,0.3652,2.74,2.88,,,,,2:1,sieg,1
2014-11-02,Serie A,I1,1415,milan,palermo,1.5893,2.695,23,0.3747,2.67,2.81,,,,,0:2,niederlage,0
2014-11-02,Eredivisie,N1,1415,az alkmaar,excelsior,1.5942,3.078,10,0.4281,2.34,2.46,,,,,3:3,unentschieden,0
2014-11-08,Eredivisie,N1,1415,heerenveen,go ahead eagles,1.5415,3.078,21,0.4076,2.45,2.58,,,,,2:2,unentschieden,0
2014-11-09,Premier League,E0,1415,Tottenham,stoke,1.7341,2.566,6,0.3837,2.61,2.74,,,,,1:2,niederlage,0
2014-11-09,Serie A,I1,1415,inter,verona,1.5453,2.695,10,0.4537,2.2,2.32,,,,,2:2,unentschieden,0
2014-11-09,Primeira Liga,P1,1415,sp lisbon,pacos ferreira,1.5893,2.493,31,0.3418,2.93,3.08,,,,,1:1,unentschieden,0
2014-11-22,Premier League,E0,1415,Manchester City,swansea,1.4314,2.566,9,0.5289,1.89,1.99,,,,,2:1,sieg,1
2014-11-22,Premier League,E0,1415,stoke,Burnley,1.743,2.566,12,0.3553,2.81,2.96,,,,,1:2,niederlage,0
2014-11-22,Eredivisie,N1,1415,ajax,heerenveen,1.4533,3.078,18,0.4737,2.11,2.22,,,,,4:1,sieg,1
2014-11-29,Bundesliga,D1,1415,leverkusen,koln,1.5772,2.755,4,0.4633,2.16,2.27,,,,,5:1,sieg,1
2014-11-29,La Liga,SP1,1415,celta,eibar,1.6995,2.655,30,0.3005,3.33,3.5,,,,,0:1,niederlage,0
2014-11-29,La Liga,SP1,1415,espanol,levante,1.755,2.655,12,0.3509,2.85,3.0,,,,,2:1,sieg,1
2014-11-30,Eredivisie,N1,1415,twente,groningen,1.4196,3.078,19,0.4926,2.03,2.14,,,,,1:2,niederlage,0
2014-12-06,Ligue 1,F1,1415,paris sg,nantes,1.3518,2.492,8,0.594,1.68,1.77,,,,,2:1,sieg,1
2014-12-06,Serie A,I1,1415,roma,sassuolo,1.4011,2.695,15,0.5241,1.91,2.01,,,,,2:2,unentschieden,0
2014-12-06,Eredivisie,N1,1415,cambuur,nac breda,1.5383,3.078,27,0.3836,2.61,2.74,,,,,0:1,niederlage,0
2014-12-06,La Liga,SP1,1415,ath bilbao,cordoba,1.4667,2.655,23,0.4428,2.26,2.38,,,,,0:1,niederlage,0
2014-12-07,Serie A,I1,1415,atalanta,cesena,1.6992,2.695,31,0.2969,3.37,3.55,,,,,3:2,sieg,1
2014-12-07,Serie A,I1,1415,napoli,empoli,1.399,2.695,19,0.5078,1.97,2.07,,,,,2:2,unentschieden,0
2014-12-07,La Liga,SP1,1415,barcelona,espanol,1.1427,2.655,13,0.7994,1.25,1.32,,,,,5:1,sieg,1
2014-12-12,Eredivisie,N1,1415,heracles,dordrecht,1.3886,3.078,3,0.5865,1.71,1.8,,,,,1:1,unentschieden,0
2014-12-13,Eredivisie,N1,1415,den haag,excelsior,1.729,3.078,13,0.3565,2.81,2.95,,,,,2:2,unentschieden,0
2014-12-13,Scottish Premiership,SC0,1415,inverness c,partick,1.7209,2.575,12,0.3637,2.75,2.9,,,,,0:4,niederlage,0
2014-12-14,Eredivisie,N1,1415,feyenoord,az alkmaar,1.4947,3.078,25,0.4167,2.4,2.53,,,,,2:2,unentschieden,0
2014-12-19,La Liga,SP1,1415,celta,almeria,1.5415,2.655,17,0.4249,2.35,2.48,,,,,0:1,niederlage,0
2014-12-20,Bundesliga,D1,1415,wolfsburg,koln,1.5714,2.755,11,0.4353,2.3,2.42,,,,,2:1,sieg,1
2014-12-20,Eredivisie,N1,1415,az alkmaar,utrecht,1.6766,3.078,12,0.3816,2.62,2.76,,,,,0:3,niederlage,0
2015-01-11,Primeira Liga,P1,1415,nacional,boavista,1.72,2.493,3,0.4021,2.49,2.62,,,,,2:1,sieg,1
2015-01-11,La Liga,SP1,1415,ath bilbao,elche,1.6066,2.655,17,0.3918,2.55,2.69,,,,,1:2,niederlage,0
2015-01-18,Ligue 1,F1,1415,paris sg,evian thonon gaillard,1.238,2.492,14,0.6783,1.47,1.55,,,,,4:2,sieg,1
2015-01-18,Serie A,I1,1415,milan,atalanta,1.6011,2.695,33,0.3285,3.04,3.21,,,,,0:1,niederlage,0
2015-01-24,Primeira Liga,P1,1415,guimaraes,gil vicente,1.5893,2.493,27,0.3581,2.79,2.94,,,,,2:2,unentschieden,0
2015-01-25,Serie A,I1,1415,parma,cesena,1.6992,2.695,21,0.3355,2.98,3.14,,,,,1:2,niederlage,0
2015-01-31,Eredivisie,N1,1415,psv eindhoven,willem ii,1.2451,3.078,30,0.6045,1.65,1.74,,,,,2:1,sieg,1
2015-01-31,La Liga,SP1,1415,real madrid,sociedad,1.238,2.655,1,0.7268,1.38,1.45,,,,,4:1,sieg,1
2015-02-01,La Liga,SP1,1415,barcelona,villarreal,1.2637,2.655,30,0.5831,1.71,1.81,,,,,3:2,sieg,1
2015-02-01,La Liga,SP1,1415,sevilla,espanol,1.6963,2.655,15,0.361,2.77,2.92,,,,,3:2,sieg,1
2015-02-04,Bundesliga,D1,1415,hoffenheim,werder bremen,1.7492,2.755,8,0.3695,2.71,2.85,,,,,1:2,niederlage,0
2015-02-07,Eredivisie,N1,1415,twente,excelsior,1.4196,3.078,21,0.4836,2.07,2.18,,,,,1:3,niederlage,0
2015-02-08,Serie A,I1,1415,fiorentina,atalanta,1.5714,2.695,9,0.4441,2.25,2.37,,,,,3:2,sieg,1
2015-02-09,Serie A,I1,1415,lazio,genoa,1.6542,2.695,29,0.3217,3.11,3.27,,,,,0:1,niederlage,0
2015-02-13,Bundesliga,D1,1415,dortmund,mainz,1.3933,2.755,1,0.5916,1.69,1.78,,,,,4:2,sieg,1
2015-02-13,Ligue 1,F1,1415,marseille,reims,1.406,2.492,6,0.5604,1.78,1.88,,,,,2:2,unentschieden,0
2015-02-14,Eredivisie,N1,1415,den haag,nac breda,1.7485,3.078,10,0.3615,2.77,2.91,,,,,3:2,sieg,1
2015-02-15,Eredivisie,N1,1415,zwolle,go ahead eagles,1.6375,3.078,24,0.3486,2.87,3.02,,,,,0:1,niederlage,0
2015-02-20,Serie A,I1,1415,juventus,atalanta,1.2287,2.695,25,0.6451,1.55,1.63,,,,,2:1,sieg,1
2015-02-21,Primeira Liga,P1,1415,sp braga,nacional,1.6993,2.493,22,0.3315,3.02,3.18,,,,,3:1,sieg,1
2015-02-21,La Liga,SP1,1415,barcelona,malaga,1.1639,2.655,7,0.7896,1.27,1.33,,,,,0:1,niederlage,0
2015-02-22,Serie A,I1,1415,lazio,palermo,1.6877,2.695,26,0.3202,3.12,3.29,,,,,2:1,sieg,1
2015-02-22,Eredivisie,N1,1415,feyenoord,excelsior,1.28,3.078,7,0.6625,1.51,1.59,,,,,3:2,sieg,1
2015-02-28,Eredivisie,N1,1415,vitesse,zwolle,1.5964,3.078,4,0.4534,2.21,2.32,,,,,2:1,sieg,1
2015-02-28,La Liga,SP1,1415,vallecano,levante,1.749,2.655,13,0.349,2.87,3.02,,,,,4:2,sieg,1
2015-03-01,Eredivisie,N1,1415,psv eindhoven,ajax,1.6315,3.078,30,0.3271,3.06,3.22,,,,,1:3,niederlage,0
2015-03-07,Serie A,I1,1415,milan,verona,1.626,2.695,18,0.3785,2.64,2.78,,,,,2:2,unentschieden,0
2015-03-15,Serie A,I1,1415,inter,cesena,1.4295,2.695,30,0.4367,2.29,2.41,,,,,1:1,unentschieden,0
2015-03-20,Eredivisie,N1,1415,utrecht,nac breda,1.5989,3.078,32,0.3334,3.0,3.16,,,,,3:4,niederlage,0
2015-03-21,Ligue 1,F1,1415,lyon,nice,1.6011,2.492,23,0.3691,2.71,2.85,,,,,1:2,niederlage,0
2015-03-21,Primeira Liga,P1,1415,estoril,penafiel,1.6911,2.493,15,0.3631,2.75,2.9,,,,,3:3,unentschieden,0
2015-03-22,Bundesliga,D1,1415,bayern munich,m gladbach,1.2248,2.755,30,0.6292,1.59,1.67,,,,,0:2,niederlage,0
2015-03-22,La Liga,SP1,1415,sociedad,cordoba,1.702,2.655,12,0.3712,2.69,2.84,,,,,3:1,sieg,1
2015-04-04,Eredivisie,N1,1415,vitesse,groningen,1.4196,3.078,13,0.5194,1.93,2.03,,,,,1:1,unentschieden,0
2015-04-09,La Liga,SP1,1415,villarreal,espanol,1.652,2.655,24,0.3424,2.92,3.07,,,,,0:3,niederlage,0
2015-04-19,Serie A,I1,1415,empoli,parma,1.638,2.695,19,0.3689,2.71,2.85,,,,,2:2,unentschieden,0
2015-04-24,Ligue 1,F1,1415,marseille,lorient,1.4344,2.492,9,0.5268,1.9,2.0,,,,,3:5,niederlage,0
2015-04-24,Primeira Liga,P1,1415,sp braga,belenenses,1.4889,2.493,15,0.4643,2.15,2.27,,,,,1:1,unentschieden,0
2015-04-25,Ligue 1,F1,1415,bordeaux,metz,1.702,2.492,24,0.3226,3.1,3.26,,,,,1:1,unentschieden,0
2015-04-26,Griechenland Super League,G1,1415,paok,giannina,1.4281,2.445,12,0.5178,1.93,2.03,,,,,1:1,unentschieden,0
2015-04-26,Serie A,I1,1415,fiorentina,cagliari,1.4952,2.695,7,0.4961,2.02,2.12,,,,,1:3,niederlage,0
2015-04-26,Serie A,I1,1415,napoli,sampdoria,1.5714,2.695,12,0.4309,2.32,2.44,,,,,4:2,sieg,1
2015-04-29,Serie A,I1,1415,juventus,fiorentina,1.749,2.695,33,0.2726,3.67,3.86,,,,,3:2,sieg,1
2015-05-03,Ligue 1,F1,1415,lille,lens,1.6066,2.492,24,0.3624,2.76,2.91,,,,,3:1,sieg,1
2015-05-03,La Liga,SP1,1415,malaga,elche,1.6963,2.655,29,0.3055,3.27,3.45,,,,,1:2,niederlage,0
2015-05-09,Ligue 1,F1,1415,bordeaux,nantes,1.6604,2.492,15,0.3759,2.66,2.8,,,,,2:1,sieg,1
2015-05-09,La Liga,SP1,1415,real madrid,valencia,1.4697,2.655,19,0.4586,2.18,2.3,,,,,2:2,unentschieden,0
2015-05-12,Süper Lig,T1,1415,buyuksehyr,sivasspor,1.6458,2.853,17,0.3739,2.67,2.82,,,,,2:1,sieg,1
2015-05-16,Ligue 1,F1,1415,nice,lens,1.6963,2.492,14,0.3651,2.74,2.88,,,,,2:1,sieg,1
2015-05-17,Serie A,I1,1415,roma,udinese,1.3664,2.695,19,0.5335,1.87,1.97,,,,,2:1,sieg,1
2015-05-17,La Liga,SP1,1415,sevilla,almeria,1.3125,2.655,30,0.5325,1.88,1.98,,,,,2:1,sieg,1
2015-05-17,La Liga,SP1,1415,valencia,celta,1.6943,2.655,8,0.3912,2.56,2.69,,,,,1:1,unentschieden,0
2015-05-18,Serie A,I1,1415,napoli,cesena,1.238,2.695,15,0.6744,1.48,1.56,,,,,3:2,sieg,1
2015-05-23,La Liga,SP1,1415,celta,espanol,1.7829,2.655,23,0.2982,3.35,3.53,,,,,3:2,sieg,1
2015-05-23,Süper Lig,T1,1415,trabzonspor,balikesirspor,1.4225,2.853,28,0.4504,2.22,2.34,,,,,3:2,sieg,1
2015-05-24,Premier League,E0,1415,Chelsea,Sunderland,1.4022,2.566,26,0.4741,2.11,2.22,,,,,3:1,sieg,1
2015-08-01,Scottish Premiership,SC0,1516,inverness c,motherwell,1.7735,2.851,4,0.3772,2.65,2.79,,,,,0:1,niederlage,0
2015-08-08,Premier League,E0,1516,Everton,watford,1.745,2.7,13,0.3505,2.85,3.0,,,,,2:2,unentschieden,0
2015-08-08,Ligue 1,F1,1516,marseille,caen,1.6542,2.526,27,0.3296,3.03,3.2,,,,,0:1,niederlage,0
2015-08-15,Bundesliga,D1,1516,leverkusen,hoffenheim,1.5772,2.83,5,0.4588,2.18,2.3,,,,,2:1,sieg,1
2015-08-15,Eredivisie,N1,1516,twente,den haag,1.729,2.98,12,0.3606,2.77,2.92,,,,,1:4,niederlage,0
2015-08-22,Bundesliga,D1,1516,schalke 04,darmstadt,1.512,2.83,9,0.4771,2.1,2.21,,,,,1:1,unentschieden,0
2015-08-22,Ligue 1,F1,1516,lyon,rennes,1.643,2.526,7,0.4179,2.39,2.52,,,,,1:2,niederlage,0
2015-08-24,Süper Lig,T1,1516,galatasaray,osmanlispor,1.4978,2.703,30,0.3934,2.54,2.68,,,,,1:2,niederlage,0
2015-08-28,La Liga,SP1,1516,villarreal,espanol,1.6547,2.745,5,0.4213,2.37,2.5,,,,,3:1,sieg,1
2015-08-29,Belgien Pro League,B1,1516,gent,mechelen,1.5947,2.892,7,0.441,2.27,2.39,,,,,2:2,unentschieden,0
2015-08-29,Premier League,E0,1516,Liverpool,West Ham,1.3984,2.7,3,0.5791,1.73,1.82,,,,,0:3,niederlage,0
2015-08-29,Primeira Liga,P1,1516,benfica,moreirense,1.28,2.716,29,0.5698,1.76,1.85,,,,,3:2,sieg,1
2015-08-29,Scottish Premiership,SC0,1516,celtic,st johnstone,1.2451,2.851,11,0.6822,1.47,1.54,,,,,3:1,sieg,1
2015-08-30,Griechenland Super League,G1,1516,asteras tripolis,panetolikos,1.6266,2.263,34,0.3136,3.19,3.36,,,,,0:2,niederlage,0
2015-09-11,Bundesliga,D1,1516,m gladbach,hamburg,1.7515,2.83,11,0.3562,2.81,2.96,,,,,0:3,niederlage,0
2015-09-12,Bundesliga,D1,1516,leverkusen,darmstadt,1.3045,2.83,8,0.6353,1.57,1.66,,,,,0:1,niederlage,0
2015-09-12,Serie A,I1,1516,juventus,chievo,1.4667,2.576,5,0.523,1.91,2.01,,,,,1:1,unentschieden,0
2015-09-19,Belgien Pro League,B1,1516,lokeren,mouscron peruwelz,1.5966,2.892,5,0.4489,2.23,2.35,,,,,1:2,niederlage,0
2015-09-19,Premier League,E0,1516,Manchester City,West Ham,1.3157,2.7,6,0.6335,1.58,1.66,,,,,1:2,niederlage,0
2015-09-20,Ligue 1,F1,1516,monaco,lorient,1.7813,2.526,12,0.3415,2.93,3.08,,,,,2:3,niederlage,0
2015-09-20,Serie A,I1,1516,roma,sassuolo,1.4758,2.576,22,0.4414,2.27,2.39,,,,,2:2,unentschieden,0
2015-09-22,Bundesliga,D1,1516,bayern munich,wolfsburg,1.3125,2.83,26,0.5503,1.82,1.91,,,,,5:1,sieg,1
2015-09-25,Belgien Pro League,B1,1516,waregem,westerlo,1.5349,2.892,22,0.4068,2.46,2.59,,,,,4:2,sieg,1
2015-09-26,Belgien Pro League,B1,1516,standard,oud heverlee leuven,1.6729,2.892,3,0.4219,2.37,2.5,,,,,2:2,unentschieden,0
2015-09-26,Eredivisie,N1,1516,utrecht,cambuur,1.5964,2.98,26,0.3588,2.79,2.93,,,,,3:3,unentschieden,0
2015-09-26,Süper Lig,T1,1516,galatasaray,gaziantepspor,1.5415,2.703,9,0.4602,2.17,2.29,,,,,2:1,sieg,1
2015-09-27,Bundesliga,D1,1516,dortmund,darmstadt,1.2012,2.83,17,0.71,1.41,1.48,,,,,2:2,unentschieden,0
2015-10-03,Premier League,E0,1516,Manchester City,Newcastle,1.2747,2.7,18,0.6227,1.61,1.69,,,,,6:1,sieg,1
2015-10-03,Scottish Premiership,SC0,1516,aberdeen,st johnstone,1.678,2.851,5,0.411,2.43,2.56,,,,,1:5,niederlage,0
2015-10-04,Bundesliga,D1,1516,leverkusen,augsburg,1.4697,2.83,12,0.4898,2.04,2.15,,,,,1:1,unentschieden,0
2015-10-04,Ligue 1,F1,1516,paris sg,marseille,1.399,2.526,30,0.4587,2.18,2.3,,,,,2:1,sieg,1
2015-10-04,Serie A,I1,1516,juventus,bologna,1.2796,2.576,5,0.6708,1.49,1.57,,,,,3:1,sieg,1
2015-10-17,Belgien Pro League,B1,1516,standard,westerlo,1.4861,2.892,9,0.4928,2.03,2.14,,,,,1:2,niederlage,0
2015-10-17,La Liga,SP1,1516,barcelona,vallecano,1.2027,2.745,15,0.7155,1.4,1.47,,,,,5:2,sieg,1
2015-10-23,Belgien Pro League,B1,1516,genk,mouscron peruwelz,1.5415,2.892,22,0.4032,2.48,2.61,,,,,0:4,niederlage,0
2015-10-25,La Liga,SP1,1516,barcelona,eibar,1.1694,2.745,10,0.7736,1.29,1.36,,,,,3:1,sieg,1
2015-10-28,Süper Lig,T1,1516,trabzonspor,gaziantepspor,1.5964,2.703,31,0.3385,2.95,3.11,,,,,2:2,unentschieden,0
2015-11-07,Bundesliga,D1,1516,leverkusen,koln,1.5772,2.83,17,0.4062,2.46,2.59,,,,,1:2,niederlage,0
2015-11-07,Scottish Premiership,SC0,1516,st johnstone,kilmarnock,1.7543,2.851,2,0.3929,2.55,2.68,,,,,2:1,sieg,1
2015-11-08,Belgien Pro League,B1,1516,gent,charleroi,1.5964,2.892,23,0.3713,2.69,2.84,,,,,1:3,niederlage,0
2015-11-08,Premier League,E0,1516,Arsenal,Tottenham,1.7785,2.7,32,0.267,3.75,3.94,,,,,1:1,unentschieden,0
2015-11-08,Premier League,E0,1516,Liverpool,Crystal Palace,1.7178,2.7,21,0.3285,3.04,3.21,,,,,1:2,niederlage,0
2015-11-08,Ligue 1,F1,1516,marseille,nice,1.7515,2.526,16,0.336,2.98,3.13,,,,,0:1,niederlage,0
2015-11-21,Premier League,E0,1516,Manchester City,Liverpool,1.7341,2.7,7,0.3795,2.64,2.78,,,,,1:4,niederlage,0
2015-11-21,Premier League,E0,1516,Southampton,stoke,1.6168,2.7,10,0.4171,2.4,2.52,,,,,0:1,niederlage,0
2015-11-22,Serie A,I1,1516,fiorentina,empoli,1.5714,2.576,18,0.4048,2.47,2.6,,,,,2:2,unentschieden,0
2015-11-22,Serie A,I1,1516,lazio,palermo,1.5282,2.576,21,0.4148,2.41,2.54,,,,,1:1,unentschieden,0
2015-11-22,La Liga,SP1,1516,villarreal,eibar,1.6011,2.745,27,0.3526,2.84,2.99,,,,,1:1,unentschieden,0
2015-11-27,Ligue 1,F1,1516,lyon,montpellier,1.6547,2.526,8,0.4082,2.45,2.58,,,,,2:4,niederlage,0
2015-11-28,Premier League,E0,1516,Crystal Palace,Newcastle,1.745,2.7,10,0.3628,2.76,2.9,,,,,5:1,sieg,1
2015-11-29,Belgien Pro League,B1,1516,anderlecht,oud heverlee leuven,1.3333,2.892,2,0.6348,1.58,1.66,,,,,3:2,sieg,1
2015-11-29,Süper Lig,T1,1516,besiktas,akhisar belediyespor,1.4533,2.703,4,0.5362,1.86,1.96,,,,,0:2,niederlage,0
2015-12-04,Belgien Pro League,B1,1516,gent,waregem,1.5432,2.892,22,0.4023,2.49,2.62,,,,,2:2,unentschieden,0
2015-12-05,Ligue 1,F1,1516,lyon,angers,1.612,2.526,17,0.3892,2.57,2.71,,,,,0:2,niederlage,0
2015-12-05,Primeira Liga,P1,1516,porto,pacos ferreira,1.2602,2.716,8,0.6782,1.47,1.55,,,,,2:1,sieg,1
2015-12-06,Ligue 1,F1,1516,marseille,montpellier,1.74,2.526,32,0.2791,3.58,3.77,,,,,2:2,unentschieden,0
2015-12-12,Bundesliga,D1,1516,wolfsburg,hamburg,1.6469,2.83,21,0.3568,2.8,2.95,,,,,1:1,unentschieden,0
2015-12-13,Bundesliga,D1,1516,dortmund,ein frankfurt,1.2242,2.83,6,0.7234,1.38,1.46,,,,,4:1,sieg,1
2015-12-13,Ligue 1,F1,1516,marseille,ajaccio gfco,1.4697,2.526,19,0.4586,2.18,2.3,,,,,1:1,unentschieden,0
2015-12-13,Serie A,I1,1516,juventus,fiorentina,1.749,2.576,3,0.3906,2.56,2.7,,,,,3:1,sieg,1
2015-12-13,La Liga,SP1,1516,ath madrid,ath bilbao,1.643,2.745,27,0.3342,2.99,3.15,,,,,2:1,sieg,1
2015-12-19,La Liga,SP1,1516,valencia,getafe,1.749,2.745,10,0.3613,2.77,2.91,,,,,2:2,unentschieden,0
2015-12-20,Bundesliga,D1,1516,m gladbach,darmstadt,1.5772,2.83,28,0.3597,2.78,2.93,,,,,3:2,sieg,1
2015-12-20,Eredivisie,N1,1516,willem ii,roda,1.7136,2.98,6,0.3918,2.55,2.69,,,,,3:2,sieg,1
2015-12-20,Süper Lig,T1,1516,buyuksehyr,eskisehirspor,1.6748,2.703,2,0.4254,2.35,2.48,,,,,2:1,sieg,1
2016-01-04,Griechenland Super League,G1,1516,panathinaikos,panetolikos,1.3708,2.263,2,0.6044,1.65,1.74,,,,,4:2,sieg,1
2016-01-06,Serie A,I1,1516,sassuolo,frosinone,1.6011,2.576,16,0.3987,2.51,2.64,,,,,2:2,unentschieden,0
2016-01-09,Ligue 1,F1,1516,monaco,ajaccio gfco,1.702,2.526,8,0.388,2.58,2.71,,,,,2:2,unentschieden,0
2016-01-15,Primeira Liga,P1,1516,sp lisbon,tondela,1.155,2.716,31,0.7233,1.38,1.46,,,,,2:2,unentschieden,0
2016-01-16,Serie A,I1,1516,napoli,sassuolo,1.3533,2.576,3,0.6141,1.63,1.71,,,,,3:1,sieg,1
2016-01-17,Belgien Pro League,B1,1516,oostende,waasland beveren,1.5415,2.892,8,0.4647,2.15,2.27,,,,,3:3,unentschieden,0
2016-01-17,La Liga,SP1,1516,valencia,vallecano,1.6995,2.745,15,0.3597,2.78,2.93,,,,,2:2,unentschieden,0
2016-01-24,Belgien Pro League,B1,1516,anderlecht,charleroi,1.5349,2.892,2,0.4952,2.02,2.13,,,,,2:1,sieg,1
2016-01-24,Premier League,E0,1516,Everton,swansea,1.7698,2.7,17,0.3256,3.07,3.23,,,,,1:2,niederlage,0
2016-01-24,Serie A,I1,1516,lazio,chievo,1.7543,2.576,5,0.3801,2.63,2.77,,,,,4:1,sieg,1
2016-01-24,Eredivisie,N1,1516,den haag,cambuur,1.7735,2.98,14,0.3362,2.97,3.13,,,,,2:1,sieg,1
2016-01-24,Eredivisie,N1,1516,psv eindhoven,twente,1.2805,2.98,8,0.658,1.52,1.6,,,,,4:2,sieg,1
2016-01-24,La Liga,SP1,1516,ath bilbao,eibar,1.749,2.745,4,0.3864,2.59,2.73,,,,,5:2,sieg,1
2016-01-29,Primeira Liga,P1,1516,guimaraes,uniao madeira,1.7137,2.716,12,0.3665,2.73,2.87,,,,,3:1,sieg,1
2016-01-30,Primeira Liga,P1,1516,sp lisbon,academica,1.2451,2.716,8,0.6937,1.44,1.52,,,,,3:2,sieg,1
2016-01-30,La Liga,SP1,1516,barcelona,ath madrid,1.5714,2.745,10,0.4397,2.27,2.39,,,,,2:1,sieg,1
2016-01-31,Belgien Pro League,B1,1516,club brugge,lokeren,1.4138,2.892,11,0.5325,1.88,1.98,,,,,2:1,sieg,1
2016-01-31,Belgien Pro League,B1,1516,gent,waasland beveren,1.2805,2.892,16,0.6251,1.6,1.68,,,,,2:1,sieg,1
2016-01-31,Serie A,I1,1516,napoli,empoli,1.3125,2.576,28,0.5414,1.85,1.94,,,,,5:1,sieg,1
2016-02-06,Premier League,E0,1516,Manchester City,Leicester,1.6557,2.7,3,0.4296,2.33,2.45,,,,,1:3,niederlage,0
2016-02-06,Süper Lig,T1,1516,kayserispor,mersin idman yurdu,1.6655,2.703,20,0.353,2.83,2.98,,,,,0:1,niederlage,0
2016-02-07,Serie A,I1,1516,milan,udinese,1.6293,2.576,17,0.3812,2.62,2.76,,,,,1:1,unentschieden,0
2016-02-07,Primeira Liga,P1,1516,porto,arouca,1.2416,2.716,1,0.7232,1.38,1.46,,,,,1:2,niederlage,0
2016-02-13,Premier League,E0,1516,Everton,west brom,1.5683,2.7,14,0.4238,2.36,2.48,,,,,0:1,niederlage,0
2016-02-13,Serie A,I1,1516,empoli,frosinone,1.6193,2.576,17,0.3858,2.59,2.73,,,,,1:2,niederlage,0
2016-02-20,Bundesliga,D1,1516,bayern munich,darmstadt,1.1315,2.83,26,0.7772,1.29,1.35,,,,,3:1,sieg,1
2016-02-21,Primeira Liga,P1,1516,porto,moreirense,1.2769,2.716,10,0.6535,1.53,1.61,,,,,3:2,sieg,1
2016-02-21,Süper Lig,T1,1516,osmanlispor,mersin idman yurdu,1.6748,2.703,8,0.3994,2.5,2.64,,,,,3:1,sieg,1
2016-02-28,Bundesliga,D1,1516,dortmund,hoffenheim,1.238,2.83,25,0.6339,1.58,1.66,,,,,3:1,sieg,1
2016-02-28,Premier League,E0,1516,Tottenham,swansea,1.4889,2.7,19,0.4465,2.24,2.36,,,,,2:1,sieg,1
2016-02-28,La Liga,SP1,1516,barcelona,sevilla,1.2185,2.745,20,0.6774,1.48,1.55,,,,,2:1,sieg,1
2016-03-01,Premier League,E0,1516,Leicester,west brom,1.7698,2.7,11,0.3496,2.86,3.01,,,,,2:2,unentschieden,0
2016-03-02,Bundesliga,D1,1516,bayern munich,mainz,1.1794,2.83,26,0.7054,1.42,1.49,,,,,1:2,niederlage,0
2016-03-02,Bundesliga,D1,1516,leverkusen,werder bremen,1.5089,2.83,5,0.4968,2.01,2.12,,,,,1:4,niederlage,0
2016-03-05,Serie A,I1,1516,napoli,chievo,1.2248,2.576,2,0.7368,1.36,1.43,,,,,3:1,sieg,1
2016-03-05,La Liga,SP1,1516,villarreal,las palmas,1.702,2.745,30,0.2996,3.34,3.51,,,,,0:1,niederlage,0
2016-03-13,Griechenland Super League,G1,1516,olympiakos,panathinaikos,1.638,2.263,3,0.4377,2.28,2.41,,,,,3:1,sieg,1
2016-03-18,Eredivisie,N1,1516,utrecht,excelsior,1.3845,2.98,5,0.5809,1.72,1.81,,,,,2:1,sieg,1
2016-03-19,Premier League,E0,1516,Chelsea,West Ham,1.7939,2.7,17,0.3175,3.15,3.32,,,,,2:2,unentschieden,0
2016-03-19,Ligue 1,F1,1516,caen,troyes,1.5772,2.526,22,0.3848,2.6,2.74,,,,,2:1,sieg,1
2016-03-19,Eredivisie,N1,1516,feyenoord,graafschap,1.3314,2.98,26,0.5326,1.88,1.98,,,,,3:1,sieg,1
2016-03-20,Serie A,I1,1516,napoli,genoa,1.3518,2.576,10,0.5853,1.71,1.8,,,,,3:1,sieg,1
2016-04-02,Scottish Premiership,SC0,1516,celtic,hearts,1.3333,2.851,5,0.6223,1.61,1.69,,,,,3:1,sieg,1
2016-04-03,La Liga,SP1,1516,sevilla,sociedad,1.6995,2.745,2,0.4148,2.41,2.54,,,,,1:2,niederlage,0
2016-04-09,Premier League,E0,1516,Manchester City,west brom,1.4138,2.7,6,0.5547,1.8,1.9,,,,,2:1,sieg,1
2016-04-09,Eredivisie,N1,1516,vitesse,den haag,1.7793,2.98,7,0.3626,2.76,2.9,,,,,2:2,unentschieden,0
2016-04-11,Serie A,I1,1516,roma,bologna,1.413,2.576,25,0.4706,2.13,2.24,,,,,1:1,unentschieden,0
2016-04-15,Ligue 1,F1,1516,lyon,nice,1.6274,2.526,17,0.3821,2.62,2.76,,,,,1:1,unentschieden,0
2016-04-16,Eredivisie,N1,1516,feyenoord,groningen,1.4138,2.98,24,0.4745,2.11,2.22,,,,,1:1,unentschieden,0
2016-04-16,La Liga,SP1,1516,celta,betis,1.6719,2.745,24,0.3343,2.99,3.15,,,,,1:1,unentschieden,0
2016-04-17,La Liga,SP1,1516,barcelona,valencia,1.1937,2.745,26,0.6858,1.46,1.54,,,,,1:2,niederlage,0
2016-04-18,Primeira Liga,P1,1516,benfica,setubal,1.2191,2.716,1,0.7462,1.34,1.41,,,,,2:1,sieg,1
2016-04-23,Serie A,I1,1516,inter,udinese,1.5123,2.576,9,0.4769,2.1,2.21,,,,,3:1,sieg,1
2016-04-30,Premier League,E0,1516,watford,Aston Villa,1.743,2.7,28,0.2927,3.42,3.6,,,,,3:2,sieg,1
2016-04-30,La Liga,SP1,1516,granada,las palmas,1.6877,2.745,3,0.4155,2.41,2.53,,,,,3:2,sieg,1
2016-05-01,Serie A,I1,1516,milan,frosinone,1.2847,2.576,2,0.6778,1.48,1.55,,,,,3:3,unentschieden,0
2016-05-01,Eredivisie,N1,1516,az alkmaar,graafschap,1.4225,2.98,7,0.544,1.84,1.94,,,,,4:1,sieg,1
2016-05-06,Scottish Premiership,SC0,1516,inverness c,dundee united,1.7793,2.851,6,0.3667,2.73,2.87,,,,,2:3,niederlage,0
2016-05-07,Premier League,E0,1516,West Ham,swansea,1.4832,2.7,25,0.4237,2.36,2.49,,,,,1:4,niederlage,0
2016-05-07,Süper Lig,T1,1516,osmanlispor,bursaspor,1.7735,2.703,26,0.2901,3.45,3.63,,,,,3:3,unentschieden,0
2016-05-14,Bundesliga,D1,1516,leverkusen,ingolstadt,1.5772,2.83,16,0.4105,2.44,2.57,,,,,3:2,sieg,1
2016-05-15,Scottish Premiership,SC0,1516,aberdeen,ross county,1.729,2.851,23,0.3166,3.16,3.33,,,,,0:4,niederlage,0
2016-08-06,Eredivisie,N1,1617,twente,excelsior,1.7793,2.889,13,0.3382,2.96,3.11,,,,,1:2,niederlage,0
2016-08-06,Scottish Premiership,SC0,1617,rangers,hamilton,1.4533,2.754,30,0.4207,2.38,2.5,,,,,1:1,unentschieden,0
2016-08-12,Ligue 1,F1,1617,monaco,guingamp,1.7349,2.616,29,0.2918,3.43,3.61,,,,,2:2,unentschieden,0
2016-08-20,Scottish Premiership,SC0,1617,rangers,motherwell,1.3808,2.754,19,0.5219,1.92,2.02,,,,,2:1,sieg,1
2016-08-20,La Liga,SP1,1617,sevilla,espanol,1.7515,2.942,8,0.3686,2.71,2.86,,,,,6:4,sieg,1
2016-08-27,Eredivisie,N1,1617,feyenoord,excelsior,1.2602,2.889,26,0.6043,1.65,1.74,,,,,4:1,sieg,1
2016-08-28,Süper Lig,T1,1617,fenerbahce,kayserispor,1.488,2.706,27,0.412,2.43,2.56,,,,,3:3,unentschieden,0
2016-09-10,Premier League,E0,1617,Arsenal,Southampton,1.6153,2.8,18,0.3834,2.61,2.75,,,,,2:1,sieg,1
2016-09-10,La Liga,SP1,1617,sevilla,las palmas,1.5964,2.942,16,0.401,2.49,2.63,,,,,2:1,sieg,1
2016-09-11,Süper Lig,T1,1617,fenerbahce,bursaspor,1.5383,2.706,33,0.3586,2.79,2.94,,,,,0:1,niederlage,0
2016-09-16,Eredivisie,N1,1617,utrecht,groningen,1.678,2.889,13,0.3768,2.65,2.79,,,,,1:5,niederlage,0
2016-09-17,Bundesliga,D1,1617,bayern munich,ingolstadt,1.1206,2.866,8,0.8423,1.19,1.25,,,,,3:1,sieg,1
2016-09-17,Premier League,E0,1617,Everton,middlesbrough,1.7178,2.8,21,0.3285,3.04,3.21,,,,,3:1,sieg,1
2016-09-21,Ligue 1,F1,1617,lyon,montpellier,1.6542,2.616,4,0.4259,2.35,2.47,,,,,5:1,sieg,1
2016-09-23,Primeira Liga,P1,1617,porto,boavista,1.2602,2.379,5,0.6898,1.45,1.53,,,,,3:1,sieg,1
2016-09-24,Griechenland Super League,G1,1617,panionios,veria,1.6,2.317,18,0.3907,2.56,2.7,,,,,1:2,niederlage,0
2016-09-24,Eredivisie,N1,1617,ajax,zwolle,1.2986,2.889,4,0.6571,1.52,1.6,,,,,5:1,sieg,1
2016-09-24,Primeira Liga,P1,1617,sp braga,setubal,1.5879,2.379,30,0.3465,2.89,3.04,,,,,2:1,sieg,1
2016-09-24,Scottish Premiership,SC0,1617,celtic,kilmarnock,1.212,2.754,32,0.6374,1.57,1.65,,,,,6:1,sieg,1
2016-09-25,Serie A,I1,1617,inter,bologna,1.5158,2.955,14,0.4526,2.21,2.33,,,,,1:1,unentschieden,0
2016-10-01,Eredivisie,N1,1617,vitesse,groningen,1.7152,2.889,4,0.3997,2.5,2.63,,,,,2:1,sieg,1
2016-10-02,Eredivisie,N1,1617,ajax,utrecht,1.4225,2.889,27,0.4548,2.2,2.32,,,,,3:2,sieg,1
2016-10-02,La Liga,SP1,1617,real madrid,eibar,1.1397,2.942,6,0.8225,1.22,1.28,,,,,1:1,unentschieden,0
2016-10-02,Süper Lig,T1,1617,galatasaray,antalyaspor,1.4978,2.706,17,0.45,2.22,2.34,,,,,3:1,sieg,1
2016-10-15,Serie A,I1,1617,juventus,udinese,1.2637,2.955,30,0.5831,1.71,1.81,,,,,2:1,sieg,1
2016-10-15,La Liga,SP1,1617,ath madrid,granada,1.1795,2.942,18,0.7341,1.36,1.43,,,,,7:1,sieg,1
2016-10-16,Griechenland Super League,G1,1617,panathinaikos,xanthi,1.3733,2.317,34,0.461,2.17,2.28,,,,,1:2,niederlage,0
2016-10-16,Serie A,I1,1617,lazio,bologna,1.575,2.955,10,0.4378,2.28,2.41,,,,,1:1,unentschieden,0
2016-10-16,Serie A,I1,1617,sassuolo,crotone,1.4758,2.955,2,0.5305,1.88,1.98,,,,,2:1,sieg,1
2016-10-21,Ligue 1,F1,1617,monaco,montpellier,1.749,2.616,9,0.3654,2.74,2.88,,,,,6:2,sieg,1
2016-10-22,Bundesliga,D1,1617,leverkusen,hoffenheim,1.5964,2.866,15,0.4053,2.47,2.6,,,,,0:3,niederlage,0
2016-10-22,Scottish Premiership,SC0,1617,inverness c,kilmarnock,1.6375,2.754,7,0.4204,2.38,2.5,,,,,1:1,unentschieden,0
2016-10-22,Süper Lig,T1,1617,galatasaray,trabzonspor,1.678,2.706,17,0.3602,2.78,2.92,,,,,0:1,niederlage,0
2016-10-23,Premier League,E0,1617,Manchester City,Southampton,1.5333,2.8,27,0.3863,2.59,2.73,,,,,1:1,unentschieden,0
2016-10-23,Griechenland Super League,G1,1617,olympiakos,paok,1.5947,2.317,6,0.4454,2.25,2.36,,,,,2:1,sieg,1
2016-10-23,La Liga,SP1,1617,villarreal,las palmas,1.7576,2.942,31,0.277,3.61,3.8,,,,,2:1,sieg,1
2016-10-26,Serie A,I1,1617,fiorentina,crotone,1.2847,2.955,24,0.5867,1.7,1.79,,,,,1:1,unentschieden,0
2016-10-26,Scottish Premiership,SC0,1617,rangers,st johnstone,1.6571,2.754,5,0.4202,2.38,2.51,,,,,1:1,unentschieden,0
2016-10-30,Eredivisie,N1,1617,feyenoord,heerenveen,1.5415,2.889,5,0.478,2.09,2.2,,,,,2:2,unentschieden,0
2016-10-30,La Liga,SP1,1617,ath bilbao,osasuna,1.432,2.942,23,0.4659,2.15,2.26,,,,,1:1,unentschieden,0
2016-11-05,Bundesliga,D1,1617,bayern munich,hoffenheim,1.2242,2.866,16,0.6862,1.46,1.53,,,,,1:1,unentschieden,0
2016-11-19,Premier League,E0,1617,Tottenham,West Ham,1.5333,2.8,24,0.3991,2.51,2.64,,,,,3:2,sieg,1
2016-11-19,Eredivisie,N1,1617,heracles,go ahead eagles,1.7048,2.889,17,0.3495,2.86,3.01,,,,,2:1,sieg,1
2016-11-20,Bundesliga,D1,1617,hoffenheim,hamburg,1.6995,2.866,28,0.3081,3.25,3.42,,,,,2:2,unentschieden,0
2016-11-21,Süper Lig,T1,1617,buyuksehyr,rizespor,1.542,2.706,12,0.4467,2.24,2.36,,,,,2:1,sieg,1
2016-11-26,Premier League,E0,1617,Chelsea,Tottenham,1.7939,2.8,11,0.3411,2.93,3.09,,,,,2:1,sieg,1
2016-11-26,Eredivisie,N1,1617,vitesse,excelsior,1.4978,2.889,7,0.4945,2.02,2.13,,,,,2:2,unentschieden,0
2016-11-27,Bundesliga,D1,1617,schalke 04,darmstadt,1.399,2.866,6,0.5656,1.77,1.86,,,,,3:1,sieg,1
2016-11-27,Premier League,E0,1617,Manchester United,West Ham,1.4865,2.8,2,0.5238,1.91,2.01,,,,,1:1,unentschieden,0
2016-11-27,La Liga,SP1,1617,villarreal,alaves,1.575,2.942,8,0.4467,2.24,2.36,,,,,0:2,niederlage,0
2016-12-03,Bundesliga,D1,1617,dortmund,m gladbach,1.5641,2.866,6,0.4613,2.17,2.28,,,,,4:1,sieg,1
2016-12-03,Bundesliga,D1,1617,leverkusen,freiburg,1.5714,2.866,30,0.3543,2.82,2.97,,,,,1:1,unentschieden,0
2016-12-03,Süper Lig,T1,1617,buyuksehyr,antalyaspor,1.5971,2.706,13,0.4136,2.42,2.55,,,,,2:2,unentschieden,0
2016-12-04,Serie A,I1,1617,milan,crotone,1.399,2.955,26,0.4765,2.1,2.21,,,,,2:1,sieg,1
2016-12-10,Premier League,E0,1617,Arsenal,stoke,1.3876,2.8,29,0.4719,2.12,2.23,,,,,3:1,sieg,1
2016-12-11,Ligue 1,F1,1617,paris sg,nice,1.432,2.616,32,0.4262,2.35,2.47,,,,,2:2,unentschieden,0
2016-12-18,Bundesliga,D1,1617,leverkusen,ingolstadt,1.6355,2.866,26,0.3414,2.93,3.08,,,,,1:2,niederlage,0
2016-12-18,Premier League,E0,1617,Tottenham,Burnley,1.2556,2.8,21,0.6305,1.59,1.67,,,,,2:1,sieg,1
2016-12-19,Primeira Liga,P1,1617,porto,chaves,1.2396,2.379,12,0.6843,1.46,1.54,,,,,2:1,sieg,1
2016-12-20,Bundesliga,D1,1617,dortmund,augsburg,1.3664,2.866,33,0.471,2.12,2.24,,,,,1:1,unentschieden,0
2016-12-27,Premier League,E0,1617,Liverpool,stoke,1.3664,2.8,12,0.5645,1.77,1.87,,,,,4:1,sieg,1
2017-01-02,Premier League,E0,1617,west brom,hull,1.7912,2.8,21,0.303,3.3,3.47,,,,,3:1,sieg,1
2017-01-04,Griechenland Super League,G1,1617,olympiakos,asteras tripolis,1.2451,2.317,27,0.6172,1.62,1.71,,,,,2:1,sieg,1
2017-01-07,Serie A,I1,1617,napoli,sampdoria,1.3635,2.955,30,0.4868,2.05,2.16,,,,,2:1,sieg,1
2017-01-08,Griechenland Super League,G1,1617,paok,giannina,1.3342,2.317,16,0.5743,1.74,1.83,,,,,0:1,niederlage,0
2017-01-14,Serie A,I1,1617,inter,chievo,1.5126,2.955,34,0.3681,2.72,2.86,,,,,3:1,sieg,1
2017-01-14,Primeira Liga,P1,1617,benfica,boavista,1.2191,2.379,14,0.6997,1.43,1.5,,,,,3:3,unentschieden,0
2017-01-15,Süper Lig,T1,1617,fenerbahce,adanaspor,1.2451,2.706,23,0.634,1.58,1.66,,,,,2:2,unentschieden,0
2017-01-18,Griechenland Super League,G1,1617,atromitos,kerkyra,1.6447,2.317,4,0.4302,2.32,2.45,,,,,1:4,niederlage,0
2017-01-18,Griechenland Super League,G1,1617,xanthi,iraklis,1.5367,2.317,10,0.4585,2.18,2.3,,,,,3:1,sieg,1
2017-01-22,Eredivisie,N1,1617,psv eindhoven,heerenveen,1.4225,2.889,5,0.5529,1.81,1.9,,,,,4:3,sieg,1
2017-01-29,Serie A,I1,1617,napoli,palermo,1.1794,2.955,6,0.774,1.29,1.36,,,,,1:1,unentschieden,0
2017-01-29,La Liga,SP1,1617,ath bilbao,sp gijon,1.4295,2.942,27,0.4499,2.22,2.34,,,,,2:1,sieg,1
2017-01-31,Premier League,E0,1617,Arsenal,watford,1.2556,2.8,10,0.6751,1.48,1.56,,,,,1:2,niederlage,0
2017-02-04,Premier League,E0,1617,Crystal Palace,Sunderland,1.745,2.8,9,0.3669,2.73,2.87,,,,,0:4,niederlage,0
2017-02-04,Scottish Premiership,SC0,1617,rangers,ross county,1.4978,2.754,18,0.4456,2.24,2.36,,,,,1:1,unentschieden,0
2017-02-05,Griechenland Super League,G1,1617,paok,asteras tripolis,1.4165,2.317,18,0.4993,2.0,2.11,,,,,3:2,sieg,1
2017-02-05,La Liga,SP1,1617,sociedad,osasuna,1.3658,2.942,25,0.5073,1.97,2.08,,,,,3:2,sieg,1
2017-02-11,Bundesliga,D1,1617,rb leipzig,hamburg,1.5714,2.866,18,0.4048,2.47,2.6,,,,,0:3,niederlage,0
2017-02-12,Belgien Pro League,B1,1617,anderlecht,waregem,1.5964,2.742,2,0.4623,2.16,2.28,,,,,4:2,sieg,1
2017-02-12,La Liga,SP1,1617,ath madrid,celta,1.4758,2.942,5,0.5172,1.93,2.04,,,,,3:2,sieg,1
2017-02-12,Süper Lig,T1,1617,galatasaray,kayserispor,1.5964,2.706,29,0.3466,2.89,3.04,,,,,1:2,niederlage,0
2017-02-18,Scottish Premiership,SC0,1617,hearts,inverness c,1.6375,2.754,24,0.3486,2.87,3.02,,,,,1:1,unentschieden,0
2017-02-19,Serie A,I1,1617,sampdoria,cagliari,1.749,2.955,6,0.3779,2.65,2.79,,,,,1:1,unentschieden,0
2017-02-25,Serie A,I1,1617,napoli,atalanta,1.6542,2.955,28,0.3256,3.07,3.23,,,,,0:2,niederlage,0
2017-02-25,Scottish Premiership,SC0,1617,st johnstone,kilmarnock,1.729,2.754,11,0.3647,2.74,2.89,,,,,0:2,niederlage,0
2017-02-26,Griechenland Super League,G1,1617,olympiakos,panionios,1.3703,2.317,1,0.6091,1.64,1.73,,,,,0:1,niederlage,0
2017-03-03,Eredivisie,N1,1617,heerenveen,go ahead eagles,1.4978,2.889,32,0.3849,2.6,2.74,,,,,2:2,unentschieden,0
2017-03-05,Serie A,I1,1617,torino,palermo,1.5714,2.955,30,0.3543,2.82,2.97,,,,,3:1,sieg,1
2017-03-05,Eredivisie,N1,1617,utrecht,den haag,1.4889,2.889,16,0.4598,2.17,2.29,,,,,1:1,unentschieden,0
2017-03-11,Bundesliga,D1,1617,rb leipzig,wolfsburg,1.6963,2.866,9,0.3861,2.59,2.73,,,,,0:1,niederlage,0
2017-03-11,La Liga,SP1,1617,sevilla,leganes,1.4563,2.942,3,0.5387,1.86,1.95,,,,,1:1,unentschieden,0
2017-03-11,Süper Lig,T1,1617,galatasaray,genclerbirligi,1.7584,2.706,1,0.3956,2.53,2.66,,,,,3:2,sieg,1
2017-03-12,Premier League,E0,1617,Liverpool,Burnley,1.2816,2.8,7,0.661,1.51,1.59,,,,,2:1,sieg,1
2017-03-12,Ligue 1,F1,1617,st etienne,metz,1.6963,2.616,1,0.4205,2.38,2.5,,,,,2:2,unentschieden,0
2017-03-12,Primeira Liga,P1,1617,guimaraes,estoril,1.6803,2.379,3,0.4187,2.39,2.52,,,,,3:3,unentschieden,0
2017-03-12,La Liga,SP1,1617,real madrid,betis,1.1794,2.942,24,0.7128,1.4,1.48,,,,,2:1,sieg,1
2017-03-17,Süper Lig,T1,1617,fenerbahce,konyaspor,1.5349,2.706,17,0.4286,2.33,2.46,,,,,2:3,niederlage,0
2017-03-19,Ligue 1,F1,1617,paris sg,lyon,1.5165,2.616,6,0.4879,2.05,2.16,,,,,2:1,sieg,1
2017-03-19,Serie A,I1,1617,roma,sassuolo,1.2847,2.955,9,0.6499,1.54,1.62,,,,,3:1,sieg,1
2017-03-19,Serie A,I1,1617,udinese,palermo,1.6963,2.955,12,0.3735,2.68,2.82,,,,,4:1,sieg,1
2017-03-19,La Liga,SP1,1617,barcelona,valencia,1.1784,2.942,29,0.6956,1.44,1.51,,,,,4:2,sieg,1
2017-04-01,Scottish Premiership,SC0,1617,rangers,motherwell,1.3314,2.754,3,0.6323,1.58,1.67,,,,,1:1,unentschieden,0
2017-04-04,Premier League,E0,1617,Manchester United,Everton,1.6153,2.8,22,0.3667,2.73,2.87,,,,,1:1,unentschieden,0
2017-04-05,Premier League,E0,1617,Liverpool,Bournemouth,1.4022,2.8,7,0.5588,1.79,1.88,,,,,2:2,unentschieden,0
2017-04-09,Griechenland Super League,G1,1617,panionios,platanias,1.7001,2.317,10,0.3803,2.63,2.77,,,,,1:1,unentschieden,0
2017-04-15,Ligue 1,F1,1617,nice,nancy,1.7583,2.616,26,0.2951,3.39,3.57,,,,,3:1,sieg,1
2017-04-15,Serie A,I1,1617,roma,atalanta,1.5964,2.955,22,0.3755,2.66,2.8,,,,,1:1,unentschieden,0
2017-04-16,Eredivisie,N1,1617,ajax,heerenveen,1.2769,2.889,8,0.6615,1.51,1.59,,,,,5:1,sieg,1
2017-04-22,Bundesliga,D1,1617,bayern munich,mainz,1.238,2.866,3,0.7196,1.39,1.46,,,,,2:2,unentschieden,0
2017-04-23,Griechenland Super League,G1,1617,iraklis,panetolikos,1.5281,2.317,31,0.3722,2.69,2.83,,,,,2:1,sieg,1
2017-04-29,Serie A,I1,1617,torino,sampdoria,1.6943,2.955,12,0.3743,2.67,2.81,,,,,1:1,unentschieden,0
2017-04-30,Griechenland Super League,G1,1617,asteras tripolis,iraklis,1.6509,2.317,26,0.3349,2.99,3.14,,,,,2:2,unentschieden,0
2017-05-06,Süper Lig,T1,1617,galatasaray,kasimpasa,1.5383,2.706,25,0.3921,2.55,2.69,,,,,1:3,niederlage,0
2017-05-06,Süper Lig,T1,1617,genclerbirligi,adanaspor,1.5964,2.706,20,0.3839,2.6,2.74,,,,,0:1,niederlage,0
2017-05-06,Süper Lig,T1,1617,trabzonspor,kayserispor,1.7265,2.706,6,0.3867,2.59,2.72,,,,,2:3,niederlage,0
2017-05-07,Ligue 1,F1,1617,lyon,nantes,1.7515,2.616,19,0.3241,3.09,3.25,,,,,3:2,sieg,1
2017-05-13,Süper Lig,T1,1617,buyuksehyr,genclerbirligi,1.382,2.706,26,0.4897,2.04,2.15,,,,,2:1,sieg,1
2017-05-14,Eredivisie,N1,1617,az alkmaar,utrecht,1.4947,2.889,32,0.3866,2.59,2.72,,,,,2:3,niederlage,0
2017-05-14,Eredivisie,N1,1617,heerenveen,nijmegen,1.5964,2.889,23,0.3713,2.69,2.84,,,,,0:2,niederlage,0
2017-05-14,Eredivisie,N1,1617,psv eindhoven,zwolle,1.2593,2.889,29,0.5924,1.69,1.78,,,,,4:1,sieg,1
2017-05-14,Primeira Liga,P1,1617,porto,pacos ferreira,1.2185,2.379,31,0.633,1.58,1.66,,,,,4:1,sieg,1
2017-05-20,Bundesliga,D1,1617,dortmund,werder bremen,1.26,2.866,7,0.6822,1.47,1.54,,,,,4:3,sieg,1
2017-05-21,Premier League,E0,1617,Chelsea,Sunderland,1.1762,2.8,3,0.7869,1.27,1.34,,,,,5:1,sieg,1
2017-05-21,La Liga,SP1,1617,barcelona,eibar,1.1009,2.942,7,0.871,1.15,1.21,,,,,4:2,sieg,1
2017-05-28,Serie A,I1,1617,fiorentina,pescara,1.2025,2.955,14,0.7194,1.39,1.46,,,,,2:2,unentschieden,0
2017-05-28,Serie A,I1,1617,roma,genoa,1.1018,2.955,3,0.8776,1.14,1.2,,,,,3:2,sieg,1
2017-08-04,Ligue 1,F1,1718,monaco,toulouse,1.3664,2.718,6,0.5907,1.69,1.78,,,,,3:2,sieg,1
2017-08-12,Premier League,E0,1718,Chelsea,Burnley,1.2756,2.679,24,0.5962,1.68,1.77,,,,,2:3,niederlage,0
2017-08-12,Eredivisie,N1,1718,psv eindhoven,az alkmaar,1.4947,3.137,18,0.4474,2.23,2.35,,,,,3:2,sieg,1
2017-08-13,Primeira Liga,P1,1718,sp braga,portimonense,1.6375,2.699,25,0.3445,2.9,3.06,,,,,2:1,sieg,1
2017-08-13,Süper Lig,T1,1718,trabzonspor,konyaspor,1.7584,2.961,3,0.3871,2.58,2.72,,,,,2:1,sieg,1
2017-08-20,Ligue 1,F1,1718,lille,caen,1.6877,2.718,5,0.4068,2.46,2.59,,,,,0:2,niederlage,0
2017-08-20,Ligue 1,F1,1718,paris sg,toulouse,1.1299,2.718,18,0.8033,1.24,1.31,,,,,6:2,sieg,1
2017-08-20,Serie A,I1,1718,sampdoria,benevento,1.749,2.676,15,0.3409,2.93,3.09,,,,,2:1,sieg,1
2017-08-27,Bundesliga,D1,1718,rb leipzig,freiburg,1.432,2.794,23,0.4659,2.15,2.26,,,,,4:1,sieg,1
2017-08-27,Serie A,I1,1718,napoli,atalanta,1.4697,2.676,15,0.4764,2.1,2.21,,,,,3:1,sieg,1
2017-09-09,Griechenland Super League,G1,1718,asteras tripolis,lamia,1.652,2.208,6,0.4181,2.39,2.52,,,,,1:3,niederlage,0
2017-09-09,La Liga,SP1,1718,real madrid,levante,1.1009,2.695,12,0.8606,1.16,1.22,,,,,1:1,unentschieden,0
2017-09-10,Ligue 1,F1,1718,marseille,rennes,1.7515,2.718,2,0.3939,2.54,2.67,,,,,1:3,niederlage,0
2017-09-10,Serie A,I1,1718,atalanta,sassuolo,1.626,2.676,27,0.3414,2.93,3.08,,,,,2:1,sieg,1
2017-09-10,Süper Lig,T1,1718,trabzonspor,genclerbirligi,1.6748,2.961,6,0.408,2.45,2.58,,,,,3:1,sieg,1
2017-09-16,Premier League,E0,1718,Liverpool,Burnley,1.3142,2.679,27,0.5442,1.84,1.93,,,,,1:1,unentschieden,0
2017-09-17,Serie A,I1,1718,torino,sampdoria,1.7515,2.676,1,0.3982,2.51,2.64,,,,,2:2,unentschieden,0
2017-09-23,Eredivisie,N1,1718,feyenoord,nac breda,1.246,3.137,33,0.5905,1.69,1.78,,,,,0:2,niederlage,0
2017-09-23,Eredivisie,N1,1718,heracles,roda,1.729,3.137,5,0.3899,2.56,2.7,,,,,2:1,sieg,1
2017-09-24,Eredivisie,N1,1718,ajax,vitesse,1.3314,3.137,21,0.5548,1.8,1.9,,,,,1:2,niederlage,0
2017-09-24,Eredivisie,N1,1718,az alkmaar,excelsior,1.39,3.137,2,0.5897,1.7,1.79,,,,,0:2,niederlage,0
2017-10-01,Premier League,E0,1718,Everton,Burnley,1.7543,2.679,21,0.3154,3.17,3.34,,,,,0:1,niederlage,0
2017-10-01,Serie A,I1,1718,lazio,sassuolo,1.4861,2.676,27,0.4132,2.42,2.55,,,,,6:1,sieg,1
2017-10-14,Ligue 1,F1,1718,lille,troyes,1.6464,2.718,3,0.4338,2.31,2.43,,,,,2:2,unentschieden,0
2017-10-14,Ligue 1,F1,1718,st etienne,metz,1.6011,2.718,20,0.3817,2.62,2.76,,,,,3:1,sieg,1
2017-10-14,Süper Lig,T1,1718,buyuksehyr,alanyaspor,1.5964,2.961,9,0.4314,2.32,2.44,,,,,2:1,sieg,1
2017-10-22,Ligue 1,F1,1718,nice,strasbourg,1.6542,2.718,23,0.3456,2.89,3.05,,,,,1:2,niederlage,0
2017-10-28,Bundesliga,D1,1718,leverkusen,koln,1.4011,2.794,23,0.4883,2.05,2.16,,,,,2:1,sieg,1
2017-10-28,Premier League,E0,1718,Arsenal,swansea,1.2827,2.679,22,0.5974,1.67,1.76,,,,,2:1,sieg,1
2017-10-28,Ligue 1,F1,1718,guingamp,amiens,1.751,2.718,22,0.3127,3.2,3.37,,,,,1:1,unentschieden,0
2017-10-28,Scottish Premiership,SC0,1718,aberdeen,ross county,1.5971,2.605,8,0.4354,2.3,2.42,,,,,2:1,sieg,1
2017-10-29,Serie A,I1,1718,torino,cagliari,1.6743,2.676,30,0.3099,3.23,3.4,,,,,2:1,sieg,1
2017-11-04,Bundesliga,D1,1718,m gladbach,mainz,1.6952,2.794,19,0.3451,2.9,3.05,,,,,1:1,unentschieden,0
2017-11-04,Eredivisie,N1,1718,az alkmaar,willem ii,1.4533,3.137,25,0.4426,2.26,2.38,,,,,3:2,sieg,1
2017-11-05,Serie A,I1,1718,juventus,benevento,1.1127,2.676,19,0.8265,1.21,1.27,,,,,2:1,sieg,1
2017-11-05,Eredivisie,N1,1718,ajax,utrecht,1.3333,3.137,6,0.6181,1.62,1.7,,,,,1:2,niederlage,0
2017-11-18,Premier League,E0,1718,Manchester United,Newcastle,1.3211,2.679,14,0.5947,1.68,1.77,,,,,4:1,sieg,1
2017-11-19,Süper Lig,T1,1718,trabzonspor,osmanlispor,1.6685,2.961,7,0.4065,2.46,2.59,,,,,4:3,sieg,1
2017-11-20,Griechenland Super League,G1,1718,paok,atromitos,1.4773,2.208,22,0.4405,2.27,2.39,,,,,2:1,sieg,1
2017-11-25,Premier League,E0,1718,Tottenham,west brom,1.2865,2.679,4,0.6683,1.5,1.58,,,,,1:1,unentschieden,0
2017-11-25,Serie A,I1,1718,sassuolo,verona,1.747,2.676,22,0.314,3.18,3.35,,,,,0:2,niederlage,0
2017-11-26,Belgien Pro League,B1,1718,club brugge,waregem,1.4533,2.862,29,0.4251,2.35,2.48,,,,,3:2,sieg,1
2017-11-26,Eredivisie,N1,1718,ajax,roda,1.1329,3.137,32,0.7557,1.32,1.39,,,,,5:1,sieg,1
2017-11-26,La Liga,SP1,1718,sociedad,las palmas,1.5089,2.695,21,0.4258,2.35,2.47,,,,,2:2,unentschieden,0
2017-11-29,Ligue 1,F1,1718,lyon,lille,1.399,2.718,21,0.4989,2.0,2.11,,,,,1:2,niederlage,0
2017-12-02,Premier League,E0,1718,Chelsea,Newcastle,1.2756,2.679,12,0.6466,1.55,1.63,,,,,3:1,sieg,1
2017-12-02,Griechenland Super League,G1,1718,olympiakos,apollon,1.2191,2.208,23,0.6649,1.5,1.58,,,,,3:1,sieg,1
2017-12-02,La Liga,SP1,1718,ath madrid,sociedad,1.5856,2.695,29,0.3516,2.84,2.99,,,,,2:1,sieg,1
2017-12-02,La Liga,SP1,1718,barcelona,celta,1.1779,2.695,20,0.7292,1.37,1.44,,,,,2:2,unentschieden,0
2017-12-08,Ligue 1,F1,1718,bordeaux,strasbourg,1.7226,2.718,2,0.4053,2.47,2.6,,,,,0:3,niederlage,0
2017-12-09,Belgien Pro League,B1,1718,gent,kortrijk,1.3808,2.862,7,0.575,1.74,1.83,,,,,2:1,sieg,1
2017-12-09,Bundesliga,D1,1718,dortmund,werder bremen,1.4633,2.794,26,0.4317,2.32,2.44,,,,,1:2,niederlage,0
2017-12-09,Ligue 1,F1,1718,monaco,troyes,1.3664,2.718,25,0.5068,1.97,2.08,,,,,3:2,sieg,1
2017-12-09,Eredivisie,N1,1718,heerenveen,vvv venlo,1.7607,3.137,10,0.357,2.8,2.95,,,,,2:2,unentschieden,0
2017-12-09,Scottish Premiership,SC0,1718,rangers,ross county,1.4533,2.605,10,0.5095,1.96,2.07,,,,,2:1,sieg,1
2017-12-09,Süper Lig,T1,1718,galatasaray,akhisar belediyespor,1.3724,2.961,16,0.542,1.85,1.94,,,,,4:2,sieg,1
2017-12-10,Belgien Pro League,B1,1718,anderlecht,charleroi,1.4845,2.862,16,0.4626,2.16,2.28,,,,,1:3,niederlage,0
2017-12-10,La Liga,SP1,1718,sociedad,malaga,1.6083,2.695,23,0.3657,2.73,2.88,,,,,0:2,niederlage,0
2017-12-13,Eredivisie,N1,1718,vitesse,willem ii,1.6759,3.137,13,0.3777,2.65,2.79,,,,,2:2,unentschieden,0
2017-12-16,Bundesliga,D1,1718,dortmund,hoffenheim,1.5772,2.794,21,0.389,2.57,2.71,,,,,2:1,sieg,1
2017-12-16,Serie A,I1,1718,inter,udinese,1.4011,2.676,14,0.5285,1.89,1.99,,,,,1:3,niederlage,0
2017-12-17,Bundesliga,D1,1718,rb leipzig,hertha,1.6759,2.794,6,0.4076,2.45,2.58,,,,,2:3,niederlage,0
2017-12-17,Süper Lig,T1,1718,buyuksehyr,antalyaspor,1.5964,2.961,7,0.4402,2.27,2.39,,,,,4:1,sieg,1
2017-12-20,Ligue 1,F1,1718,marseille,troyes,1.3664,2.718,14,0.5557,1.8,1.89,,,,,3:1,sieg,1
2017-12-23,Serie A,I1,1718,napoli,sampdoria,1.3125,2.676,2,0.6527,1.53,1.61,,,,,3:2,sieg,1
2017-12-23,Eredivisie,N1,1718,psv eindhoven,vitesse,1.4533,3.137,32,0.412,2.43,2.56,,,,,2:1,sieg,1
2017-12-23,Scottish Premiership,SC0,1718,hibernian,ross county,1.6304,2.605,14,0.3935,2.54,2.68,,,,,2:1,sieg,1
2017-12-24,Süper Lig,T1,1718,galatasaray,goztep,1.4138,2.961,9,0.5414,1.85,1.94,,,,,3:1,sieg,1
2017-12-26,Premier League,E0,1718,Manchester United,Burnley,1.2756,2.679,3,0.6825,1.47,1.54,,,,,2:2,unentschieden,0
2017-12-30,Premier League,E0,1718,Liverpool,Leicester,1.3348,2.679,3,0.6294,1.59,1.67,,,,,2:1,sieg,1
2017-12-30,Serie A,I1,1718,atalanta,cagliari,1.5126,2.676,6,0.4902,2.04,2.15,,,,,1:2,niederlage,0
2018-01-06,La Liga,SP1,1718,sevilla,betis,1.5772,2.695,1,0.4766,2.1,2.21,,,,,3:5,niederlage,0
2018-01-06,La Liga,SP1,1718,valencia,girona,1.6952,2.695,8,0.3908,2.56,2.69,,,,,2:1,sieg,1
2018-01-07,Primeira Liga,P1,1718,porto,guimaraes,1.2185,2.699,22,0.6696,1.49,1.57,,,,,4:2,sieg,1
2018-01-14,Ligue 1,F1,1718,lyon,angers,1.512,2.718,14,0.4549,2.2,2.32,,,,,1:1,unentschieden,0
2018-01-21,Bundesliga,D1,1718,bayern munich,werder bremen,1.1779,2.794,25,0.7112,1.41,1.48,,,,,4:2,sieg,1
2018-01-21,La Liga,SP1,1718,real madrid,la coruna,1.2027,2.695,23,0.6855,1.46,1.54,,,,,7:1,sieg,1
2018-01-22,La Liga,SP1,1718,eibar,malaga,1.751,2.695,16,0.3362,2.97,3.13,,,,,1:1,unentschieden,0
2018-01-24,Belgien Pro League,B1,1718,anderlecht,waasland beveren,1.4912,2.862,11,0.4807,2.08,2.19,,,,,2:2,unentschieden,0
2018-01-26,Eredivisie,N1,1718,heerenveen,sparta rotterdam,1.5964,3.137,3,0.4579,2.18,2.3,,,,,2:1,sieg,1
2018-01-27,Bundesliga,D1,1718,bayern munich,hoffenheim,1.2615,2.794,3,0.6961,1.44,1.51,,,,,5:2,sieg,1
2018-01-27,Scottish Premiership,SC0,1718,aberdeen,kilmarnock,1.7245,2.605,28,0.2991,3.34,3.52,,,,,3:1,sieg,1
2018-01-28,Griechenland Super League,G1,1718,xanthi,levadeiakos,1.7784,2.208,31,0.2705,3.7,3.89,,,,,2:1,sieg,1
2018-01-28,Serie A,I1,1718,fiorentina,verona,1.3491,2.676,11,0.5832,1.71,1.81,,,,,1:4,niederlage,0
2018-01-28,Serie A,I1,1718,napoli,bologna,1.236,2.676,1,0.7288,1.37,1.44,,,,,3:1,sieg,1
2018-01-28,La Liga,SP1,1718,barcelona,alaves,1.1397,2.695,23,0.7737,1.29,1.36,,,,,2:1,sieg,1
2018-01-31,Premier League,E0,1718,Southampton,Brighton,1.7917,2.679,14,0.3299,3.03,3.19,,,,,1:1,unentschieden,0
2018-02-03,Primeira Liga,P1,1718,benfica,rio ave,1.3314,2.699,9,0.607,1.65,1.73,,,,,5:1,sieg,1
2018-02-04,Belgien Pro League,B1,1718,club brugge,charleroi,1.5383,2.862,23,0.4007,2.5,2.63,,,,,3:3,unentschieden,0
2018-02-04,Eredivisie,N1,1718,ajax,nac breda,1.1344,3.137,6,0.8293,1.21,1.27,,,,,3:1,sieg,1
2018-02-10,Serie A,I1,1718,napoli,lazio,1.6938,2.676,3,0.4129,2.42,2.55,,,,,4:1,sieg,1
2018-02-11,Ligue 1,F1,1718,lyon,rennes,1.5772,2.718,5,0.4588,2.18,2.3,,,,,0:2,niederlage,0
2018-02-11,Serie A,I1,1718,roma,benevento,1.2025,2.676,7,0.7439,1.34,1.42,,,,,5:2,sieg,1
2018-02-17,Ligue 1,F1,1718,paris sg,strasbourg,1.1299,2.718,6,0.835,1.2,1.26,,,,,5:2,sieg,1
2018-02-18,Belgien Pro League,B1,1718,gent,mechelen,1.6571,2.862,2,0.4333,2.31,2.43,,,,,2:2,unentschieden,0
2018-02-24,Eredivisie,N1,1718,az alkmaar,sparta rotterdam,1.3776,3.137,19,0.5245,1.91,2.01,,,,,2:1,sieg,1
2018-02-24,La Liga,SP1,1718,barcelona,girona,1.2025,2.695,3,0.7573,1.32,1.39,,,,,6:1,sieg,1
2018-02-25,Eredivisie,N1,1718,utrecht,twente,1.7092,3.137,10,0.3767,2.65,2.8,,,,,3:1,sieg,1
2018-03-02,Ligue 1,F1,1718,monaco,bordeaux,1.6825,2.718,32,0.2993,3.34,3.52,,,,,2:1,sieg,1
2018-03-04,Ligue 1,F1,1718,marseille,nantes,1.6011,2.718,11,0.4203,2.38,2.51,,,,,1:1,unentschieden,0
2018-03-04,Süper Lig,T1,1718,fenerbahce,akhisar belediyespor,1.4138,2.961,14,0.5191,1.93,2.03,,,,,2:3,niederlage,0
2018-03-10,Primeira Liga,P1,1718,rio ave,feirense,1.6857,2.699,8,0.3948,2.53,2.67,,,,,2:1,sieg,1
2018-03-11,Griechenland Super League,G1,1718,lamia,levadeiakos,1.7773,2.208,33,0.2638,3.79,3.99,,,,,1:1,unentschieden,0
2018-03-11,Süper Lig,T1,1718,galatasaray,konyaspor,1.2986,2.961,2,0.6651,1.5,1.58,,,,,2:1,sieg,1
2018-03-11,Süper Lig,T1,1718,kayserispor,karabukspor,1.305,2.961,22,0.5751,1.74,1.83,,,,,3:2,sieg,1
2018-03-16,Ligue 1,F1,1718,monaco,lille,1.3506,2.718,16,0.5601,1.79,1.88,,,,,2:1,sieg,1
2018-03-17,Ligue 1,F1,1718,montpellier,dijon,1.6949,2.718,26,0.3175,3.15,3.32,,,,,2:2,unentschieden,0
2018-03-18,Serie A,I1,1718,lazio,bologna,1.42,2.676,3,0.5635,1.77,1.87,,,,,1:1,unentschieden,0
2018-03-31,Eredivisie,N1,1718,vitesse,roda,1.3314,3.137,24,0.5415,1.85,1.94,,,,,0:3,niederlage,0
2018-04-03,Scottish Premiership,SC0,1718,hibernian,hamilton,1.5349,2.605,9,0.4639,2.16,2.27,,,,,3:1,sieg,1
2018-04-07,Ligue 1,F1,1718,monaco,nantes,1.5772,2.718,32,0.3434,2.91,3.07,,,,,2:1,sieg,1
2018-04-08,Premier League,E0,1718,Arsenal,Southampton,1.6106,2.679,17,0.3899,2.56,2.7,,,,,3:2,sieg,1
2018-04-14,Bundesliga,D1,1718,bayern munich,m gladbach,1.3976,2.794,9,0.5534,1.81,1.9,,,,,5:1,sieg,1
2018-04-14,La Liga,SP1,1718,ath bilbao,la coruna,1.7445,2.695,6,0.3797,2.63,2.77,,,,,2:3,niederlage,0
2018-04-15,Serie A,I1,1718,sassuolo,benevento,1.7542,2.676,22,0.3116,3.21,3.38,,,,,2:2,unentschieden,0
2018-04-18,La Liga,SP1,1718,real madrid,ath bilbao,1.2692,2.695,14,0.6449,1.55,1.63,,,,,1:1,unentschieden,0
2018-04-18,La Liga,SP1,1718,valencia,getafe,1.54,2.695,16,0.4301,2.32,2.45,,,,,1:2,niederlage,0
2018-04-21,Serie A,I1,1718,milan,benevento,1.2624,2.676,29,0.5889,1.7,1.79,,,,,0:1,niederlage,0
2018-04-22,Ligue 1,F1,1718,st etienne,troyes,1.575,2.718,8,0.4467,2.24,2.36,,,,,2:1,sieg,1
2018-04-22,Griechenland Super League,G1,1718,paok,xanthi,1.3083,2.208,16,0.598,1.67,1.76,,,,,2:1,sieg,1
2018-04-28,La Liga,SP1,1718,espanol,las palmas,1.4295,2.695,29,0.4411,2.27,2.39,,,,,1:1,unentschieden,0
2018-04-29,Eredivisie,N1,1718,feyenoord,sparta rotterdam,1.2986,3.137,34,0.5284,1.89,1.99,,,,,3:1,sieg,1
2018-04-30,La Liga,SP1,1718,betis,malaga,1.512,2.695,20,0.4284,2.33,2.46,,,,,2:1,sieg,1
2018-05-05,Bundesliga,D1,1718,dortmund,mainz,1.3664,2.794,4,0.5993,1.67,1.76,,,,,1:2,niederlage,0
2018-05-05,Serie A,I1,1718,juventus,bologna,1.1941,2.676,30,0.6696,1.49,1.57,,,,,3:1,sieg,1
2018-05-05,Süper Lig,T1,1718,trabzonspor,kasimpasa,1.4826,2.961,11,0.486,2.06,2.17,,,,,2:5,niederlage,0
2018-05-06,Ligue 1,F1,1718,marseille,nice,1.7885,2.718,5,0.3676,2.72,2.86,,,,,2:1,sieg,1
2018-05-12,Bundesliga,D1,1718,bayern munich,stuttgart,1.2223,2.794,5,0.729,1.37,1.44,,,,,1:4,niederlage,0
2018-05-12,Ligue 1,F1,1718,lille,dijon,1.575,2.718,11,0.4334,2.31,2.43,,,,,2:1,sieg,1
2018-05-12,Serie A,I1,1718,inter,sassuolo,1.2223,2.676,25,0.6529,1.53,1.61,,,,,1:2,niederlage,0
2018-05-13,Premier League,E0,1718,Tottenham,Leicester,1.3694,2.679,4,0.597,1.68,1.76,,,,,5:4,sieg,1
2018-05-19,Ligue 1,F1,1718,lyon,nice,1.5247,2.718,18,0.4299,2.33,2.45,,,,,3:2,sieg,1
2018-05-19,Süper Lig,T1,1718,buyuksehyr,kasimpasa,1.2557,2.961,6,0.6904,1.45,1.53,,,,,3:2,sieg,1
2018-07-28,Belgien Pro League,B1,1819,oostende,mouscron,1.6266,2.9,23,0.3574,2.8,2.95,,,,,2:1,sieg,1
2018-08-11,Süper Lig,T1,1819,fenerbahce,bursaspor,1.4533,2.686,16,0.4826,2.07,2.18,,,,,2:1,sieg,1
2018-08-19,Belgien Pro League,B1,1819,genk,charleroi,1.4947,2.9,28,0.4037,2.48,2.61,,,,,3:1,sieg,1
2018-08-19,La Liga,SP1,1819,eibar,huesca,1.7445,2.587,5,0.3839,2.6,2.74,,,,,1:2,niederlage,0
2018-08-25,Belgien Pro League,B1,1819,charleroi,kortrijk,1.6803,2.9,9,0.3928,2.55,2.68,,,,,0:2,niederlage,0
2018-08-25,Premier League,E0,1819,Arsenal,West Ham,1.3984,2.821,25,0.4814,2.08,2.19,,,,,3:1,sieg,1
2018-08-25,Serie A,I1,1819,napoli,milan,1.6952,2.682,15,0.3614,2.77,2.91,,,,,3:2,sieg,1
2018-08-26,Süper Lig,T1,1819,besiktas,antalyaspor,1.2769,2.686,20,0.6119,1.63,1.72,,,,,2:3,niederlage,0
2018-09-01,Premier League,E0,1819,Everton,huddersfield,1.5683,2.821,34,0.3396,2.94,3.1,,,,,1:1,unentschieden,0
2018-09-02,La Liga,SP1,1819,barcelona,huesca,1.1354,2.587,3,0.8355,1.2,1.26,,,,,8:2,sieg,1
2018-09-14,Belgien Pro League,B1,1819,club brugge,lokeren,1.2439,2.9,8,0.695,1.44,1.52,,,,,2:1,sieg,1
2018-09-15,Bundesliga,D1,1819,bayern munich,leverkusen,1.2637,3.18,5,0.6863,1.46,1.53,,,,,3:1,sieg,1
2018-09-15,Premier League,E0,1819,Chelsea,cardiff,1.2096,2.821,16,0.7035,1.42,1.5,,,,,4:1,sieg,1
2018-09-16,Belgien Pro League,B1,1819,gent,st truiden,1.5964,2.9,21,0.3797,2.63,2.77,,,,,1:2,niederlage,0
2018-09-16,La Liga,SP1,1819,sevilla,getafe,1.6089,2.587,3,0.4516,2.21,2.33,,,,,0:2,niederlage,0
2018-09-22,Premier League,E0,1819,Leicester,huddersfield,1.6502,2.821,5,0.4233,2.36,2.49,,,,,3:1,sieg,1
2018-09-22,Ligue 1,F1,1819,st etienne,caen,1.7209,2.558,31,0.2892,3.46,3.64,,,,,2:1,sieg,1
2018-09-26,Ligue 1,F1,1819,marseille,strasbourg,1.512,2.558,27,0.398,2.51,2.65,,,,,3:2,sieg,1
2018-09-26,Ligue 1,F1,1819,paris sg,reims,1.1778,2.558,2,0.7881,1.27,1.34,,,,,4:1,sieg,1
2018-09-29,Griechenland Super League,G1,1819,panathinaikos,giannina,1.7668,2.285,23,0.3035,3.3,3.47,,,,,2:1,sieg,1
2018-09-30,Eredivisie,N1,1819,feyenoord,vitesse,1.5942,3.467,32,0.3355,2.98,3.14,,,,,2:1,sieg,1
2018-10-01,Süper Lig,T1,1819,buyuksehyr,yeni malatyaspor,1.4196,2.686,30,0.4436,2.25,2.37,,,,,1:1,unentschieden,0
2018-10-06,Bundesliga,D1,1819,bayern munich,m gladbach,1.2637,3.18,10,0.6667,1.5,1.58,,,,,0:3,niederlage,0
2018-10-06,Bundesliga,D1,1819,dortmund,augsburg,1.5089,3.18,22,0.4215,2.37,2.5,,,,,4:3,sieg,1
2018-10-06,Premier League,E0,1819,Manchester United,Newcastle,1.48,2.821,7,0.5056,1.98,2.08,,,,,3:2,sieg,1
2018-10-20,Bundesliga,D1,1819,leverkusen,hannover,1.5772,3.18,25,0.3722,2.69,2.83,,,,,2:2,unentschieden,0
2018-10-20,La Liga,SP1,1819,real madrid,levante,1.1941,2.587,6,0.7569,1.32,1.39,,,,,1:2,niederlage,0
2018-10-22,Premier League,E0,1819,Arsenal,Leicester,1.5754,2.821,31,0.3483,2.87,3.02,,,,,3:1,sieg,1
2018-10-27,Scottish Premiership,SC0,1819,kilmarnock,hamilton,1.5257,2.535,34,0.3611,2.77,2.92,,,,,1:1,unentschieden,0
2018-10-28,Ligue 1,F1,1819,rennes,reims,1.7957,2.558,16,0.3207,3.12,3.28,,,,,0:2,niederlage,0
2018-11-10,Serie A,I1,1819,torino,parma,1.5123,2.682,9,0.4769,2.1,2.21,,,,,1:2,niederlage,0
2018-11-11,Premier League,E0,1819,Arsenal,Wolves,1.7114,2.821,13,0.3633,2.75,2.9,,,,,1:1,unentschieden,0
2018-11-11,La Liga,SP1,1819,barcelona,betis,1.2593,2.587,20,0.6306,1.59,1.67,,,,,3:4,niederlage,0
2018-11-23,Belgien Pro League,B1,1819,club brugge,waregem,1.4416,2.9,12,0.5084,1.97,2.07,,,,,1:3,niederlage,0
2018-11-24,Belgien Pro League,B1,1819,genk,cercle brugge,1.243,2.9,26,0.6239,1.6,1.69,,,,,1:2,niederlage,0
2018-11-25,Bundesliga,D1,1819,m gladbach,hannover,1.5257,3.18,1,0.5049,1.98,2.09,,,,,4:1,sieg,1
2018-11-25,Premier League,E0,1819,Wolves,huddersfield,1.5339,2.821,6,0.4779,2.09,2.2,,,,,0:2,niederlage,0
2018-11-25,La Liga,SP1,1819,espanol,girona,1.7498,2.587,4,0.3861,2.59,2.73,,,,,1:3,niederlage,0
2018-12-01,Belgien Pro League,B1,1819,antwerp,st truiden,1.7773,2.9,9,0.3551,2.82,2.97,,,,,1:3,niederlage,0
2018-12-01,Eredivisie,N1,1819,az alkmaar,willem ii,1.4954,3.467,3,0.5139,1.95,2.05,,,,,0:2,niederlage,0
2018-12-05,Premier League,E0,1819,Everton,Newcastle,1.6462,2.821,19,0.3654,2.74,2.88,,,,,1:1,unentschieden,0
2018-12-05,Scottish Premiership,SC0,1819,hibernian,st mirren,1.4861,2.535,6,0.5062,1.98,2.08,,,,,2:2,unentschieden,0
2018-12-05,Scottish Premiership,SC0,1819,rangers,aberdeen,1.6304,2.535,7,0.4237,2.36,2.49,,,,,0:1,niederlage,0
2018-12-07,Primeira Liga,P1,1819,porto,portimonense,1.2191,2.699,9,0.7182,1.39,1.47,,,,,4:1,sieg,1
2018-12-08,Serie A,I1,1819,lazio,sampdoria,1.5089,2.682,21,0.4258,2.35,2.47,,,,,2:2,unentschieden,0
2018-12-09,Primeira Liga,P1,1819,sp lisbon,aves,1.3342,2.699,17,0.5699,1.75,1.85,,,,,4:1,sieg,1
2018-12-09,La Liga,SP1,1819,sociedad,valladolid,1.6949,2.587,16,0.3574,2.8,2.95,,,,,1:2,niederlage,0
2018-12-10,Süper Lig,T1,1819,kasimpasa,kayserispor,1.5383,2.686,21,0.4093,2.44,2.57,,,,,0:3,niederlage,0
2018-12-15,Griechenland Super League,G1,1819,asteras tripolis,ofi crete,1.54,2.285,26,0.387,2.58,2.72,,,,,2:1,sieg,1
2018-12-15,Eredivisie,N1,1819,az alkmaar,excelsior,1.2602,3.467,30,0.5871,1.7,1.79,,,,,2:1,sieg,1
2018-12-16,Serie A,I1,1819,roma,genoa,1.5089,2.682,17,0.4434,2.26,2.37,,,,,3:2,sieg,1
2018-12-16,Primeira Liga,P1,1819,sp lisbon,nacional,1.2439,2.699,6,0.7025,1.42,1.5,,,,,5:2,sieg,1
2018-12-22,Eredivisie,N1,1819,psv eindhoven,az alkmaar,1.4533,3.467,16,0.4826,2.07,2.18,,,,,3:1,sieg,1
2018-12-23,Primeira Liga,P1,1819,porto,rio ave,1.2593,2.699,12,0.6633,1.51,1.59,,,,,2:1,sieg,1
2018-12-23,Süper Lig,T1,1819,galatasaray,sivasspor,1.7645,2.686,9,0.3597,2.78,2.93,,,,,4:2,sieg,1
2018-12-26,Belgien Pro League,B1,1819,genk,gent,1.678,2.9,6,0.4067,2.46,2.59,,,,,3:1,sieg,1
2018-12-29,Premier League,E0,1819,Liverpool,Arsenal,1.5942,2.821,11,0.4237,2.36,2.49,,,,,5:1,sieg,1
2018-12-29,Serie A,I1,1819,milan,spal,1.5893,2.682,13,0.4174,2.4,2.52,,,,,2:1,sieg,1
2019-01-06,Primeira Liga,P1,1819,benfica,rio ave,1.305,2.699,17,0.5968,1.68,1.76,,,,,4:2,sieg,1
2019-01-06,La Liga,SP1,1819,real madrid,sociedad,1.399,2.587,3,0.5787,1.73,1.82,,,,,0:2,niederlage,0
2019-01-11,Ligue 1,F1,1819,lyon,reims,1.5156,2.558,34,0.3665,2.73,2.87,,,,,1:1,unentschieden,0
2019-01-13,Griechenland Super League,G1,1819,panathinaikos,xanthi,1.629,2.285,19,0.373,2.68,2.82,,,,,2:2,unentschieden,0
2019-01-18,Ligue 1,F1,1819,lille,amiens,1.7453,2.558,5,0.3836,2.61,2.75,,,,,2:1,sieg,1
2019-01-19,Premier League,E0,1819,Liverpool,Crystal Palace,1.2306,2.821,34,0.605,1.65,1.74,,,,,4:3,sieg,1
2019-01-20,Belgien Pro League,B1,1819,club brugge,charleroi,1.5964,2.9,17,0.3967,2.52,2.65,,,,,0:1,niederlage,0
2019-01-21,Süper Lig,T1,1819,kasimpasa,rizespor,1.7645,2.686,23,0.3042,3.29,3.46,,,,,0:1,niederlage,0
2019-01-23,Scottish Premiership,SC0,1819,hearts,dundee,1.4978,2.535,24,0.4192,2.39,2.51,,,,,1:2,niederlage,0
2019-01-26,Belgien Pro League,B1,1819,charleroi,waasland beveren,1.4563,2.9,15,0.4851,2.06,2.17,,,,,2:2,unentschieden,0
2019-01-26,Belgien Pro League,B1,1819,genk,mouscron,1.2185,2.9,17,0.689,1.45,1.53,,,,,1:2,niederlage,0
2019-01-27,Belgien Pro League,B1,1819,anderlecht,eupen,1.5415,2.9,31,0.3652,2.74,2.88,,,,,2:1,sieg,1
2019-01-27,Serie A,I1,1819,bologna,frosinone,1.74,2.682,18,0.3322,3.01,3.17,,,,,0:4,niederlage,0
2019-02-02,La Liga,SP1,1819,barcelona,valencia,1.339,2.587,24,0.5347,1.87,1.97,,,,,2:2,unentschieden,0
2019-02-03,Serie A,I1,1819,inter,bologna,1.4011,2.682,32,0.4483,2.23,2.35,,,,,0:1,niederlage,0
2019-02-09,Bundesliga,D1,1819,m gladbach,hertha,1.6593,3.18,30,0.3158,3.17,3.33,,,,,0:3,niederlage,0
2019-02-10,Serie A,I1,1819,atalanta,spal,1.3491,2.682,8,0.5962,1.68,1.77,,,,,2:1,sieg,1
2019-02-10,Serie A,I1,1819,sampdoria,frosinone,1.5625,2.682,25,0.3795,2.64,2.77,,,,,0:1,niederlage,0
2019-02-10,La Liga,SP1,1819,sevilla,eibar,1.747,2.587,22,0.314,3.18,3.35,,,,,2:2,unentschieden,0
2019-02-16,Scottish Premiership,SC0,1819,aberdeen,st mirren,1.39,2.535,20,0.5102,1.96,2.06,,,,,2:2,unentschieden,0
2019-02-22,Bundesliga,D1,1819,werder bremen,stuttgart,1.6194,3.18,2,0.4509,2.22,2.34,,,,,1:1,unentschieden,0
2019-02-27,Scottish Premiership,SC0,1819,aberdeen,hamilton,1.3718,2.535,34,0.4622,2.16,2.28,,,,,0:2,niederlage,0
2019-03-02,Belgien Pro League,B1,1819,kortrijk,cercle brugge,1.701,2.9,10,0.38,2.63,2.77,,,,,2:1,sieg,1
2019-03-02,Premier League,E0,1819,Manchester United,Southampton,1.4928,2.821,26,0.4135,2.42,2.55,,,,,3:2,sieg,1
2019-03-02,Eredivisie,N1,1819,vitesse,nac breda,1.4533,3.467,29,0.4251,2.35,2.48,,,,,4:1,sieg,1
2019-03-02,Süper Lig,T1,1819,fenerbahce,rizespor,1.701,2.686,4,0.4056,2.47,2.6,,,,,3:2,sieg,1
2019-03-03,Eredivisie,N1,1819,groningen,vvv venlo,1.7221,3.467,20,0.3308,3.02,3.18,,,,,3:2,sieg,1
2019-03-08,La Liga,SP1,1819,ath bilbao,espanol,1.7378,2.587,9,0.3696,2.71,2.85,,,,,1:1,unentschieden,0
2019-03-09,La Liga,SP1,1819,barcelona,vallecano,1.2223,2.587,24,0.6569,1.52,1.6,,,,,3:1,sieg,1
2019-03-10,Premier League,E0,1819,Liverpool,Burnley,1.1917,2.821,6,0.7597,1.32,1.39,,,,,4:2,sieg,1
2019-03-10,Ligue 1,F1,1819,rennes,caen,1.6949,2.558,20,0.3412,2.93,3.09,,,,,3:1,sieg,1
2019-03-15,Bundesliga,D1,1819,m gladbach,freiburg,1.6371,3.18,10,0.4076,2.45,2.58,,,,,1:1,unentschieden,0
2019-03-16,Bundesliga,D1,1819,augsburg,hannover,1.6938,3.18,8,0.3914,2.55,2.69,,,,,3:1,sieg,1
2019-03-16,Eredivisie,N1,1819,heerenveen,graafschap,1.6,3.467,3,0.4561,2.19,2.31,,,,,0:3,niederlage,0
2019-03-16,Scottish Premiership,SC0,1819,rangers,kilmarnock,1.4138,2.535,29,0.4522,2.21,2.33,,,,,1:1,unentschieden,0
2019-03-17,Belgien Pro League,B1,1819,charleroi,eupen,1.678,2.9,7,0.4024,2.49,2.62,,,,,1:2,niederlage,0
2019-03-17,Belgien Pro League,B1,1819,club brugge,mouscron,1.3776,2.9,33,0.462,2.16,2.28,,,,,1:2,niederlage,0
2019-03-17,Belgien Pro League,B1,1819,standard,waasland beveren,1.3342,2.9,15,0.5787,1.73,1.82,,,,,4:3,sieg,1
2019-03-17,Bundesliga,D1,1819,leverkusen,werder bremen,1.6857,3.18,13,0.3736,2.68,2.82,,,,,1:3,niederlage,0
2019-03-17,Serie A,I1,1819,atalanta,chievo,1.2847,2.682,32,0.5516,1.81,1.91,,,,,1:1,unentschieden,0
2019-03-17,La Liga,SP1,1819,villarreal,vallecano,1.6719,2.587,20,0.3504,2.85,3.01,,,,,3:1,sieg,1
2019-03-30,Eredivisie,N1,1819,willem ii,for sittard,1.7223,3.467,32,0.2851,3.51,3.69,,,,,3:2,sieg,1
2019-03-31,Ligue 1,F1,1819,monaco,caen,1.4295,2.558,23,0.4677,2.14,2.25,,,,,0:1,niederlage,0
2019-03-31,Griechenland Super League,G1,1819,aris,ofi crete,1.629,2.285,26,0.3442,2.91,3.06,,,,,3:1,sieg,1
2019-03-31,Griechenland Super League,G1,1819,olympiakos,atromitos,1.4165,2.285,30,0.4458,2.24,2.36,,,,,2:1,sieg,1
2019-03-31,La Liga,SP1,1819,real madrid,huesca,1.1694,2.587,3,0.7948,1.26,1.32,,,,,3:2,sieg,1
2019-04-05,Süper Lig,T1,1819,trabzonspor,antalyaspor,1.6655,2.686,9,0.3992,2.51,2.64,,,,,4:1,sieg,1
2019-04-06,Bundesliga,D1,1819,wolfsburg,hannover,1.3983,3.18,30,0.4592,2.18,2.29,,,,,3:1,sieg,1
2019-04-12,Premier League,E0,1819,Leicester,Newcastle,1.7037,2.821,32,0.2915,3.43,3.61,,,,,0:1,niederlage,0
2019-04-13,Eredivisie,N1,1819,az alkmaar,den haag,1.331,3.467,32,0.5062,1.98,2.08,,,,,2:3,niederlage,0
2019-04-14,Eredivisie,N1,1819,psv eindhoven,graafschap,1.1438,3.467,26,0.7579,1.32,1.39,,,,,2:1,sieg,1
2019-04-20,Serie A,I1,1819,juventus,fiorentina,1.4667,2.682,6,0.5185,1.93,2.03,,,,,2:1,sieg,1
2019-04-20,Süper Lig,T1,1819,galatasaray,kayserispor,1.4563,2.686,15,0.4851,2.06,2.17,,,,,3:1,sieg,1
2019-04-20,Süper Lig,T1,1819,trabzonspor,yeni malatyaspor,1.678,2.686,21,0.3439,2.91,3.06,,,,,2:1,sieg,1
2019-04-21,Premier League,E0,1819,Arsenal,Crystal Palace,1.568,2.821,17,0.4109,2.43,2.56,,,,,2:3,niederlage,0
2019-04-21,Griechenland Super League,G1,1819,aek,larisa,1.4889,2.285,28,0.4072,2.46,2.59,,,,,0:1,niederlage,0
2019-04-22,Premier League,E0,1819,Chelsea,Burnley,1.2833,2.821,8,0.6553,1.53,1.61,,,,,2:2,unentschieden,0
2019-04-26,Süper Lig,T1,1819,buyuksehyr,goztep,1.3342,2.686,7,0.6131,1.63,1.72,,,,,0:2,niederlage,0
2019-04-28,Ligue 1,F1,1819,marseille,nantes,1.5947,2.558,22,0.3763,2.66,2.8,,,,,1:2,niederlage,0
2019-05-03,Serie A,I1,1819,juventus,torino,1.6977,2.682,17,0.3522,2.84,2.99,,,,,1:1,unentschieden,0
2019-05-03,La Liga,SP1,1819,sevilla,leganes,1.432,2.587,8,0.5329,1.88,1.98,,,,,0:3,niederlage,0
2019-05-05,Griechenland Super League,G1,1819,aris,xanthi,1.4404,2.285,15,0.4958,2.02,2.12,,,,,7:2,sieg,1
2019-05-05,Serie A,I1,1819,sassuolo,frosinone,1.753,2.682,8,0.3681,2.72,2.86,,,,,2:2,unentschieden,0
2019-05-12,Premier League,E0,1819,Manchester United,cardiff,1.3133,2.821,23,0.5627,1.78,1.87,,,,,0:2,niederlage,0
2019-05-12,Serie A,I1,1819,torino,sassuolo,1.6061,2.682,27,0.3503,2.85,3.01,,,,,3:2,sieg,1
2019-05-12,Eredivisie,N1,1819,ajax,utrecht,1.1989,3.467,1,0.7677,1.3,1.37,,,,,4:1,sieg,1
2019-05-12,La Liga,SP1,1819,valencia,alaves,1.4667,2.587,12,0.4917,2.03,2.14,,,,,3:1,sieg,1
2019-05-12,Süper Lig,T1,1819,buyuksehyr,ankaragucu,1.3314,2.686,17,0.5724,1.75,1.84,,,,,2:1,sieg,1
2019-05-15,Eredivisie,N1,1819,psv eindhoven,heracles,1.2191,3.467,1,0.7462,1.34,1.41,,,,,3:1,sieg,1
2019-05-15,Eredivisie,N1,1819,utrecht,heerenveen,1.678,3.467,30,0.3085,3.24,3.41,,,,,3:1,sieg,1
2019-05-18,La Liga,SP1,1819,celta,vallecano,1.5124,2.587,29,0.3893,2.57,2.7,,,,,2:2,unentschieden,0
2019-05-24,Ligue 1,F1,1819,dijon,toulouse,1.5833,2.558,33,0.3366,2.97,3.13,,,,,2:1,sieg,1
2019-05-26,Serie A,I1,1819,atalanta,sassuolo,1.2805,2.682,19,0.6125,1.63,1.72,,,,,3:1,sieg,1
2019-07-26,Belgien Pro League,B1,1920,genk,kortrijk,1.4463,2.823,13,0.5007,2.0,2.1,,,,,2:1,sieg,1
2019-08-10,Belgien Pro League,B1,1920,genk,waregem,1.2972,2.823,6,0.6503,1.54,1.62,,,,,0:2,niederlage,0
2019-08-10,Premier League,E0,1920,Tottenham,Aston Villa,1.3776,2.721,9,0.5688,1.76,1.85,,,,,3:1,sieg,1
2019-08-11,Eredivisie,N1,1920,utrecht,zwolle,1.5893,3.082,16,0.4044,2.47,2.6,,,,,3:1,sieg,1
2019-08-11,Eredivisie,N1,1920,psv eindhoven,den haag,1.1976,3.082,33,0.6527,1.53,1.61,,,,,3:1,sieg,1
2019-08-17,Belgien Pro League,B1,1920,mechelen,cercle brugge,1.4789,2.823,24,0.4307,2.32,2.44,,,,,3:1,sieg,1
2019-08-17,Bundesliga,D1,1920,dortmund,augsburg,1.2637,3.209,1,0.7015,1.43,1.5,,,,,5:1,sieg,1
2019-08-18,Eredivisie,N1,1920,twente,waalwijk,1.5639,3.082,24,0.383,2.61,2.75,,,,,3:3,unentschieden,0
2019-08-24,Premier League,E0,1920,Manchester United,Crystal Palace,1.4011,2.721,32,0.4483,2.23,2.35,,,,,1:2,niederlage,0
2019-08-24,Griechenland Super League,G1,1920,aris,ofi crete,1.5437,2.362,18,0.4194,2.38,2.51,,,,,1:1,unentschieden,0
2019-08-25,Belgien Pro League,B1,1920,standard,kortrijk,1.5942,2.823,34,0.3276,3.05,3.21,,,,,2:1,sieg,1
2019-08-25,Premier League,E0,1920,Tottenham,Newcastle,1.2703,2.721,27,0.5889,1.7,1.79,,,,,0:1,niederlage,0
2019-08-25,La Liga,SP1,1920,barcelona,betis,1.3333,2.479,15,0.5794,1.73,1.82,,,,,5:2,sieg,1
2019-08-31,Bundesliga,D1,1920,bayern munich,mainz,1.1397,3.209,6,0.8225,1.22,1.28,,,,,6:1,sieg,1
2019-08-31,Bundesliga,D1,1920,wolfsburg,paderborn,1.528,3.209,12,0.4545,2.2,2.32,,,,,1:1,unentschieden,0
2019-08-31,Griechenland Super League,G1,1920,panathinaikos,ofi crete,1.629,2.362,33,0.3165,3.16,3.33,,,,,1:3,niederlage,0
2019-08-31,Eredivisie,N1,1920,heerenveen,for sittard,1.5415,3.082,23,0.3989,2.51,2.64,,,,,1:1,unentschieden,0
2019-08-31,Primeira Liga,P1,1920,sp lisbon,rio ave,1.4463,2.493,6,0.532,1.88,1.98,,,,,2:3,niederlage,0
2019-08-31,Süper Lig,T1,1920,konyaspor,antalyaspor,1.6803,2.859,16,0.3634,2.75,2.9,,,,,2:2,unentschieden,0
2019-09-01,Serie A,I1,1920,atalanta,torino,1.6655,3.037,24,0.3369,2.97,3.13,,,,,2:3,niederlage,0
2019-09-01,La Liga,SP1,1920,ath madrid,eibar,1.49,2.479,7,0.4993,2.0,2.11,,,,,3:2,sieg,1
2019-09-14,Premier League,E0,1920,Liverpool,Newcastle,1.2012,2.721,7,0.7454,1.34,1.41,,,,,3:1,sieg,1
2019-09-14,Eredivisie,N1,1920,az alkmaar,sparta rotterdam,1.5988,3.082,2,0.4611,2.17,2.28,,,,,5:1,sieg,1
2019-09-15,Bundesliga,D1,1920,hoffenheim,freiburg,1.7825,3.209,11,0.3451,2.9,3.05,,,,,0:3,niederlage,0
2019-09-15,Ligue 1,F1,1920,st etienne,toulouse,1.6952,2.523,15,0.3614,2.77,2.91,,,,,2:2,unentschieden,0
2019-09-15,Primeira Liga,P1,1920,rio ave,tondela,1.7425,2.493,5,0.3846,2.6,2.74,,,,,2:4,niederlage,0
2019-09-21,Belgien Pro League,B1,1920,charleroi,st truiden,1.6655,2.823,34,0.2982,3.35,3.53,,,,,0:3,niederlage,0
2019-09-21,Ligue 1,F1,1920,nice,dijon,1.7957,2.523,22,0.2978,3.36,3.54,,,,,2:1,sieg,1
2019-09-21,Serie A,I1,1920,juventus,verona,1.2025,3.037,20,0.6972,1.43,1.51,,,,,2:1,sieg,1
2019-09-21,Eredivisie,N1,1920,vitesse,for sittard,1.331,3.082,25,0.5374,1.86,1.96,,,,,4:2,sieg,1
2019-09-21,Süper Lig,T1,1920,fenerbahce,ankaragucu,1.3314,2.859,16,0.5768,1.73,1.83,,,,,2:1,sieg,1
2019-09-22,Belgien Pro League,B1,1920,club brugge,anderlecht,1.5964,2.823,5,0.449,2.23,2.35,,,,,2:1,sieg,1
2019-09-22,Bundesliga,D1,1920,m gladbach,fortuna dusseldorf,1.747,3.209,6,0.3787,2.64,2.78,,,,,2:1,sieg,1
2019-09-22,Premier League,E0,1920,Arsenal,Aston Villa,1.4697,2.721,20,0.4541,2.2,2.32,,,,,3:2,sieg,1
2019-09-22,Griechenland Super League,G1,1920,paok,aris,1.4838,2.362,4,0.5166,1.94,2.04,,,,,2:2,unentschieden,0
2019-09-22,Scottish Premiership,SC0,1920,celtic,kilmarnock,1.3607,2.737,33,0.4758,2.1,2.21,,,,,3:1,sieg,1
2019-09-23,Primeira Liga,P1,1920,sp braga,maritimo,1.413,2.493,32,0.4395,2.28,2.4,,,,,2:2,unentschieden,0
2019-09-25,Ligue 1,F1,1920,paris sg,reims,1.2025,2.523,29,0.6622,1.51,1.59,,,,,0:2,niederlage,0
2019-09-28,Bundesliga,D1,1920,rb leipzig,schalke 04,1.6083,3.209,29,0.3412,2.93,3.09,,,,,1:3,niederlage,0
2019-09-28,Bundesliga,D1,1920,dortmund,werder bremen,1.3059,3.209,7,0.6382,1.57,1.65,,,,,2:2,unentschieden,0
2019-10-04,Bundesliga,D1,1920,hertha,fortuna dusseldorf,1.7599,3.209,32,0.2727,3.67,3.86,,,,,3:1,sieg,1
2019-10-04,Süper Lig,T1,1920,fenerbahce,antalyaspor,1.4533,2.859,6,0.5273,1.9,2.0,,,,,0:1,niederlage,0
2019-10-06,Griechenland Super League,G1,1920,ofi crete,panionios,1.6308,2.362,9,0.4148,2.41,2.54,,,,,4:1,sieg,1
2019-10-06,Serie A,I1,1920,roma,cagliari,1.5089,3.037,26,0.4041,2.47,2.61,,,,,1:1,unentschieden,0
2019-10-06,Süper Lig,T1,1920,sivasspor,ankaragucu,1.5383,2.859,15,0.4355,2.3,2.42,,,,,3:1,sieg,1
2019-10-19,Premier League,E0,1920,Leicester,Burnley,1.6542,2.721,26,0.3335,3.0,3.16,,,,,2:1,sieg,1
2019-10-19,Premier League,E0,1920,Tottenham,watford,1.4667,2.721,6,0.5185,1.93,2.03,,,,,1:1,unentschieden,0
2019-10-19,Eredivisie,N1,1920,az alkmaar,heerenveen,1.6315,3.082,7,0.4232,2.36,2.49,,,,,2:4,niederlage,0
2019-10-20,Griechenland Super League,G1,1920,aek,volos nfc,1.2805,2.362,24,0.591,1.69,1.78,,,,,3:2,sieg,1
2019-10-26,Eredivisie,N1,1920,vitesse,den haag,1.5247,3.082,2,0.501,2.0,2.1,,,,,0:2,niederlage,0
2019-10-27,Belgien Pro League,B1,1920,club brugge,standard,1.5683,2.823,4,0.4679,2.14,2.25,,,,,1:1,unentschieden,0
2019-10-27,Premier League,E0,1920,Liverpool,Tottenham,1.5772,2.721,1,0.4766,2.1,2.21,,,,,2:1,sieg,1
2019-10-27,Serie A,I1,1920,atalanta,udinese,1.4667,3.037,11,0.4962,2.02,2.12,,,,,7:1,sieg,1
2019-10-27,Scottish Premiership,SC0,1920,rangers,motherwell,1.2593,2.737,21,0.6264,1.6,1.68,,,,,2:1,sieg,1
2019-10-30,Serie A,I1,1920,sampdoria,lecce,1.7645,3.037,8,0.3638,2.75,2.89,,,,,1:1,unentschieden,0
2019-10-30,Primeira Liga,P1,1920,rio ave,moreirense,1.7645,2.493,32,0.2713,3.69,3.88,,,,,1:1,unentschieden,0
2019-10-30,La Liga,SP1,1920,sociedad,levante,1.5641,2.479,24,0.3829,2.61,2.75,,,,,1:2,niederlage,0
2019-11-02,Premier League,E0,1920,Manchester City,Southampton,1.1288,2.721,13,0.8186,1.22,1.29,,,,,2:1,sieg,1
2019-11-02,Süper Lig,T1,1920,trabzonspor,goztep,1.7221,2.859,31,0.2888,3.46,3.65,,,,,0:1,niederlage,0
2019-11-03,Griechenland Super League,G1,1920,aek,atromitos,1.4966,2.362,20,0.4375,2.29,2.41,,,,,3:2,sieg,1
2019-11-03,Serie A,I1,1920,atalanta,cagliari,1.3491,3.037,32,0.4901,2.04,2.15,,,,,0:2,niederlage,0
2019-11-09,Belgien Pro League,B1,1920,kortrijk,waasland beveren,1.7064,2.823,12,0.3694,2.71,2.85,,,,,1:3,niederlage,0
2019-11-09,Serie A,I1,1920,inter,verona,1.3933,3.037,19,0.5122,1.95,2.06,,,,,2:1,sieg,1
2019-11-09,Scottish Premiership,SC0,1920,kilmarnock,hamilton,1.6375,2.737,2,0.4423,2.26,2.38,,,,,2:2,unentschieden,0
2019-11-10,Belgien Pro League,B1,1920,standard,mechelen,1.678,2.823,15,0.3685,2.71,2.86,,,,,1:2,niederlage,0
2019-11-10,Eredivisie,N1,1920,feyenoord,waalwijk,1.2417,3.082,14,0.6742,1.48,1.56,,,,,3:2,sieg,1
2019-11-22,Bundesliga,D1,1920,dortmund,paderborn,1.2027,3.209,5,0.7505,1.33,1.4,,,,,3:3,unentschieden,0
2019-11-23,Bundesliga,D1,1920,leverkusen,freiburg,1.5283,3.209,5,0.4855,2.06,2.17,,,,,1:1,unentschieden,0
2019-11-23,Premier League,E0,1920,Arsenal,Southampton,1.5283,2.721,8,0.4721,2.12,2.23,,,,,2:2,unentschieden,0
2019-11-23,Premier League,E0,1920,Manchester City,Chelsea,1.5095,2.721,21,0.4255,2.35,2.47,,,,,2:1,sieg,1
2019-11-23,La Liga,SP1,1920,real madrid,sociedad,1.4286,2.479,2,0.5619,1.78,1.87,,,,,3:1,sieg,1
2019-11-24,Bundesliga,D1,1920,hoffenheim,mainz,1.7284,3.209,33,0.2794,3.58,3.77,,,,,1:5,niederlage,0
2019-11-30,Bundesliga,D1,1920,bayern munich,leverkusen,1.3639,3.209,10,0.5753,1.74,1.83,,,,,1:2,niederlage,0
2019-12-01,Premier League,E0,1920,Leicester,Everton,1.7092,2.721,23,0.3238,3.09,3.25,,,,,2:1,sieg,1
2019-12-01,Premier League,E0,1920,Manchester United,Aston Villa,1.5294,2.721,11,0.4581,2.18,2.3,,,,,2:2,unentschieden,0
2019-12-01,Griechenland Super League,G1,1920,aris,lamia,1.4165,2.362,16,0.5082,1.97,2.07,,,,,1:1,unentschieden,0
2019-12-06,Süper Lig,T1,1920,fenerbahce,genclerbirligi,1.5453,2.859,8,0.4626,2.16,2.28,,,,,5:2,sieg,1
2019-12-07,Premier League,E0,1920,Manchester City,Manchester United,1.3664,2.721,23,0.5157,1.94,2.04,,,,,1:2,niederlage,0
2019-12-07,Serie A,I1,1920,atalanta,verona,1.4011,3.037,23,0.4883,2.05,2.16,,,,,3:2,sieg,1
2019-12-08,Ligue 1,F1,1920,marseille,bordeaux,1.69,2.523,31,0.3002,3.33,3.51,,,,,3:1,sieg,1
2019-12-14,Bundesliga,D1,1920,bayern munich,werder bremen,1.2027,3.209,24,0.6816,1.47,1.54,,,,,6:1,sieg,1
2019-12-14,Premier League,E0,1920,Leicester,norwich,1.2815,2.721,26,0.5813,1.72,1.81,,,,,1:1,unentschieden,0
2019-12-14,Serie A,I1,1920,napoli,parma,1.3664,3.037,4,0.5993,1.67,1.76,,,,,1:2,niederlage,0
2019-12-15,La Liga,SP1,1920,sevilla,villarreal,1.747,2.479,13,0.3497,2.86,3.01,,,,,1:2,niederlage,0
2019-12-21,Bundesliga,D1,1920,rb leipzig,augsburg,1.3059,3.209,8,0.634,1.58,1.66,,,,,3:1,sieg,1
2019-12-21,Premier League,E0,1920,Manchester City,Leicester,1.4404,2.721,22,0.4646,2.15,2.27,,,,,3:1,sieg,1
2019-12-21,Eredivisie,N1,1920,psv eindhoven,zwolle,1.2986,3.082,12,0.6241,1.6,1.69,,,,,4:1,sieg,1
2019-12-21,Süper Lig,T1,1920,yeni malatyaspor,rizespor,1.7645,2.859,6,0.3721,2.69,2.83,,,,,0:2,niederlage,0
2019-12-26,Premier League,E0,1920,Chelsea,Southampton,1.4011,2.721,31,0.4527,2.21,2.33,,,,,0:2,niederlage,0
2019-12-26,Premier League,E0,1920,Manchester United,Newcastle,1.4011,2.721,17,0.5152,1.94,2.04,,,,,4:1,sieg,1
2019-12-27,Süper Lig,T1,1920,besiktas,genclerbirligi,1.5767,2.859,23,0.3808,2.63,2.77,,,,,4:1,sieg,1
2019-12-29,Süper Lig,T1,1920,alanyaspor,konyaspor,1.638,2.859,8,0.4158,2.4,2.53,,,,,2:1,sieg,1
2020-01-03,La Liga,SP1,1920,sevilla,ath bilbao,1.6977,2.479,15,0.3604,2.77,2.92,,,,,1:1,unentschieden,0
2020-01-10,Primeira Liga,P1,1920,benfica,aves,1.1496,2.493,20,0.7686,1.3,1.37,,,,,2:1,sieg,1
2020-01-11,Premier League,E0,1920,Wolves,Newcastle,1.512,2.721,7,0.486,2.06,2.17,,,,,1:1,unentschieden,0
2020-01-17,Primeira Liga,P1,1920,porto,sp braga,1.6993,2.493,5,0.402,2.49,2.62,,,,,1:2,niederlage,0
2020-01-18,Bundesliga,D1,1920,rb leipzig,union berlin,1.322,3.209,10,0.611,1.64,1.72,,,,,3:1,sieg,1
2020-01-18,Serie A,I1,1920,napoli,fiorentina,1.6854,3.037,26,0.3211,3.11,3.28,,,,,0:2,niederlage,0
2020-01-19,Serie A,I1,1920,milan,udinese,1.6011,3.037,6,0.4422,2.26,2.38,,,,,3:2,sieg,1
2020-01-19,Primeira Liga,P1,1920,famalicao,maritimo,1.7688,2.493,22,0.3066,3.26,3.43,,,,,1:1,unentschieden,0
2020-01-19,La Liga,SP1,1920,villarreal,espanol,1.7212,2.479,5,0.393,2.54,2.68,,,,,1:2,niederlage,0
2020-01-22,Scottish Premiership,SC0,1920,hibernian,hamilton,1.5453,2.737,18,0.4185,2.39,2.52,,,,,2:1,sieg,1
2020-01-25,Bundesliga,D1,1920,m gladbach,mainz,1.5641,3.209,11,0.4391,2.28,2.4,,,,,3:1,sieg,1
2020-01-25,Eredivisie,N1,1920,sparta rotterdam,for sittard,1.5964,3.082,20,0.3839,2.6,2.74,,,,,1:1,unentschieden,0
2020-01-26,Belgien Pro League,B1,1920,antwerp,waregem,1.638,2.823,13,0.3943,2.54,2.67,,,,,2:1,sieg,1
2020-02-01,Bundesliga,D1,1920,rb leipzig,m gladbach,1.5942,3.209,24,0.3682,2.72,2.86,,,,,2:2,unentschieden,0
2020-02-02,Serie A,I1,1920,milan,verona,1.7498,3.037,13,0.3487,2.87,3.02,,,,,1:1,unentschieden,0
2020-02-07,Belgien Pro League,B1,1920,gent,anderlecht,1.6857,2.823,14,0.3695,2.71,2.85,,,,,1:1,unentschieden,0
2020-02-07,Serie A,I1,1920,roma,bologna,1.6938,3.037,16,0.3579,2.79,2.94,,,,,2:3,niederlage,0
2020-02-08,Bundesliga,D1,1920,wolfsburg,fortuna dusseldorf,1.6304,3.209,13,0.3977,2.51,2.65,,,,,1:1,unentschieden,0
2020-02-09,Premier League,E0,1920,Sheffield United,Bournemouth,1.7498,2.721,13,0.3487,2.87,3.02,,,,,2:1,sieg,1
2020-02-09,Serie A,I1,1920,napoli,lecce,1.2769,3.037,29,0.5731,1.74,1.84,,,,,2:3,niederlage,0
2020-02-09,Primeira Liga,P1,1920,sp lisbon,portimonense,1.5383,2.493,26,0.3879,2.58,2.71,,,,,2:1,sieg,1
2020-02-15,Scottish Premiership,SC0,1920,hearts,hamilton,1.6375,2.737,5,0.4291,2.33,2.45,,,,,2:2,unentschieden,0
2020-02-16,La Liga,SP1,1920,real madrid,celta,1.3556,2.479,7,0.5951,1.68,1.77,,,,,2:2,unentschieden,0
2020-02-21,La Liga,SP1,1920,betis,mallorca,1.5224,2.479,16,0.44,2.27,2.39,,,,,3:3,unentschieden,0
2020-02-22,Eredivisie,N1,1920,heerenveen,den haag,1.6071,3.082,28,0.3458,2.89,3.05,,,,,2:2,unentschieden,0
2020-02-23,Ligue 1,F1,1920,rennes,nimes,1.7833,2.523,1,0.3863,2.59,2.73,,,,,2:1,sieg,1
2020-02-23,Ligue 1,F1,1920,paris sg,bordeaux,1.1937,2.523,18,0.7158,1.4,1.47,,,,,4:3,sieg,1
2020-02-23,La Liga,SP1,1920,ath madrid,villarreal,1.74,2.479,16,0.3402,2.94,3.1,,,,,3:1,sieg,1
2020-03-01,Bundesliga,D1,1920,rb leipzig,leverkusen,1.5095,3.209,29,0.3909,2.56,2.69,,,,,1:1,unentschieden,0
2020-03-01,Eredivisie,N1,1920,ajax,az alkmaar,1.5453,3.082,4,0.4804,2.08,2.19,,,,,0:2,niederlage,0
2020-03-07,Premier League,E0,1920,Liverpool,Bournemouth,1.2815,2.721,9,0.653,1.53,1.61,,,,,2:1,sieg,1
2020-03-08,Serie A,I1,1920,milan,genoa,1.753,3.037,7,0.3722,2.69,2.83,,,,,1:2,niederlage,0
2020-03-08,Eredivisie,N1,1920,heracles,waalwijk,1.5859,3.082,16,0.4061,2.46,2.59,,,,,4:2,sieg,1
2020-05-16,Bundesliga,D1,1920,rb leipzig,freiburg,1.3808,3.209,34,0.455,2.2,2.31,,,,,1:1,unentschieden,0
2020-05-27,Bundesliga,D1,1920,rb leipzig,hertha,1.453,3.209,9,0.5141,1.95,2.05,,,,,2:2,unentschieden,0
2020-06-07,Primeira Liga,P1,1920,rio ave,pacos ferreira,1.6783,2.493,11,0.3851,2.6,2.73,,,,,2:3,niederlage,0
2020-06-13,Süper Lig,T1,1920,besiktas,antalyaspor,1.5469,2.859,15,0.4308,2.32,2.44,,,,,1:2,niederlage,0
2020-06-14,La Liga,SP1,1920,sociedad,osasuna,1.7576,2.479,29,0.2842,3.52,3.7,,,,,1:1,unentschieden,0
2020-06-17,Bundesliga,D1,1920,dortmund,mainz,1.3173,3.209,33,0.5145,1.94,2.05,,,,,0:2,niederlage,0
2020-06-21,Süper Lig,T1,1920,galatasaray,gaziantep,1.5964,2.859,17,0.3967,2.52,2.65,,,,,3:3,unentschieden,0
2020-06-22,Serie A,I1,1920,fiorentina,brescia,1.5772,3.037,17,0.4062,2.46,2.59,,,,,1:1,unentschieden,0
2020-06-24,Serie A,I1,1920,inter,sassuolo,1.4533,3.037,4,0.5362,1.86,1.96,,,,,3:3,unentschieden,0
2020-06-24,Serie A,I1,1920,roma,sampdoria,1.5415,3.037,11,0.4514,2.22,2.33,,,,,2:1,sieg,1
2020-06-26,La Liga,SP1,1920,sevilla,valladolid,1.4737,2.479,25,0.4295,2.33,2.45,,,,,1:1,unentschieden,0
2020-06-27,Bundesliga,D1,1920,dortmund,hoffenheim,1.7924,3.209,8,0.3538,2.83,2.98,,,,,0:4,niederlage,0
2020-06-27,Serie A,I1,1920,lazio,fiorentina,1.6952,3.037,25,0.3213,3.11,3.28,,,,,2:1,sieg,1
2020-06-28,Griechenland Super League,G1,1920,panetolikos,asteras tripolis,1.7453,2.362,11,0.3585,2.79,2.94,,,,,1:1,unentschieden,0
2020-07-02,Serie A,I1,1920,roma,udinese,1.6542,3.037,12,0.3913,2.56,2.69,,,,,0:2,niederlage,0
2020-07-04,Premier League,E0,1920,Manchester United,Bournemouth,1.2229,2.721,15,0.6915,1.45,1.52,,,,,5:2,sieg,1
2020-07-07,Premier League,E0,1920,watford,norwich,1.7933,2.721,4,0.37,2.7,2.85,,,,,2:1,sieg,1
2020-07-08,Serie A,I1,1920,roma,parma,1.5833,3.037,9,0.438,2.28,2.4,,,,,2:1,sieg,1
2020-07-08,Serie A,I1,1920,torino,brescia,1.7055,3.037,21,0.3331,3.0,3.16,,,,,3:1,sieg,1
2020-07-08,Süper Lig,T1,1920,trabzonspor,antalyaspor,1.4404,2.859,8,0.5271,1.9,2.0,,,,,2:2,unentschieden,0
2020-07-11,Griechenland Super League,G1,1920,xanthi,asteras tripolis,1.7156,2.362,6,0.391,2.56,2.69,,,,,1:2,niederlage,0
2020-07-11,Griechenland Super League,G1,1920,ofi crete,aris,1.7092,2.362,14,0.36,2.78,2.92,,,,,0:1,niederlage,0
2020-07-13,Premier League,E0,1920,Manchester United,Southampton,1.3664,2.721,12,0.5645,1.77,1.87,,,,,2:2,unentschieden,0
2020-07-13,Serie A,I1,1920,inter,torino,1.5453,3.037,17,0.4229,2.36,2.49,,,,,3:1,sieg,1
2020-07-16,La Liga,SP1,1920,barcelona,osasuna,1.2096,2.479,15,0.7072,1.41,1.49,,,,,1:2,niederlage,0
2020-07-16,La Liga,SP1,1920,celta,levante,1.7092,2.479,11,0.3725,2.68,2.83,,,,,2:3,niederlage,0
2020-07-19,Serie A,I1,1920,napoli,udinese,1.5964,3.037,22,0.3755,2.66,2.8,,,,,2:1,sieg,1
2020-08-02,Serie A,I1,1920,lecce,parma,1.587,3.037,11,0.4273,2.34,2.46,,,,,3:4,niederlage,0
2020-08-09,Belgien Pro League,B1,2021,kortrijk,waasland beveren,1.7579,2.987,10,0.358,2.79,2.94,,,,,1:3,niederlage,0
2020-08-15,Belgien Pro League,B1,2021,gent,kortrijk,1.4563,2.987,22,0.4539,2.2,2.32,,,,,1:2,niederlage,0
2020-08-23,Belgien Pro League,B1,2021,club brugge,beerschot va,1.3808,2.987,28,0.4817,2.08,2.19,,,,,0:1,niederlage,0
2020-08-28,Ligue 1,F1,2021,lyon,dijon,1.3648,2.761,14,0.557,1.8,1.89,,,,,4:1,sieg,1
2020-09-13,Ligue 1,F1,2021,paris sg,marseille,1.7642,2.761,31,0.2749,3.64,3.83,,,,,0:1,niederlage,0
2020-09-19,Premier League,E0,2021,Everton,west brom,1.5879,2.695,10,0.4312,2.32,2.44,,,,,5:2,sieg,1
2020-09-19,Premier League,E0,2021,Manchester United,Crystal Palace,1.3732,2.695,7,0.581,1.72,1.81,,,,,1:3,niederlage,0
2020-09-19,Primeira Liga,P1,2021,porto,sp braga,1.7245,2.415,21,0.326,3.07,3.23,,,,,3:1,sieg,1
2020-09-19,Scottish Premiership,SC0,2021,celtic,livingston,1.17,2.421,17,0.7501,1.33,1.4,,,,,3:2,sieg,1
2020-09-20,Belgien Pro League,B1,2021,genk,mechelen,1.7223,2.987,6,0.3883,2.58,2.71,,,,,3:1,sieg,1
2020-09-20,Premier League,E0,2021,Leicester,Burnley,1.6952,2.695,10,0.3823,2.62,2.75,,,,,4:2,sieg,1
2020-09-20,Eredivisie,N1,2021,feyenoord,twente,1.4947,3.007,2,0.5188,1.93,2.03,,,,,1:1,unentschieden,0
2020-09-25,Primeira Liga,P1,2021,sp braga,santa clara,1.4861,2.415,5,0.5107,1.96,2.06,,,,,0:1,niederlage,0
2020-09-26,Belgien Pro League,B1,2021,beerschot va,waasland beveren,1.5453,2.987,11,0.4493,2.23,2.34,,,,,3:2,sieg,1
2020-09-26,Serie A,I1,2021,inter,fiorentina,1.5833,3.053,3,0.4645,2.15,2.27,,,,,4:3,sieg,1
2020-09-27,Belgien Pro League,B1,2021,standard,waregem,1.5893,2.987,10,0.4305,2.32,2.45,,,,,2:2,unentschieden,0
2020-09-27,Griechenland Super League,G1,2021,aris,giannina,1.638,2.205,15,0.3858,2.59,2.73,,,,,2:2,unentschieden,0
2020-09-27,Eredivisie,N1,2021,feyenoord,den haag,1.3318,3.007,11,0.5981,1.67,1.76,,,,,4:2,sieg,1
2020-09-28,Belgien Pro League,B1,2021,genk,oostende,1.5964,2.987,3,0.4579,2.18,2.3,,,,,2:2,unentschieden,0
2020-09-28,Premier League,E0,2021,Liverpool,Arsenal,1.5283,2.695,25,0.3975,2.52,2.65,,,,,3:1,sieg,1
2020-09-30,Serie A,I1,2021,udinese,spezia,1.7049,3.053,29,0.3023,3.31,3.48,,,,,0:2,niederlage,0
2020-10-02,Eredivisie,N1,2021,utrecht,heerenveen,1.7156,3.007,4,0.3996,2.5,2.64,,,,,1:1,unentschieden,0
2020-10-03,Primeira Liga,P1,2021,porto,maritimo,1.243,2.415,24,0.6322,1.58,1.67,,,,,2:3,niederlage,0
2020-10-04,Premier League,E0,2021,Leicester,West Ham,1.69,2.695,14,0.3677,2.72,2.86,,,,,0:3,niederlage,0
2020-10-04,Ligue 1,F1,2021,rennes,reims,1.6977,2.761,11,0.3771,2.65,2.79,,,,,2:2,unentschieden,0
2020-10-04,Ligue 1,F1,2021,lyon,marseille,1.7874,2.761,16,0.3235,3.09,3.25,,,,,1:1,unentschieden,0
2020-10-04,La Liga,SP1,2021,barcelona,sevilla,1.6616,2.508,8,0.4052,2.47,2.6,,,,,1:1,unentschieden,0
2020-10-04,Süper Lig,T1,2021,besiktas,genclerbirligi,1.6862,2.705,8,0.3946,2.53,2.67,,,,,0:1,niederlage,0
2020-10-17,Eredivisie,N1,2021,heracles,waalwijk,1.6182,3.007,26,0.3489,2.87,3.02,,,,,0:1,niederlage,0
2020-10-17,La Liga,SP1,2021,real madrid,cadiz,1.2472,2.508,16,0.6602,1.51,1.59,,,,,0:1,niederlage,0
2020-10-18,Serie A,I1,2021,roma,benevento,1.3983,3.053,5,0.5705,1.75,1.85,,,,,5:2,sieg,1
2020-10-23,Serie A,I1,2021,sassuolo,torino,1.7523,3.053,33,0.2716,3.68,3.88,,,,,3:3,unentschieden,0
2020-10-24,Bundesliga,D1,2021,rb leipzig,hertha,1.5111,3.033,8,0.4821,2.07,2.18,,,,,2:1,sieg,1
2020-10-24,Premier League,E0,2021,Liverpool,Sheffield United,1.2894,2.695,13,0.6288,1.59,1.67,,,,,2:1,sieg,1
2020-10-24,Serie A,I1,2021,atalanta,sampdoria,1.4699,3.053,13,0.4852,2.06,2.17,,,,,1:3,niederlage,0
2020-10-24,Eredivisie,N1,2021,utrecht,twente,1.7599,3.007,1,0.395,2.53,2.67,,,,,2:1,sieg,1
2020-10-31,Premier League,E0,2021,Liverpool,West Ham,1.4404,2.695,10,0.5182,1.93,2.03,,,,,2:1,sieg,1
2020-10-31,Eredivisie,N1,2021,ajax,for sittard,1.1276,3.007,7,0.8355,1.2,1.26,,,,,5:2,sieg,1
2020-11-01,Griechenland Super League,G1,2021,aek,ofi crete,1.4138,2.205,6,0.5547,1.8,1.9,,,,,2:1,sieg,1
2020-11-07,Belgien Pro League,B1,2021,eupen,waasland beveren,1.542,2.987,11,0.4511,2.22,2.33,,,,,1:1,unentschieden,0
2020-11-07,Premier League,E0,2021,Chelsea,Sheffield United,1.432,2.695,9,0.5285,1.89,1.99,,,,,4:1,sieg,1
2020-11-08,Premier League,E0,2021,Arsenal,Aston Villa,1.7324,2.695,25,0.3077,3.25,3.42,,,,,0:3,niederlage,0
2020-11-08,Serie A,I1,2021,milan,verona,1.5453,3.053,6,0.4715,2.12,2.23,,,,,2:2,unentschieden,0
2020-11-08,Primeira Liga,P1,2021,porto,portimonense,1.2769,2.415,14,0.6371,1.57,1.65,,,,,3:1,sieg,1
2020-11-08,Süper Lig,T1,2021,buyuksehyr,genclerbirligi,1.4947,2.705,1,0.5232,1.91,2.01,,,,,2:1,sieg,1
2020-11-22,Belgien Pro League,B1,2021,genk,mouscron,1.4676,2.987,34,0.3944,2.54,2.67,,,,,4:1,sieg,1
2020-11-22,Griechenland Super League,G1,2021,paok,giannina,1.3314,2.205,31,0.5103,1.96,2.06,,,,,2:1,sieg,1
2020-11-27,Eredivisie,N1,2021,twente,waalwijk,1.4947,3.007,22,0.4298,2.33,2.45,,,,,0:2,niederlage,0
2020-11-28,Bundesliga,D1,2021,dortmund,koln,1.2637,3.033,9,0.6707,1.49,1.57,,,,,1:2,niederlage,0
2020-11-28,Ligue 1,F1,2021,paris sg,bordeaux,1.1976,2.761,10,0.7393,1.35,1.42,,,,,2:2,unentschieden,0
2020-11-28,Primeira Liga,P1,2021,sp lisbon,moreirense,1.331,2.415,3,0.6326,1.58,1.66,,,,,2:1,sieg,1
2020-11-28,La Liga,SP1,2021,real madrid,alaves,1.4011,2.508,5,0.5684,1.76,1.85,,,,,1:2,niederlage,0
2020-11-29,Belgien Pro League,B1,2021,gent,waregem,1.5833,2.987,27,0.3609,2.77,2.92,,,,,0:3,niederlage,0
2020-11-29,Serie A,I1,2021,lazio,udinese,1.7645,3.053,18,0.3235,3.09,3.26,,,,,1:3,niederlage,0
2020-11-30,Premier League,E0,2021,Leicester,Fulham,1.5772,2.695,30,0.3515,2.84,3.0,,,,,1:2,niederlage,0
2020-12-05,Bundesliga,D1,2021,bayern munich,rb leipzig,1.4308,3.033,19,0.4846,2.06,2.17,,,,,3:3,unentschieden,0
2020-12-05,Premier League,E0,2021,Chelsea,Leeds,1.5833,2.695,4,0.4601,2.17,2.29,,,,,3:1,sieg,1
2020-12-05,Griechenland Super League,G1,2021,olympiakos,volos nfc,1.2439,2.205,11,0.6835,1.46,1.54,,,,,4:1,sieg,1
2020-12-05,Serie A,I1,2021,juventus,torino,1.48,3.053,9,0.4966,2.01,2.12,,,,,2:1,sieg,1
2020-12-05,Eredivisie,N1,2021,ajax,twente,1.2557,3.007,22,0.6262,1.6,1.68,,,,,1:2,niederlage,0
2020-12-06,Primeira Liga,P1,2021,benfica,pacos ferreira,1.3314,2.415,24,0.5415,1.85,1.94,,,,,2:1,sieg,1
2020-12-11,Eredivisie,N1,2021,heracles,for sittard,1.7599,3.007,31,0.2763,3.62,3.81,,,,,1:2,niederlage,0
2020-12-12,Bundesliga,D1,2021,dortmund,stuttgart,1.5833,3.033,26,0.3651,2.74,2.88,,,,,1:5,niederlage,0
2020-12-12,Eredivisie,N1,2021,emmen,den haag,1.7792,3.007,6,0.3668,2.73,2.87,,,,,1:1,unentschieden,0
2020-12-12,Süper Lig,T1,2021,fenerbahce,yeni malatyaspor,1.5111,2.705,9,0.4776,2.09,2.2,,,,,0:3,niederlage,0
2020-12-13,Serie A,I1,2021,napoli,sampdoria,1.4667,3.053,20,0.456,2.19,2.31,,,,,2:1,sieg,1
2020-12-13,Serie A,I1,2021,milan,parma,1.3705,3.053,13,0.5568,1.8,1.89,,,,,2:2,unentschieden,0
2020-12-16,Bundesliga,D1,2021,bayern munich,wolfsburg,1.3983,3.033,5,0.5705,1.75,1.85,,,,,2:1,sieg,1
2020-12-16,Ligue 1,F1,2021,monaco,lens,1.7402,2.761,1,0.4026,2.48,2.62,,,,,0:3,niederlage,0
2020-12-16,La Liga,SP1,2021,barcelona,sociedad,1.6756,2.508,27,0.321,3.12,3.28,,,,,2:1,sieg,1
2020-12-19,Scottish Premiership,SC0,2021,rangers,motherwell,1.2439,2.421,6,0.7025,1.42,1.5,,,,,3:1,sieg,1
2020-12-19,La Liga,SP1,2021,barcelona,valencia,1.3696,2.508,29,0.4862,2.06,2.17,,,,,2:2,unentschieden,0
2020-12-20,Belgien Pro League,B1,2021,standard,mouscron,1.4983,2.987,30,0.3931,2.54,2.68,,,,,0:1,niederlage,0
2020-12-20,Eredivisie,N1,2021,az alkmaar,willem ii,1.4181,3.007,22,0.4803,2.08,2.19,,,,,5:3,sieg,1
2020-12-22,Serie A,I1,2021,juventus,fiorentina,1.3808,3.053,3,0.5924,1.69,1.78,,,,,0:3,niederlage,0
2020-12-22,Eredivisie,N1,2021,psv eindhoven,vvv venlo,1.1976,3.007,22,0.6959,1.44,1.51,,,,,4:1,sieg,1
2020-12-26,Belgien Pro League,B1,2021,standard,st truiden,1.6933,2.987,5,0.4045,2.47,2.6,,,,,1:2,niederlage,0
2020-12-30,Scottish Premiership,SC0,2021,hibernian,ross county,1.5415,2.421,25,0.3904,2.56,2.7,,,,,0:2,niederlage,0
2021-01-03,Bundesliga,D1,2021,bayern munich,mainz,1.1834,3.033,32,0.6768,1.48,1.56,,,,,5:2,sieg,1
2021-01-03,Serie A,I1,2021,inter,crotone,1.2714,3.053,12,0.6508,1.54,1.62,,,,,6:2,sieg,1
2021-01-03,La Liga,SP1,2021,sociedad,osasuna,1.6179,2.508,20,0.3738,2.68,2.82,,,,,1:1,unentschieden,0
2021-01-06,Ligue 1,F1,2021,lille,angers,1.6776,2.761,5,0.4112,2.43,2.56,,,,,1:2,niederlage,0
2021-01-10,Griechenland Super League,G1,2021,paok,volos nfc,1.2191,2.205,11,0.7109,1.41,1.48,,,,,3:1,sieg,1
2021-01-10,Eredivisie,N1,2021,heerenveen,for sittard,1.7645,3.007,20,0.3157,3.17,3.34,,,,,1:3,niederlage,0
2021-01-10,Eredivisie,N1,2021,ajax,psv eindhoven,1.7053,3.007,2,0.4124,2.42,2.55,,,,,2:2,unentschieden,0
2021-01-14,Griechenland Super League,G1,2021,atromitos,lamia,1.6776,2.205,7,0.4025,2.48,2.62,,,,,2:1,sieg,1
2021-01-16,Premier League,E0,2021,Wolves,west brom,1.6857,2.695,8,0.3948,2.53,2.67,,,,,2:3,niederlage,0
2021-01-20,Belgien Pro League,B1,2021,club brugge,oostende,1.3833,2.987,14,0.5422,1.84,1.94,,,,,2:1,sieg,1
2021-01-20,La Liga,SP1,2021,villarreal,granada,1.5893,2.508,21,0.3831,2.61,2.75,,,,,2:2,unentschieden,0
2021-01-21,Primeira Liga,P1,2021,guimaraes,nacional,1.7579,2.415,16,0.3337,3.0,3.16,,,,,3:1,sieg,1
2021-01-24,Serie A,I1,2021,lazio,sassuolo,1.7829,3.053,6,0.3654,2.74,2.88,,,,,2:1,sieg,1
2021-01-24,La Liga,SP1,2021,ath madrid,valencia,1.4697,2.508,11,0.4942,2.02,2.13,,,,,3:1,sieg,1
2021-01-25,Süper Lig,T1,2021,alanyaspor,ankaragucu,1.5704,2.705,3,0.4713,2.12,2.23,,,,,4:3,sieg,1
2021-01-27,Belgien Pro League,B1,2021,gent,st truiden,1.6655,2.987,23,0.3409,2.93,3.09,,,,,1:1,unentschieden,0
2021-01-27,Premier League,E0,2021,Manchester United,Sheffield United,1.322,2.695,23,0.5546,1.8,1.9,,,,,1:2,niederlage,0
2021-01-27,Griechenland Super League,G1,2021,aek,giannina,1.386,2.205,33,0.4553,2.2,2.31,,,,,0:2,niederlage,0
2021-01-30,Bundesliga,D1,2021,dortmund,augsburg,1.3312,3.033,10,0.6029,1.66,1.75,,,,,3:1,sieg,1
2021-01-30,Scottish Premiership,SC0,2021,celtic,st mirren,1.442,2.421,18,0.4813,2.08,2.19,,,,,1:2,niederlage,0
2021-01-31,Belgien Pro League,B1,2021,club brugge,standard,1.6464,2.987,3,0.4338,2.31,2.43,,,,,3:1,sieg,1
2021-01-31,Serie A,I1,2021,atalanta,lazio,1.7974,3.053,3,0.3728,2.68,2.82,,,,,1:3,niederlage,0
2021-02-04,Primeira Liga,P1,2021,sp braga,portimonense,1.5043,2.415,23,0.4198,2.38,2.51,,,,,2:1,sieg,1
2021-02-06,Bundesliga,D1,2021,m gladbach,koln,1.5453,3.033,3,0.4849,2.06,2.17,,,,,1:2,niederlage,0
2021-02-06,Süper Lig,T1,2021,alanyaspor,rizespor,1.6975,2.705,25,0.3204,3.12,3.29,,,,,2:1,sieg,1
2021-02-07,Belgien Pro League,B1,2021,gent,eupen,1.77,2.987,7,0.3659,2.73,2.88,,,,,2:2,unentschieden,0
2021-02-07,Ligue 1,F1,2021,montpellier,dijon,1.747,2.761,5,0.3829,2.61,2.75,,,,,4:2,sieg,1
2021-02-08,La Liga,SP1,2021,ath madrid,celta,1.6906,2.508,13,0.3716,2.69,2.83,,,,,2:2,unentschieden,0
2021-02-13,Ligue 1,F1,2021,lyon,montpellier,1.432,2.761,20,0.4793,2.09,2.2,,,,,1:2,niederlage,0
2021-02-13,Primeira Liga,P1,2021,porto,boavista,1.2972,2.415,8,0.6421,1.56,1.64,,,,,2:2,unentschieden,0
2021-02-13,Scottish Premiership,SC0,2021,motherwell,hamilton,1.7688,2.421,7,0.3664,2.73,2.87,,,,,1:4,niederlage,0
2021-02-14,Ligue 1,F1,2021,monaco,lorient,1.442,2.761,7,0.5305,1.89,1.99,,,,,2:2,unentschieden,0
2021-02-14,Eredivisie,N1,2021,vitesse,twente,1.7829,3.007,16,0.325,3.08,3.24,,,,,0:2,niederlage,0
2021-02-15,Bundesliga,D1,2021,bayern munich,bielefeld,1.1746,3.033,9,0.7703,1.3,1.37,,,,,3:3,unentschieden,0
2021-02-20,Bundesliga,D1,2021,m gladbach,mainz,1.7092,3.033,10,0.3767,2.65,2.8,,,,,1:2,niederlage,0
2021-02-20,Premier League,E0,2021,Liverpool,Everton,1.5257,2.695,3,0.4959,2.02,2.12,,,,,0:2,niederlage,0
2021-02-20,Griechenland Super League,G1,2021,aek,asteras tripolis,1.4563,2.205,16,0.4806,2.08,2.19,,,,,2:2,unentschieden,0
2021-02-20,La Liga,SP1,2021,ath madrid,levante,1.6011,2.508,30,0.3404,2.94,3.09,,,,,0:2,niederlage,0
2021-02-21,Ligue 1,F1,2021,paris sg,monaco,1.7108,2.761,6,0.3929,2.54,2.68,,,,,0:2,niederlage,0
2021-02-21,Eredivisie,N1,2021,psv eindhoven,vitesse,1.7229,3.007,4,0.3966,2.52,2.65,,,,,3:1,sieg,1
2021-02-21,Süper Lig,T1,2021,fenerbahce,goztep,1.5879,2.705,9,0.4356,2.3,2.42,,,,,0:1,niederlage,0
2021-02-22,Premier League,E0,2021,Brighton,Crystal Palace,1.7948,2.695,28,0.2762,3.62,3.81,,,,,1:2,niederlage,0
2021-02-27,Bundesliga,D1,2021,rb leipzig,m gladbach,1.6857,3.033,6,0.4034,2.48,2.61,,,,,3:2,sieg,1
2021-02-27,Eredivisie,N1,2021,utrecht,emmen,1.3399,3.007,14,0.578,1.73,1.82,,,,,0:1,niederlage,0
2021-03-04,Süper Lig,T1,2021,fenerbahce,antalyaspor,1.5265,2.705,12,0.4553,2.2,2.31,,,,,1:1,unentschieden,0
2021-03-06,Bundesliga,D1,2021,bayern munich,dortmund,1.7333,3.033,2,0.401,2.49,2.63,,,,,4:2,sieg,1
2021-03-07,Premier League,E0,2021,Manchester City,Manchester United,1.5294,2.695,2,0.4983,2.01,2.11,,,,,0:2,niederlage,0
2021-03-07,Griechenland Super League,G1,2021,paok,aris,1.7874,2.205,26,0.2857,3.5,3.69,,,,,2:2,unentschieden,0
2021-03-07,Süper Lig,T1,2021,galatasaray,sivasspor,1.7543,2.705,9,0.3634,2.75,2.9,,,,,2:2,unentschieden,0
2021-03-14,Bundesliga,D1,2021,leverkusen,bielefeld,1.4374,3.033,17,0.489,2.05,2.15,,,,,1:2,niederlage,0
2021-03-19,Süper Lig,T1,2021,galatasaray,rizespor,1.39,2.705,2,0.5897,1.7,1.79,,,,,3:4,niederlage,0
2021-03-21,Belgien Pro League,B1,2021,club brugge,antwerp,1.5879,2.987,9,0.4356,2.3,2.42,,,,,0:2,niederlage,0
2021-03-21,Belgien Pro League,B1,2021,anderlecht,waregem,1.6655,2.987,5,0.4164,2.4,2.53,,,,,4:1,sieg,1
2021-03-21,Ligue 1,F1,2021,lille,nimes,1.3782,2.761,12,0.5551,1.8,1.9,,,,,1:2,niederlage,0
2021-04-03,Belgien Pro League,B1,2021,oostende,waasland beveren,1.5257,2.987,23,0.4076,2.45,2.58,,,,,0:2,niederlage,0
2021-04-04,Premier League,E0,2021,Manchester United,Brighton,1.6952,2.695,13,0.3697,2.7,2.85,,,,,2:1,sieg,1
2021-04-04,Primeira Liga,P1,2021,guimaraes,tondela,1.7221,2.415,27,0.3037,3.29,3.47,,,,,1:2,niederlage,0
2021-04-04,Süper Lig,T1,2021,alanyaspor,genclerbirligi,1.5432,2.705,8,0.4637,2.16,2.27,,,,,1:2,niederlage,0
2021-04-06,Süper Lig,T1,2021,trabzonspor,kayserispor,1.7543,2.705,6,0.3759,2.66,2.8,,,,,1:1,unentschieden,0
2021-04-11,Griechenland Super League,G1,2021,olympiakos,panathinaikos,1.6071,2.205,31,0.3337,3.0,3.16,,,,,3:1,sieg,1
2021-04-12,Süper Lig,T1,2021,alanyaspor,denizlispor,1.5453,2.705,27,0.3799,2.63,2.77,,,,,3:2,sieg,1
2021-04-16,Ligue 1,F1,2021,lille,montpellier,1.7055,2.761,21,0.3331,3.0,3.16,,,,,1:1,unentschieden,0
2021-04-18,Bundesliga,D1,2021,dortmund,werder bremen,1.4533,3.033,14,0.4916,2.03,2.14,,,,,4:1,sieg,1
2021-04-21,Serie A,I1,2021,juventus,parma,1.322,3.053,25,0.5457,1.83,1.93,,,,,3:1,sieg,1
2021-04-21,Primeira Liga,P1,2021,sp braga,boavista,1.5349,2.415,28,0.3812,2.62,2.76,,,,,2:1,sieg,1
2021-04-21,Primeira Liga,P1,2021,sp lisbon,belenenses,1.5294,2.415,13,0.4493,2.23,2.34,,,,,2:2,unentschieden,0
2021-04-21,Süper Lig,T1,2021,ankaragucu,denizlispor,1.7883,2.705,6,0.3635,2.75,2.9,,,,,1:1,unentschieden,0
2021-04-22,Eredivisie,N1,2021,ajax,utrecht,1.4954,3.007,13,0.4692,2.13,2.24,,,,,1:1,unentschieden,0
2021-04-22,Süper Lig,T1,2021,alanyaspor,gaziantep,1.7642,2.705,6,0.3722,2.69,2.83,,,,,3:2,sieg,1
2021-04-24,Serie A,I1,2021,parma,crotone,1.7946,3.053,14,0.329,3.04,3.2,,,,,3:4,niederlage,0
2021-04-25,Ligue 1,F1,2021,rennes,dijon,1.3776,2.761,9,0.5688,1.76,1.85,,,,,5:1,sieg,1
2021-04-26,Premier League,E0,2021,Leicester,Crystal Palace,1.488,2.695,12,0.4782,2.09,2.2,,,,,2:1,sieg,1
2021-05-02,Eredivisie,N1,2021,psv eindhoven,heerenveen,1.2972,3.007,34,0.5298,1.89,1.99,,,,,2:2,unentschieden,0
2021-05-05,Primeira Liga,P1,2021,sp braga,pacos ferreira,1.5628,2.415,26,0.3751,2.67,2.81,,,,,1:1,unentschieden,0
2021-05-07,Premier League,E0,2021,Leicester,Newcastle,1.4697,2.695,22,0.4453,2.25,2.36,,,,,2:4,niederlage,0
2021-05-08,Bundesliga,D1,2021,hoffenheim,schalke 04,1.2637,3.033,12,0.6587,1.52,1.6,,,,,4:2,sieg,1
2021-05-12,Premier League,E0,2021,Chelsea,Arsenal,1.7425,2.695,16,0.3393,2.95,3.1,,,,,0:1,niederlage,0
2021-05-15,Süper Lig,T1,2021,karagumruk,denizlispor,1.4947,2.705,26,0.4124,2.42,2.55,,,,,5:1,sieg,1
2021-05-16,Premier League,E0,2021,Everton,Sheffield United,1.4463,2.695,7,0.5276,1.9,2.0,,,,,0:1,niederlage,0
2021-05-16,Griechenland Super League,G1,2021,paok,asteras tripolis,1.4618,2.205,28,0.4239,2.36,2.48,,,,,0:1,niederlage,0
2021-05-16,Eredivisie,N1,2021,twente,den haag,1.7223,3.007,30,0.2924,3.42,3.6,,,,,3:2,sieg,1
2021-05-22,La Liga,SP1,2021,real madrid,villarreal,1.4954,2.508,20,0.4382,2.28,2.4,,,,,2:1,sieg,1
2021-05-23,Ligue 1,F1,2021,nantes,montpellier,1.5294,2.761,30,0.3757,2.66,2.8,,,,,1:2,niederlage,0
2021-07-25,Belgien Pro League,B1,2122,anderlecht,st gilloise,1.6191,2.941,20,0.3733,2.68,2.82,,,,,1:3,niederlage,0
2021-08-20,La Liga,SP1,2122,betis,cadiz,1.5714,2.503,11,0.4353,2.3,2.42,,,,,1:1,unentschieden,0
2021-08-22,Eredivisie,N1,2122,vitesse,willem ii,1.7221,2.859,18,0.3388,2.95,3.11,,,,,0:3,niederlage,0
2021-08-23,Süper Lig,T1,2122,galatasaray,hatayspor,1.56,2.808,3,0.4768,2.1,2.21,,,,,2:1,sieg,1
2021-08-28,Serie A,I1,2122,lazio,spezia,1.42,2.863,4,0.5591,1.79,1.88,,,,,6:1,sieg,1
2021-08-28,Serie A,I1,2122,juventus,empoli,1.2894,2.863,21,0.5949,1.68,1.77,,,,,0:1,niederlage,0
2021-08-29,Primeira Liga,P1,2122,benfica,tondela,1.2646,2.637,22,0.6165,1.62,1.71,,,,,2:1,sieg,1
2021-08-29,Scottish Premiership,SC0,2122,aberdeen,ross county,1.7041,2.469,33,0.2877,3.48,3.66,,,,,1:1,unentschieden,0
2021-09-11,Serie A,I1,2122,atalanta,fiorentina,1.6398,2.863,33,0.312,3.2,3.37,,,,,1:2,niederlage,0
2021-09-12,Belgien Pro League,B1,2122,gent,charleroi,1.6643,2.941,5,0.417,2.4,2.53,,,,,2:3,niederlage,0
2021-09-12,Ligue 1,F1,2122,rennes,reims,1.727,2.808,26,0.3058,3.27,3.44,,,,,0:2,niederlage,0
2021-09-12,La Liga,SP1,2122,real madrid,celta,1.429,2.503,4,0.5528,1.81,1.9,,,,,5:2,sieg,1
2021-09-20,La Liga,SP1,2122,barcelona,granada,1.3506,2.503,2,0.6205,1.61,1.7,,,,,1:1,unentschieden,0
2021-09-25,Premier League,E0,2122,Leicester,Burnley,1.6542,2.818,12,0.3913,2.56,2.69,,,,,2:2,unentschieden,0
2021-09-25,Ligue 1,F1,2122,lyon,lorient,1.4098,2.808,20,0.4953,2.02,2.13,,,,,1:1,unentschieden,0
2021-09-25,Eredivisie,N1,2122,vitesse,for sittard,1.7179,2.859,2,0.4072,2.46,2.59,,,,,1:1,unentschieden,0
2021-10-01,Bundesliga,D1,2122,koln,greuther furth,1.48,3.118,7,0.5056,1.98,2.08,,,,,3:1,sieg,1
2021-10-02,Primeira Liga,P1,2122,porto,pacos ferreira,1.3314,2.637,19,0.5636,1.77,1.87,,,,,2:1,sieg,1
2021-10-03,Primeira Liga,P1,2122,sp braga,boavista,1.56,2.637,12,0.4369,2.29,2.41,,,,,2:2,unentschieden,0
2021-10-03,Scottish Premiership,SC0,2122,rangers,hibernian,1.4533,2.469,8,0.5184,1.93,2.03,,,,,2:1,sieg,1
2021-10-16,Belgien Pro League,B1,2122,st gilloise,seraing,1.4433,2.941,31,0.4229,2.36,2.49,,,,,4:2,sieg,1
2021-10-16,Bundesliga,D1,2122,m gladbach,stuttgart,1.5658,3.118,15,0.4207,2.38,2.5,,,,,1:1,unentschieden,0
2021-10-16,Serie A,I1,2122,milan,verona,1.6386,2.863,7,0.4199,2.38,2.51,,,,,3:2,sieg,1
2021-10-16,Eredivisie,N1,2122,psv eindhoven,zwolle,1.22,2.859,3,0.7384,1.35,1.43,,,,,3:1,sieg,1
2021-10-17,Ligue 1,F1,2122,marseille,lorient,1.5772,2.808,13,0.4235,2.36,2.49,,,,,4:1,sieg,1
2021-10-17,Griechenland Super League,G1,2122,paok,volos nfc,1.4295,2.375,13,0.5124,1.95,2.06,,,,,4:4,unentschieden,0
2021-10-17,La Liga,SP1,2122,villarreal,osasuna,1.7589,2.503,26,0.2949,3.39,3.57,,,,,1:2,niederlage,0
2021-10-17,La Liga,SP1,2122,barcelona,valencia,1.5772,2.503,5,0.4588,2.18,2.3,,,,,3:1,sieg,1
2021-10-23,Serie A,I1,2122,sassuolo,venezia,1.6593,2.863,32,0.3081,3.25,3.42,,,,,3:1,sieg,1
2021-10-23,La Liga,SP1,2122,valencia,mallorca,1.753,2.503,32,0.2749,3.64,3.83,,,,,2:2,unentschieden,0
2021-10-24,La Liga,SP1,2122,ath madrid,sociedad,1.7035,2.503,7,0.3917,2.55,2.69,,,,,2:2,unentschieden,0
2021-10-26,La Liga,SP1,2122,villarreal,cadiz,1.3732,2.503,14,0.5502,1.82,1.91,,,,,3:3,unentschieden,0
2021-10-27,Scottish Premiership,SC0,2122,rangers,aberdeen,1.3491,2.469,8,0.5962,1.68,1.77,,,,,2:2,unentschieden,0
2021-10-29,Ligue 1,F1,2122,paris sg,lille,1.4098,2.808,31,0.4463,2.24,2.36,,,,,2:1,sieg,1
2021-10-29,Süper Lig,T1,2122,trabzonspor,rizespor,1.4196,2.808,22,0.4792,2.09,2.2,,,,,2:1,sieg,1
2021-10-30,Premier League,E0,2122,Manchester City,Crystal Palace,1.2025,2.818,6,0.7473,1.34,1.41,,,,,0:2,niederlage,0
2021-10-30,Eredivisie,N1,2122,psv eindhoven,twente,1.3808,2.859,13,0.5486,1.82,1.92,,,,,5:2,sieg,1
2021-10-30,Eredivisie,N1,2122,az alkmaar,zwolle,1.2986,2.859,5,0.653,1.53,1.61,,,,,3:2,sieg,1
2021-10-31,Belgien Pro League,B1,2122,anderlecht,oud heverlee leuven,1.3556,2.941,6,0.5994,1.67,1.76,,,,,2:2,unentschieden,0
2021-11-05,La Liga,SP1,2122,ath bilbao,cadiz,1.4374,2.503,6,0.5381,1.86,1.96,,,,,0:1,niederlage,0
2021-11-06,Premier League,E0,2122,Brentford,norwich,1.6783,2.818,6,0.4065,2.46,2.59,,,,,1:2,niederlage,0
2021-11-07,Serie A,I1,2122,napoli,verona,1.442,2.863,13,0.5037,1.99,2.09,,,,,1:1,unentschieden,0
2021-11-07,Scottish Premiership,SC0,2122,rangers,ross county,1.166,2.469,5,0.793,1.26,1.33,,,,,4:2,sieg,1
2021-11-20,Griechenland Super League,G1,2122,aris,giannina,1.6454,2.375,5,0.4255,2.35,2.47,,,,,0:5,niederlage,0
2021-11-20,Serie A,I1,2122,atalanta,spezia,1.3239,2.863,11,0.6051,1.65,1.74,,,,,5:2,sieg,1
2021-11-20,La Liga,SP1,2122,sevilla,alaves,1.502,2.503,5,0.5009,2.0,2.1,,,,,2:2,unentschieden,0
2021-11-26,Belgien Pro League,B1,2122,st gilloise,oud heverlee leuven,1.3399,2.941,13,0.5824,1.72,1.81,,,,,1:3,niederlage,0
2021-11-27,Ligue 1,F1,2122,nice,metz,1.4814,2.808,31,0.3988,2.51,2.64,,,,,0:1,niederlage,0
2021-11-27,Süper Lig,T1,2122,besiktas,giresunspor,1.5879,2.808,22,0.3796,2.63,2.77,,,,,0:4,niederlage,0
2021-11-28,La Liga,SP1,2122,betis,levante,1.7447,2.503,7,0.3754,2.66,2.81,,,,,3:1,sieg,1
2021-11-28,La Liga,SP1,2122,real madrid,sevilla,1.7829,2.503,12,0.3409,2.93,3.09,,,,,2:1,sieg,1
2021-11-30,Serie A,I1,2122,fiorentina,sampdoria,1.7874,2.863,15,0.3274,3.05,3.22,,,,,3:1,sieg,1
2021-12-01,Eredivisie,N1,2122,feyenoord,heracles,1.399,2.859,15,0.5257,1.9,2.0,,,,,2:1,sieg,1
2021-12-02,Serie A,I1,2122,lazio,udinese,1.753,2.863,17,0.3315,3.02,3.18,,,,,4:4,unentschieden,0
2021-12-02,Eredivisie,N1,2122,az alkmaar,for sittard,1.3491,2.859,9,0.5919,1.69,1.78,,,,,2:1,sieg,1
2021-12-04,Ligue 1,F1,2122,lille,troyes,1.512,2.808,6,0.4905,2.04,2.15,,,,,2:1,sieg,1
2021-12-04,Eredivisie,N1,2122,psv eindhoven,utrecht,1.6182,2.859,12,0.4077,2.45,2.58,,,,,4:1,sieg,1
2021-12-04,Süper Lig,T1,2122,galatasaray,altay,1.5415,2.808,17,0.4249,2.35,2.48,,,,,2:2,unentschieden,0
2021-12-05,Belgien Pro League,B1,2122,anderlecht,waregem,1.3333,2.941,25,0.5353,1.87,1.97,,,,,3:2,sieg,1
2021-12-05,Eredivisie,N1,2122,az alkmaar,sparta rotterdam,1.5089,2.859,19,0.4346,2.3,2.42,,,,,3:1,sieg,1
2021-12-11,Bundesliga,D1,2122,bayern munich,mainz,1.26,3.118,22,0.6215,1.61,1.69,,,,,2:1,sieg,1
2021-12-11,Premier League,E0,2122,Chelsea,Leeds,1.3216,2.818,28,0.5328,1.88,1.98,,,,,3:2,sieg,1
2021-12-11,Primeira Liga,P1,2122,guimaraes,tondela,1.5247,2.637,18,0.4299,2.33,2.45,,,,,5:2,sieg,1
2021-12-12,Griechenland Super League,G1,2122,paok,lamia,1.2552,2.375,7,0.6871,1.46,1.53,,,,,2:1,sieg,1
2021-12-16,Premier League,E0,2122,Liverpool,Newcastle,1.1834,2.818,7,0.7661,1.31,1.37,,,,,3:1,sieg,1
2021-12-18,Belgien Pro League,B1,2122,st gilloise,cercle brugge,1.7108,2.941,8,0.3844,2.6,2.74,,,,,3:2,sieg,1
2021-12-18,Serie A,I1,2122,atalanta,roma,1.7852,2.863,1,0.3856,2.59,2.73,,,,,1:4,niederlage,0
2021-12-19,Griechenland Super League,G1,2122,paok,asteras tripolis,1.5879,2.375,12,0.4225,2.37,2.49,,,,,3:2,sieg,1
2021-12-23,Süper Lig,T1,2122,besiktas,goztep,1.7368,2.808,3,0.3954,2.53,2.66,,,,,2:1,sieg,1
2021-12-26,Scottish Premiership,SC0,2122,aberdeen,dundee,1.6933,2.469,7,0.3959,2.53,2.66,,,,,2:1,sieg,1
2021-12-27,Belgien Pro League,B1,2122,charleroi,oud heverlee leuven,1.7936,2.941,17,0.3176,3.15,3.32,,,,,0:3,niederlage,0
2021-12-29,Primeira Liga,P1,2122,sp lisbon,portimonense,1.3658,2.637,21,0.5251,1.9,2.01,,,,,3:2,sieg,1
2022-01-06,Serie A,I1,2122,lazio,empoli,1.6836,2.863,6,0.4043,2.47,2.6,,,,,3:3,unentschieden,0
2022-01-06,Serie A,I1,2122,sassuolo,genoa,1.6616,2.863,6,0.4138,2.42,2.54,,,,,1:1,unentschieden,0
2022-01-08,Bundesliga,D1,2122,hoffenheim,augsburg,1.6194,3.118,5,0.4377,2.28,2.41,,,,,3:1,sieg,1
2022-01-08,Süper Lig,T1,2122,galatasaray,giresunspor,1.7645,2.808,11,0.3515,2.85,3.0,,,,,0:1,niederlage,0
2022-01-09,Serie A,I1,2122,verona,salernitana,1.442,2.863,29,0.4325,2.31,2.43,,,,,1:2,niederlage,0
2022-01-14,Belgien Pro League,B1,2122,gent,kortrijk,1.4758,2.941,8,0.5037,1.99,2.09,,,,,2:2,unentschieden,0
2022-01-16,Premier League,E0,2122,West Ham,Leeds,1.7053,2.818,10,0.3782,2.64,2.78,,,,,2:3,niederlage,0
2022-01-19,Süper Lig,T1,2122,fenerbahce,altay,1.4758,2.808,14,0.4769,2.1,2.21,,,,,2:1,sieg,1
2022-01-22,Serie A,I1,2122,inter,venezia,1.1682,2.863,19,0.7458,1.34,1.41,,,,,2:1,sieg,1
2022-01-22,La Liga,SP1,2122,ath madrid,valencia,1.5123,2.503,25,0.4065,2.46,2.59,,,,,3:2,sieg,1
2022-01-25,Belgien Pro League,B1,2122,gent,oostende,1.5257,2.941,8,0.4736,2.11,2.22,,,,,1:1,unentschieden,0
2022-01-30,Griechenland Super League,G1,2122,aek,volos nfc,1.3983,2.375,16,0.5217,1.92,2.02,,,,,1:2,niederlage,0
2022-02-02,Primeira Liga,P1,2122,benfica,gil vicente,1.3982,2.637,11,0.5441,1.84,1.94,,,,,1:2,niederlage,0
2022-02-04,Ligue 1,F1,2122,marseille,angers,1.5893,2.808,8,0.4393,2.28,2.4,,,,,5:2,sieg,1
2022-02-05,Eredivisie,N1,2122,utrecht,cambuur,1.48,2.859,8,0.5011,2.0,2.1,,,,,3:2,sieg,1
2022-02-07,La Liga,SP1,2122,ath bilbao,espanol,1.6877,2.503,3,0.4155,2.41,2.53,,,,,2:1,sieg,1
2022-02-12,Primeira Liga,P1,2122,benfica,santa clara,1.3573,2.637,20,0.5367,1.86,1.96,,,,,2:1,sieg,1
2022-02-13,Premier League,E0,2122,Tottenham,Wolves,1.7813,2.818,6,0.366,2.73,2.88,,,,,0:2,niederlage,0
2022-02-13,Süper Lig,T1,2122,sivasspor,yeni malatyaspor,1.7457,2.808,31,0.2809,3.56,3.75,,,,,2:1,sieg,1
2022-02-15,Scottish Premiership,SC0,2122,aberdeen,st johnstone,1.7556,2.469,6,0.3754,2.66,2.8,,,,,1:1,unentschieden,0
2022-02-19,Premier League,E0,2122,Brighton,Burnley,1.751,2.818,21,0.3165,3.16,3.33,,,,,0:3,niederlage,0
2022-02-19,Premier League,E0,2122,Manchester City,Tottenham,1.3413,2.818,4,0.6198,1.61,1.7,,,,,2:3,niederlage,0
2022-02-20,Ligue 1,F1,2122,marseille,clermont,1.5571,2.808,13,0.4341,2.3,2.43,,,,,0:2,niederlage,0
2022-02-20,Serie A,I1,2122,inter,sassuolo,1.3556,2.863,8,0.5908,1.69,1.78,,,,,0:2,niederlage,0
2022-02-20,Eredivisie,N1,2122,feyenoord,cambuur,1.2096,2.859,17,0.6997,1.43,1.5,,,,,3:1,sieg,1
2022-02-20,Scottish Premiership,SC0,2122,celtic,dundee,1.1834,2.469,26,0.6999,1.43,1.5,,,,,3:2,sieg,1
2022-02-24,Premier League,E0,2122,Arsenal,Wolves,1.7342,2.818,10,0.3669,2.73,2.87,,,,,2:1,sieg,1
2022-02-25,Süper Lig,T1,2122,trabzonspor,kayserispor,1.6193,2.808,24,0.3566,2.8,2.95,,,,,3:2,sieg,1
2022-02-26,Ligue 1,F1,2122,paris sg,st etienne,1.2025,2.808,16,0.7121,1.4,1.48,,,,,3:1,sieg,1
2022-02-27,Serie A,I1,2122,torino,cagliari,1.7342,2.863,21,0.3225,3.1,3.27,,,,,1:2,niederlage,0
2022-02-27,Süper Lig,T1,2122,galatasaray,rizespor,1.5111,2.808,8,0.4821,2.07,2.18,,,,,4:2,sieg,1
2022-03-05,Eredivisie,N1,2122,feyenoord,groningen,1.3505,2.859,23,0.5291,1.89,1.99,,,,,1:1,unentschieden,0
2022-03-05,La Liga,SP1,2122,real madrid,sociedad,1.6857,2.503,10,0.3863,2.59,2.73,,,,,4:1,sieg,1
2022-03-12,Süper Lig,T1,2122,trabzonspor,goztep,1.7327,2.808,31,0.2852,3.51,3.69,,,,,4:2,sieg,1
2022-03-13,Belgien Pro League,B1,2122,genk,st truiden,1.5383,2.941,29,0.3752,2.67,2.81,,,,,0:1,niederlage,0
2022-03-13,Premier League,E0,2122,Southampton,watford,1.6857,2.818,14,0.3695,2.71,2.85,,,,,1:2,niederlage,0
2022-03-18,Belgien Pro League,B1,2122,st gilloise,oostende,1.384,2.941,9,0.5638,1.77,1.87,,,,,1:1,unentschieden,0
2022-03-19,Ligue 1,F1,2122,lens,clermont,1.7342,2.808,9,0.371,2.7,2.84,,,,,3:1,sieg,1
2022-03-19,Serie A,I1,2122,napoli,udinese,1.5257,2.863,22,0.4119,2.43,2.56,,,,,2:1,sieg,1
2022-03-20,Eredivisie,N1,2122,utrecht,groningen,1.7933,2.859,4,0.37,2.7,2.85,,,,,1:3,niederlage,0
2022-03-20,Eredivisie,N1,2122,ajax,feyenoord,1.4947,2.859,8,0.492,2.03,2.14,,,,,3:2,sieg,1
2022-04-02,Belgien Pro League,B1,2122,mechelen,kortrijk,1.7984,2.941,7,0.3558,2.81,2.96,,,,,3:2,sieg,1
2022-04-02,Bundesliga,D1,2122,hoffenheim,bochum,1.5772,3.118,28,0.3597,2.78,2.93,,,,,1:2,niederlage,0
2022-04-08,La Liga,SP1,2122,sevilla,granada,1.5607,2.503,23,0.3889,2.57,2.71,,,,,4:2,sieg,1
2022-04-09,Premier League,E0,2122,Arsenal,Brighton,1.7037,2.818,28,0.3065,3.26,3.44,,,,,1:2,niederlage,0
2022-04-09,Eredivisie,N1,2122,ajax,sparta rotterdam,1.1414,2.859,33,0.7381,1.35,1.43,,,,,2:1,sieg,1
2022-04-09,Primeira Liga,P1,2122,benfica,belenenses,1.266,2.637,3,0.6917,1.45,1.52,,,,,3:1,sieg,1
2022-04-10,Serie A,I1,2122,roma,salernitana,1.339,2.863,22,0.5436,1.84,1.94,,,,,2:1,sieg,1
2022-04-17,Premier League,E0,2122,West Ham,Burnley,1.7874,2.818,33,0.2608,3.83,4.04,,,,,1:1,unentschieden,0
2022-04-20,Ligue 1,F1,2122,marseille,nantes,1.6952,2.808,26,0.3174,3.15,3.32,,,,,3:2,sieg,1
2022-04-23,Eredivisie,N1,2122,az alkmaar,heerenveen,1.502,2.859,7,0.492,2.03,2.14,,,,,2:1,sieg,1
2022-04-24,La Liga,SP1,2122,barcelona,vallecano,1.3664,2.503,7,0.5864,1.71,1.8,,,,,0:1,niederlage,0
2022-04-27,Serie A,I1,2122,fiorentina,udinese,1.7829,2.863,12,0.3409,2.93,3.09,,,,,0:4,niederlage,0
2022-04-27,Serie A,I1,2122,atalanta,torino,1.6783,2.863,4,0.4152,2.41,2.54,,,,,4:4,unentschieden,0
2022-04-29,Bundesliga,D1,2122,union berlin,greuther furth,1.3423,3.118,33,0.4916,2.03,2.14,,,,,1:1,unentschieden,0
2022-04-30,Bundesliga,D1,2122,dortmund,bochum,1.4404,3.118,3,0.5493,1.82,1.92,,,,,3:4,niederlage,0
2022-04-30,Ligue 1,F1,2122,lens,nantes,1.7342,2.808,8,0.3752,2.67,2.81,,,,,2:2,unentschieden,0
2022-05-01,Süper Lig,T1,2122,alanyaspor,yeni malatyaspor,1.3517,2.808,31,0.4923,2.03,2.14,,,,,2:1,sieg,1
2022-05-02,Serie A,I1,2122,atalanta,salernitana,1.3239,2.863,27,0.5351,1.87,1.97,,,,,1:1,unentschieden,0
2022-05-06,Serie A,I1,2122,inter,empoli,1.2027,2.863,5,0.7505,1.33,1.4,,,,,4:2,sieg,1
2022-05-07,Eredivisie,N1,2122,twente,for sittard,1.4697,2.859,25,0.4321,2.31,2.44,,,,,1:2,niederlage,0
2022-05-07,Scottish Premiership,SC0,2122,celtic,hearts,1.3491,2.469,3,0.6175,1.62,1.71,,,,,4:1,sieg,1
2022-05-08,Bundesliga,D1,2122,bayern munich,stuttgart,1.3102,3.118,8,0.6301,1.59,1.67,,,,,2:2,unentschieden,0
2022-05-11,Ligue 1,F1,2122,nice,st etienne,1.6655,2.808,11,0.3906,2.56,2.7,,,,,4:2,sieg,1
2022-05-14,Bundesliga,D1,2122,dortmund,hertha,1.5857,3.118,18,0.3976,2.51,2.65,,,,,2:1,sieg,1
2022-05-14,Ligue 1,F1,2122,monaco,brest,1.3173,2.808,10,0.6153,1.63,1.71,,,,,4:2,sieg,1
2022-05-14,Serie A,I1,2122,roma,venezia,1.3059,2.863,1,0.6626,1.51,1.59,,,,,1:1,unentschieden,0
2022-05-15,Eredivisie,N1,2122,az alkmaar,waalwijk,1.3523,2.859,18,0.5498,1.82,1.92,,,,,1:3,niederlage,0
2022-05-15,Eredivisie,N1,2122,feyenoord,twente,1.6299,2.859,27,0.3398,2.94,3.1,,,,,1:2,niederlage,0
2022-05-19,Premier League,E0,2122,Chelsea,Leicester,1.4697,2.818,6,0.5166,1.94,2.04,,,,,1:1,unentschieden,0
2022-05-22,Premier League,E0,2122,Liverpool,Wolves,1.2101,2.818,3,0.749,1.34,1.41,,,,,3:1,sieg,1
2022-05-22,Serie A,I1,2122,salernitana,udinese,1.7829,2.863,6,0.3654,2.74,2.88,,,,,0:4,niederlage,0
2022-08-06,Belgien Pro League,B1,2223,charleroi,oostende,1.7411,3.036,28,0.2934,3.41,3.59,,,,,1:3,niederlage,0
2022-08-06,Premier League,E0,2223,Tottenham,Southampton,1.3983,2.853,12,0.5396,1.85,1.95,,,,,4:1,sieg,1
2022-08-07,Belgien Pro League,B1,2223,gent,westerlo,1.7414,3.036,5,0.3851,2.6,2.73,,,,,2:1,sieg,1
2022-08-07,Belgien Pro League,B1,2223,antwerp,oud heverlee leuven,1.7414,3.036,27,0.297,3.37,3.55,,,,,4:2,sieg,1
2022-08-07,Premier League,E0,2223,Manchester United,Brighton,1.6857,2.853,30,0.3056,3.27,3.45,,,,,1:2,niederlage,0
2022-08-13,Bundesliga,D1,2223,hoffenheim,bochum,1.6479,3.173,10,0.4027,2.48,2.62,,,,,3:2,sieg,1
2022-08-13,Bundesliga,D1,2223,leverkusen,augsburg,1.3629,3.173,15,0.5542,1.8,1.9,,,,,1:2,niederlage,0
2022-08-13,Serie A,I1,2223,milan,udinese,1.5089,2.563,2,0.5102,1.96,2.06,,,,,4:2,sieg,1
2022-08-15,Premier League,E0,2223,Liverpool,Crystal Palace,1.2486,2.853,32,0.5917,1.69,1.78,,,,,1:1,unentschieden,0
2022-08-20,Bundesliga,D1,2223,leverkusen,hoffenheim,1.7523,3.173,9,0.3642,2.75,2.89,,,,,0:3,niederlage,0
2022-08-27,Premier League,E0,2223,Manchester City,Crystal Palace,1.2481,2.853,4,0.7057,1.42,1.49,,,,,4:2,sieg,1
2022-08-27,Griechenland Super League,G1,2223,aek,volos nfc,1.322,2.35,19,0.5722,1.75,1.84,,,,,0:1,niederlage,0
2022-08-28,Ligue 1,F1,2223,paris sg,monaco,1.2383,2.808,20,0.6541,1.53,1.61,,,,,1:1,unentschieden,0
2022-08-28,Scottish Premiership,SC0,2223,hearts,st johnstone,1.727,2.939,6,0.3865,2.59,2.72,,,,,3:2,sieg,1
2022-09-02,Primeira Liga,P1,2223,benfica,vizela,1.2514,2.493,20,0.6393,1.56,1.65,,,,,2:1,sieg,1
2022-09-03,Belgien Pro League,B1,2223,mechelen,seraing,1.6616,3.036,22,0.3465,2.89,3.04,,,,,2:3,niederlage,0
2022-09-04,Belgien Pro League,B1,2223,anderlecht,oud heverlee leuven,1.4447,3.036,19,0.475,2.11,2.22,,,,,2:2,unentschieden,0
2022-09-04,Eredivisie,N1,2223,waalwijk,excelsior,1.7829,3.056,15,0.329,3.04,3.2,,,,,5:2,sieg,1
2022-09-05,Süper Lig,T1,2223,galatasaray,gaziantep,1.7177,3.048,27,0.3053,3.28,3.45,,,,,2:1,sieg,1
2022-09-11,Griechenland Super League,G1,2223,olympiakos,volos nfc,1.322,2.35,29,0.5279,1.89,1.99,,,,,1:1,unentschieden,0
2022-09-11,Serie A,I1,2223,juventus,salernitana,1.4758,2.563,18,0.4591,2.18,2.29,,,,,2:2,unentschieden,0
2022-09-17,Premier League,E0,2223,Tottenham,Leicester,1.5294,2.853,6,0.4804,2.08,2.19,,,,,6:2,sieg,1
2022-09-17,Eredivisie,N1,2223,vitesse,volendam,1.5317,3.056,21,0.4129,2.42,2.55,,,,,1:1,unentschieden,0
2022-09-17,La Liga,SP1,2223,ath bilbao,vallecano,1.6179,2.513,5,0.4384,2.28,2.4,,,,,3:2,sieg,1
2022-09-18,La Liga,SP1,2223,villarreal,sevilla,1.7874,2.513,8,0.3556,2.81,2.96,,,,,1:1,unentschieden,0
2022-09-18,Süper Lig,T1,2223,trabzonspor,gaziantep,1.7645,3.048,2,0.389,2.57,2.71,,,,,3:2,sieg,1
2022-09-30,Belgien Pro League,B1,2223,standard,seraing,1.7268,3.036,9,0.3739,2.67,2.82,,,,,0:2,niederlage,0
2022-10-01,Premier League,E0,2223,Liverpool,Brighton,1.4098,2.853,4,0.5664,1.77,1.86,,,,,3:3,unentschieden,0
2022-10-02,Belgien Pro League,B1,2223,gent,cercle brugge,1.72,3.036,24,0.3159,3.17,3.33,,,,,3:4,niederlage,0
2022-10-08,Primeira Liga,P1,2223,benfica,rio ave,1.2549,2.493,6,0.6913,1.45,1.52,,,,,4:2,sieg,1
2022-10-09,Primeira Liga,P1,2223,sp braga,chaves,1.3749,2.493,2,0.6013,1.66,1.75,,,,,0:1,niederlage,0
2022-10-14,Belgien Pro League,B1,2223,westerlo,seraing,1.6862,3.036,12,0.3776,2.65,2.79,,,,,2:2,unentschieden,0
2022-10-15,La Liga,SP1,2223,valencia,elche,1.4814,2.513,29,0.4074,2.45,2.58,,,,,2:2,unentschieden,0
2022-10-16,Bundesliga,D1,2223,koln,augsburg,1.747,3.173,14,0.3457,2.89,3.05,,,,,3:2,sieg,1
2022-10-22,Eredivisie,N1,2223,feyenoord,for sittard,1.27,3.056,9,0.6643,1.51,1.59,,,,,1:1,unentschieden,0
2022-10-22,Scottish Premiership,SC0,2223,rangers,livingston,1.2223,2.939,4,0.7325,1.37,1.44,,,,,1:1,unentschieden,0
2022-10-23,La Liga,SP1,2223,espanol,elche,1.7589,2.513,11,0.3535,2.83,2.98,,,,,2:2,unentschieden,0
2022-10-23,La Liga,SP1,2223,villarreal,almeria,1.4374,2.513,31,0.4269,2.34,2.47,,,,,2:1,sieg,1
2022-10-29,Premier League,E0,2223,Liverpool,Leeds,1.3611,2.853,4,0.6036,1.66,1.74,,,,,1:2,niederlage,0
2022-10-29,Ligue 1,F1,2223,paris sg,troyes,1.1465,2.808,3,0.822,1.22,1.28,,,,,4:3,sieg,1
2022-10-29,Scottish Premiership,SC0,2223,rangers,aberdeen,1.4416,2.939,21,0.4682,2.14,2.25,,,,,4:1,sieg,1
2022-11-04,Serie A,I1,2223,udinese,lecce,1.7055,2.563,33,0.2872,3.48,3.67,,,,,1:1,unentschieden,0
2022-11-06,Primeira Liga,P1,2223,sp braga,casa pia,1.48,2.493,23,0.4344,2.3,2.42,,,,,0:1,niederlage,0
2022-11-06,La Liga,SP1,2223,villarreal,mallorca,1.6655,2.513,32,0.3057,3.27,3.44,,,,,0:2,niederlage,0
2022-11-09,Serie A,I1,2223,inter,bologna,1.3506,2.563,22,0.5335,1.87,1.97,,,,,6:1,sieg,1
2022-11-12,Premier League,E0,2223,Manchester City,Brentford,1.2096,2.853,16,0.7035,1.42,1.5,,,,,1:2,niederlage,0
2022-11-12,Premier League,E0,2223,Tottenham,Leeds,1.7402,2.853,10,0.3646,2.74,2.89,,,,,4:3,sieg,1
2022-11-12,Eredivisie,N1,2223,psv eindhoven,az alkmaar,1.5641,3.056,18,0.4086,2.45,2.58,,,,,0:1,niederlage,0
2022-11-13,Eredivisie,N1,2223,feyenoord,excelsior,1.1926,3.056,4,0.7651,1.31,1.38,,,,,5:1,sieg,1
2022-12-15,Scottish Premiership,SC0,2223,rangers,hibernian,1.3921,2.939,8,0.562,1.78,1.87,,,,,3:2,sieg,1
2022-12-26,Premier League,E0,2223,Arsenal,West Ham,1.5772,2.853,27,0.3639,2.75,2.89,,,,,3:1,sieg,1
2022-12-30,Premier League,E0,2223,Liverpool,Leicester,1.3508,2.853,4,0.6119,1.63,1.72,,,,,2:1,sieg,1
2023-01-04,Serie A,I1,2223,udinese,empoli,1.6592,2.563,3,0.428,2.34,2.46,,,,,1:1,unentschieden,0
2023-01-04,Süper Lig,T1,2223,galatasaray,ankaragucu,1.5644,3.048,7,0.4567,2.19,2.31,,,,,2:1,sieg,1
2023-01-06,La Liga,SP1,2223,valencia,cadiz,1.6655,2.513,9,0.3992,2.51,2.64,,,,,0:1,niederlage,0
2023-01-14,Ligue 1,F1,2223,marseille,lorient,1.4667,2.808,29,0.4165,2.4,2.53,,,,,3:1,sieg,1
2023-01-14,Ligue 1,F1,2223,lyon,strasbourg,1.6857,2.808,29,0.3094,3.23,3.4,,,,,1:2,niederlage,0
2023-01-14,Scottish Premiership,SC0,2223,hibernian,dundee united,1.7933,2.939,6,0.3617,2.76,2.91,,,,,2:2,unentschieden,0
2023-01-15,Serie A,I1,2223,torino,spezia,1.7209,2.563,28,0.3004,3.33,3.51,,,,,0:1,niederlage,0
2023-01-18,Belgien Pro League,B1,2223,anderlecht,waregem,1.619,3.036,11,0.4117,2.43,2.56,,,,,2:3,niederlage,0
2023-01-22,Belgien Pro League,B1,2223,club brugge,charleroi,1.5265,3.036,13,0.4509,2.22,2.34,,,,,2:2,unentschieden,0
2023-01-24,Bundesliga,D1,2223,bayern munich,koln,1.26,3.173,4,0.6938,1.44,1.52,,,,,1:1,unentschieden,0
2023-01-28,Eredivisie,N1,2223,az alkmaar,utrecht,1.7576,3.056,12,0.3499,2.86,3.01,,,,,5:5,unentschieden,0
2023-01-29,Griechenland Super League,G1,2223,olympiakos,ofi crete,1.2847,2.35,19,0.6082,1.64,1.73,,,,,2:1,sieg,1
2023-01-29,Serie A,I1,2223,milan,sassuolo,1.5641,2.563,19,0.4043,2.47,2.6,,,,,2:5,niederlage,0
2023-01-29,Serie A,I1,2223,juventus,monza,1.626,2.563,18,0.3785,2.64,2.78,,,,,0:2,niederlage,0
2023-01-29,Süper Lig,T1,2223,fenerbahce,kasimpasa,1.4086,3.048,24,0.4783,2.09,2.2,,,,,5:1,sieg,1
2023-02-01,Süper Lig,T1,2223,galatasaray,umraniyespor,1.2691,3.048,11,0.6572,1.52,1.6,,,,,3:2,sieg,1
2023-02-04,Ligue 1,F1,2223,paris sg,toulouse,1.4404,2.808,20,0.4735,2.11,2.22,,,,,2:1,sieg,1
2023-02-04,Scottish Premiership,SC0,2223,hearts,dundee united,1.7771,2.939,9,0.3551,2.82,2.97,,,,,3:1,sieg,1
2023-02-05,Süper Lig,T1,2223,galatasaray,trabzonspor,1.7731,3.048,1,0.39,2.56,2.7,,,,,2:1,sieg,1
2023-02-08,Premier League,E0,2223,Manchester United,Leeds,1.5317,2.853,1,0.5014,1.99,2.1,,,,,2:2,unentschieden,0
2023-02-12,Eredivisie,N1,2223,ajax,waalwijk,1.2096,3.056,17,0.6997,1.43,1.5,,,,,3:1,sieg,1
2023-02-18,Belgien Pro League,B1,2223,st gilloise,standard,1.6193,3.036,20,0.3732,2.68,2.82,,,,,2:4,niederlage,0
2023-02-18,Eredivisie,N1,2223,feyenoord,az alkmaar,1.7874,3.056,17,0.3196,3.13,3.29,,,,,2:1,sieg,1
2023-02-19,Serie A,I1,2223,atalanta,lecce,1.5893,2.563,4,0.457,2.19,2.3,,,,,1:2,niederlage,0
2023-02-19,Serie A,I1,2223,fiorentina,empoli,1.6783,2.563,28,0.3161,3.16,3.33,,,,,1:1,unentschieden,0
2023-02-24,Ligue 1,F1,2223,lille,brest,1.432,2.808,8,0.5329,1.88,1.98,,,,,2:1,sieg,1
2023-02-26,Serie A,I1,2223,udinese,spezia,1.7081,2.563,6,0.394,2.54,2.67,,,,,2:2,unentschieden,0
2023-02-26,La Liga,SP1,2223,ath bilbao,girona,1.7576,2.513,4,0.3831,2.61,2.75,,,,,2:3,niederlage,0
2023-02-27,La Liga,SP1,2223,villarreal,getafe,1.7543,2.513,9,0.3634,2.75,2.9,,,,,2:1,sieg,1
2023-03-04,Belgien Pro League,B1,2223,cercle brugge,seraing,1.4697,3.036,3,0.53,1.89,1.99,,,,,3:1,sieg,1
2023-03-04,Premier League,E0,2223,Arsenal,Bournemouth,1.276,2.853,1,0.6898,1.45,1.53,,,,,3:2,sieg,1
2023-03-04,Eredivisie,N1,2223,twente,heerenveen,1.626,3.056,25,0.3495,2.86,3.01,,,,,3:3,unentschieden,0
2023-03-08,Scottish Premiership,SC0,2223,celtic,hearts,1.2383,2.939,6,0.7084,1.41,1.49,,,,,3:1,sieg,1
2023-03-11,Bundesliga,D1,2223,bayern munich,augsburg,1.185,3.173,2,0.78,1.28,1.35,,,,,5:3,sieg,1
2023-03-11,La Liga,SP1,2223,real madrid,espanol,1.3239,2.513,8,0.6178,1.62,1.7,,,,,3:1,sieg,1
2023-03-12,Griechenland Super League,G1,2223,aris,giannina,1.5386,2.35,7,0.4707,2.12,2.24,,,,,3:1,sieg,1
2023-03-12,Serie A,I1,2223,roma,sassuolo,1.7675,2.563,13,0.3423,2.92,3.08,,,,,3:4,niederlage,0
2023-03-12,Eredivisie,N1,2223,psv eindhoven,cambuur,1.212,3.056,22,0.6776,1.48,1.55,,,,,5:2,sieg,1
2023-03-12,Eredivisie,N1,2223,feyenoord,volendam,1.1951,3.056,12,0.7354,1.36,1.43,,,,,2:1,sieg,1
2023-03-17,Ligue 1,F1,2223,lyon,nantes,1.6783,2.808,2,0.4239,2.36,2.48,,,,,1:1,unentschieden,0
2023-03-19,Belgien Pro League,B1,2223,st gilloise,mechelen,1.4806,3.036,4,0.5186,1.93,2.03,,,,,2:1,sieg,1
2023-03-19,Ligue 1,F1,2223,nice,lorient,1.7349,2.808,30,0.2881,3.47,3.65,,,,,1:1,unentschieden,0
2023-03-31,Bundesliga,D1,2223,ein frankfurt,bochum,1.5772,3.173,13,0.4235,2.36,2.49,,,,,1:1,unentschieden,0
2023-03-31,Ligue 1,F1,2223,marseille,montpellier,1.5579,2.808,12,0.438,2.28,2.4,,,,,1:1,unentschieden,0
2023-04-01,Bundesliga,D1,2223,rb leipzig,mainz,1.6182,3.173,9,0.4207,2.38,2.5,,,,,0:3,niederlage,0
2023-04-01,Bundesliga,D1,2223,wolfsburg,augsburg,1.6995,3.173,2,0.4148,2.41,2.54,,,,,2:2,unentschieden,0
2023-04-01,Premier League,E0,2223,Manchester City,Liverpool,1.7097,2.853,17,0.3475,2.88,3.03,,,,,4:1,sieg,1
2023-04-01,Premier League,E0,2223,Brighton,Brentford,1.7515,2.853,10,0.3603,2.78,2.92,,,,,3:3,unentschieden,0
2023-04-01,Premier League,E0,2223,Chelsea,Aston Villa,1.7576,2.853,18,0.3259,3.07,3.23,,,,,0:2,niederlage,0
2023-04-01,Eredivisie,N1,2223,az alkmaar,heerenveen,1.5879,3.056,5,0.4533,2.21,2.32,,,,,1:1,unentschieden,0
2023-04-01,Süper Lig,T1,2223,trabzonspor,kayserispor,1.6073,3.048,1,0.4613,2.17,2.28,,,,,3:4,niederlage,0
2023-04-02,La Liga,SP1,2223,celta,almeria,1.6458,2.513,7,0.4166,2.4,2.53,,,,,2:2,unentschieden,0
2023-04-04,Premier League,E0,2223,Leeds,Nottingham Forest,1.7933,2.853,12,0.3373,2.96,3.12,,,,,2:1,sieg,1
2023-04-09,Ligue 1,F1,2223,reims,brest,1.7081,2.808,6,0.394,2.54,2.67,,,,,1:1,unentschieden,0
2023-04-09,Süper Lig,T1,2223,besiktas,giresunspor,1.5101,3.048,21,0.4251,2.35,2.48,,,,,3:1,sieg,1
2023-04-15,Bundesliga,D1,2223,rb leipzig,augsburg,1.3173,3.173,5,0.6362,1.57,1.66,,,,,3:2,sieg,1
2023-04-15,La Liga,SP1,2223,villarreal,valladolid,1.5247,2.513,2,0.501,2.0,2.1,,,,,1:2,niederlage,0
2023-04-16,Ligue 1,F1,2223,lille,montpellier,1.5833,2.808,24,0.3734,2.68,2.82,,,,,2:1,sieg,1
2023-04-21,Premier League,E0,2223,Arsenal,Southampton,1.2637,2.853,1,0.7015,1.43,1.5,,,,,3:3,unentschieden,0
2023-04-26,La Liga,SP1,2223,ath madrid,mallorca,1.488,2.513,20,0.4427,2.26,2.38,,,,,3:1,sieg,1
2023-04-30,Ligue 1,F1,2223,monaco,montpellier,1.5833,2.808,28,0.3568,2.8,2.95,,,,,0:4,niederlage,0
2023-04-30,Ligue 1,F1,2223,rennes,angers,1.3518,2.808,19,0.5458,1.83,1.93,,,,,4:2,sieg,1
2023-04-30,Ligue 1,F1,2223,paris sg,lorient,1.2458,2.808,15,0.6657,1.5,1.58,,,,,1:3,niederlage,0
2023-04-30,Ligue 1,F1,2223,marseille,auxerre,1.3933,2.808,33,0.4497,2.22,2.34,,,,,2:1,sieg,1
2023-05-03,Serie A,I1,2223,atalanta,spezia,1.442,2.563,18,0.4813,2.08,2.19,,,,,3:2,sieg,1
2023-05-04,La Liga,SP1,2223,ath bilbao,betis,1.7829,2.513,6,0.3654,2.74,2.88,,,,,0:1,niederlage,0
2023-05-05,Bundesliga,D1,2223,leverkusen,koln,1.7515,3.173,14,0.344,2.91,3.06,,,,,1:2,niederlage,0
2023-05-05,Bundesliga,D1,2223,mainz,schalke 04,1.7136,3.173,26,0.3106,3.22,3.39,,,,,2:3,niederlage,0
2023-05-06,Süper Lig,T1,2223,ad demirspor,alanyaspor,1.646,3.048,11,0.3992,2.5,2.64,,,,,4:2,sieg,1
2023-05-07,Eredivisie,N1,2223,go ahead eagles,groningen,1.7874,3.056,6,0.3638,2.75,2.89,,,,,1:1,unentschieden,0
2023-05-08,Premier League,E0,2223,Brighton,Everton,1.4011,2.853,1,0.5859,1.71,1.8,,,,,1:5,niederlage,0
2023-05-12,Ligue 1,F1,2223,lens,reims,1.6182,2.808,23,0.3612,2.77,2.92,,,,,2:1,sieg,1
2023-05-13,Premier League,E0,2223,Chelsea,Nottingham Forest,1.5833,2.853,13,0.4204,2.38,2.5,,,,,2:2,unentschieden,0
2023-05-13,Primeira Liga,P1,2223,sp lisbon,maritimo,1.3109,2.493,10,0.6211,1.61,1.7,,,,,2:1,sieg,1
2023-05-14,Ligue 1,F1,2223,marseille,angers,1.2416,2.808,28,0.6171,1.62,1.71,,,,,3:1,sieg,1
2023-05-14,Eredivisie,N1,2223,psv eindhoven,for sittard,1.1763,3.056,4,0.7838,1.28,1.34,,,,,2:1,sieg,1
2023-05-20,Premier League,E0,2223,Liverpool,Aston Villa,1.522,2.853,27,0.3925,2.55,2.68,,,,,1:1,unentschieden,0
2023-05-20,Serie A,I1,2223,atalanta,verona,1.6193,2.563,11,0.4115,2.43,2.56,,,,,3:1,sieg,1
2023-05-20,Scottish Premiership,SC0,2223,celtic,st mirren,1.1794,2.939,4,0.7802,1.28,1.35,,,,,2:2,unentschieden,0
2023-05-21,Eredivisie,N1,2223,sparta rotterdam,cambuur,1.4697,3.056,9,0.5032,1.99,2.09,,,,,4:1,sieg,1
2023-05-22,Serie A,I1,2223,roma,salernitana,1.5386,2.563,12,0.4485,2.23,2.35,,,,,2:2,unentschieden,0
2023-05-24,Scottish Premiership,SC0,2223,rangers,hearts,1.4098,2.939,1,0.5795,1.73,1.82,,,,,2:2,unentschieden,0
2023-05-27,Bundesliga,D1,2223,dortmund,mainz,1.2101,3.173,15,0.7066,1.42,1.49,,,,,2:2,unentschieden,0
2023-05-27,Ligue 1,F1,2223,lille,nantes,1.5089,2.808,17,0.4434,2.26,2.37,,,,,2:1,sieg,1
2023-05-28,Premier League,E0,2223,Crystal Palace,Nottingham Forest,1.7515,2.853,31,0.279,3.58,3.77,,,,,1:1,unentschieden,0
2023-05-28,Premier League,E0,2223,Manchester United,Fulham,1.5964,2.853,19,0.3881,2.58,2.71,,,,,2:1,sieg,1
2023-06-03,Süper Lig,T1,2223,trabzonspor,alanyaspor,1.6061,3.048,14,0.4049,2.47,2.6,,,,,5:1,sieg,1
2023-07-30,Belgien Pro League,B1,2324,gent,kortrijk,1.4463,2.817,5,0.5365,1.86,1.96,,,,,3:2,sieg,1
2023-08-05,Belgien Pro League,B1,2324,genk,eupen,1.4098,2.817,2,0.5752,1.74,1.83,,,,,0:1,niederlage,0
2023-08-12,Ligue 1,F1,2324,marseille,reims,1.7829,2.699,10,0.349,2.87,3.02,,,,,2:1,sieg,1
2023-08-13,Eredivisie,N1,2324,nijmegen,excelsior,1.5772,3.242,12,0.4279,2.34,2.46,,,,,3:4,niederlage,0
2023-08-19,Premier League,E0,2324,Liverpool,Bournemouth,1.2637,3.279,3,0.6939,1.44,1.52,,,,,3:1,sieg,1
2023-08-19,Ligue 1,F1,2324,lyon,montpellier,1.7974,2.699,20,0.3048,3.28,3.45,,,,,1:4,niederlage,0
2023-08-20,Belgien Pro League,B1,2324,gent,st truiden,1.4814,2.817,7,0.5047,1.98,2.09,,,,,2:2,unentschieden,0
2023-08-20,Süper Lig,T1,2324,buyuksehyr,karagumruk,1.729,2.795,6,0.3857,2.59,2.73,,,,,0:2,niederlage,0
2023-08-26,Premier League,E0,2324,Arsenal,Fulham,1.2637,3.279,1,0.7015,1.43,1.5,,,,,2:2,unentschieden,0
2023-08-26,Premier League,E0,2324,Manchester United,Nottingham Forest,1.3792,3.279,2,0.5979,1.67,1.76,,,,,3:2,sieg,1
2023-08-26,Premier League,E0,2324,Brighton,West Ham,1.6135,3.279,19,0.38,2.63,2.77,,,,,1:3,niederlage,0
2023-08-26,Griechenland Super League,G1,2324,aek,panserraikos,1.234,2.958,1,0.7309,1.37,1.44,,,,,1:1,unentschieden,0
2023-08-26,Primeira Liga,P1,2324,arouca,portimonense,1.7349,2.866,5,0.3876,2.58,2.72,,,,,1:1,unentschieden,0
2023-08-26,Süper Lig,T1,2324,trabzonspor,rizespor,1.6147,2.795,20,0.3753,2.66,2.81,,,,,2:3,niederlage,0
2023-08-27,Serie A,I1,2324,juventus,bologna,1.5833,2.611,24,0.3734,2.68,2.82,,,,,1:1,unentschieden,0
2023-08-27,Serie A,I1,2324,lazio,genoa,1.6458,2.611,16,0.3781,2.65,2.79,,,,,0:1,niederlage,0
2023-09-02,Serie A,I1,2324,bologna,cagliari,1.7933,2.611,22,0.2986,3.35,3.53,,,,,2:1,sieg,1
2023-09-02,Serie A,I1,2324,napoli,lazio,1.6995,2.611,30,0.3005,3.33,3.5,,,,,1:2,niederlage,0
2023-09-02,La Liga,SP1,2324,real madrid,getafe,1.3933,2.645,11,0.5478,1.83,1.92,,,,,2:1,sieg,1
2023-09-15,Ligue 1,F1,2324,paris sg,nice,1.6263,2.699,21,0.3658,2.73,2.88,,,,,2:3,niederlage,0
2023-09-16,Belgien Pro League,B1,2324,club brugge,charleroi,1.5101,2.817,6,0.4916,2.03,2.14,,,,,4:2,sieg,1
2023-09-17,La Liga,SP1,2324,real madrid,sociedad,1.7425,2.645,5,0.3846,2.6,2.74,,,,,2:1,sieg,1
2023-09-17,Süper Lig,T1,2324,fenerbahce,antalyaspor,1.4978,2.795,31,0.3891,2.57,2.71,,,,,3:2,sieg,1
2023-09-22,Bundesliga,D1,2324,stuttgart,darmstadt,1.4722,3.219,17,0.4658,2.15,2.26,,,,,3:1,sieg,1
2023-09-23,Eredivisie,N1,2324,heerenveen,excelsior,1.7515,3.242,21,0.3163,3.16,3.33,,,,,0:3,niederlage,0
2023-09-23,La Liga,SP1,2324,barcelona,celta,1.3583,2.645,19,0.5403,1.85,1.95,,,,,3:2,sieg,1
2023-09-24,Belgien Pro League,B1,2324,genk,st truiden,1.6532,2.817,31,0.3143,3.18,3.35,,,,,3:3,unentschieden,0
2023-09-24,Belgien Pro League,B1,2324,gent,eupen,1.3518,2.817,28,0.5056,1.98,2.08,,,,,2:1,sieg,1
2023-09-24,Premier League,E0,2324,Brighton,Bournemouth,1.4404,3.279,25,0.4513,2.22,2.33,,,,,3:1,sieg,1
2023-09-30,Premier League,E0,2324,Everton,Luton,1.6547,3.279,24,0.3413,2.93,3.09,,,,,1:2,niederlage,0
2023-09-30,Premier League,E0,2324,Manchester United,Crystal Palace,1.6386,3.279,25,0.3441,2.91,3.06,,,,,0:1,niederlage,0
2023-10-01,La Liga,SP1,2324,ath madrid,cadiz,1.399,2.645,12,0.539,1.86,1.95,,,,,3:2,sieg,1
2023-10-07,Premier League,E0,2324,Manchester United,Brentford,1.7492,3.279,26,0.2981,3.35,3.53,,,,,2:1,sieg,1
2023-10-07,Primeira Liga,P1,2324,sp braga,rio ave,1.4328,2.866,5,0.5457,1.83,1.93,,,,,2:1,sieg,1
2023-10-08,Belgien Pro League,B1,2324,antwerp,eupen,1.3239,2.817,11,0.6051,1.65,1.74,,,,,4:1,sieg,1
2023-10-08,Ligue 1,F1,2324,lyon,lorient,1.7492,2.699,16,0.3368,2.97,3.13,,,,,3:3,unentschieden,0
2023-10-08,Serie A,I1,2324,napoli,fiorentina,1.6719,2.611,7,0.405,2.47,2.6,,,,,1:3,niederlage,0
2023-10-21,Bundesliga,D1,2324,freiburg,bochum,1.7933,3.219,15,0.3255,3.07,3.24,,,,,2:1,sieg,1
2023-10-22,Ligue 1,F1,2324,monaco,metz,1.3983,2.699,4,0.5749,1.74,1.83,,,,,2:1,sieg,1
2023-10-22,La Liga,SP1,2324,girona,almeria,1.5294,2.645,2,0.4983,2.01,2.11,,,,,5:2,sieg,1
2023-10-23,Serie A,I1,2324,fiorentina,empoli,1.5126,2.611,21,0.4237,2.36,2.49,,,,,0:2,niederlage,0
2023-10-28,Belgien Pro League,B1,2324,anderlecht,oud heverlee leuven,1.6315,2.817,6,0.4276,2.34,2.46,,,,,5:1,sieg,1
2023-10-29,Eredivisie,N1,2324,psv eindhoven,ajax,1.3705,3.242,10,0.57,1.75,1.85,,,,,5:2,sieg,1
2023-11-04,Primeira Liga,P1,2324,sp braga,portimonense,1.3333,2.866,10,0.6011,1.66,1.75,,,,,6:1,sieg,1
2023-11-04,Süper Lig,T1,2324,fenerbahce,trabzonspor,1.4365,2.795,10,0.5209,1.92,2.02,,,,,2:3,niederlage,0
2023-11-05,Bundesliga,D1,2324,wolfsburg,werder bremen,1.7852,3.219,7,0.3605,2.77,2.92,,,,,2:2,unentschieden,0
2023-11-05,Griechenland Super League,G1,2324,aris,atromitos,1.6212,2.958,25,0.3517,2.84,2.99,,,,,1:3,niederlage,0
2023-11-05,Eredivisie,N1,2324,sparta rotterdam,almere city,1.7515,3.242,12,0.3521,2.84,2.99,,,,,1:2,niederlage,0
2023-11-10,Serie A,I1,2324,sassuolo,salernitana,1.7402,2.611,5,0.3855,2.59,2.73,,,,,2:2,unentschieden,0
2023-11-10,La Liga,SP1,2324,ath bilbao,celta,1.7735,2.645,25,0.2938,3.4,3.58,,,,,4:3,sieg,1
2023-11-12,Griechenland Super League,G1,2324,paok,panetolikos,1.2552,2.958,19,0.6392,1.56,1.65,,,,,2:1,sieg,1
2023-11-12,La Liga,SP1,2324,barcelona,alaves,1.322,2.645,1,0.6485,1.54,1.62,,,,,2:1,sieg,1
2023-11-12,La Liga,SP1,2324,ath madrid,villarreal,1.4286,2.645,20,0.4817,2.08,2.19,,,,,3:1,sieg,1
2023-11-25,Bundesliga,D1,2324,dortmund,m gladbach,1.5398,3.219,13,0.4435,2.26,2.37,,,,,4:2,sieg,1
2023-11-25,Bundesliga,D1,2324,freiburg,darmstadt,1.6275,3.219,18,0.3778,2.65,2.79,,,,,1:1,unentschieden,0
2023-11-25,Griechenland Super League,G1,2324,olympiakos,panetolikos,1.2007,2.958,13,0.7251,1.38,1.45,,,,,3:1,sieg,1
2023-11-25,La Liga,SP1,2324,getafe,almeria,1.74,2.645,7,0.3772,2.65,2.79,,,,,2:1,sieg,1
2023-11-26,Belgien Pro League,B1,2324,anderlecht,rwd molenbeek,1.48,2.817,16,0.4654,2.15,2.26,,,,,2:1,sieg,1
2023-12-02,Ligue 1,F1,2324,lens,lyon,1.7829,2.699,15,0.329,3.04,3.2,,,,,3:2,sieg,1
2023-12-03,Bundesliga,D1,2324,leverkusen,dortmund,1.7011,3.219,5,0.4012,2.49,2.62,,,,,1:1,unentschieden,0
2023-12-03,Premier League,E0,2324,Manchester City,Tottenham,1.3583,3.279,6,0.5972,1.67,1.76,,,,,3:3,unentschieden,0
2023-12-03,Primeira Liga,P1,2324,sp braga,estoril,1.4579,2.866,24,0.444,2.25,2.37,,,,,3:1,sieg,1
2023-12-04,Primeira Liga,P1,2324,sp lisbon,gil vicente,1.2735,2.866,34,0.5548,1.8,1.9,,,,,3:1,sieg,1
2023-12-04,La Liga,SP1,2324,celta,cadiz,1.6547,2.645,16,0.3742,2.67,2.81,,,,,1:1,unentschieden,0
2023-12-06,Eredivisie,N1,2324,az alkmaar,nijmegen,1.3333,3.242,11,0.5968,1.68,1.76,,,,,1:2,niederlage,0
2023-12-08,Eredivisie,N1,2324,twente,excelsior,1.2894,3.242,9,0.6454,1.55,1.63,,,,,4:2,sieg,1
2023-12-09,Premier League,E0,2324,Manchester United,Bournemouth,1.6275,3.279,5,0.4338,2.31,2.43,,,,,0:3,niederlage,0
2023-12-09,Scottish Premiership,SC0,2324,rangers,dundee,1.2287,2.759,5,0.7221,1.38,1.46,,,,,3:1,sieg,1
2023-12-10,La Liga,SP1,2324,barcelona,girona,1.5842,2.645,12,0.4244,2.36,2.48,,,,,2:4,niederlage,0
2023-12-16,Bundesliga,D1,2324,mainz,heidenheim,1.7492,3.219,12,0.353,2.83,2.98,,,,,0:1,niederlage,0
2023-12-16,Eredivisie,N1,2324,heerenveen,volendam,1.4463,3.242,28,0.4341,2.3,2.43,,,,,1:2,niederlage,0
2023-12-18,Serie A,I1,2324,atalanta,salernitana,1.3664,2.611,10,0.5733,1.74,1.84,,,,,4:1,sieg,1
2023-12-28,Premier League,E0,2324,Arsenal,West Ham,1.4192,3.279,13,0.5197,1.92,2.03,,,,,0:2,niederlage,0
2024-01-13,Bundesliga,D1,2324,rb leipzig,ein frankfurt,1.5156,3.219,7,0.4839,2.07,2.18,,,,,0:1,niederlage,0
2024-01-13,Serie A,I1,2324,napoli,salernitana,1.4225,2.611,29,0.446,2.24,2.36,,,,,2:1,sieg,1
2024-01-14,Serie A,I1,2324,fiorentina,udinese,1.749,2.611,10,0.3613,2.77,2.91,,,,,2:2,unentschieden,0
2024-01-14,Primeira Liga,P1,2324,benfica,rio ave,1.2714,2.866,9,0.6629,1.51,1.59,,,,,4:1,sieg,1
2024-01-19,Belgien Pro League,B1,2324,gent,mechelen,1.6571,2.817,26,0.3323,3.01,3.17,,,,,1:2,niederlage,0
2024-01-21,Belgien Pro League,B1,2324,st gilloise,st truiden,1.4098,2.817,17,0.5087,1.97,2.07,,,,,2:1,sieg,1
2024-01-21,La Liga,SP1,2324,real madrid,almeria,1.1795,2.645,1,0.7891,1.27,1.33,,,,,3:2,sieg,1
2024-01-25,Süper Lig,T1,2324,galatasaray,istanbulspor,1.1951,2.795,28,0.6761,1.48,1.56,,,,,3:1,sieg,1
2024-01-27,Belgien Pro League,B1,2324,gent,westerlo,1.4812,2.817,17,0.4602,2.17,2.29,,,,,2:2,unentschieden,0
2024-01-27,Bundesliga,D1,2324,hoffenheim,heidenheim,1.7568,3.219,29,0.2845,3.51,3.7,,,,,1:1,unentschieden,0
2024-01-27,Serie A,I1,2324,milan,bologna,1.7634,2.611,29,0.2824,3.54,3.73,,,,,2:2,unentschieden,0
2024-01-28,Süper Lig,T1,2324,fenerbahce,ankaragucu,1.2646,2.795,13,0.6538,1.53,1.61,,,,,2:1,sieg,1
2024-01-29,Süper Lig,T1,2324,galatasaray,gaziantep,1.2591,2.795,29,0.5926,1.69,1.78,,,,,2:1,sieg,1
2024-01-30,Premier League,E0,2324,Crystal Palace,Sheffield United,1.6992,3.279,1,0.4193,2.38,2.51,,,,,3:2,sieg,1
2024-01-31,Premier League,E0,2324,Tottenham,Brentford,1.7492,3.279,15,0.3408,2.93,3.09,,,,,3:2,sieg,1
2024-02-03,Serie A,I1,2324,bologna,sassuolo,1.7933,2.611,13,0.3334,3.0,3.16,,,,,4:2,sieg,1
2024-02-03,Eredivisie,N1,2324,nijmegen,heracles,1.7967,3.242,3,0.373,2.68,2.82,,,,,3:1,sieg,1
2024-02-04,Eredivisie,N1,2324,utrecht,volendam,1.406,3.242,9,0.5471,1.83,1.92,,,,,4:2,sieg,1
2024-02-10,Belgien Pro League,B1,2324,st gilloise,westerlo,1.3583,2.817,6,0.5972,1.67,1.76,,,,,2:2,unentschieden,0
2024-02-10,Ligue 1,F1,2324,paris sg,lille,1.6943,2.699,6,0.3997,2.5,2.63,,,,,3:1,sieg,1
2024-02-11,Süper Lig,T1,2324,fenerbahce,alanyaspor,1.2815,2.795,12,0.6407,1.56,1.64,,,,,2:2,unentschieden,0
2024-02-12,Serie A,I1,2324,juventus,udinese,1.5,2.611,25,0.4136,2.42,2.55,,,,,0:1,niederlage,0
2024-02-17,Belgien Pro League,B1,2324,genk,rwd molenbeek,1.3508,2.817,2,0.6204,1.61,1.7,,,,,3:1,sieg,1
2024-02-18,Belgien Pro League,B1,2324,anderlecht,st truiden,1.7137,2.817,8,0.3833,2.61,2.75,,,,,4:1,sieg,1
2024-02-18,Ligue 1,F1,2324,strasbourg,lorient,1.7874,2.699,2,0.3805,2.63,2.77,,,,,1:3,niederlage,0
2024-02-18,Eredivisie,N1,2324,twente,utrecht,1.6943,3.242,29,0.3062,3.27,3.44,,,,,0:1,niederlage,0
2024-02-21,Premier League,E0,2324,Liverpool,Luton,1.2637,3.279,12,0.6587,1.52,1.6,,,,,4:1,sieg,1
2024-02-24,Primeira Liga,P1,2324,guimaraes,casa pia,1.6877,2.866,4,0.4112,2.43,2.56,,,,,0:2,niederlage,0
2024-02-25,Bundesliga,D1,2324,dortmund,hoffenheim,1.5727,3.219,2,0.4745,2.11,2.22,,,,,2:3,niederlage,0
2024-02-25,Ligue 1,F1,2324,paris sg,rennes,1.5124,2.699,33,0.3724,2.69,2.83,,,,,1:1,unentschieden,0
2024-02-25,Ligue 1,F1,2324,marseille,montpellier,1.7829,2.699,5,0.3696,2.71,2.85,,,,,4:1,sieg,1
2024-03-02,Serie A,I1,2324,udinese,salernitana,1.7212,2.611,10,0.3719,2.69,2.83,,,,,1:1,unentschieden,0
2024-03-03,Premier League,E0,2324,Manchester City,Manchester United,1.331,3.279,8,0.6116,1.64,1.72,,,,,3:1,sieg,1
2024-03-09,Premier League,E0,2324,Bournemouth,Sheffield United,1.4196,3.279,27,0.4569,2.19,2.3,,,,,2:2,unentschieden,0
2024-03-10,Belgien Pro League,B1,2324,club brugge,oud heverlee leuven,1.4192,2.817,31,0.4395,2.28,2.4,,,,,3:1,sieg,1
2024-03-10,Premier League,E0,2324,West Ham,Burnley,1.7691,3.279,11,0.3498,2.86,3.01,,,,,2:2,unentschieden,0
2024-03-10,Ligue 1,F1,2324,paris sg,reims,1.48,2.699,7,0.5056,1.98,2.08,,,,,2:2,unentschieden,0
2024-03-10,Griechenland Super League,G1,2324,paok,aris,1.5879,2.958,31,0.3424,2.92,3.07,,,,,0:1,niederlage,0
2024-03-10,Süper Lig,T1,2324,fenerbahce,pendikspor,1.2458,2.795,30,0.6036,1.66,1.74,,,,,4:1,sieg,1
2024-03-13,Premier League,E0,2324,Bournemouth,Luton,1.5767,3.279,9,0.4414,2.27,2.39,,,,,4:3,sieg,1
2024-03-16,Primeira Liga,P1,2324,porto,vizela,1.212,2.866,17,0.6968,1.44,1.51,,,,,4:1,sieg,1
2024-03-17,Bundesliga,D1,2324,dortmund,ein frankfurt,1.7097,3.219,13,0.3639,2.75,2.89,,,,,3:1,sieg,1
2024-03-17,Ligue 1,F1,2324,monaco,lorient,1.4231,2.699,1,0.5701,1.75,1.85,,,,,2:2,unentschieden,0
2024-03-17,Primeira Liga,P1,2324,sp lisbon,boavista,1.2096,2.866,3,0.7496,1.33,1.4,,,,,6:1,sieg,1
2024-03-30,Bundesliga,D1,2324,leverkusen,hoffenheim,1.26,3.219,33,0.5742,1.74,1.83,,,,,2:1,sieg,1
2024-03-30,Bundesliga,D1,2324,bayern munich,dortmund,1.4768,3.219,10,0.4942,2.02,2.13,,,,,0:2,niederlage,0
2024-03-30,Premier League,E0,2324,Tottenham,Luton,1.2591,3.279,3,0.6984,1.43,1.51,,,,,2:1,sieg,1
2024-03-31,Premier League,E0,2324,Liverpool,Brighton,1.4286,3.279,2,0.5619,1.78,1.87,,,,,2:1,sieg,1
2024-03-31,Eredivisie,N1,2324,feyenoord,utrecht,1.3792,3.242,2,0.5979,1.67,1.76,,,,,4:2,sieg,1
2024-04-03,Griechenland Super League,G1,2324,paok,lamia,1.2025,2.958,7,0.7439,1.34,1.42,,,,,3:1,sieg,1
2024-04-06,Ligue 1,F1,2324,paris sg,clermont,1.2458,2.699,32,0.5951,1.68,1.77,,,,,1:1,unentschieden,0
2024-04-06,Primeira Liga,P1,2324,sp braga,arouca,1.5124,2.866,29,0.3893,2.57,2.7,,,,,0:3,niederlage,0
2024-04-07,Ligue 1,F1,2324,brest,metz,1.5865,2.699,6,0.4496,2.22,2.34,,,,,4:3,sieg,1
2024-04-07,Primeira Liga,P1,2324,porto,guimaraes,1.4533,2.866,12,0.5005,2.0,2.1,,,,,1:2,niederlage,0
2024-04-13,Eredivisie,N1,2324,az alkmaar,waalwijk,1.3776,3.242,3,0.5949,1.68,1.77,,,,,3:2,sieg,1
2024-04-13,Primeira Liga,P1,2324,guimaraes,farense,1.6179,2.866,9,0.4209,2.38,2.5,,,,,1:1,unentschieden,0
2024-04-13,Primeira Liga,P1,2324,porto,famalicao,1.2894,2.866,9,0.6454,1.55,1.63,,,,,2:2,unentschieden,0
2024-04-13,Scottish Premiership,SC0,2324,hearts,livingston,1.48,2.759,10,0.4921,2.03,2.14,,,,,4:2,sieg,1
2024-04-14,Premier League,E0,2324,Liverpool,Crystal Palace,1.276,3.279,14,0.638,1.57,1.65,,,,,0:1,niederlage,0
2024-04-14,Griechenland Super League,G1,2324,panathinaikos,lamia,1.2063,2.958,14,0.7148,1.4,1.47,,,,,3:1,sieg,1
2024-04-14,Eredivisie,N1,2324,nijmegen,zwolle,1.6397,3.242,10,0.4064,2.46,2.59,,,,,2:2,unentschieden,0
2024-04-14,La Liga,SP1,2324,sociedad,almeria,1.399,2.645,30,0.4587,2.18,2.3,,,,,2:2,unentschieden,0
2024-04-19,La Liga,SP1,2324,ath bilbao,granada,1.322,2.645,6,0.6279,1.59,1.68,,,,,1:1,unentschieden,0
2024-04-21,Primeira Liga,P1,2324,famalicao,portimonense,1.6963,2.866,7,0.3946,2.53,2.67,,,,,2:2,unentschieden,0
2024-04-27,Belgien Pro League,B1,2324,gent,westerlo,1.4533,2.817,1,0.5495,1.82,1.92,,,,,3:2,sieg,1
2024-04-27,Bundesliga,D1,2324,rb leipzig,dortmund,1.7568,3.219,20,0.3184,3.14,3.31,,,,,4:1,sieg,1
2024-04-27,Premier League,E0,2324,Newcastle,Sheffield United,1.2852,3.279,5,0.6655,1.5,1.58,,,,,5:1,sieg,1
2024-04-27,Ligue 1,F1,2324,paris sg,le havre,1.4086,2.699,19,0.5006,2.0,2.1,,,,,3:3,unentschieden,0
2024-04-27,Primeira Liga,P1,2324,benfica,sp braga,1.6275,2.866,28,0.3368,2.97,3.13,,,,,3:1,sieg,1
2024-04-28,Belgien Pro League,B1,2324,st gilloise,antwerp,1.7691,2.817,17,0.3258,3.07,3.23,,,,,4:1,sieg,1
2024-04-28,Griechenland Super League,G1,2324,panathinaikos,aris,1.3782,2.958,2,0.5987,1.67,1.76,,,,,0:1,niederlage,0
2024-04-28,Süper Lig,T1,2324,trabzonspor,gaziantep,1.5607,2.795,12,0.4365,2.29,2.41,,,,,4:2,sieg,1
2024-05-05,Serie A,I1,2324,milan,genoa,1.5453,2.611,5,0.4759,2.1,2.21,,,,,3:3,unentschieden,0
2024-05-05,Eredivisie,N1,2324,psv eindhoven,sparta rotterdam,1.1924,3.242,8,0.7522,1.33,1.4,,,,,4:2,sieg,1
2024-05-05,Scottish Premiership,SC0,2324,rangers,kilmarnock,1.3173,2.759,12,0.6068,1.65,1.74,,,,,4:1,sieg,1
2024-05-05,La Liga,SP1,2324,vallecano,almeria,1.6655,2.645,30,0.3133,3.19,3.36,,,,,0:1,niederlage,0
2024-05-10,Ligue 1,F1,2324,brest,reims,1.7515,2.699,25,0.3011,3.32,3.5,,,,,1:1,unentschieden,0
2024-05-11,Premier League,E0,2324,Newcastle,Brighton,1.6611,3.279,18,0.3631,2.75,2.9,,,,,1:1,unentschieden,0
2024-05-11,Premier League,E0,2324,Tottenham,Burnley,1.4308,3.279,25,0.4579,2.18,2.3,,,,,2:1,sieg,1
2024-05-12,Belgien Pro League,B1,2324,gent,oud heverlee leuven,1.4954,2.817,6,0.5005,2.0,2.1,,,,,0:1,niederlage,0
2024-05-12,Serie A,I1,2324,juventus,salernitana,1.2012,2.611,27,0.6719,1.49,1.57,,,,,1:1,unentschieden,0
2024-05-12,Eredivisie,N1,2324,twente,volendam,1.1384,3.242,4,0.8293,1.21,1.27,,,,,7:2,sieg,1
2024-05-13,Serie A,I1,2324,fiorentina,monza,1.6386,2.611,9,0.4112,2.43,2.56,,,,,2:1,sieg,1
2024-05-18,Primeira Liga,P1,2324,boavista,vizela,1.6885,2.866,30,0.3046,3.28,3.46,,,,,2:2,unentschieden,0
2024-05-18,Scottish Premiership,SC0,2324,celtic,st mirren,1.306,2.759,7,0.6381,1.57,1.65,,,,,3:2,sieg,1
2024-05-18,Süper Lig,T1,2324,besiktas,hatayspor,1.6083,2.795,26,0.3534,2.83,2.98,,,,,2:2,unentschieden,0
2024-05-19,Ligue 1,F1,2324,lille,nice,1.7425,2.699,10,0.3637,2.75,2.9,,,,,2:2,unentschieden,0
2024-05-19,Serie A,I1,2324,inter,lazio,1.729,2.611,32,0.2828,3.54,3.72,,,,,1:1,unentschieden,0
2024-05-19,Eredivisie,N1,2324,psv eindhoven,waalwijk,1.276,3.242,16,0.6297,1.59,1.67,,,,,3:1,sieg,1
2024-05-19,La Liga,SP1,2324,ath madrid,osasuna,1.4861,2.645,26,0.4175,2.4,2.52,,,,,1:4,niederlage,0
2024-06-02,Serie A,I1,2324,atalanta,fiorentina,1.5582,2.611,6,0.4644,2.15,2.27,,,,,2:3,niederlage,0
