match_id,league,league_name,season,season_name,date,time,home_team,away_team,home_team_raw,away_team_raw,fthg,ftag,ftr,hthg,htag,hr,ar,b365h,b365d,b365a
E0-1516-2015-08-08-chelsea-swansea,E0,Premier League,1516,2015/16,2015-08-08,,Chelsea,swansea,Chelsea,Swansea,2,2,D,2,1,1,0,1.36,5,11
E0-1516-2015-08-15-swansea-newcastle,E0,Premier League,1516,2015/16,2015-08-15,,swansea,Newcastle,Swansea,Newcastle,2,0,H,1,0,0,1,1.95,3.6,4.33
E0-1516-2015-08-15-west-ham-leicester,E0,Premier League,1516,2015/16,2015-08-15,,West Ham,Leicester,West Ham,Leicester,1,2,A,0,2,1,0,2.25,3.5,3.4
E0-1516-2015-08-22-west-ham-bournemouth,E0,Premier League,1516,2015/16,2015-08-22,,West Ham,Bournemouth,West Ham,Bournemouth,3,4,A,0,2,1,0,2.38,3.4,3.2
E0-1516-2015-08-23-west-brom-chelsea,E0,Premier League,1516,2015/16,2015-08-23,,west brom,Chelsea,West Brom,Chelsea,2,3,A,1,3,0,1,6.5,4,1.62
E0-1516-2015-08-29-liverpool-west-ham,E0,Premier League,1516,2015/16,2015-08-29,,Liverpool,West Ham,Liverpool,West Ham,0,3,A,0,2,1,1,1.36,5.5,9
E0-1516-2015-08-29-newcastle-arsenal,E0,Premier League,1516,2015/16,2015-08-29,,Newcastle,Arsenal,Newcastle,Arsenal,0,1,A,0,0,1,0,6,4.2,1.62
E0-1516-2015-08-29-stoke-west-brom,E0,Premier League,1516,2015/16,2015-08-29,,stoke,west brom,Stoke,West Brom,0,1,A,0,1,2,0,1.95,3.4,4.5
E0-1516-2015-08-30-southampton-norwich,E0,Premier League,1516,2015/16,2015-08-30,,Southampton,norwich,Southampton,Norwich,3,0,H,1,0,0,1,2.05,3.5,4
E0-1516-2015-09-12-watford-swansea,E0,Premier League,1516,2015/16,2015-09-12,,watford,swansea,Watford,Swansea,1,0,H,0,0,1,0,2.75,3.4,2.75
E0-1516-2015-09-19-bournemouth-sunderland,E0,Premier League,1516,2015/16,2015-09-19,,Bournemouth,Sunderland,Bournemouth,Sunderland,2,0,H,2,0,0,1,1.7,4,5.5
E0-1516-2015-09-19-chelsea-arsenal,E0,Premier League,1516,2015/16,2015-09-19,,Chelsea,Arsenal,Chelsea,Arsenal,2,0,H,0,0,0,2,2.45,3.5,3
E0-1516-2015-09-19-swansea-everton,E0,Premier League,1516,2015/16,2015-09-19,,swansea,Everton,Swansea,Everton,0,0,D,0,0,0,1,2.3,3.4,3.4
E0-1516-2015-10-03-sunderland-west-ham,E0,Premier League,1516,2015/16,2015-10-03,,Sunderland,West Ham,Sunderland,West Ham,2,2,D,2,1,1,0,3.2,3.4,2.4
E0-1516-2015-10-17-crystal-palace-west-ham,E0,Premier League,1516,2015/16,2015-10-17,,Crystal Palace,West Ham,Crystal Palace,West Ham,1,3,A,1,1,1,0,2,3.6,4
E0-1516-2015-10-24-arsenal-everton,E0,Premier League,1516,2015/16,2015-10-24,,Arsenal,Everton,Arsenal,Everton,2,1,H,2,1,0,1,1.44,4.75,8
E0-1516-2015-10-24-west-ham-chelsea,E0,Premier League,1516,2015/16,2015-10-24,,West Ham,Chelsea,West Ham,Chelsea,2,1,H,1,0,0,1,4,3.8,1.95
E0-1516-2015-10-25-liverpool-southampton,E0,Premier League,1516,2015/16,2015-10-25,,Liverpool,Southampton,Liverpool,Southampton,1,1,D,0,0,0,1,2.05,3.6,3.8
E0-1516-2015-10-25-sunderland-newcastle,E0,Premier League,1516,2015/16,2015-10-25,,Sunderland,Newcastle,Sunderland,Newcastle,3,0,H,1,0,0,1,2.6,3.4,2.9
E0-1516-2015-10-31-man-city-norwich,E0,Premier League,1516,2015/16,2015-10-31,,Manchester City,norwich,Man City,Norwich,2,1,H,0,0,0,1,1.29,6,12
E0-1516-2015-10-31-watford-west-ham,E0,Premier League,1516,2015/16,2015-10-31,,watford,West Ham,Watford,West Ham,2,0,H,1,0,0,1,2.6,3.4,2.9
E0-1516-2015-11-01-southampton-bournemouth,E0,Premier League,1516,2015/16,2015-11-01,,Southampton,Bournemouth,Southampton,Bournemouth,2,0,H,2,0,1,0,1.55,4.33,6.5
E0-1516-2015-11-07-man-united-west-brom,E0,Premier League,1516,2015/16,2015-11-07,,Manchester United,west brom,Man United,West Brom,2,0,H,0,0,0,1,1.33,5.25,12
E0-1516-2015-11-28-sunderland-stoke,E0,Premier League,1516,2015/16,2015-11-28,,Sunderland,stoke,Sunderland,Stoke,2,0,H,0,0,0,1,3.2,3.3,2.45
E0-1516-2015-12-19-west-brom-bournemouth,E0,Premier League,1516,2015/16,2015-12-19,,west brom,Bournemouth,West Brom,Bournemouth,1,2,A,0,0,2,0,2.55,3.3,3
E0-1516-2015-12-28-watford-tottenham,E0,Premier League,1516,2015/16,2015-12-28,,watford,Tottenham,Watford,Tottenham,1,2,A,1,1,1,0,3.75,3.5,2.1
E0-1516-2016-01-02-leicester-bournemouth,E0,Premier League,1516,2015/16,2016-01-02,,Leicester,Bournemouth,Leicester,Bournemouth,0,0,D,0,0,0,1,1.91,3.75,4.33
E0-1516-2016-01-02-norwich-southampton,E0,Premier League,1516,2015/16,2016-01-02,,norwich,Southampton,Norwich,Southampton,1,0,H,0,0,0,1,3.2,3.4,2.4
E0-1516-2016-01-02-west-brom-stoke,E0,Premier League,1516,2015/16,2016-01-02,,west brom,stoke,West Brom,Stoke,2,1,H,0,0,0,1,2.8,3.2,2.8
E0-1516-2016-01-13-stoke-norwich,E0,Premier League,1516,2015/16,2016-01-13,,stoke,norwich,Stoke,Norwich,3,1,H,0,0,0,1,2.05,3.3,4.2
E0-1516-2016-01-13-swansea-sunderland,E0,Premier League,1516,2015/16,2016-01-13,,swansea,Sunderland,Swansea,Sunderland,2,4,A,2,1,1,0,1.8,3.6,5.25
E0-1516-2016-01-24-arsenal-chelsea,E0,Premier League,1516,2015/16,2016-01-24,,Arsenal,Chelsea,Arsenal,Chelsea,0,1,A,0,1,1,0,2.1,3.5,3.9
E0-1516-2016-02-02-west-ham-aston-villa,E0,Premier League,1516,2015/16,2016-02-02,,West Ham,Aston Villa,West Ham,Aston Villa,2,0,H,0,0,0,1,1.91,3.5,4.75
E0-1516-2016-02-03-everton-newcastle,E0,Premier League,1516,2015/16,2016-02-03,,Everton,Newcastle,Everton,Newcastle,3,0,H,1,0,0,1,1.65,4.2,5.5
E0-1516-2016-02-06-southampton-west-ham,E0,Premier League,1516,2015/16,2016-02-06,,Southampton,West Ham,Southampton,West Ham,1,0,H,1,0,1,0,1.73,3.8,5.5
E0-1516-2016-02-13-chelsea-newcastle,E0,Premier League,1516,2015/16,2016-02-13,,Chelsea,Newcastle,Chelsea,Newcastle,5,1,H,3,0,1,0,1.44,4.75,8
E0-1516-2016-02-14-arsenal-leicester,E0,Premier League,1516,2015/16,2016-02-14,,Arsenal,Leicester,Arsenal,Leicester,2,1,H,0,1,0,1,1.75,4,5
E0-1516-2016-03-05-everton-west-ham,E0,Premier League,1516,2015/16,2016-03-05,,Everton,West Ham,Everton,West Ham,2,3,A,1,0,1,0,1.73,4,5
E0-1516-2016-03-05-southampton-sunderland,E0,Premier League,1516,2015/16,2016-03-05,,Southampton,Sunderland,Southampton,Sunderland,1,1,D,0,0,1,0,1.6,4,6.5
E0-1516-2016-03-05-tottenham-arsenal,E0,Premier League,1516,2015/16,2016-03-05,,Tottenham,Arsenal,Tottenham,Arsenal,2,2,D,0,1,0,1,2.38,3.4,3.25
E0-1516-2016-03-06-crystal-palace-liverpool,E0,Premier League,1516,2015/16,2016-03-06,,Crystal Palace,Liverpool,Crystal Palace,Liverpool,1,2,A,0,0,0,1,3.8,3.5,2.1
E0-1516-2016-03-06-west-brom-man-united,E0,Premier League,1516,2015/16,2016-03-06,,west brom,Manchester United,West Brom,Man United,1,0,H,0,0,0,1,4.33,3.4,2
E0-1516-2016-03-12-stoke-southampton,E0,Premier League,1516,2015/16,2016-03-12,,stoke,Southampton,Stoke,Southampton,1,2,A,0,2,0,1,2.7,3.2,2.9
E0-1516-2016-04-02-aston-villa-chelsea,E0,Premier League,1516,2015/16,2016-04-02,,Aston Villa,Chelsea,Aston Villa,Chelsea,0,4,A,0,2,1,0,6.5,4.33,1.57
E0-1516-2016-04-02-west-ham-crystal-palace,E0,Premier League,1516,2015/16,2016-04-02,,West Ham,Crystal Palace,West Ham,Crystal Palace,2,2,D,2,1,1,0,1.95,3.6,4.2
E0-1516-2016-04-13-crystal-palace-everton,E0,Premier League,1516,2015/16,2016-04-13,,Crystal Palace,Everton,Crystal Palace,Everton,0,0,D,0,0,0,1,2.9,3.4,2.6
E0-1516-2016-04-16-chelsea-man-city,E0,Premier League,1516,2015/16,2016-04-16,,Chelsea,Manchester City,Chelsea,Man City,0,3,A,0,1,1,0,2.75,3.4,2.7
E0-1516-2016-04-17-leicester-west-ham,E0,Premier League,1516,2015/16,2016-04-17,,Leicester,West Ham,Leicester,West Ham,2,2,D,1,0,1,0,1.95,3.6,4.2
E0-1516-2016-04-20-liverpool-everton,E0,Premier League,1516,2015/16,2016-04-20,,Liverpool,Everton,Liverpool,Everton,4,0,H,2,0,0,1,1.73,4,5
E0-1516-2016-04-20-west-ham-watford,E0,Premier League,1516,2015/16,2016-04-20,,West Ham,watford,West Ham,Watford,3,1,H,2,0,0,1,1.57,4.33,6.5
E0-1516-2016-04-30-watford-aston-villa,E0,Premier League,1516,2015/16,2016-04-30,,watford,Aston Villa,Watford,Aston Villa,3,2,H,1,1,0,1,1.7,3.8,5.75
E0-1516-2016-05-01-man-united-leicester,E0,Premier League,1516,2015/16,2016-05-01,,Manchester United,Leicester,Man United,Leicester,1,1,D,1,1,0,1,2.1,3.4,3.9
E0-1516-2016-05-01-swansea-liverpool,E0,Premier League,1516,2015/16,2016-05-01,,swansea,Liverpool,Swansea,Liverpool,3,1,H,2,0,0,1,3.1,3.5,2.4
E0-1516-2016-05-07-sunderland-chelsea,E0,Premier League,1516,2015/16,2016-05-07,,Sunderland,Chelsea,Sunderland,Chelsea,3,2,H,1,2,0,1,3,3.5,2.45
E0-1516-2016-05-15-newcastle-tottenham,E0,Premier League,1516,2015/16,2016-05-15,,Newcastle,Tottenham,Newcastle,Tottenham,5,1,H,2,0,1,0,4.5,4,1.8
SP1-1516-2015-08-21-malaga-sevilla,SP1,La Liga,1516,2015/16,2015-08-21,,malaga,sevilla,Malaga,Sevilla,0,0,D,0,0,0,1,3.4,3.4,2.15
SP1-1516-2015-08-22-espanol-getafe,SP1,La Liga,1516,2015/16,2015-08-22,,espanol,getafe,Espanol,Getafe,1,0,H,1,0,0,1,1.91,3.4,4.33
SP1-1516-2015-08-23-betis-villarreal,SP1,La Liga,1516,2015/16,2015-08-23,,betis,villarreal,Betis,Villarreal,1,1,D,0,1,0,1,2.8,3.25,2.6
SP1-1516-2015-08-23-levante-celta,SP1,La Liga,1516,2015/16,2015-08-23,,levante,celta,Levante,Celta,1,2,A,0,1,1,0,3.6,3.3,2.15
SP1-1516-2015-08-24-granada-eibar,SP1,La Liga,1516,2015/16,2015-08-24,,granada,eibar,Granada,Eibar,1,3,A,0,2,1,0,1.91,3.3,4.5
SP1-1516-2015-08-29-celta-vallecano,SP1,La Liga,1516,2015/16,2015-08-29,,celta,vallecano,Celta,Vallecano,3,0,H,1,0,0,1,1.53,4.33,6
SP1-1516-2015-08-30-valencia-la-coruna,SP1,La Liga,1516,2015/16,2015-08-30,,valencia,la coruna,Valencia,La Coruna,1,1,D,1,1,1,0,1.44,4.33,8
SP1-1516-2015-09-12-betis-sociedad,SP1,La Liga,1516,2015/16,2015-09-12,,betis,sociedad,Betis,Sociedad,1,0,H,1,0,1,0,2.3,3.3,3.2
SP1-1516-2015-09-13-celta-las-palmas,SP1,La Liga,1516,2015/16,2015-09-13,,celta,las palmas,Celta,Las Palmas,3,3,D,2,1,0,1,1.5,4.2,7
SP1-1516-2015-09-14-vallecano-la-coruna,SP1,La Liga,1516,2015/16,2015-09-14,,vallecano,la coruna,Vallecano,La Coruna,1,3,A,1,2,1,0,2.1,3.5,3.5
SP1-1516-2015-09-19-sociedad-espanol,SP1,La Liga,1516,2015/16,2015-09-19,,sociedad,espanol,Sociedad,Espanol,2,3,A,1,1,1,0,2,3.4,4
SP1-1516-2015-09-19-valencia-betis,SP1,La Liga,1516,2015/16,2015-09-19,,valencia,betis,Valencia,Betis,0,0,D,0,0,0,1,1.5,4.33,6.5
SP1-1516-2015-09-20-sevilla-celta,SP1,La Liga,1516,2015/16,2015-09-20,,sevilla,celta,Sevilla,Celta,1,2,A,0,2,0,1,1.8,3.75,4.33
SP1-1516-2015-09-23-vallecano-sp-gijon,SP1,La Liga,1516,2015/16,2015-09-23,,vallecano,sp gijon,Vallecano,Sp Gijon,2,1,H,1,0,0,1,2.25,3.4,3.2
SP1-1516-2015-09-26-real-madrid-malaga,SP1,La Liga,1516,2015/16,2015-09-26,,real madrid,malaga,Real Madrid,Malaga,0,0,D,0,0,0,1,1.11,10,21
SP1-1516-2015-09-26-sevilla-vallecano,SP1,La Liga,1516,2015/16,2015-09-26,,sevilla,vallecano,Sevilla,Vallecano,3,2,H,2,0,0,1,1.44,4.75,7
SP1-1516-2015-09-27-la-coruna-espanol,SP1,La Liga,1516,2015/16,2015-09-27,,la coruna,espanol,La Coruna,Espanol,3,0,H,2,0,0,1,2.1,3.3,3.75
SP1-1516-2015-10-03-malaga-sociedad,SP1,La Liga,1516,2015/16,2015-10-03,,malaga,sociedad,Malaga,Sociedad,3,1,H,2,1,1,0,2.38,3.1,3.3
SP1-1516-2015-10-04-levante-villarreal,SP1,La Liga,1516,2015/16,2015-10-04,,levante,villarreal,Levante,Villarreal,1,0,H,0,0,0,1,4.33,3.4,1.91
SP1-1516-2015-10-18-getafe-las-palmas,SP1,La Liga,1516,2015/16,2015-10-18,,getafe,las palmas,Getafe,Las Palmas,4,0,H,2,0,0,1,2.15,3.2,3.6
SP1-1516-2015-10-18-sociedad-ath-madrid,SP1,La Liga,1516,2015/16,2015-10-18,,sociedad,ath madrid,Sociedad,Ath Madrid,0,2,A,0,1,2,0,4,3.2,2.05
SP1-1516-2015-10-18-villarreal-celta,SP1,La Liga,1516,2015/16,2015-10-18,,villarreal,celta,Villarreal,Celta,1,2,A,0,1,1,0,2,3.5,3.75
SP1-1516-2015-10-19-sp-gijon-granada,SP1,La Liga,1516,2015/16,2015-10-19,,sp gijon,granada,Sp Gijon,Granada,3,3,D,1,2,0,2,2,3.2,4.2
SP1-1516-2015-10-23-vallecano-espanol,SP1,La Liga,1516,2015/16,2015-10-23,,vallecano,espanol,Vallecano,Espanol,3,0,H,1,0,1,1,2.2,3.4,3.2
SP1-1516-2015-10-24-celta-real-madrid,SP1,La Liga,1516,2015/16,2015-10-24,,celta,real madrid,Celta,Real Madrid,1,3,A,0,2,1,0,3.8,3.8,1.91
SP1-1516-2015-10-24-sevilla-getafe,SP1,La Liga,1516,2015/16,2015-10-24,,sevilla,getafe,Sevilla,Getafe,5,0,H,2,0,0,1,1.44,4.33,8
SP1-1516-2015-10-25-barcelona-eibar,SP1,La Liga,1516,2015/16,2015-10-25,,barcelona,eibar,Barcelona,Eibar,3,1,H,1,1,1,0,1.11,10,19
SP1-1516-2015-10-25-levante-sociedad,SP1,La Liga,1516,2015/16,2015-10-25,,levante,sociedad,Levante,Sociedad,0,4,A,0,2,1,0,2.63,3.2,2.8
SP1-1516-2015-11-01-espanol-granada,SP1,La Liga,1516,2015/16,2015-11-01,,espanol,granada,Espanol,Granada,1,1,D,0,0,1,0,2,3.3,4
SP1-1516-2015-11-07-eibar-getafe,SP1,La Liga,1516,2015/16,2015-11-07,,eibar,getafe,Eibar,Getafe,3,1,H,2,1,0,1,2.1,3.25,3.75
SP1-1516-2015-11-07-vallecano-granada,SP1,La Liga,1516,2015/16,2015-11-07,,vallecano,granada,Vallecano,Granada,2,1,H,2,0,1,0,1.95,3.5,4
SP1-1516-2015-11-21-real-madrid-barcelona,SP1,La Liga,1516,2015/16,2015-11-21,,real madrid,barcelona,Real Madrid,Barcelona,0,4,A,0,2,1,0,2.5,3.75,2.8
SP1-1516-2015-11-22-villarreal-eibar,SP1,La Liga,1516,2015/16,2015-11-22,,villarreal,eibar,Villarreal,Eibar,1,1,D,0,1,0,1,1.53,4,7
SP1-1516-2015-11-27-levante-betis,SP1,La Liga,1516,2015/16,2015-11-27,,levante,betis,Levante,Betis,0,1,A,0,1,1,1,2.05,3.4,3.75
SP1-1516-2015-11-28-malaga-granada,SP1,La Liga,1516,2015/16,2015-11-28,,malaga,granada,Malaga,Granada,2,2,D,1,0,1,0,1.83,3.4,4.75
SP1-1516-2015-11-29-sevilla-valencia,SP1,La Liga,1516,2015/16,2015-11-29,,sevilla,valencia,Sevilla,Valencia,1,0,H,0,0,0,2,1.75,4,4.33
SP1-1516-2015-11-29-vallecano-ath-bilbao,SP1,La Liga,1516,2015/16,2015-11-29,,vallecano,ath bilbao,Vallecano,Ath Bilbao,0,3,A,0,2,0,1,3.1,3.4,2.3
SP1-1516-2015-12-05-betis-celta,SP1,La Liga,1516,2015/16,2015-12-05,,betis,celta,Betis,Celta,1,1,D,0,1,0,1,3.3,3.5,2.15
SP1-1516-2015-12-06-ath-bilbao-malaga,SP1,La Liga,1516,2015/16,2015-12-06,,ath bilbao,malaga,Ath Bilbao,Malaga,0,0,D,0,0,1,0,1.45,4.33,7.5
SP1-1516-2015-12-06-sp-gijon-las-palmas,SP1,La Liga,1516,2015/16,2015-12-06,,sp gijon,las palmas,Sp Gijon,Las Palmas,3,1,H,1,1,0,1,2.3,3.3,3.25
SP1-1516-2015-12-12-celta-espanol,SP1,La Liga,1516,2015/16,2015-12-12,,celta,espanol,Celta,Espanol,1,0,H,1,0,1,0,1.53,4.33,6
SP1-1516-2015-12-12-sevilla-sp-gijon,SP1,La Liga,1516,2015/16,2015-12-12,,sevilla,sp gijon,Sevilla,Sp Gijon,2,0,H,0,0,0,1,1.36,5,8.5
SP1-1516-2015-12-13-eibar-valencia,SP1,La Liga,1516,2015/16,2015-12-13,,eibar,valencia,Eibar,Valencia,1,1,D,1,0,1,1,2.45,3.2,3
SP1-1516-2015-12-19-la-coruna-eibar,SP1,La Liga,1516,2015/16,2015-12-19,,la coruna,eibar,La Coruna,Eibar,2,0,H,1,0,1,0,2,3.3,4
SP1-1516-2015-12-20-malaga-ath-madrid,SP1,La Liga,1516,2015/16,2015-12-20,,malaga,ath madrid,Malaga,Ath Madrid,1,0,H,0,0,0,1,5.25,3.5,1.75
SP1-1516-2015-12-20-real-madrid-vallecano,SP1,La Liga,1516,2015/16,2015-12-20,,real madrid,vallecano,Real Madrid,Vallecano,10,2,H,4,2,0,2,1.1,11,21
SP1-1516-2015-12-30-las-palmas-granada,SP1,La Liga,1516,2015/16,2015-12-30,,las palmas,granada,Las Palmas,Granada,4,1,H,1,0,0,1,2,3.3,3.75
SP1-1516-2016-01-02-malaga-celta,SP1,La Liga,1516,2015/16,2016-01-02,,malaga,celta,Malaga,Celta,2,0,H,2,0,0,1,2.4,3.3,3
SP1-1516-2016-01-03-granada-sevilla,SP1,La Liga,1516,2015/16,2016-01-03,,granada,sevilla,Granada,Sevilla,2,1,H,2,1,0,1,4.33,3.6,1.85
SP1-1516-2016-01-03-valencia-real-madrid,SP1,La Liga,1516,2015/16,2016-01-03,,valencia,real madrid,Valencia,Real Madrid,2,2,D,1,1,0,1,6,4.33,1.53
SP1-1516-2016-01-16-sevilla-malaga,SP1,La Liga,1516,2015/16,2016-01-16,,sevilla,malaga,Sevilla,Malaga,2,1,H,2,0,1,1,1.67,3.8,5.25
SP1-1516-2016-01-17-barcelona-ath-bilbao,SP1,La Liga,1516,2015/16,2016-01-17,,barcelona,ath bilbao,Barcelona,Ath Bilbao,6,0,H,2,0,0,1,1.14,8,19
SP1-1516-2016-01-23-espanol-villarreal,SP1,La Liga,1516,2015/16,2016-01-23,,espanol,villarreal,Espanol,Villarreal,2,2,D,2,1,1,0,2.9,3.2,2.55
SP1-1516-2016-01-24-ath-madrid-sevilla,SP1,La Liga,1516,2015/16,2016-01-24,,ath madrid,sevilla,Ath Madrid,Sevilla,0,0,D,0,0,0,1,1.67,3.5,6
SP1-1516-2016-01-25-levante-las-palmas,SP1,La Liga,1516,2015/16,2016-01-25,,levante,las palmas,Levante,Las Palmas,3,2,H,1,0,1,0,2.38,3.1,3.25
SP1-1516-2016-01-30-barcelona-ath-madrid,SP1,La Liga,1516,2015/16,2016-01-30,,barcelona,ath madrid,Barcelona,Ath Madrid,2,1,H,2,1,0,2,1.5,4.2,7
SP1-1516-2016-01-30-getafe-ath-bilbao,SP1,La Liga,1516,2015/16,2016-01-30,,getafe,ath bilbao,Getafe,Ath Bilbao,0,1,A,0,1,1,0,3.4,3.3,2.2
SP1-1516-2016-01-31-las-palmas-celta,SP1,La Liga,1516,2015/16,2016-01-31,,las palmas,celta,Las Palmas,Celta,2,1,H,1,1,0,1,2.38,3.3,3.1
SP1-1516-2016-02-06-ath-bilbao-villarreal,SP1,La Liga,1516,2015/16,2016-02-06,,ath bilbao,villarreal,Ath Bilbao,Villarreal,0,0,D,0,0,1,1,1.83,3.6,4.5
SP1-1516-2016-02-07-betis-valencia,SP1,La Liga,1516,2015/16,2016-02-07,,betis,valencia,Betis,Valencia,1,0,H,0,0,0,1,2.63,3.1,2.88
SP1-1516-2016-02-07-celta-sevilla,SP1,La Liga,1516,2015/16,2016-02-07,,celta,sevilla,Celta,Sevilla,1,1,D,0,1,0,1,3.2,3.3,2.3
SP1-1516-2016-02-13-real-madrid-ath-bilbao,SP1,La Liga,1516,2015/16,2016-02-13,,real madrid,ath bilbao,Real Madrid,Ath Bilbao,4,2,H,3,1,1,0,1.29,6,9.5
SP1-1516-2016-02-27-sp-gijon-espanol,SP1,La Liga,1516,2015/16,2016-02-27,,sp gijon,espanol,Sp Gijon,Espanol,2,4,A,1,1,1,0,2.3,3.2,3.3
SP1-1516-2016-02-28-la-coruna-granada,SP1,La Liga,1516,2015/16,2016-02-28,,la coruna,granada,La Coruna,Granada,0,1,A,0,1,1,0,1.8,3.5,4.75
SP1-1516-2016-02-28-villarreal-levante,SP1,La Liga,1516,2015/16,2016-02-28,,villarreal,levante,Villarreal,Levante,3,0,H,2,0,0,1,1.67,3.6,5.75
SP1-1516-2016-03-01-las-palmas-getafe,SP1,La Liga,1516,2015/16,2016-03-01,,las palmas,getafe,Las Palmas,Getafe,4,0,H,2,0,0,1,2.05,3.4,3.75
SP1-1516-2016-03-02-sevilla-eibar,SP1,La Liga,1516,2015/16,2016-03-02,,sevilla,eibar,Sevilla,Eibar,1,0,H,1,0,0,1,1.4,4.75,8
SP1-1516-2016-03-03-granada-sp-gijon,SP1,La Liga,1516,2015/16,2016-03-03,,granada,sp gijon,Granada,Sp Gijon,2,0,H,0,0,0,1,2.1,3.3,3.75
SP1-1516-2016-03-03-vallecano-barcelona,SP1,La Liga,1516,2015/16,2016-03-03,,vallecano,barcelona,Vallecano,Barcelona,1,5,A,0,2,2,0,13,7,1.2
SP1-1516-2016-03-05-la-coruna-malaga,SP1,La Liga,1516,2015/16,2016-03-05,,la coruna,malaga,La Coruna,Malaga,3,3,D,1,1,0,1,2.5,3.1,3
SP1-1516-2016-03-06-betis-granada,SP1,La Liga,1516,2015/16,2016-03-06,,betis,granada,Betis,Granada,2,0,H,0,0,1,1,2.1,3.4,3.6
SP1-1516-2016-03-06-sp-gijon-ath-bilbao,SP1,La Liga,1516,2015/16,2016-03-06,,sp gijon,ath bilbao,Sp Gijon,Ath Bilbao,0,2,A,0,1,0,1,4,3.3,2
SP1-1516-2016-03-06-valencia-ath-madrid,SP1,La Liga,1516,2015/16,2016-03-06,,valencia,ath madrid,Valencia,Ath Madrid,1,3,A,1,1,1,0,4,3.3,2
SP1-1516-2016-03-07-espanol-vallecano,SP1,La Liga,1516,2015/16,2016-03-07,,espanol,vallecano,Espanol,Vallecano,2,1,H,1,0,1,0,1.95,3.5,4
SP1-1516-2016-03-12-vallecano-eibar,SP1,La Liga,1516,2015/16,2016-03-12,,vallecano,eibar,Vallecano,Eibar,1,1,D,1,1,0,1,2.2,3.6,3.1
SP1-1516-2016-03-13-las-palmas-real-madrid,SP1,La Liga,1516,2015/16,2016-03-13,,las palmas,real madrid,Las Palmas,Real Madrid,1,2,A,0,1,0,1,9.5,5.25,1.33
SP1-1516-2016-03-13-sevilla-villarreal,SP1,La Liga,1516,2015/16,2016-03-13,,sevilla,villarreal,Sevilla,Villarreal,4,2,H,1,2,1,0,1.73,3.75,5
SP1-1516-2016-03-14-granada-espanol,SP1,La Liga,1516,2015/16,2016-03-14,,granada,espanol,Granada,Espanol,1,1,D,1,0,1,0,2.15,3.3,3.5
SP1-1516-2016-03-19-granada-vallecano,SP1,La Liga,1516,2015/16,2016-03-19,,granada,vallecano,Granada,Vallecano,2,2,D,1,1,1,0,2.15,3.4,3.4
SP1-1516-2016-04-01-vallecano-getafe,SP1,La Liga,1516,2015/16,2016-04-01,,vallecano,getafe,Vallecano,Getafe,2,0,H,1,0,1,0,1.91,3.6,4
SP1-1516-2016-04-02-barcelona-real-madrid,SP1,La Liga,1516,2015/16,2016-04-02,,barcelona,real madrid,Barcelona,Real Madrid,1,2,A,0,0,0,1,1.57,4.5,5.5
SP1-1516-2016-04-02-celta-la-coruna,SP1,La Liga,1516,2015/16,2016-04-02,,celta,la coruna,Celta,La Coruna,1,1,D,1,1,0,1,1.75,3.8,4.75
SP1-1516-2016-04-03-sevilla-sociedad,SP1,La Liga,1516,2015/16,2016-04-03,,sevilla,sociedad,Sevilla,Sociedad,1,2,A,0,2,0,1,1.62,4,5.5
SP1-1516-2016-04-04-levante-sp-gijon,SP1,La Liga,1516,2015/16,2016-04-04,,levante,sp gijon,Levante,Sp Gijon,0,0,D,0,0,1,0,2.1,3.25,3.75
SP1-1516-2016-04-19-betis-las-palmas,SP1,La Liga,1516,2015/16,2016-04-19,,betis,las palmas,Betis,Las Palmas,1,0,H,0,0,0,1,2.1,3.5,3.5
SP1-1516-2016-04-21-granada-levante,SP1,La Liga,1516,2015/16,2016-04-21,,granada,levante,Granada,Levante,5,1,H,3,0,0,1,1.95,3.5,3.8
SP1-1516-2016-04-23-barcelona-sp-gijon,SP1,La Liga,1516,2015/16,2016-04-23,,barcelona,sp gijon,Barcelona,Sp Gijon,6,0,H,1,0,0,1,1.04,17,34
SP1-1516-2016-04-30-betis-barcelona,SP1,La Liga,1516,2015/16,2016-04-30,,betis,barcelona,Betis,Barcelona,0,2,A,0,0,1,0,21,9,1.13
SP1-1516-2016-05-01-ath-bilbao-celta,SP1,La Liga,1516,2015/16,2016-05-01,,ath bilbao,celta,Ath Bilbao,Celta,2,1,H,1,1,0,1,1.85,3.6,4.33
SP1-1516-2016-05-01-la-coruna-getafe,SP1,La Liga,1516,2015/16,2016-05-01,,la coruna,getafe,La Coruna,Getafe,0,2,A,0,1,1,0,2.3,3.3,3.2
SP1-1516-2016-05-08-getafe-sp-gijon,SP1,La Liga,1516,2015/16,2016-05-08,,getafe,sp gijon,Getafe,Sp Gijon,1,1,D,0,0,0,1,2.1,3.6,3.4
SP1-1516-2016-05-08-real-madrid-valencia,SP1,La Liga,1516,2015/16,2016-05-08,,real madrid,valencia,Real Madrid,Valencia,3,2,H,2,0,0,1,1.2,7.5,11
SP1-1516-2016-05-08-sociedad-vallecano,SP1,La Liga,1516,2015/16,2016-05-08,,sociedad,vallecano,Sociedad,Vallecano,2,1,H,1,0,1,0,3.5,3.6,2.05
SP1-1516-2016-05-14-ath-bilbao-sevilla,SP1,La Liga,1516,2015/16,2016-05-14,,ath bilbao,sevilla,Ath Bilbao,Sevilla,3,1,H,2,0,1,2,1.33,5.75,8
SP1-1516-2016-05-15-betis-getafe,SP1,La Liga,1516,2015/16,2016-05-15,,betis,getafe,Betis,Getafe,2,1,H,0,0,0,1,5,3.8,1.7
D1-1516-2015-08-15-augsburg-hertha,D1,Bundesliga,1516,2015/16,2015-08-15,,augsburg,hertha,Augsburg,Hertha,0,1,A,0,0,1,1,2,3.4,3.9
D1-1516-2015-08-22-hamburg-stuttgart,D1,Bundesliga,1516,2015/16,2015-08-22,,hamburg,stuttgart,Hamburg,Stuttgart,3,2,H,1,2,0,1,2.88,3.5,2.4
D1-1516-2015-08-29-koln-hamburg,D1,Bundesliga,1516,2015/16,2015-08-29,,koln,hamburg,FC Koln,Hamburg,2,1,H,0,0,0,1,1.83,3.5,4.5
D1-1516-2015-08-29-stuttgart-ein-frankfurt,D1,Bundesliga,1516,2015/16,2015-08-29,,stuttgart,ein frankfurt,Stuttgart,Ein Frankfurt,1,4,A,1,2,1,0,1.95,3.6,3.8
D1-1516-2015-08-30-werder-bremen-m-gladbach,D1,Bundesliga,1516,2015/16,2015-08-30,,werder bremen,m gladbach,Werder Bremen,M'gladbach,2,1,H,1,1,0,1,3.2,3.4,2.25
D1-1516-2015-09-19-werder-bremen-ingolstadt,D1,Bundesliga,1516,2015/16,2015-09-19,,werder bremen,ingolstadt,Werder Bremen,Ingolstadt,0,1,A,0,0,1,0,2.05,3.5,3.6
D1-1516-2015-09-22-darmstadt-werder-bremen,D1,Bundesliga,1516,2015/16,2015-09-22,,darmstadt,werder bremen,Darmstadt,Werder Bremen,2,1,H,1,1,0,1,2.63,3.25,2.8
D1-1516-2015-10-17-schalke-04-hertha,D1,Bundesliga,1516,2015/16,2015-10-17,,schalke 04,hertha,Schalke 04,Hertha,2,1,H,1,0,0,1,1.75,3.75,4.75
D1-1516-2015-10-18-stuttgart-ingolstadt,D1,Bundesliga,1516,2015/16,2015-10-18,,stuttgart,ingolstadt,Stuttgart,Ingolstadt,1,0,H,0,0,1,0,1.8,3.75,4.33
D1-1516-2015-10-23-hoffenheim-hamburg,D1,Bundesliga,1516,2015/16,2015-10-23,,hoffenheim,hamburg,Hoffenheim,Hamburg,0,1,A,0,0,1,0,2.1,3.6,3.4
D1-1516-2015-10-25-m-gladbach-schalke-04,D1,Bundesliga,1516,2015/16,2015-10-25,,m gladbach,schalke 04,M'gladbach,Schalke 04,3,1,H,1,1,0,1,2.15,3.5,3.3
D1-1516-2015-11-07-leverkusen-koln,D1,Bundesliga,1516,2015/16,2015-11-07,,leverkusen,koln,Leverkusen,FC Koln,1,2,A,1,1,1,0,1.5,4.33,6.5
D1-1516-2015-11-07-mainz-wolfsburg,D1,Bundesliga,1516,2015/16,2015-11-07,,mainz,wolfsburg,Mainz,Wolfsburg,2,0,H,1,0,0,1,3.3,3.6,2.15
D1-1516-2015-11-07-m-gladbach-ingolstadt,D1,Bundesliga,1516,2015/16,2015-11-07,,m gladbach,ingolstadt,M'gladbach,Ingolstadt,0,0,D,0,0,1,0,1.62,3.8,6
D1-1516-2015-11-28-mainz-ein-frankfurt,D1,Bundesliga,1516,2015/16,2015-11-28,,mainz,ein frankfurt,Mainz,Ein Frankfurt,2,1,H,2,0,0,1,2.2,3.5,3.2
D1-1516-2015-11-29-augsburg-wolfsburg,D1,Bundesliga,1516,2015/16,2015-11-29,,augsburg,wolfsburg,Augsburg,Wolfsburg,0,0,D,0,0,0,1,3.3,3.4,2.2
D1-1516-2015-12-05-hertha-leverkusen,D1,Bundesliga,1516,2015/16,2015-12-05,,hertha,leverkusen,Hertha,Leverkusen,2,1,H,1,1,0,1,3.75,3.4,2.05
D1-1516-2015-12-13-dortmund-ein-frankfurt,D1,Bundesliga,1516,2015/16,2015-12-13,,dortmund,ein frankfurt,Dortmund,Ein Frankfurt,4,1,H,1,1,0,1,1.17,8,15
D1-1516-2015-12-19-stuttgart-wolfsburg,D1,Bundesliga,1516,2015/16,2015-12-19,,stuttgart,wolfsburg,Stuttgart,Wolfsburg,3,1,H,2,1,1,0,3.5,3.6,2
D1-1516-2015-12-20-m-gladbach-darmstadt,D1,Bundesliga,1516,2015/16,2015-12-20,,m gladbach,darmstadt,M'gladbach,Darmstadt,3,2,H,1,1,1,0,1.5,4.33,6.5
D1-1516-2016-02-06-ein-frankfurt-stuttgart,D1,Bundesliga,1516,2015/16,2016-02-06,,ein frankfurt,stuttgart,Ein Frankfurt,Stuttgart,2,4,A,0,2,1,1,2.7,3.6,2.5
D1-1516-2016-02-06-leverkusen-bayern-munich,D1,Bundesliga,1516,2015/16,2016-02-06,,leverkusen,bayern munich,Leverkusen,Bayern Munich,0,0,D,0,0,0,1,5.25,4.2,1.6
D1-1516-2016-02-13-werder-bremen-hoffenheim,D1,Bundesliga,1516,2015/16,2016-02-13,,werder bremen,hoffenheim,Werder Bremen,Hoffenheim,1,1,D,1,1,0,1,2.2,3.5,3.25
D1-1516-2016-02-28-dortmund-hoffenheim,D1,Bundesliga,1516,2015/16,2016-02-28,,dortmund,hoffenheim,Dortmund,Hoffenheim,3,1,H,0,1,0,1,1.18,7,17
D1-1516-2016-03-02-schalke-04-hamburg,D1,Bundesliga,1516,2015/16,2016-03-02,,schalke 04,hamburg,Schalke 04,Hamburg,3,2,H,1,1,0,1,1.85,3.6,4.33
D1-1516-2016-03-05-augsburg-leverkusen,D1,Bundesliga,1516,2015/16,2016-03-05,,augsburg,leverkusen,Augsburg,Leverkusen,3,3,D,2,0,1,0,2.9,3.3,2.5
D1-1516-2016-03-05-ein-frankfurt-ingolstadt,D1,Bundesliga,1516,2015/16,2016-03-05,,ein frankfurt,ingolstadt,Ein Frankfurt,Ingolstadt,1,1,D,0,1,0,1,2.5,3.2,3
D1-1516-2016-03-06-mainz-darmstadt,D1,Bundesliga,1516,2015/16,2016-03-06,,mainz,darmstadt,Mainz,Darmstadt,0,0,D,0,0,1,0,1.75,3.6,5
D1-1516-2016-03-13-leverkusen-hamburg,D1,Bundesliga,1516,2015/16,2016-03-13,,leverkusen,hamburg,Leverkusen,Hamburg,1,0,H,1,0,1,0,1.67,3.75,5.5
D1-1516-2016-04-09-wolfsburg-mainz,D1,Bundesliga,1516,2015/16,2016-04-09,,wolfsburg,mainz,Wolfsburg,Mainz,1,1,D,0,0,1,0,2.2,3.4,3.25
D1-1516-2016-04-10-koln-leverkusen,D1,Bundesliga,1516,2015/16,2016-04-10,,koln,leverkusen,FC Koln,Leverkusen,0,2,A,0,2,1,1,3.1,3.25,2.3
D1-1516-2016-04-17-dortmund-hamburg,D1,Bundesliga,1516,2015/16,2016-04-17,,dortmund,hamburg,Dortmund,Hamburg,3,0,H,2,0,0,1,1.33,5.25,9
D1-1516-2016-04-23-ingolstadt-hannover,D1,Bundesliga,1516,2015/16,2016-04-23,,ingolstadt,hannover,Ingolstadt,Hannover,2,2,D,2,0,1,0,1.91,3.4,4.33
D1-1516-2016-04-29-augsburg-koln,D1,Bundesliga,1516,2015/16,2016-04-29,,augsburg,koln,Augsburg,FC Koln,0,0,D,0,0,0,1,2.45,3.25,3
D1-1516-2016-05-07-hertha-darmstadt,D1,Bundesliga,1516,2015/16,2016-05-07,,hertha,darmstadt,Hertha,Darmstadt,1,2,A,1,1,0,1,1.75,3.6,5
D1-1516-2016-05-14-mainz-hertha,D1,Bundesliga,1516,2015/16,2016-05-14,,mainz,hertha,Mainz,Hertha,0,0,D,0,0,0,1,2.05,3.6,3.5
I1-1516-2015-08-23-fiorentina-milan,I1,Serie A,1516,2015/16,2015-08-23,,fiorentina,milan,Fiorentina,Milan,2,0,H,1,0,0,1,2.15,3.4,3.5
I1-1516-2015-08-23-inter-atalanta,I1,Serie A,1516,2015/16,2015-08-23,,inter,atalanta,Inter,Atalanta,1,0,H,0,0,0,1,1.45,4.33,7.5
I1-1516-2015-08-23-sampdoria-carpi,I1,Serie A,1516,2015/16,2015-08-23,,sampdoria,carpi,Sampdoria,Carpi,5,2,H,5,1,1,0,1.8,3.5,4.75
I1-1516-2015-08-30-roma-juventus,I1,Serie A,1516,2015/16,2015-08-30,,roma,juventus,Roma,Juventus,2,1,H,0,0,0,2,2.6,3.2,2.8
I1-1516-2015-08-30-udinese-palermo,I1,Serie A,1516,2015/16,2015-08-30,,udinese,palermo,Udinese,Palermo,0,1,A,0,1,0,1,2.15,3.3,3.6
I1-1516-2015-09-12-fiorentina-genoa,I1,Serie A,1516,2015/16,2015-09-12,,fiorentina,genoa,Fiorentina,Genoa,1,0,H,0,0,1,0,1.67,3.75,5.5
I1-1516-2015-09-13-sassuolo-atalanta,I1,Serie A,1516,2015/16,2015-09-13,,sassuolo,atalanta,Sassuolo,Atalanta,2,2,D,2,2,1,1,2.2,3.3,3.4
I1-1516-2015-09-14-sampdoria-bologna,I1,Serie A,1516,2015/16,2015-09-14,,sampdoria,bologna,Sampdoria,Bologna,2,0,H,0,0,0,1,1.83,3.6,4.5
I1-1516-2015-09-19-udinese-empoli,I1,Serie A,1516,2015/16,2015-09-19,,udinese,empoli,Udinese,Empoli,1,2,A,1,0,1,0,2.25,3.3,3.3
I1-1516-2015-09-20-atalanta-verona,I1,Serie A,1516,2015/16,2015-09-20,,atalanta,verona,Atalanta,Verona,1,1,D,0,0,0,1,2,3.5,3.75
I1-1516-2015-09-20-genoa-juventus,I1,Serie A,1516,2015/16,2015-09-20,,genoa,juventus,Genoa,Juventus,0,2,A,0,1,1,0,4.5,3.5,1.83
I1-1516-2015-09-22-udinese-milan,I1,Serie A,1516,2015/16,2015-09-22,,udinese,milan,Udinese,Milan,2,3,A,0,3,1,0,3.3,3.3,2.25
I1-1516-2015-09-23-lazio-genoa,I1,Serie A,1516,2015/16,2015-09-23,,lazio,genoa,Lazio,Genoa,2,0,H,1,0,0,2,1.75,3.75,4.75
I1-1516-2015-09-23-palermo-sassuolo,I1,Serie A,1516,2015/16,2015-09-23,,palermo,sassuolo,Palermo,Sassuolo,0,1,A,0,1,1,0,2.15,3.4,3.4
I1-1516-2015-09-27-genoa-milan,I1,Serie A,1516,2015/16,2015-09-27,,genoa,milan,Genoa,Milan,1,0,H,1,0,0,1,3.3,3.2,2.3
I1-1516-2015-09-27-inter-fiorentina,I1,Serie A,1516,2015/16,2015-09-27,,inter,fiorentina,Inter,Fiorentina,1,4,A,0,3,1,0,1.8,3.6,4.5
I1-1516-2015-09-27-torino-palermo,I1,Serie A,1516,2015/16,2015-09-27,,torino,palermo,Torino,Palermo,2,1,H,1,0,2,0,1.75,3.6,5
I1-1516-2015-09-27-verona-lazio,I1,Serie A,1516,2015/16,2015-09-27,,verona,lazio,Verona,Lazio,1,2,A,1,0,0,1,3.75,3.4,2.05
I1-1516-2015-09-28-frosinone-empoli,I1,Serie A,1516,2015/16,2015-09-28,,frosinone,empoli,Frosinone,Empoli,2,0,H,0,0,0,1,3,3.3,2.4
I1-1516-2015-10-04-empoli-sassuolo,I1,Serie A,1516,2015/16,2015-10-04,,empoli,sassuolo,Empoli,Sassuolo,1,0,H,0,0,1,0,2.4,3.2,3.1
I1-1516-2015-10-04-fiorentina-atalanta,I1,Serie A,1516,2015/16,2015-10-04,,fiorentina,atalanta,Fiorentina,Atalanta,3,0,H,2,0,0,1,1.67,3.6,5.75
I1-1516-2015-10-18-genoa-chievo,I1,Serie A,1516,2015/16,2015-10-18,,genoa,chievo,Genoa,Chievo,3,2,H,2,1,1,0,2.05,3.3,3.8
I1-1516-2015-10-18-sassuolo-lazio,I1,Serie A,1516,2015/16,2015-10-18,,sassuolo,lazio,Sassuolo,Lazio,2,1,H,1,0,0,1,3,3.2,2.45
I1-1516-2015-10-24-carpi-bologna,I1,Serie A,1516,2015/16,2015-10-24,,carpi,bologna,Carpi,Bologna,1,2,A,1,0,1,0,2.1,3.2,3.8
I1-1516-2015-10-24-palermo-inter,I1,Serie A,1516,2015/16,2015-10-24,,palermo,inter,Palermo,Inter,1,1,D,0,0,0,1,4,3.3,2
I1-1516-2015-10-25-fiorentina-roma,I1,Serie A,1516,2015/16,2015-10-25,,fiorentina,roma,Fiorentina,Roma,1,2,A,0,2,0,1,2.5,3.4,2.8
I1-1516-2015-10-25-juventus-atalanta,I1,Serie A,1516,2015/16,2015-10-25,,juventus,atalanta,Juventus,Atalanta,2,0,H,1,0,0,1,1.33,5,10
I1-1516-2015-10-25-milan-sassuolo,I1,Serie A,1516,2015/16,2015-10-25,,milan,sassuolo,Milan,Sassuolo,2,1,H,1,0,0,1,1.75,3.6,5
I1-1516-2015-10-27-bologna-inter,I1,Serie A,1516,2015/16,2015-10-27,,bologna,inter,Bologna,Inter,0,1,A,0,0,0,1,5,3.5,1.75
I1-1516-2015-10-28-frosinone-carpi,I1,Serie A,1516,2015/16,2015-10-28,,frosinone,carpi,Frosinone,Carpi,2,1,H,0,0,1,1,2.2,3.4,3.2
I1-1516-2015-10-28-sassuolo-juventus,I1,Serie A,1516,2015/16,2015-10-28,,sassuolo,juventus,Sassuolo,Juventus,1,0,H,1,0,0,1,4.75,3.6,1.75
I1-1516-2015-10-29-sampdoria-empoli,I1,Serie A,1516,2015/16,2015-10-29,,sampdoria,empoli,Sampdoria,Empoli,1,1,D,0,0,0,1,2.2,3.25,3.3
I1-1516-2015-10-31-inter-roma,I1,Serie A,1516,2015/16,2015-10-31,,inter,roma,Inter,Roma,1,0,H,1,0,0,1,2.9,3.3,2.5
I1-1516-2015-11-08-frosinone-genoa,I1,Serie A,1516,2015/16,2015-11-08,,frosinone,genoa,Frosinone,Genoa,2,2,D,2,1,0,1,3.4,3.3,2.2
I1-1516-2015-11-22-genoa-sassuolo,I1,Serie A,1516,2015/16,2015-11-22,,genoa,sassuolo,Genoa,Sassuolo,2,1,H,0,0,1,1,2.05,3.3,3.8
I1-1516-2015-11-22-udinese-sampdoria,I1,Serie A,1516,2015/16,2015-11-22,,udinese,sampdoria,Udinese,Sampdoria,1,0,H,1,0,0,1,2.15,3.3,3.6
I1-1516-2015-11-29-frosinone-verona,I1,Serie A,1516,2015/16,2015-11-29,,frosinone,verona,Frosinone,Verona,3,2,H,2,0,0,1,2.6,3.2,2.8
I1-1516-2015-11-29-genoa-carpi,I1,Serie A,1516,2015/16,2015-11-29,,genoa,carpi,Genoa,Carpi,1,2,A,1,0,1,0,1.62,3.8,6
I1-1516-2015-11-29-roma-atalanta,I1,Serie A,1516,2015/16,2015-11-29,,roma,atalanta,Roma,Atalanta,0,2,A,0,1,1,2,1.5,4.33,6.5
I1-1516-2015-11-30-napoli-inter,I1,Serie A,1516,2015/16,2015-11-30,,napoli,inter,Napoli,Inter,2,1,H,1,0,0,1,1.67,3.75,5.5
I1-1516-2015-12-05-inter-genoa,I1,Serie A,1516,2015/16,2015-12-05,,inter,genoa,Inter,Genoa,1,0,H,0,0,1,0,1.62,4,5.5
I1-1516-2015-12-06-atalanta-palermo,I1,Serie A,1516,2015/16,2015-12-06,,atalanta,palermo,Atalanta,Palermo,3,0,H,2,0,1,0,1.83,3.5,4.5
I1-1516-2015-12-06-frosinone-chievo,I1,Serie A,1516,2015/16,2015-12-06,,frosinone,chievo,Frosinone,Chievo,0,2,A,0,0,0,1,3.1,3.2,2.4
I1-1516-2015-12-12-genoa-bologna,I1,Serie A,1516,2015/16,2015-12-12,,genoa,bologna,Genoa,Bologna,0,1,A,0,0,1,1,1.91,3.4,4.33
I1-1516-2015-12-13-chievo-atalanta,I1,Serie A,1516,2015/16,2015-12-13,,chievo,atalanta,Chievo,Atalanta,1,0,H,0,0,0,2,2.4,3.1,3.2
I1-1516-2015-12-13-milan-verona,I1,Serie A,1516,2015/16,2015-12-13,,milan,verona,Milan,Verona,1,1,D,0,0,1,0,1.36,4.75,9
I1-1516-2015-12-20-atalanta-napoli,I1,Serie A,1516,2015/16,2015-12-20,,atalanta,napoli,Atalanta,Napoli,1,3,A,0,0,1,1,6,3.8,1.62
I1-1516-2015-12-20-inter-lazio,I1,Serie A,1516,2015/16,2015-12-20,,inter,lazio,Inter,Lazio,1,2,A,0,1,1,1,1.75,3.6,5
I1-1516-2015-12-20-roma-genoa,I1,Serie A,1516,2015/16,2015-12-20,,roma,genoa,Roma,Genoa,2,0,H,1,0,1,0,1.5,4.33,6.5
I1-1516-2015-12-20-torino-udinese,I1,Serie A,1516,2015/16,2015-12-20,,torino,udinese,Torino,Udinese,0,1,A,0,1,0,1,1.67,3.75,5.5
I1-1516-2016-01-06-sassuolo-frosinone,I1,Serie A,1516,2015/16,2016-01-06,,sassuolo,frosinone,Sassuolo,Frosinone,2,2,D,1,2,1,0,1.53,4,7
I1-1516-2016-01-10-sampdoria-juventus,I1,Serie A,1516,2015/16,2016-01-10,,sampdoria,juventus,Sampdoria,Juventus,1,2,A,0,1,1,0,7.5,4,1.5
I1-1516-2016-01-17-bologna-lazio,I1,Serie A,1516,2015/16,2016-01-17,,bologna,lazio,Bologna,Lazio,2,2,D,2,0,1,0,3.75,3.3,2.1
I1-1516-2016-01-17-carpi-sampdoria,I1,Serie A,1516,2015/16,2016-01-17,,carpi,sampdoria,Carpi,Sampdoria,2,1,H,1,1,1,0,2.6,3.25,2.8
I1-1516-2016-01-17-genoa-palermo,I1,Serie A,1516,2015/16,2016-01-17,,genoa,palermo,Genoa,Palermo,4,0,H,1,0,0,1,1.8,3.5,4.75
I1-1516-2016-01-17-udinese-juventus,I1,Serie A,1516,2015/16,2016-01-17,,udinese,juventus,Udinese,Juventus,0,4,A,0,4,1,0,6.5,3.75,1.57
I1-1516-2016-01-24-inter-carpi,I1,Serie A,1516,2015/16,2016-01-24,,inter,carpi,Inter,Carpi,1,1,D,1,0,0,1,1.36,4.75,9.5
I1-1516-2016-01-24-lazio-chievo,I1,Serie A,1516,2015/16,2016-01-24,,lazio,chievo,Lazio,Chievo,4,1,H,0,1,1,1,1.67,3.6,5.75
I1-1516-2016-01-24-sampdoria-napoli,I1,Serie A,1516,2015/16,2016-01-24,,sampdoria,napoli,Sampdoria,Napoli,2,4,A,1,2,1,0,6.5,4.33,1.5
I1-1516-2016-01-24-sassuolo-bologna,I1,Serie A,1516,2015/16,2016-01-24,,sassuolo,bologna,Sassuolo,Bologna,0,2,A,0,0,1,0,1.8,3.5,4.75
I1-1516-2016-01-31-udinese-lazio,I1,Serie A,1516,2015/16,2016-01-31,,udinese,lazio,Udinese,Lazio,0,0,D,0,0,1,1,3.3,3.3,2.25
I1-1516-2016-02-02-sassuolo-roma,I1,Serie A,1516,2015/16,2016-02-02,,sassuolo,roma,Sassuolo,Roma,0,2,A,0,1,0,1,3.1,3.25,2.38
I1-1516-2016-02-03-frosinone-bologna,I1,Serie A,1516,2015/16,2016-02-03,,frosinone,bologna,Frosinone,Bologna,1,0,H,0,0,0,1,3.1,3.25,2.4
I1-1516-2016-02-03-juventus-genoa,I1,Serie A,1516,2015/16,2016-02-03,,juventus,genoa,Juventus,Genoa,1,0,H,1,0,1,0,1.22,6,15
I1-1516-2016-02-03-verona-atalanta,I1,Serie A,1516,2015/16,2016-02-03,,verona,atalanta,Verona,Atalanta,2,1,H,1,1,0,1,2.4,3.3,3
I1-1516-2016-02-06-bologna-fiorentina,I1,Serie A,1516,2015/16,2016-02-06,,bologna,fiorentina,Bologna,Fiorentina,1,1,D,0,0,0,1,3.6,3.4,2.1
I1-1516-2016-02-07-napoli-carpi,I1,Serie A,1516,2015/16,2016-02-07,,napoli,carpi,Napoli,Carpi,1,0,H,0,0,0,1,1.14,8,21
I1-1516-2016-02-07-sassuolo-palermo,I1,Serie A,1516,2015/16,2016-02-07,,sassuolo,palermo,Sassuolo,Palermo,2,2,D,1,1,0,1,1.85,3.5,4.5
I1-1516-2016-02-14-fiorentina-inter,I1,Serie A,1516,2015/16,2016-02-14,,fiorentina,inter,Fiorentina,Inter,2,1,H,0,1,1,2,2.25,3.2,3.4
I1-1516-2016-02-20-verona-chievo,I1,Serie A,1516,2015/16,2016-02-20,,verona,chievo,Verona,Chievo,3,1,H,1,0,1,1,2.38,3.2,3.2
I1-1516-2016-02-21-atalanta-fiorentina,I1,Serie A,1516,2015/16,2016-02-21,,atalanta,fiorentina,Atalanta,Fiorentina,2,3,A,0,0,1,0,3.75,3.3,2.1
I1-1516-2016-02-21-sassuolo-empoli,I1,Serie A,1516,2015/16,2016-02-21,,sassuolo,empoli,Sassuolo,Empoli,3,2,H,1,1,1,1,2,3.2,4.2
I1-1516-2016-02-27-empoli-roma,I1,Serie A,1516,2015/16,2016-02-27,,empoli,roma,Empoli,Roma,1,3,A,1,2,1,0,4.5,3.5,1.8
I1-1516-2016-03-06-sassuolo-milan,I1,Serie A,1516,2015/16,2016-03-06,,sassuolo,milan,Sassuolo,Milan,2,0,H,1,0,1,0,3,3.25,2.45
I1-1516-2016-03-20-atalanta-bologna,I1,Serie A,1516,2015/16,2016-03-20,,atalanta,bologna,Atalanta,Bologna,2,0,H,2,0,0,2,2.2,3,3.8
I1-1516-2016-03-20-milan-lazio,I1,Serie A,1516,2015/16,2016-03-20,,milan,lazio,Milan,Lazio,1,1,D,1,1,0,1,2,3.3,4
I1-1516-2016-03-20-torino-juventus,I1,Serie A,1516,2015/16,2016-03-20,,torino,juventus,Torino,Juventus,1,4,A,0,2,0,1,4.75,3.1,1.95
I1-1516-2016-03-20-verona-carpi,I1,Serie A,1516,2015/16,2016-03-20,,verona,carpi,Verona,Carpi,1,2,A,0,1,1,0,2.15,3.25,3.6
I1-1516-2016-04-03-fiorentina-sampdoria,I1,Serie A,1516,2015/16,2016-04-03,,fiorentina,sampdoria,Fiorentina,Sampdoria,1,1,D,1,1,0,1,1.62,3.8,6
I1-1516-2016-04-03-inter-torino,I1,Serie A,1516,2015/16,2016-04-03,,inter,torino,Inter,Torino,1,2,A,1,0,2,0,1.8,3.75,4.33
I1-1516-2016-04-03-lazio-roma,I1,Serie A,1516,2015/16,2016-04-03,,lazio,roma,Lazio,Roma,1,4,A,0,1,1,0,3.3,3.4,2.2
I1-1516-2016-04-03-udinese-napoli,I1,Serie A,1516,2015/16,2016-04-03,,udinese,napoli,Udinese,Napoli,3,1,H,2,1,0,1,6.5,4.33,1.5
I1-1516-2016-04-09-frosinone-inter,I1,Serie A,1516,2015/16,2016-04-09,,frosinone,inter,Frosinone,Inter,0,1,A,0,0,1,0,6,3.75,1.57
I1-1516-2016-04-10-napoli-verona,I1,Serie A,1516,2015/16,2016-04-10,,napoli,verona,Napoli,Verona,3,0,H,2,0,0,1,1.2,6.5,13
I1-1516-2016-04-10-torino-atalanta,I1,Serie A,1516,2015/16,2016-04-10,,torino,atalanta,Torino,Atalanta,2,1,H,1,0,0,1,1.83,3.4,4.5
I1-1516-2016-04-16-carpi-genoa,I1,Serie A,1516,2015/16,2016-04-16,,carpi,genoa,Carpi,Genoa,4,1,H,2,1,0,1,2.75,3.1,2.75
I1-1516-2016-04-17-udinese-chievo,I1,Serie A,1516,2015/16,2016-04-17,,udinese,chievo,Udinese,Chievo,0,0,D,0,0,1,1,1.95,3.4,4.2
I1-1516-2016-04-20-chievo-frosinone,I1,Serie A,1516,2015/16,2016-04-20,,chievo,frosinone,Chievo,Frosinone,5,1,H,1,1,0,2,1.85,3.6,4
I1-1516-2016-04-20-empoli-verona,I1,Serie A,1516,2015/16,2016-04-20,,empoli,verona,Empoli,Verona,1,0,H,0,0,0,1,1.83,3.6,4.5
I1-1516-2016-04-20-juventus-lazio,I1,Serie A,1516,2015/16,2016-04-20,,juventus,lazio,Juventus,Lazio,3,0,H,1,0,0,1,1.5,4.2,7
I1-1516-2016-04-20-palermo-atalanta,I1,Serie A,1516,2015/16,2016-04-20,,palermo,atalanta,Palermo,Atalanta,2,2,D,1,1,1,0,2.7,3.2,2.75
I1-1516-2016-04-20-sassuolo-sampdoria,I1,Serie A,1516,2015/16,2016-04-20,,sassuolo,sampdoria,Sassuolo,Sampdoria,0,0,D,0,0,0,1,1.91,3.6,4
I1-1516-2016-04-24-atalanta-chievo,I1,Serie A,1516,2015/16,2016-04-24,,atalanta,chievo,Atalanta,Chievo,1,0,H,0,0,1,0,1.95,3.5,4
I1-1516-2016-04-25-carpi-empoli,I1,Serie A,1516,2015/16,2016-04-25,,carpi,empoli,Carpi,Empoli,1,0,H,0,0,1,1,1.83,3.6,4.5
I1-1516-2016-05-01-lazio-inter,I1,Serie A,1516,2015/16,2016-05-01,,lazio,inter,Lazio,Inter,2,0,H,1,0,0,1,2.5,3.3,2.9
I1-1516-2016-05-07-bologna-milan,I1,Serie A,1516,2015/16,2016-05-07,,bologna,milan,Bologna,Milan,0,1,A,0,1,1,0,3.6,3.4,2.1
I1-1516-2016-05-08-carpi-lazio,I1,Serie A,1516,2015/16,2016-05-08,,carpi,lazio,Carpi,Lazio,1,3,A,0,2,0,2,2.4,3.4,2.88
I1-1516-2016-05-08-torino-napoli,I1,Serie A,1516,2015/16,2016-05-08,,torino,napoli,Torino,Napoli,1,2,A,0,2,1,0,7.5,5,1.4
I1-1516-2016-05-08-verona-juventus,I1,Serie A,1516,2015/16,2016-05-08,,verona,juventus,Verona,Juventus,2,1,H,1,0,0,1,6,4.33,1.53
I1-1516-2016-05-14-juventus-sampdoria,I1,Serie A,1516,2015/16,2016-05-14,,juventus,sampdoria,Juventus,Sampdoria,5,0,H,3,0,0,1,1.25,6,10
I1-1516-2016-05-14-napoli-frosinone,I1,Serie A,1516,2015/16,2016-05-14,,napoli,frosinone,Napoli,Frosinone,4,0,H,1,0,0,1,1.1,10,26
I1-1516-2016-05-14-sassuolo-inter,I1,Serie A,1516,2015/16,2016-05-14,,sassuolo,inter,Sassuolo,Inter,3,1,H,3,1,0,1,1.85,3.8,4
I1-1516-2016-05-15-palermo-verona,I1,Serie A,1516,2015/16,2016-05-15,,palermo,verona,Palermo,Verona,3,2,H,1,0,1,1,1.2,7,13
I1-1516-2016-05-15-udinese-carpi,I1,Serie A,1516,2015/16,2016-05-15,,udinese,carpi,Udinese,Carpi,1,2,A,0,2,1,0,2.3,3.4,3.1
F1-1516-2015-08-07-lille-paris-sg,F1,Ligue 1,1516,2015/16,2015-08-07,,lille,paris sg,Lille,Paris SG,0,1,A,0,0,0,1,6.5,3.6,1.57
F1-1516-2015-08-08-bastia-rennes,F1,Ligue 1,1516,2015/16,2015-08-08,,bastia,rennes,Bastia,Rennes,2,1,H,0,1,1,0,2.6,3.1,2.8
F1-1516-2015-08-08-nice-monaco,F1,Ligue 1,1516,2015/16,2015-08-08,,nice,monaco,Nice,Monaco,1,2,A,1,0,1,0,4,3.1,2.05
F1-1516-2015-08-09-toulouse-st-etienne,F1,Ligue 1,1516,2015/16,2015-08-09,,toulouse,st etienne,Toulouse,St Etienne,2,1,H,1,1,1,0,3.1,3.1,2.4
F1-1516-2015-08-15-caen-toulouse,F1,Ligue 1,1516,2015/16,2015-08-15,,caen,toulouse,Caen,Toulouse,1,0,H,0,0,0,1,2.2,3.4,3.25
F1-1516-2015-08-15-troyes-nice,F1,Ligue 1,1516,2015/16,2015-08-15,,troyes,nice,Troyes,Nice,3,3,D,1,3,1,0,2.15,3.25,3.6
F1-1516-2015-08-16-reims-marseille,F1,Ligue 1,1516,2015/16,2015-08-16,,reims,marseille,Reims,Marseille,1,0,H,1,0,0,1,3.5,3.25,2.2
F1-1516-2015-08-23-lorient-st-etienne,F1,Ligue 1,1516,2015/16,2015-08-23,,lorient,st etienne,Lorient,St Etienne,0,1,A,0,0,1,0,2.63,3,3
F1-1516-2015-08-29-caen-lyon,F1,Ligue 1,1516,2015/16,2015-08-29,,caen,lyon,Caen,Lyon,0,4,A,0,2,1,0,3.3,3.3,2.25
F1-1516-2015-08-30-bordeaux-nantes,F1,Ligue 1,1516,2015/16,2015-08-30,,bordeaux,nantes,Bordeaux,Nantes,2,0,H,1,0,0,1,2,3.25,4.2
F1-1516-2015-08-30-st-etienne-bastia,F1,Ligue 1,1516,2015/16,2015-08-30,,st etienne,bastia,St Etienne,Bastia,2,1,H,1,1,0,2,1.73,3.4,5.75
F1-1516-2015-09-11-paris-sg-bordeaux,F1,Ligue 1,1516,2015/16,2015-09-11,,paris sg,bordeaux,Paris SG,Bordeaux,2,2,D,2,1,0,1,1.25,5.75,13
F1-1516-2015-09-12-troyes-caen,F1,Ligue 1,1516,2015/16,2015-09-12,,troyes,caen,Troyes,Caen,1,3,A,0,2,0,1,2.25,3.2,3.4
F1-1516-2015-09-13-nantes-rennes,F1,Ligue 1,1516,2015/16,2015-09-13,,nantes,rennes,Nantes,Rennes,0,2,A,0,0,2,0,2.6,2.88,3.1
F1-1516-2015-09-18-rennes-lille,F1,Ligue 1,1516,2015/16,2015-09-18,,rennes,lille,Rennes,Lille,1,1,D,0,0,0,1,2.38,3,3.4
F1-1516-2015-09-19-angers-troyes,F1,Ligue 1,1516,2015/16,2015-09-19,,angers,troyes,Angers,Troyes,1,0,H,0,0,1,0,2.1,3.1,4
F1-1516-2015-09-19-guingamp-ajaccio-gfco,F1,Ligue 1,1516,2015/16,2015-09-19,,guingamp,ajaccio gfco,Guingamp,Ajaccio GFCO,2,1,H,1,1,0,1,1.85,3.3,4.75
F1-1516-2015-09-20-bordeaux-toulouse,F1,Ligue 1,1516,2015/16,2015-09-20,,bordeaux,toulouse,Bordeaux,Toulouse,1,1,D,0,1,0,1,2.1,3.1,4
F1-1516-2015-09-20-marseille-lyon,F1,Ligue 1,1516,2015/16,2015-09-20,,marseille,lyon,Marseille,Lyon,1,1,D,0,1,1,0,2.05,3.3,3.8
F1-1516-2015-09-23-lyon-bastia,F1,Ligue 1,1516,2015/16,2015-09-23,,lyon,bastia,Lyon,Bastia,2,0,H,1,0,0,1,1.5,4,7.5
F1-1516-2015-09-23-nice-bordeaux,F1,Ligue 1,1516,2015/16,2015-09-23,,nice,bordeaux,Nice,Bordeaux,6,1,H,2,1,0,1,2.7,3,2.88
F1-1516-2015-09-23-toulouse-marseille,F1,Ligue 1,1516,2015/16,2015-09-23,,toulouse,marseille,Toulouse,Marseille,1,1,D,0,0,2,1,2.9,3.1,2.6
F1-1516-2015-09-26-rennes-troyes,F1,Ligue 1,1516,2015/16,2015-09-26,,rennes,troyes,Rennes,Troyes,1,1,D,0,1,1,0,1.73,3.5,5.5
F1-1516-2015-09-27-montpellier-lorient,F1,Ligue 1,1516,2015/16,2015-09-27,,montpellier,lorient,Montpellier,Lorient,2,1,H,1,0,0,1,2.2,3.25,3.5
F1-1516-2015-09-27-st-etienne-nice,F1,Ligue 1,1516,2015/16,2015-09-27,,st etienne,nice,St Etienne,Nice,1,4,A,1,3,0,2,1.73,3.6,5.25
F1-1516-2015-10-03-troyes-guingamp,F1,Ligue 1,1516,2015/16,2015-10-03,,troyes,guingamp,Troyes,Guingamp,0,1,A,0,0,1,0,2.63,3.1,2.88
F1-1516-2015-10-04-lorient-bordeaux,F1,Ligue 1,1516,2015/16,2015-10-04,,lorient,bordeaux,Lorient,Bordeaux,3,2,H,0,1,1,1,2.6,3.2,2.8
F1-1516-2015-10-16-monaco-lyon,F1,Ligue 1,1516,2015/16,2015-10-16,,monaco,lyon,Monaco,Lyon,1,1,D,1,0,1,0,2.55,3.2,2.9
F1-1516-2015-10-17-guingamp-lille,F1,Ligue 1,1516,2015/16,2015-10-17,,guingamp,lille,Guingamp,Lille,1,1,D,1,1,0,1,2.6,3.1,2.9
F1-1516-2015-10-24-ajaccio-gfco-nice,F1,Ligue 1,1516,2015/16,2015-10-24,,ajaccio gfco,nice,Ajaccio GFCO,Nice,3,1,H,3,1,1,0,3.4,3.3,2.2
F1-1516-2015-10-24-angers-guingamp,F1,Ligue 1,1516,2015/16,2015-10-24,,angers,guingamp,Angers,Guingamp,0,0,D,0,0,1,0,2.4,3,3.3
F1-1516-2015-10-24-lorient-rennes,F1,Ligue 1,1516,2015/16,2015-10-24,,lorient,rennes,Lorient,Rennes,1,1,D,1,0,1,1,2.4,3.1,3.2
F1-1516-2015-10-25-reims-monaco,F1,Ligue 1,1516,2015/16,2015-10-25,,reims,monaco,Reims,Monaco,0,1,A,0,1,1,0,3,3.1,2.5
F1-1516-2015-10-31-ajaccio-gfco-bordeaux,F1,Ligue 1,1516,2015/16,2015-10-31,,ajaccio gfco,bordeaux,Ajaccio GFCO,Bordeaux,2,0,H,1,0,1,0,4.2,3.4,1.95
F1-1516-2015-10-31-guingamp-lorient,F1,Ligue 1,1516,2015/16,2015-10-31,,guingamp,lorient,Guingamp,Lorient,2,2,D,1,0,1,1,2,3.3,4
F1-1516-2015-10-31-troyes-lyon,F1,Ligue 1,1516,2015/16,2015-10-31,,troyes,lyon,Troyes,Lyon,0,1,A,0,0,1,0,5.5,3.6,1.7
F1-1516-2015-11-07-lille-bastia,F1,Ligue 1,1516,2015/16,2015-11-07,,lille,bastia,Lille,Bastia,1,1,D,0,0,1,0,1.67,3.5,6
F1-1516-2015-11-21-guingamp-toulouse,F1,Ligue 1,1516,2015/16,2015-11-21,,guingamp,toulouse,Guingamp,Toulouse,2,0,H,0,0,0,1,2.1,3.4,3.6
F1-1516-2015-11-22-caen-angers,F1,Ligue 1,1516,2015/16,2015-11-22,,caen,angers,Caen,Angers,0,0,D,0,0,1,0,1.8,3.4,5
F1-1516-2015-11-22-rennes-bordeaux,F1,Ligue 1,1516,2015/16,2015-11-22,,rennes,bordeaux,Rennes,Bordeaux,2,2,D,1,1,0,1,2.3,3.2,3.3
F1-1516-2015-11-28-angers-lille,F1,Ligue 1,1516,2015/16,2015-11-28,,angers,lille,Angers,Lille,2,0,H,2,0,0,1,2.9,2.9,2.8
F1-1516-2015-11-28-nantes-bastia,F1,Ligue 1,1516,2015/16,2015-11-28,,nantes,bastia,Nantes,Bastia,0,0,D,0,0,1,0,1.91,3.2,4.75
F1-1516-2015-11-28-reims-rennes,F1,Ligue 1,1516,2015/16,2015-11-28,,reims,rennes,Reims,Rennes,2,2,D,0,1,1,0,3,3,2.6
F1-1516-2015-11-28-toulouse-nice,F1,Ligue 1,1516,2015/16,2015-11-28,,toulouse,nice,Toulouse,Nice,2,0,H,1,0,0,1,2.38,3.4,3
F1-1516-2015-11-29-bordeaux-caen,F1,Ligue 1,1516,2015/16,2015-11-29,,bordeaux,caen,Bordeaux,Caen,1,4,A,0,1,1,0,1.95,3.5,4
F1-1516-2015-11-29-st-etienne-guingamp,F1,Ligue 1,1516,2015/16,2015-11-29,,st etienne,guingamp,St Etienne,Guingamp,3,0,H,0,0,1,0,1.83,3.3,5
F1-1516-2015-12-02-guingamp-reims,F1,Ligue 1,1516,2015/16,2015-12-02,,guingamp,reims,Guingamp,Reims,1,2,A,1,1,1,1,1.91,3.3,4.5
F1-1516-2015-12-02-troyes-toulouse,F1,Ligue 1,1516,2015/16,2015-12-02,,troyes,toulouse,Troyes,Toulouse,0,3,A,0,1,1,1,3,3.3,2.4
F1-1516-2015-12-04-nice-paris-sg,F1,Ligue 1,1516,2015/16,2015-12-04,,nice,paris sg,Nice,Paris SG,0,3,A,0,2,1,0,6.5,4.33,1.5
F1-1516-2015-12-11-rennes-caen,F1,Ligue 1,1516,2015/16,2015-12-11,,rennes,caen,Rennes,Caen,1,1,D,0,0,0,1,2.38,3.25,3.2
F1-1516-2015-12-12-montpellier-guingamp,F1,Ligue 1,1516,2015/16,2015-12-12,,montpellier,guingamp,Montpellier,Guingamp,2,1,H,0,1,0,1,2,3.3,4
F1-1516-2015-12-12-nantes-toulouse,F1,Ligue 1,1516,2015/16,2015-12-12,,nantes,toulouse,Nantes,Toulouse,1,1,D,0,0,0,1,2.38,3.1,3.3
F1-1516-2015-12-12-reims-nice,F1,Ligue 1,1516,2015/16,2015-12-12,,reims,nice,Reims,Nice,1,1,D,0,1,1,0,2.6,3.1,2.9
F1-1516-2015-12-13-marseille-ajaccio-gfco,F1,Ligue 1,1516,2015/16,2015-12-13,,marseille,ajaccio gfco,Marseille,Ajaccio GFCO,1,1,D,1,1,1,0,1.4,4.75,8
F1-1516-2015-12-13-monaco-st-etienne,F1,Ligue 1,1516,2015/16,2015-12-13,,monaco,st etienne,Monaco,St Etienne,1,0,H,0,0,0,1,2.05,3.25,4
F1-1516-2015-12-19-toulouse-lille,F1,Ligue 1,1516,2015/16,2015-12-19,,toulouse,lille,Toulouse,Lille,1,1,D,1,0,1,0,2.55,3.1,3
F1-1516-2015-12-19-troyes-monaco,F1,Ligue 1,1516,2015/16,2015-12-19,,troyes,monaco,Troyes,Monaco,0,0,D,0,0,1,0,4.2,3.5,1.91
F1-1516-2016-01-09-reims-toulouse,F1,Ligue 1,1516,2015/16,2016-01-09,,reims,toulouse,Reims,Toulouse,1,3,A,1,0,1,0,2.6,3.1,2.9
F1-1516-2016-01-16-bastia-montpellier,F1,Ligue 1,1516,2015/16,2016-01-16,,bastia,montpellier,Bastia,Montpellier,1,0,H,0,0,1,1,2.75,3,2.8
F1-1516-2016-01-16-guingamp-nantes,F1,Ligue 1,1516,2015/16,2016-01-16,,guingamp,nantes,Guingamp,Nantes,2,2,D,2,0,1,0,2.4,3,3.3
F1-1516-2016-01-23-guingamp-bastia,F1,Ligue 1,1516,2015/16,2016-01-23,,guingamp,bastia,Guingamp,Bastia,1,0,H,0,0,0,2,1.85,3.25,5
F1-1516-2016-01-29-marseille-lille,F1,Ligue 1,1516,2015/16,2016-01-29,,marseille,lille,Marseille,Lille,1,1,D,0,0,1,0,1.95,3.3,4.33
F1-1516-2016-01-30-bastia-lyon,F1,Ligue 1,1516,2015/16,2016-01-30,,bastia,lyon,Bastia,Lyon,1,0,H,0,0,1,0,5.5,3.5,1.73
F1-1516-2016-01-30-toulouse-guingamp,F1,Ligue 1,1516,2015/16,2016-01-30,,toulouse,guingamp,Toulouse,Guingamp,1,2,A,0,1,1,0,2.15,3.3,3.6
F1-1516-2016-02-02-montpellier-marseille,F1,Ligue 1,1516,2015/16,2016-02-02,,montpellier,marseille,Montpellier,Marseille,0,1,A,0,0,0,1,2.6,3.2,2.88
F1-1516-2016-02-03-lille-caen,F1,Ligue 1,1516,2015/16,2016-02-03,,lille,caen,Lille,Caen,1,0,H,0,0,0,1,1.75,3.5,5
F1-1516-2016-02-03-nantes-ajaccio-gfco,F1,Ligue 1,1516,2015/16,2016-02-03,,nantes,ajaccio gfco,Nantes,Ajaccio GFCO,3,1,H,2,1,0,1,1.91,3.3,4.5
F1-1516-2016-02-03-reims-angers,F1,Ligue 1,1516,2015/16,2016-02-03,,reims,angers,Reims,Angers,2,1,H,1,1,0,1,2.4,3,3.3
F1-1516-2016-02-06-ajaccio-gfco-guingamp,F1,Ligue 1,1516,2015/16,2016-02-06,,ajaccio gfco,guingamp,Ajaccio GFCO,Guingamp,0,0,D,0,0,0,1,2.6,3.1,2.9
F1-1516-2016-02-06-angers-lyon,F1,Ligue 1,1516,2015/16,2016-02-06,,angers,lyon,Angers,Lyon,0,3,A,0,1,1,0,3.6,3.1,2.2
F1-1516-2016-02-06-bastia-troyes,F1,Ligue 1,1516,2015/16,2016-02-06,,bastia,troyes,Bastia,Troyes,2,0,H,1,0,1,2,1.83,3.5,4.5
F1-1516-2016-02-06-lorient-montpellier,F1,Ligue 1,1516,2015/16,2016-02-06,,lorient,montpellier,Lorient,Montpellier,1,1,D,0,1,1,0,2.4,3.2,3.1
F1-1516-2016-02-06-monaco-nice,F1,Ligue 1,1516,2015/16,2016-02-06,,monaco,nice,Monaco,Nice,1,0,H,0,0,1,0,1.8,3.5,4.75
F1-1516-2016-02-07-bordeaux-st-etienne,F1,Ligue 1,1516,2015/16,2016-02-07,,bordeaux,st etienne,Bordeaux,St Etienne,1,4,A,1,2,1,0,2.25,3.2,3.4
F1-1516-2016-02-07-lille-rennes,F1,Ligue 1,1516,2015/16,2016-02-07,,lille,rennes,Lille,Rennes,1,1,D,1,0,1,0,2,3.2,4.2
F1-1516-2016-02-13-nantes-lorient,F1,Ligue 1,1516,2015/16,2016-02-13,,nantes,lorient,Nantes,Lorient,2,1,H,2,0,0,1,2.1,3.1,4
F1-1516-2016-02-20-toulouse-ajaccio-gfco,F1,Ligue 1,1516,2015/16,2016-02-20,,toulouse,ajaccio gfco,Toulouse,Ajaccio GFCO,1,1,D,0,0,0,1,1.8,3.3,4.75
F1-1516-2016-02-21-lille-lyon,F1,Ligue 1,1516,2015/16,2016-02-21,,lille,lyon,Lille,Lyon,1,0,H,1,0,0,2,2.63,3.1,2.8
F1-1516-2016-02-21-marseille-st-etienne,F1,Ligue 1,1516,2015/16,2016-02-21,,marseille,st etienne,Marseille,St Etienne,1,1,D,0,0,1,0,1.91,3.3,4.5
F1-1516-2016-02-26-nice-bastia,F1,Ligue 1,1516,2015/16,2016-02-26,,nice,bastia,Nice,Bastia,0,2,A,0,0,1,0,1.83,3.4,4.75
F1-1516-2016-02-27-guingamp-angers,F1,Ligue 1,1516,2015/16,2016-02-27,,guingamp,angers,Guingamp,Angers,2,2,D,1,1,0,1,2.05,3.1,4.2
F1-1516-2016-02-27-troyes-lorient,F1,Ligue 1,1516,2015/16,2016-02-27,,troyes,lorient,Troyes,Lorient,0,1,A,0,1,1,0,3.3,3.3,2.2
F1-1516-2016-03-05-lille-reims,F1,Ligue 1,1516,2015/16,2016-03-05,,lille,reims,Lille,Reims,2,0,H,0,0,0,1,1.83,3.3,5
F1-1516-2016-03-06-rennes-nantes,F1,Ligue 1,1516,2015/16,2016-03-06,,rennes,nantes,Rennes,Nantes,4,1,H,4,0,1,0,2.2,3,3.6
F1-1516-2016-03-12-toulouse-bordeaux,F1,Ligue 1,1516,2015/16,2016-03-12,,toulouse,bordeaux,Toulouse,Bordeaux,4,0,H,1,0,0,1,2.3,3.3,3.2
F1-1516-2016-03-13-troyes-paris-sg,F1,Ligue 1,1516,2015/16,2016-03-13,,troyes,paris sg,Troyes,Paris SG,0,9,A,0,3,1,0,12,6,1.25
F1-1516-2016-04-03-bastia-marseille,F1,Ligue 1,1516,2015/16,2016-04-03,,bastia,marseille,Bastia,Marseille,2,1,H,0,0,0,1,3.25,3.1,2.38
F1-1516-2016-04-09-reims-nantes,F1,Ligue 1,1516,2015/16,2016-04-09,,reims,nantes,Reims,Nantes,2,1,H,1,0,0,1,2.4,3,3.2
F1-1516-2016-04-09-toulouse-bastia,F1,Ligue 1,1516,2015/16,2016-04-09,,toulouse,bastia,Toulouse,Bastia,4,0,H,0,0,0,1,1.75,3.6,4.75
F1-1516-2016-04-10-lille-monaco,F1,Ligue 1,1516,2015/16,2016-04-10,,lille,monaco,Lille,Monaco,4,1,H,1,0,1,1,2.25,3,3.5
F1-1516-2016-04-15-lyon-nice,F1,Ligue 1,1516,2015/16,2016-04-15,,lyon,nice,Lyon,Nice,1,1,D,0,1,1,0,1.55,4.2,6
F1-1516-2016-04-16-ajaccio-gfco-lille,F1,Ligue 1,1516,2015/16,2016-04-16,,ajaccio gfco,lille,Ajaccio GFCO,Lille,2,4,A,1,1,1,0,3.2,3.2,2.38
F1-1516-2016-04-16-bordeaux-angers,F1,Ligue 1,1516,2015/16,2016-04-16,,bordeaux,angers,Bordeaux,Angers,1,3,A,0,0,0,1,1.85,3.3,4.75
F1-1516-2016-04-24-guingamp-caen,F1,Ligue 1,1516,2015/16,2016-04-24,,guingamp,caen,Guingamp,Caen,1,1,D,0,1,1,1,1.95,3.3,4.2
F1-1516-2016-04-24-marseille-nantes,F1,Ligue 1,1516,2015/16,2016-04-24,,marseille,nantes,Marseille,Nantes,1,1,D,0,1,1,0,,,
F1-1516-2016-04-24-montpellier-troyes,F1,Ligue 1,1516,2015/16,2016-04-24,,montpellier,troyes,Montpellier,Troyes,4,1,H,3,1,1,0,1.25,5.5,12
F1-1516-2016-04-30-st-etienne-toulouse,F1,Ligue 1,1516,2015/16,2016-04-30,,st etienne,toulouse,St Etienne,Toulouse,0,0,D,0,0,1,0,2,3.3,4
F1-1516-2016-05-07-lyon-monaco,F1,Ligue 1,1516,2015/16,2016-05-07,,lyon,monaco,Lyon,Monaco,6,1,H,4,1,0,1,1.7,3.8,4.75
F1-1516-2016-05-07-nice-st-etienne,F1,Ligue 1,1516,2015/16,2016-05-07,,nice,st etienne,Nice,St Etienne,2,0,H,0,0,0,2,2.2,3.25,3.5
E0-1617-2016-08-13-southampton-watford,E0,Premier League,1617,2016/17,2016-08-13,,Southampton,watford,Southampton,Watford,1,1,D,0,1,0,1,1.8,3.75,5
E0-1617-2016-08-21-west-ham-bournemouth,E0,Premier League,1617,2016/17,2016-08-21,,West Ham,Bournemouth,West Ham,Bournemouth,1,0,H,0,0,0,1,1.95,3.75,4
E0-1617-2016-09-17-hull-arsenal,E0,Premier League,1617,2016/17,2016-09-17,,hull,Arsenal,Hull,Arsenal,1,4,A,0,1,1,0,6,4.2,1.6
E0-1617-2016-09-17-man-city-bournemouth,E0,Premier League,1617,2016/17,2016-09-17,,Manchester City,Bournemouth,Man City,Bournemouth,4,0,H,2,0,1,0,1.29,6,12
E0-1617-2016-09-18-tottenham-sunderland,E0,Premier League,1617,2016/17,2016-09-18,,Tottenham,Sunderland,Tottenham,Sunderland,1,0,H,0,0,0,1,1.33,5.5,11
E0-1617-2016-09-24-liverpool-hull,E0,Premier League,1617,2016/17,2016-09-24,,Liverpool,hull,Liverpool,Hull,5,1,H,3,0,0,1,1.22,7,15
E0-1617-2016-10-15-arsenal-swansea,E0,Premier League,1617,2016/17,2016-10-15,,Arsenal,swansea,Arsenal,Swansea,3,2,H,2,1,1,0,1.29,6.5,11
E0-1617-2016-10-15-crystal-palace-west-ham,E0,Premier League,1617,2016/17,2016-10-15,,Crystal Palace,West Ham,Crystal Palace,West Ham,0,1,A,0,1,0,1,2.15,3.5,3.6
E0-1617-2016-10-29-man-united-burnley,E0,Premier League,1617,2016/17,2016-10-29,,Manchester United,Burnley,Man United,Burnley,0,0,D,0,0,1,0,1.2,7,19
E0-1617-2016-11-05-bournemouth-sunderland,E0,Premier League,1617,2016/17,2016-11-05,,Bournemouth,Sunderland,Bournemouth,Sunderland,1,2,A,1,1,0,1,1.65,4.2,5.5
E0-1617-2016-11-19-sunderland-hull,E0,Premier League,1617,2016/17,2016-11-19,,Sunderland,hull,Sunderland,Hull,3,0,H,1,0,1,0,2.15,3.4,3.8
E0-1617-2016-11-19-tottenham-west-ham,E0,Premier League,1617,2016/17,2016-11-19,,Tottenham,West Ham,Tottenham,West Ham,3,2,H,0,1,0,1,1.5,4.5,7.5
E0-1617-2016-11-27-watford-stoke,E0,Premier League,1617,2016/17,2016-11-27,,watford,stoke,Watford,Stoke,0,1,A,0,1,1,0,2.4,3.3,3.3
E0-1617-2016-12-03-man-city-chelsea,E0,Premier League,1617,2016/17,2016-12-03,,Manchester City,Chelsea,Man City,Chelsea,1,3,A,1,0,2,0,2.15,3.6,3.6
E0-1617-2016-12-03-west-brom-watford,E0,Premier League,1617,2016/17,2016-12-03,,west brom,watford,West Brom,Watford,3,1,H,2,0,0,1,2.2,3.3,3.75
E0-1617-2016-12-13-everton-arsenal,E0,Premier League,1617,2016/17,2016-12-13,,Everton,Arsenal,Everton,Arsenal,2,1,H,1,1,1,0,4.2,3.75,1.91
E0-1617-2016-12-14-stoke-southampton,E0,Premier League,1617,2016/17,2016-12-14,,stoke,Southampton,Stoke,Southampton,0,0,D,0,0,1,0,3.1,3.3,2.5
E0-1617-2016-12-17-stoke-leicester,E0,Premier League,1617,2016/17,2016-12-17,,stoke,Leicester,Stoke,Leicester,2,2,D,2,0,0,1,2.6,3.4,2.9
E0-1617-2016-12-28-southampton-tottenham,E0,Premier League,1617,2016/17,2016-12-28,,Southampton,Tottenham,Southampton,Tottenham,1,4,A,1,1,1,0,2.8,3.25,2.6
E0-1617-2016-12-31-southampton-west-brom,E0,Premier League,1617,2016/17,2016-12-31,,Southampton,west brom,Southampton,West Brom,1,2,A,1,1,1,0,1.75,3.7,5.5
E0-1617-2017-01-02-man-city-burnley,E0,Premier League,1617,2016/17,2017-01-02,,Manchester City,Burnley,Man City,Burnley,2,1,H,0,0,1,0,1.17,8.5,19
E0-1617-2017-01-02-west-ham-man-united,E0,Premier League,1617,2016/17,2017-01-02,,West Ham,Manchester United,West Ham,Man United,0,2,A,0,0,1,0,6,4,1.65
E0-1617-2017-01-03-bournemouth-arsenal,E0,Premier League,1617,2016/17,2017-01-03,,Bournemouth,Arsenal,Bournemouth,Arsenal,3,3,D,2,0,1,0,4.33,3.4,1.85
E0-1617-2017-01-22-arsenal-burnley,E0,Premier League,1617,2016/17,2017-01-22,,Arsenal,Burnley,Arsenal,Burnley,2,1,H,0,0,1,0,1.2,7.5,17
E0-1617-2017-02-04-watford-burnley,E0,Premier League,1617,2016/17,2017-02-04,,watford,Burnley,Watford,Burnley,2,1,H,2,0,0,1,2.15,3.3,3.9
E0-1617-2017-02-11-arsenal-hull,E0,Premier League,1617,2016/17,2017-02-11,,Arsenal,hull,Arsenal,Hull,2,0,H,1,0,0,1,1.29,6,13
E0-1617-2017-02-25-hull-burnley,E0,Premier League,1617,2016/17,2017-02-25,,hull,Burnley,Hull,Burnley,1,1,D,0,0,0,1,2.15,3.3,3.9
E0-1617-2017-02-25-watford-west-ham,E0,Premier League,1617,2016/17,2017-02-25,,watford,West Ham,Watford,West Ham,1,1,D,1,0,0,1,2.63,3.3,2.9
E0-1617-2017-03-04-man-united-bournemouth,E0,Premier League,1617,2016/17,2017-03-04,,Manchester United,Bournemouth,Man United,Bournemouth,1,1,D,1,1,0,1,1.25,6.5,15
E0-1617-2017-03-18-everton-hull,E0,Premier League,1617,2016/17,2017-03-18,,Everton,hull,Everton,Hull,4,0,H,1,0,0,1,1.53,4.33,7
E0-1617-2017-03-18-stoke-chelsea,E0,Premier League,1617,2016/17,2017-03-18,,stoke,Chelsea,Stoke,Chelsea,1,2,A,1,1,1,0,6.5,4,1.62
E0-1617-2017-04-04-man-united-everton,E0,Premier League,1617,2016/17,2017-04-04,,Manchester United,Everton,Man United,Everton,1,1,D,0,1,0,1,1.57,4.2,6.5
E0-1617-2017-04-04-watford-west-brom,E0,Premier League,1617,2016/17,2017-04-04,,watford,west brom,Watford,West Brom,2,0,H,1,0,1,0,2.5,3.2,3.2
E0-1617-2017-04-09-sunderland-man-united,E0,Premier League,1617,2016/17,2017-04-09,,Sunderland,Manchester United,Sunderland,Man United,0,3,A,0,1,1,0,10,5.25,1.36
E0-1617-2017-04-15-sunderland-west-ham,E0,Premier League,1617,2016/17,2017-04-15,,Sunderland,West Ham,Sunderland,West Ham,2,2,D,1,1,0,1,3.3,3.25,2.2
E0-1617-2017-04-22-bournemouth-middlesbrough,E0,Premier League,1617,2016/17,2017-04-22,,Bournemouth,middlesbrough,Bournemouth,Middlesbrough,4,0,H,2,0,0,1,1.85,3.75,4.5
E0-1617-2017-04-22-hull-watford,E0,Premier League,1617,2016/17,2017-04-22,,hull,watford,Hull,Watford,2,0,H,0,0,1,0,1.91,3.7,4.33
E0-1617-2017-04-27-man-city-man-united,E0,Premier League,1617,2016/17,2017-04-27,,Manchester City,Manchester United,Man City,Man United,0,0,D,0,0,0,1,1.91,3.75,4.2
E0-1617-2017-05-15-chelsea-watford,E0,Premier League,1617,2016/17,2017-05-15,,Chelsea,watford,Chelsea,Watford,4,3,H,2,1,0,1,1.25,6.75,13
E0-1617-2017-05-21-arsenal-everton,E0,Premier League,1617,2016/17,2017-05-21,,Arsenal,Everton,Arsenal,Everton,3,1,H,2,0,1,0,1.45,5,7.5
SP1-1617-2016-08-22-celta-leganes,SP1,La Liga,1617,2016/17,2016-08-22,,celta,leganes,Celta,Leganes,0,1,A,0,0,0,1,1.65,3.75,5.75
SP1-1617-2016-09-09-sociedad-espanol,SP1,La Liga,1617,2016/17,2016-09-09,,sociedad,espanol,Sociedad,Espanol,1,1,D,0,0,0,1,2.05,3.4,3.75
SP1-1617-2016-09-10-real-madrid-osasuna,SP1,La Liga,1617,2016/17,2016-09-10,,real madrid,osasuna,Real Madrid,Osasuna,5,2,H,3,0,0,1,1.04,15,34
SP1-1617-2016-09-10-sevilla-las-palmas,SP1,La Liga,1617,2016/17,2016-09-10,,sevilla,las palmas,Sevilla,Las Palmas,2,1,H,0,1,0,1,1.5,4.33,6
SP1-1617-2016-09-11-granada-eibar,SP1,La Liga,1617,2016/17,2016-09-11,,granada,eibar,Granada,Eibar,1,2,A,0,1,0,1,2.15,3.25,3.5
SP1-1617-2016-09-11-valencia-betis,SP1,La Liga,1617,2016/17,2016-09-11,,valencia,betis,Valencia,Betis,2,3,A,0,1,1,0,1.65,4.2,5
SP1-1617-2016-09-16-betis-granada,SP1,La Liga,1617,2016/17,2016-09-16,,betis,granada,Betis,Granada,2,2,D,1,2,1,1,1.73,3.75,5
SP1-1617-2016-09-17-eibar-sevilla,SP1,La Liga,1617,2016/17,2016-09-17,,eibar,sevilla,Eibar,Sevilla,1,1,D,0,1,2,0,3.1,3.3,2.35
SP1-1617-2016-09-18-villarreal-sociedad,SP1,La Liga,1617,2016/17,2016-09-18,,villarreal,sociedad,Villarreal,Sociedad,2,1,H,2,1,0,1,1.85,3.5,4.5
SP1-1617-2016-09-21-sociedad-las-palmas,SP1,La Liga,1617,2016/17,2016-09-21,,sociedad,las palmas,Sociedad,Las Palmas,4,1,H,3,0,0,1,2,3.5,3.75
SP1-1617-2016-09-24-ath-bilbao-sevilla,SP1,La Liga,1617,2016/17,2016-09-24,,ath bilbao,sevilla,Ath Bilbao,Sevilla,3,1,H,1,0,0,1,2.05,3.4,3.75
SP1-1617-2016-09-24-eibar-sociedad,SP1,La Liga,1617,2016/17,2016-09-24,,eibar,sociedad,Eibar,Sociedad,2,0,H,0,0,0,1,2.45,3.2,3
SP1-1617-2016-09-24-sp-gijon-barcelona,SP1,La Liga,1617,2016/17,2016-09-24,,sp gijon,barcelona,Sp Gijon,Barcelona,0,5,A,0,2,1,0,13,6.5,1.22
SP1-1617-2016-09-25-ath-madrid-la-coruna,SP1,La Liga,1617,2016/17,2016-09-25,,ath madrid,la coruna,Ath Madrid,La Coruna,1,0,H,0,0,0,1,1.22,5.5,19
SP1-1617-2016-10-02-malaga-ath-bilbao,SP1,La Liga,1617,2016/17,2016-10-02,,malaga,ath bilbao,Malaga,Ath Bilbao,2,1,H,0,1,1,1,2.45,3,3.3
SP1-1617-2016-10-15-barcelona-la-coruna,SP1,La Liga,1617,2016/17,2016-10-15,,barcelona,la coruna,Barcelona,La Coruna,4,0,H,3,0,0,1,1.1,10,26
SP1-1617-2016-10-16-alaves-malaga,SP1,La Liga,1617,2016/17,2016-10-16,,alaves,malaga,Alaves,Malaga,1,1,D,1,0,1,1,2.6,3,3
SP1-1617-2016-10-16-villarreal-celta,SP1,La Liga,1617,2016/17,2016-10-16,,villarreal,celta,Villarreal,Celta,5,0,H,3,0,0,1,1.85,3.4,4.75
SP1-1617-2016-10-21-osasuna-betis,SP1,La Liga,1617,2016/17,2016-10-21,,osasuna,betis,Osasuna,Betis,1,2,A,0,1,1,0,2.4,3.2,3.1
SP1-1617-2016-10-22-espanol-eibar,SP1,La Liga,1617,2016/17,2016-10-22,,espanol,eibar,Espanol,Eibar,3,3,D,0,3,1,0,2.05,3.4,3.8
SP1-1617-2016-10-23-sevilla-ath-madrid,SP1,La Liga,1617,2016/17,2016-10-23,,sevilla,ath madrid,Sevilla,Ath Madrid,1,0,H,0,0,0,1,4,3.5,1.95
SP1-1617-2016-10-29-ath-madrid-malaga,SP1,La Liga,1617,2016/17,2016-10-29,,ath madrid,malaga,Ath Madrid,Malaga,4,2,H,3,1,1,1,1.22,6,15
SP1-1617-2016-10-30-las-palmas-celta,SP1,La Liga,1617,2016/17,2016-10-30,,las palmas,celta,Las Palmas,Celta,3,3,D,0,3,0,1,2.3,3.3,3.2
SP1-1617-2016-11-04-malaga-sp-gijon,SP1,La Liga,1617,2016/17,2016-11-04,,malaga,sp gijon,Malaga,Sp Gijon,3,2,H,1,1,0,1,1.73,3.6,5.25
SP1-1617-2016-11-19-barcelona-malaga,SP1,La Liga,1617,2016/17,2016-11-19,,barcelona,malaga,Barcelona,Malaga,0,0,D,0,0,0,2,1.13,9,21
SP1-1617-2016-11-19-eibar-celta,SP1,La Liga,1617,2016/17,2016-11-19,,eibar,celta,Eibar,Celta,1,0,H,1,0,0,2,2.38,3.25,3.1
SP1-1617-2016-11-25-eibar-betis,SP1,La Liga,1617,2016/17,2016-11-25,,eibar,betis,Eibar,Betis,3,1,H,2,0,0,1,1.95,3.4,4.2
SP1-1617-2016-11-28-las-palmas-ath-bilbao,SP1,La Liga,1617,2016/17,2016-11-28,,las palmas,ath bilbao,Las Palmas,Ath Bilbao,3,1,H,1,0,0,1,2.5,3.4,2.8
SP1-1617-2016-12-04-betis-celta,SP1,La Liga,1617,2016/17,2016-12-04,,betis,celta,Betis,Celta,3,3,D,1,1,1,0,2.38,3.25,3.1
SP1-1617-2016-12-10-sociedad-valencia,SP1,La Liga,1617,2016/17,2016-12-10,,sociedad,valencia,Sociedad,Valencia,3,2,H,2,1,0,1,1.91,3.75,3.8
SP1-1617-2016-12-17-sevilla-malaga,SP1,La Liga,1617,2016/17,2016-12-17,,sevilla,malaga,Sevilla,Malaga,4,1,H,4,0,1,0,1.5,4.1,6.5
SP1-1617-2016-12-18-leganes-eibar,SP1,La Liga,1617,2016/17,2016-12-18,,leganes,eibar,Leganes,Eibar,1,1,D,1,0,1,0,2.55,3.1,2.88
SP1-1617-2016-12-19-ath-bilbao-celta,SP1,La Liga,1617,2016/17,2016-12-19,,ath bilbao,celta,Ath Bilbao,Celta,2,1,H,0,0,0,1,1.83,3.5,4.33
SP1-1617-2017-01-06-espanol-la-coruna,SP1,La Liga,1617,2016/17,2017-01-06,,espanol,la coruna,Espanol,La Coruna,1,1,D,0,0,0,1,2.05,3.3,3.8
SP1-1617-2017-01-08-villarreal-barcelona,SP1,La Liga,1617,2016/17,2017-01-08,,villarreal,barcelona,Villarreal,Barcelona,1,1,D,0,0,1,0,6,4.33,1.53
SP1-1617-2017-01-15-celta-alaves,SP1,La Liga,1617,2016/17,2017-01-15,,celta,alaves,Celta,Alaves,1,0,H,0,0,0,1,1.7,3.75,5.25
SP1-1617-2017-01-15-granada-osasuna,SP1,La Liga,1617,2016/17,2017-01-15,,granada,osasuna,Granada,Osasuna,1,1,D,0,1,2,0,2.05,3.4,3.8
SP1-1617-2017-01-20-las-palmas-la-coruna,SP1,La Liga,1617,2016/17,2017-01-20,,las palmas,la coruna,Las Palmas,La Coruna,1,1,D,1,0,1,0,2.25,3.3,3.3
SP1-1617-2017-01-29-espanol-sevilla,SP1,La Liga,1617,2016/17,2017-01-29,,espanol,sevilla,Espanol,Sevilla,3,1,H,2,1,0,1,3.3,3.4,2.2
SP1-1617-2017-01-29-real-madrid-sociedad,SP1,La Liga,1617,2016/17,2017-01-29,,real madrid,sociedad,Real Madrid,Sociedad,3,0,H,1,0,0,1,1.25,6.5,10
SP1-1617-2017-01-30-las-palmas-valencia,SP1,La Liga,1617,2016/17,2017-01-30,,las palmas,valencia,Las Palmas,Valencia,3,1,H,1,1,0,1,2.5,3.4,2.8
SP1-1617-2017-02-04-valencia-eibar,SP1,La Liga,1617,2016/17,2017-02-04,,valencia,eibar,Valencia,Eibar,0,4,A,0,2,1,0,1.91,3.6,4
SP1-1617-2017-02-12-leganes-sp-gijon,SP1,La Liga,1617,2016/17,2017-02-12,,leganes,sp gijon,Leganes,Sp Gijon,0,2,A,0,0,0,1,1.83,3.4,4.75
SP1-1617-2017-02-12-villarreal-malaga,SP1,La Liga,1617,2016/17,2017-02-12,,villarreal,malaga,Villarreal,Malaga,1,1,D,0,1,1,0,1.8,3.5,4.75
SP1-1617-2017-02-17-granada-betis,SP1,La Liga,1617,2016/17,2017-02-17,,granada,betis,Granada,Betis,4,1,H,3,0,1,1,3,3.2,2.5
SP1-1617-2017-02-20-malaga-las-palmas,SP1,La Liga,1617,2016/17,2017-02-20,,malaga,las palmas,Malaga,Las Palmas,2,1,H,2,1,1,0,1.95,3.5,4
SP1-1617-2017-02-25-alaves-valencia,SP1,La Liga,1617,2016/17,2017-02-25,,alaves,valencia,Alaves,Valencia,2,1,H,0,0,0,1,2.63,3.1,2.88
SP1-1617-2017-02-25-eibar-malaga,SP1,La Liga,1617,2016/17,2017-02-25,,eibar,malaga,Eibar,Malaga,3,0,H,1,0,0,1,2.05,3.4,3.8
SP1-1617-2017-02-25-leganes-la-coruna,SP1,La Liga,1617,2016/17,2017-02-25,,leganes,la coruna,Leganes,La Coruna,4,0,H,2,0,0,1,2.4,3.1,3.2
SP1-1617-2017-02-26-espanol-osasuna,SP1,La Liga,1617,2016/17,2017-02-26,,espanol,osasuna,Espanol,Osasuna,3,0,H,1,0,0,1,1.67,3.8,5.5
SP1-1617-2017-02-26-sp-gijon-celta,SP1,La Liga,1617,2016/17,2017-02-26,,sp gijon,celta,Sp Gijon,Celta,1,1,D,0,0,1,0,2.63,3.4,2.63
SP1-1617-2017-02-28-sociedad-eibar,SP1,La Liga,1617,2016/17,2017-02-28,,sociedad,eibar,Sociedad,Eibar,2,2,D,1,1,1,1,1.85,3.5,4.5
SP1-1617-2017-02-28-valencia-leganes,SP1,La Liga,1617,2016/17,2017-02-28,,valencia,leganes,Valencia,Leganes,1,0,H,1,0,0,1,1.75,3.6,5
SP1-1617-2017-03-01-celta-espanol,SP1,La Liga,1617,2016/17,2017-03-01,,celta,espanol,Celta,Espanol,2,2,D,2,2,1,0,1.91,3.4,4.33
SP1-1617-2017-03-01-granada-alaves,SP1,La Liga,1617,2016/17,2017-03-01,,granada,alaves,Granada,Alaves,2,1,H,1,0,0,2,2.63,3.2,2.8
SP1-1617-2017-03-01-real-madrid-las-palmas,SP1,La Liga,1617,2016/17,2017-03-01,,real madrid,las palmas,Real Madrid,Las Palmas,3,3,D,1,1,1,0,1.13,9,21
SP1-1617-2017-03-11-granada-ath-madrid,SP1,La Liga,1617,2016/17,2017-03-11,,granada,ath madrid,Granada,Ath Madrid,0,1,A,0,0,1,0,7.5,4,1.5
SP1-1617-2017-03-11-malaga-alaves,SP1,La Liga,1617,2016/17,2017-03-11,,malaga,alaves,Malaga,Alaves,1,2,A,0,1,0,1,2,3.3,4
SP1-1617-2017-03-12-real-madrid-betis,SP1,La Liga,1617,2016/17,2017-03-12,,real madrid,betis,Real Madrid,Betis,2,1,H,1,1,0,1,1.13,9,21
SP1-1617-2017-03-17-las-palmas-villarreal,SP1,La Liga,1617,2016/17,2017-03-17,,las palmas,villarreal,Las Palmas,Villarreal,1,0,H,1,0,0,1,2.55,3.4,2.75
SP1-1617-2017-03-18-alaves-sociedad,SP1,La Liga,1617,2016/17,2017-03-18,,alaves,sociedad,Alaves,Sociedad,1,0,H,1,0,0,1,2.55,3.2,2.9
SP1-1617-2017-03-19-barcelona-valencia,SP1,La Liga,1617,2016/17,2017-03-19,,barcelona,valencia,Barcelona,Valencia,4,2,H,2,2,0,1,1.13,9.5,19
SP1-1617-2017-04-02-granada-barcelona,SP1,La Liga,1617,2016/17,2017-04-02,,granada,barcelona,Granada,Barcelona,1,4,A,0,1,1,0,13,7.5,1.2
SP1-1617-2017-04-05-barcelona-sevilla,SP1,La Liga,1617,2016/17,2017-04-05,,barcelona,sevilla,Barcelona,Sevilla,3,0,H,3,0,0,1,1.22,7,11
SP1-1617-2017-04-07-villarreal-ath-bilbao,SP1,La Liga,1617,2016/17,2017-04-07,,villarreal,ath bilbao,Villarreal,Ath Bilbao,3,1,H,1,1,1,0,2.15,3.2,3.6
SP1-1617-2017-04-08-malaga-barcelona,SP1,La Liga,1617,2016/17,2017-04-08,,malaga,barcelona,Malaga,Barcelona,2,0,H,1,0,0,1,8,5.25,1.36
SP1-1617-2017-04-23-las-palmas-alaves,SP1,La Liga,1617,2016/17,2017-04-23,,las palmas,alaves,Las Palmas,Alaves,1,1,D,1,0,1,0,2,3.5,3.8
SP1-1617-2017-04-23-real-madrid-barcelona,SP1,La Liga,1617,2016/17,2017-04-23,,real madrid,barcelona,Real Madrid,Barcelona,2,3,A,1,1,1,0,2.05,4,3.2
SP1-1617-2017-04-24-eibar-ath-bilbao,SP1,La Liga,1617,2016/17,2017-04-24,,eibar,ath bilbao,Eibar,Ath Bilbao,0,1,A,0,0,1,0,2.6,3.3,2.75
SP1-1617-2017-04-27-alaves-eibar,SP1,La Liga,1617,2016/17,2017-04-27,,alaves,eibar,Alaves,Eibar,0,0,D,0,0,0,1,2.75,3.2,2.7
SP1-1617-2017-04-27-sevilla-celta,SP1,La Liga,1617,2016/17,2017-04-27,,sevilla,celta,Sevilla,Celta,2,1,H,0,0,0,1,1.33,5.5,8
SP1-1617-2017-04-29-las-palmas-ath-madrid,SP1,La Liga,1617,2016/17,2017-04-29,,las palmas,ath madrid,Las Palmas,Ath Madrid,0,5,A,0,3,1,0,5.25,3.6,1.73
SP1-1617-2017-05-05-sevilla-sociedad,SP1,La Liga,1617,2016/17,2017-05-05,,sevilla,sociedad,Sevilla,Sociedad,1,1,D,1,0,0,1,1.62,4,5.5
SP1-1617-2017-05-06-ath-madrid-eibar,SP1,La Liga,1617,2016/17,2017-05-06,,ath madrid,eibar,Ath Madrid,Eibar,1,0,H,0,0,1,0,1.3,5.25,11
SP1-1617-2017-05-17-celta-real-madrid,SP1,La Liga,1617,2016/17,2017-05-17,,celta,real madrid,Celta,Real Madrid,1,4,A,0,1,1,0,13,7,1.2
SP1-1617-2017-05-20-la-coruna-las-palmas,SP1,La Liga,1617,2016/17,2017-05-20,,la coruna,las palmas,La Coruna,Las Palmas,3,0,H,3,0,0,1,1.73,4,4.5
SP1-1617-2017-05-21-barcelona-eibar,SP1,La Liga,1617,2016/17,2017-05-21,,barcelona,eibar,Barcelona,Eibar,4,2,H,0,1,0,1,1.05,15,34
D1-1617-2016-08-27-ein-frankfurt-schalke-04,D1,Bundesliga,1617,2016/17,2016-08-27,,ein frankfurt,schalke 04,Ein Frankfurt,Schalke 04,1,0,H,1,0,1,0,3.4,3.3,2.2
D1-1617-2016-09-11-mainz-hoffenheim,D1,Bundesliga,1617,2016/17,2016-09-11,,mainz,hoffenheim,Mainz,Hoffenheim,4,4,D,4,1,1,0,2,3.5,3.75
D1-1617-2016-09-17-dortmund-darmstadt,D1,Bundesliga,1617,2016/17,2016-09-17,,dortmund,darmstadt,Dortmund,Darmstadt,6,0,H,1,0,0,1,1.13,9,21
D1-1617-2016-09-17-m-gladbach-werder-bremen,D1,Bundesliga,1617,2016/17,2016-09-17,,m gladbach,werder bremen,M'gladbach,Werder Bremen,4,1,H,4,0,0,1,1.44,4.5,7.5
D1-1617-2016-09-18-augsburg-mainz,D1,Bundesliga,1617,2016/17,2016-09-18,,augsburg,mainz,Augsburg,Mainz,1,3,A,0,1,0,1,2.38,3.4,3
D1-1617-2016-09-24-augsburg-darmstadt,D1,Bundesliga,1617,2016/17,2016-09-24,,augsburg,darmstadt,Augsburg,Darmstadt,1,0,H,0,0,0,1,1.67,3.75,5.5
D1-1617-2016-10-14-dortmund-hertha,D1,Bundesliga,1617,2016/17,2016-10-14,,dortmund,hertha,Dortmund,Hertha,1,1,D,0,0,1,1,1.33,5.25,9
D1-1617-2016-10-15-ein-frankfurt-bayern-munich,D1,Bundesliga,1617,2016/17,2016-10-15,,ein frankfurt,bayern munich,Ein Frankfurt,Bayern Munich,2,2,D,1,1,1,0,13,6,1.25
D1-1617-2016-10-15-m-gladbach-hamburg,D1,Bundesliga,1617,2016/17,2016-10-15,,m gladbach,hamburg,M'gladbach,Hamburg,0,0,D,0,0,0,1,1.67,3.8,5.25
D1-1617-2016-10-21-hamburg-ein-frankfurt,D1,Bundesliga,1617,2016/17,2016-10-21,,hamburg,ein frankfurt,Hamburg,Ein Frankfurt,0,3,A,0,1,1,0,2.45,3.25,3
D1-1617-2016-10-22-darmstadt-wolfsburg,D1,Bundesliga,1617,2016/17,2016-10-22,,darmstadt,wolfsburg,Darmstadt,Wolfsburg,3,1,H,1,0,0,1,4.5,3.6,1.8
D1-1617-2016-10-22-leverkusen-hoffenheim,D1,Bundesliga,1617,2016/17,2016-10-22,,leverkusen,hoffenheim,Leverkusen,Hoffenheim,0,3,A,0,1,1,0,1.5,4.33,6
D1-1617-2016-10-29-mainz-ingolstadt,D1,Bundesliga,1617,2016/17,2016-10-29,,mainz,ingolstadt,Mainz,Ingolstadt,2,0,H,0,0,0,1,2.1,3.3,3.75
D1-1617-2016-10-30-koln-hamburg,D1,Bundesliga,1617,2016/17,2016-10-30,,koln,hamburg,FC Koln,Hamburg,3,0,H,0,0,0,1,1.57,3.8,6.5
D1-1617-2016-11-04-hertha-m-gladbach,D1,Bundesliga,1617,2016/17,2016-11-04,,hertha,m gladbach,Hertha,M'gladbach,3,0,H,2,0,0,1,2.5,3.2,3
D1-1617-2016-11-05-freiburg-wolfsburg,D1,Bundesliga,1617,2016/17,2016-11-05,,freiburg,wolfsburg,Freiburg,Wolfsburg,0,3,A,0,1,1,0,2.6,3.3,2.75
D1-1617-2016-11-05-ingolstadt-augsburg,D1,Bundesliga,1617,2016/17,2016-11-05,,ingolstadt,augsburg,Ingolstadt,Augsburg,0,2,A,0,0,1,0,2.1,3.3,3.75
D1-1617-2016-11-27-hertha-mainz,D1,Bundesliga,1617,2016/17,2016-11-27,,hertha,mainz,Hertha,Mainz,2,1,H,1,1,1,1,2,3.5,3.8
D1-1617-2016-12-03-wolfsburg-hertha,D1,Bundesliga,1617,2016/17,2016-12-03,,wolfsburg,hertha,Wolfsburg,Hertha,2,3,A,2,1,1,0,2.1,3.2,3.8
D1-1617-2016-12-09-ein-frankfurt-hoffenheim,D1,Bundesliga,1617,2016/17,2016-12-09,,ein frankfurt,hoffenheim,Ein Frankfurt,Hoffenheim,0,0,D,0,0,1,0,2.4,3.3,3
D1-1617-2016-12-10-koln-dortmund,D1,Bundesliga,1617,2016/17,2016-12-10,,koln,dortmund,FC Koln,Dortmund,1,1,D,1,0,1,0,5.5,4.33,1.57
D1-1617-2016-12-10-hamburg-augsburg,D1,Bundesliga,1617,2016/17,2016-12-10,,hamburg,augsburg,Hamburg,Augsburg,1,0,H,0,0,1,1,2.3,3.2,3.25
D1-1617-2016-12-10-ingolstadt-rb-leipzig,D1,Bundesliga,1617,2016/17,2016-12-10,,ingolstadt,rb leipzig,Ingolstadt,RB Leipzig,1,0,H,1,0,1,0,4.33,3.75,1.8
D1-1617-2016-12-11-m-gladbach-mainz,D1,Bundesliga,1617,2016/17,2016-12-11,,m gladbach,mainz,M'gladbach,Mainz,1,0,H,0,0,0,1,1.67,4,5
D1-1617-2016-12-11-schalke-04-leverkusen,D1,Bundesliga,1617,2016/17,2016-12-11,,schalke 04,leverkusen,Schalke 04,Leverkusen,0,1,A,0,0,1,0,2.3,3.3,3.2
D1-1617-2016-12-16-hoffenheim-dortmund,D1,Bundesliga,1617,2016/17,2016-12-16,,hoffenheim,dortmund,Hoffenheim,Dortmund,2,2,D,2,1,0,1,3.8,4,1.85
D1-1617-2016-12-18-leverkusen-ingolstadt,D1,Bundesliga,1617,2016/17,2016-12-18,,leverkusen,ingolstadt,Leverkusen,Ingolstadt,1,2,A,0,1,1,0,1.55,4,6.25
D1-1617-2016-12-20-ein-frankfurt-mainz,D1,Bundesliga,1617,2016/17,2016-12-20,,ein frankfurt,mainz,Ein Frankfurt,Mainz,3,0,H,1,0,0,1,2,3.4,3.9
D1-1617-2016-12-21-bayern-munich-rb-leipzig,D1,Bundesliga,1617,2016/17,2016-12-21,,bayern munich,rb leipzig,Bayern Munich,RB Leipzig,3,0,H,3,0,0,1,1.36,5.25,8
D1-1617-2017-01-21-rb-leipzig-ein-frankfurt,D1,Bundesliga,1617,2016/17,2017-01-21,,rb leipzig,ein frankfurt,RB Leipzig,Ein Frankfurt,3,0,H,2,0,0,1,1.62,3.8,6
D1-1617-2017-01-21-werder-bremen-dortmund,D1,Bundesliga,1617,2016/17,2017-01-21,,werder bremen,dortmund,Werder Bremen,Dortmund,1,2,A,0,1,1,0,6,4.33,1.53
D1-1617-2017-01-21-wolfsburg-hamburg,D1,Bundesliga,1617,2016/17,2017-01-21,,wolfsburg,hamburg,Wolfsburg,Hamburg,1,0,H,0,0,0,1,1.85,3.6,4.33
D1-1617-2017-01-28-rb-leipzig-hoffenheim,D1,Bundesliga,1617,2016/17,2017-01-28,,rb leipzig,hoffenheim,RB Leipzig,Hoffenheim,2,1,H,1,1,0,1,1.73,3.75,4.8
D1-1617-2017-02-18-ein-frankfurt-ingolstadt,D1,Bundesliga,1617,2016/17,2017-02-18,,ein frankfurt,ingolstadt,Ein Frankfurt,Ingolstadt,0,2,A,0,1,1,1,2.05,3.1,4.2
D1-1617-2017-02-25-hertha-ein-frankfurt,D1,Bundesliga,1617,2016/17,2017-02-25,,hertha,ein frankfurt,Hertha,Ein Frankfurt,2,0,H,0,0,0,1,2.05,3.2,4
D1-1617-2017-03-10-leverkusen-werder-bremen,D1,Bundesliga,1617,2016/17,2017-03-10,,leverkusen,werder bremen,Leverkusen,Werder Bremen,1,1,D,1,0,1,0,1.5,4.33,6.5
D1-1617-2017-03-11-darmstadt-mainz,D1,Bundesliga,1617,2016/17,2017-03-11,,darmstadt,mainz,Darmstadt,Mainz,2,1,H,2,1,1,1,3.5,3.25,2.2
D1-1617-2017-03-31-hertha-hoffenheim,D1,Bundesliga,1617,2016/17,2017-03-31,,hertha,hoffenheim,Hertha,Hoffenheim,1,3,A,1,1,1,0,2.9,3.1,2.6
D1-1617-2017-04-01-ein-frankfurt-m-gladbach,D1,Bundesliga,1617,2016/17,2017-04-01,,ein frankfurt,m gladbach,Ein Frankfurt,M'gladbach,0,0,D,0,0,0,1,2.5,3.3,2.9
D1-1617-2017-04-01-rb-leipzig-darmstadt,D1,Bundesliga,1617,2016/17,2017-04-01,,rb leipzig,darmstadt,RB Leipzig,Darmstadt,4,0,H,1,0,0,1,1.36,5,9
D1-1617-2017-04-05-mainz-rb-leipzig,D1,Bundesliga,1617,2016/17,2017-04-05,,mainz,rb leipzig,Mainz,RB Leipzig,2,3,A,0,0,1,0,3.4,3.4,2.15
D1-1617-2017-04-08-rb-leipzig-leverkusen,D1,Bundesliga,1617,2016/17,2017-04-08,,rb leipzig,leverkusen,RB Leipzig,Leverkusen,1,0,H,0,0,1,0,1.91,3.6,4
D1-1617-2017-04-09-ingolstadt-darmstadt,D1,Bundesliga,1617,2016/17,2017-04-09,,ingolstadt,darmstadt,Ingolstadt,Darmstadt,3,2,H,1,2,1,1,1.5,4,7.5
D1-1617-2017-04-15-augsburg-koln,D1,Bundesliga,1617,2016/17,2017-04-15,,augsburg,koln,Augsburg,FC Koln,2,1,H,2,0,2,0,2.8,3.2,2.55
D1-1617-2017-04-15-leverkusen-bayern-munich,D1,Bundesliga,1617,2016/17,2017-04-15,,leverkusen,bayern munich,Leverkusen,Bayern Munich,0,0,D,0,0,1,0,4.75,4.2,1.62
D1-1617-2017-04-16-darmstadt-schalke-04,D1,Bundesliga,1617,2016/17,2017-04-16,,darmstadt,schalke 04,Darmstadt,Schalke 04,2,1,H,1,0,0,1,5.75,3.8,1.6
D1-1617-2017-04-29-rb-leipzig-ingolstadt,D1,Bundesliga,1617,2016/17,2017-04-29,,rb leipzig,ingolstadt,RB Leipzig,Ingolstadt,0,0,D,0,0,0,1,1.45,4.5,7
D1-1617-2017-04-29-wolfsburg-bayern-munich,D1,Bundesliga,1617,2016/17,2017-04-29,,wolfsburg,bayern munich,Wolfsburg,Bayern Munich,0,6,A,0,3,1,0,8,4.75,1.4
D1-1617-2017-05-20-ingolstadt-schalke-04,D1,Bundesliga,1617,2016/17,2017-05-20,,ingolstadt,schalke 04,Ingolstadt,Schalke 04,1,1,D,1,1,0,1,2.63,3.5,2.6
I1-1617-2016-08-21-empoli-sampdoria,I1,Serie A,1617,2016/17,2016-08-21,,empoli,sampdoria,Empoli,Sampdoria,0,1,A,0,1,1,0,2.3,3.2,3.3
I1-1617-2016-08-21-milan-torino,I1,Serie A,1617,2016/17,2016-08-21,,milan,torino,Milan,Torino,3,2,H,1,0,1,0,1.85,3.5,4.33
I1-1617-2016-08-21-palermo-sassuolo,I1,Serie A,1617,2016/17,2016-08-21,,palermo,sassuolo,Palermo,Sassuolo,0,1,A,0,1,1,0,3,3.2,2.5
I1-1617-2016-08-27-napoli-milan,I1,Serie A,1617,2016/17,2016-08-27,,napoli,milan,Napoli,Milan,4,2,H,2,0,0,2,1.67,4,5
I1-1617-2016-08-28-sampdoria-atalanta,I1,Serie A,1617,2016/17,2016-08-28,,sampdoria,atalanta,Sampdoria,Atalanta,2,1,H,2,1,0,1,2.25,3.2,3.4
I1-1617-2016-08-28-udinese-empoli,I1,Serie A,1617,2016/17,2016-08-28,,udinese,empoli,Udinese,Empoli,2,0,H,1,0,0,1,2.05,3.4,3.75
I1-1617-2016-09-11-bologna-cagliari,I1,Serie A,1617,2016/17,2016-09-11,,bologna,cagliari,Bologna,Cagliari,2,1,H,1,0,0,1,2.1,3.25,3.75
I1-1617-2016-09-12-empoli-crotone,I1,Serie A,1617,2016/17,2016-09-12,,empoli,crotone,Empoli,Crotone,2,1,H,1,1,0,1,1.57,4,6
I1-1617-2016-09-17-napoli-bologna,I1,Serie A,1617,2016/17,2016-09-17,,napoli,bologna,Napoli,Bologna,3,1,H,1,0,0,1,1.25,6,12
I1-1617-2016-09-18-inter-juventus,I1,Serie A,1617,2016/17,2016-09-18,,inter,juventus,Inter,Juventus,2,1,H,0,0,1,0,4,3.5,1.95
I1-1617-2016-09-18-sassuolo-genoa,I1,Serie A,1617,2016/17,2016-09-18,,sassuolo,genoa,Sassuolo,Genoa,2,0,H,0,0,0,1,2.2,3.2,3.5
I1-1617-2016-09-21-bologna-sampdoria,I1,Serie A,1617,2016/17,2016-09-21,,bologna,sampdoria,Bologna,Sampdoria,2,0,H,1,0,1,1,2.4,3.25,3.1
I1-1617-2016-09-21-pescara-torino,I1,Serie A,1617,2016/17,2016-09-21,,pescara,torino,Pescara,Torino,0,0,D,0,0,0,2,3.25,3.25,2.3
I1-1617-2016-09-25-genoa-pescara,I1,Serie A,1617,2016/17,2016-09-25,,genoa,pescara,Genoa,Pescara,1,1,D,0,0,2,0,1.65,4,5.25
I1-1617-2016-09-26-crotone-atalanta,I1,Serie A,1617,2016/17,2016-09-26,,crotone,atalanta,Crotone,Atalanta,1,3,A,0,3,0,1,4.5,3.3,1.91
I1-1617-2016-10-02-bologna-genoa,I1,Serie A,1617,2016/17,2016-10-02,,bologna,genoa,Bologna,Genoa,0,1,A,0,0,2,1,2.2,3.1,3.6
I1-1617-2016-10-02-sampdoria-palermo,I1,Serie A,1617,2016/17,2016-10-02,,sampdoria,palermo,Sampdoria,Palermo,1,1,D,0,0,0,1,1.65,3.75,5.5
I1-1617-2016-10-15-pescara-sampdoria,I1,Serie A,1617,2016/17,2016-10-15,,pescara,sampdoria,Pescara,Sampdoria,1,1,D,1,1,1,0,2.38,3.3,3.1
I1-1617-2016-10-16-genoa-empoli,I1,Serie A,1617,2016/17,2016-10-16,,genoa,empoli,Genoa,Empoli,0,0,D,0,0,1,0,1.75,3.6,5
I1-1617-2016-10-23-crotone-napoli,I1,Serie A,1617,2016/17,2016-10-23,,crotone,napoli,Crotone,Napoli,1,2,A,0,2,0,1,15,6,1.22
I1-1617-2016-10-23-empoli-chievo,I1,Serie A,1617,2016/17,2016-10-23,,empoli,chievo,Empoli,Chievo,0,0,D,0,0,0,1,2.55,3,3.1
I1-1617-2016-10-25-genoa-milan,I1,Serie A,1617,2016/17,2016-10-25,,genoa,milan,Genoa,Milan,3,0,H,1,0,0,1,2.75,3.25,2.6
I1-1617-2016-10-27-palermo-udinese,I1,Serie A,1617,2016/17,2016-10-27,,palermo,udinese,Palermo,Udinese,1,3,A,1,1,1,0,2.9,3.25,2.5
I1-1617-2016-10-29-bologna-fiorentina,I1,Serie A,1617,2016/17,2016-10-29,,bologna,fiorentina,Bologna,Fiorentina,0,1,A,0,1,1,0,3.25,3.25,2.3
I1-1617-2016-11-05-torino-cagliari,I1,Serie A,1617,2016/17,2016-11-05,,torino,cagliari,Torino,Cagliari,5,1,H,3,1,0,1,1.55,4.33,5.75
I1-1617-2016-11-20-lazio-genoa,I1,Serie A,1617,2016/17,2016-11-20,,lazio,genoa,Lazio,Genoa,3,1,H,1,0,0,1,1.7,3.8,5
I1-1617-2016-11-26-torino-chievo,I1,Serie A,1617,2016/17,2016-11-26,,torino,chievo,Torino,Chievo,2,1,H,2,0,0,1,1.73,3.6,5.25
I1-1617-2016-11-27-palermo-lazio,I1,Serie A,1617,2016/17,2016-11-27,,palermo,lazio,Palermo,Lazio,0,1,A,0,1,1,0,5.5,4,1.62
I1-1617-2016-11-28-inter-fiorentina,I1,Serie A,1617,2016/17,2016-11-28,,inter,fiorentina,Inter,Fiorentina,4,2,H,3,1,0,1,2,3.4,3.9
I1-1617-2016-12-04-lazio-roma,I1,Serie A,1617,2016/17,2016-12-04,,lazio,roma,Lazio,Roma,0,2,A,0,0,1,0,2.9,3.4,2.4
I1-1617-2016-12-04-pescara-cagliari,I1,Serie A,1617,2016/17,2016-12-04,,pescara,cagliari,Pescara,Cagliari,1,1,D,0,1,0,1,2.38,3.4,3
I1-1617-2016-12-05-udinese-bologna,I1,Serie A,1617,2016/17,2016-12-05,,udinese,bologna,Udinese,Bologna,1,0,H,0,0,0,1,2,3.2,4.2
I1-1617-2016-12-10-crotone-pescara,I1,Serie A,1617,2016/17,2016-12-10,,crotone,pescara,Crotone,Pescara,2,1,H,1,0,1,1,2.63,3.25,2.8
I1-1617-2016-12-18-genoa-palermo,I1,Serie A,1617,2016/17,2016-12-18,,genoa,palermo,Genoa,Palermo,3,4,A,1,1,1,0,1.57,3.75,6
I1-1617-2016-12-18-pescara-bologna,I1,Serie A,1617,2016/17,2016-12-18,,pescara,bologna,Pescara,Bologna,0,3,A,0,2,1,0,2.4,3,3.2
I1-1617-2016-12-18-sassuolo-inter,I1,Serie A,1617,2016/17,2016-12-18,,sassuolo,inter,Sassuolo,Inter,0,1,A,0,0,0,1,3.4,3.6,2.05
I1-1617-2016-12-18-udinese-crotone,I1,Serie A,1617,2016/17,2016-12-18,,udinese,crotone,Udinese,Crotone,2,0,H,1,0,0,1,1.57,3.8,6
I1-1617-2016-12-22-cagliari-sassuolo,I1,Serie A,1617,2016/17,2016-12-22,,cagliari,sassuolo,Cagliari,Sassuolo,4,3,H,1,2,0,1,2.5,3.4,2.8
I1-1617-2017-01-07-napoli-sampdoria,I1,Serie A,1617,2016/17,2017-01-07,,napoli,sampdoria,Napoli,Sampdoria,2,1,H,0,1,0,1,1.29,5.5,10
I1-1617-2017-01-08-milan-cagliari,I1,Serie A,1617,2016/17,2017-01-08,,milan,cagliari,Milan,Cagliari,1,0,H,0,0,0,1,1.4,4.75,8
I1-1617-2017-01-15-cagliari-genoa,I1,Serie A,1617,2016/17,2017-01-15,,cagliari,genoa,Cagliari,Genoa,4,1,H,2,1,1,0,2.8,3.4,2.5
I1-1617-2017-01-16-torino-milan,I1,Serie A,1617,2016/17,2017-01-16,,torino,milan,Torino,Milan,2,2,D,2,0,0,1,2.38,3.3,3.1
I1-1617-2017-01-22-palermo-inter,I1,Serie A,1617,2016/17,2017-01-22,,palermo,inter,Palermo,Inter,0,1,A,0,0,1,1,6.5,4,1.55
I1-1617-2017-01-22-roma-cagliari,I1,Serie A,1617,2016/17,2017-01-22,,roma,cagliari,Roma,Cagliari,1,0,H,0,0,0,1,1.25,6.5,11
I1-1617-2017-01-29-cagliari-bologna,I1,Serie A,1617,2016/17,2017-01-29,,cagliari,bologna,Cagliari,Bologna,1,1,D,0,0,0,2,2.45,3.25,3
I1-1617-2017-01-29-fiorentina-genoa,I1,Serie A,1617,2016/17,2017-01-29,,fiorentina,genoa,Fiorentina,Genoa,3,3,D,1,0,1,0,1.62,4,5.5
I1-1617-2017-01-29-napoli-palermo,I1,Serie A,1617,2016/17,2017-01-29,,napoli,palermo,Napoli,Palermo,1,1,D,0,1,0,1,1.13,9,21
I1-1617-2017-02-04-bologna-napoli,I1,Serie A,1617,2016/17,2017-02-04,,bologna,napoli,Bologna,Napoli,1,7,A,1,4,1,1,7.5,4.5,1.44
I1-1617-2017-02-05-chievo-udinese,I1,Serie A,1617,2016/17,2017-02-05,,chievo,udinese,Chievo,Udinese,0,0,D,0,0,1,0,2.38,3.2,3.2
I1-1617-2017-02-05-juventus-inter,I1,Serie A,1617,2016/17,2017-02-05,,juventus,inter,Juventus,Inter,1,0,H,1,0,0,1,1.57,4,6.5
I1-1617-2017-02-05-milan-sampdoria,I1,Serie A,1617,2016/17,2017-02-05,,milan,sampdoria,Milan,Sampdoria,0,1,A,0,0,1,0,1.67,4,5
I1-1617-2017-02-05-palermo-crotone,I1,Serie A,1617,2016/17,2017-02-05,,palermo,crotone,Palermo,Crotone,1,0,H,1,0,0,1,2.3,3.25,3.3
I1-1617-2017-02-08-bologna-milan,I1,Serie A,1617,2016/17,2017-02-08,,bologna,milan,Bologna,Milan,0,1,A,0,0,0,2,3.4,3.25,2.25
I1-1617-2017-02-12-cagliari-juventus,I1,Serie A,1617,2016/17,2017-02-12,,cagliari,juventus,Cagliari,Juventus,0,2,A,0,1,1,0,10,5,1.33
I1-1617-2017-02-12-sassuolo-chievo,I1,Serie A,1617,2016/17,2017-02-12,,sassuolo,chievo,Sassuolo,Chievo,1,3,A,1,1,1,0,1.91,3.4,4.33
I1-1617-2017-02-25-napoli-atalanta,I1,Serie A,1617,2016/17,2017-02-25,,napoli,atalanta,Napoli,Atalanta,0,2,A,0,1,0,1,1.57,4,6
I1-1617-2017-02-26-genoa-bologna,I1,Serie A,1617,2016/17,2017-02-26,,genoa,bologna,Genoa,Bologna,1,1,D,0,0,0,1,2,3.3,4.2
I1-1617-2017-03-05-torino-palermo,I1,Serie A,1617,2016/17,2017-03-05,,torino,palermo,Torino,Palermo,3,1,H,0,1,0,1,1.5,4.2,7
I1-1617-2017-03-10-juventus-milan,I1,Serie A,1617,2016/17,2017-03-10,,juventus,milan,Juventus,Milan,2,1,H,1,1,0,1,1.4,4.5,9
I1-1617-2017-03-19-udinese-palermo,I1,Serie A,1617,2016/17,2017-03-19,,udinese,palermo,Udinese,Palermo,4,1,H,1,1,0,1,1.62,3.8,6
I1-1617-2017-04-02-genoa-atalanta,I1,Serie A,1617,2016/17,2017-04-02,,genoa,atalanta,Genoa,Atalanta,0,5,A,0,2,1,0,3.8,3.4,2.05
I1-1617-2017-04-09-cagliari-torino,I1,Serie A,1617,2016/17,2017-04-09,,cagliari,torino,Cagliari,Torino,2,3,A,1,2,0,1,3,3.5,2.3
I1-1617-2017-04-09-milan-palermo,I1,Serie A,1617,2016/17,2017-04-09,,milan,palermo,Milan,Palermo,4,0,H,3,0,0,1,1.25,6,12
I1-1617-2017-04-15-fiorentina-empoli,I1,Serie A,1617,2016/17,2017-04-15,,fiorentina,empoli,Fiorentina,Empoli,1,2,A,0,1,1,0,1.33,5,9
I1-1617-2017-04-15-palermo-bologna,I1,Serie A,1617,2016/17,2017-04-15,,palermo,bologna,Palermo,Bologna,0,0,D,0,0,0,1,2.55,3.2,2.8
I1-1617-2017-04-30-crotone-milan,I1,Serie A,1617,2016/17,2017-04-30,,crotone,milan,Crotone,Milan,1,1,D,1,0,0,1,4,3.5,1.95
I1-1617-2017-04-30-genoa-chievo,I1,Serie A,1617,2016/17,2017-04-30,,genoa,chievo,Genoa,Chievo,1,2,A,1,0,0,1,1.67,3.75,5.5
I1-1617-2017-04-30-palermo-fiorentina,I1,Serie A,1617,2016/17,2017-04-30,,palermo,fiorentina,Palermo,Fiorentina,2,0,H,1,0,0,1,8,4.75,1.4
I1-1617-2017-04-30-roma-lazio,I1,Serie A,1617,2016/17,2017-04-30,,roma,lazio,Roma,Lazio,1,3,A,1,1,1,0,1.85,3.75,4.2
I1-1617-2017-05-06-juventus-torino,I1,Serie A,1617,2016/17,2017-05-06,,juventus,torino,Juventus,Torino,1,1,D,0,0,0,1,1.5,4.33,7
I1-1617-2017-05-07-genoa-inter,I1,Serie A,1617,2016/17,2017-05-07,,genoa,inter,Genoa,Inter,1,0,H,0,0,0,1,4.75,3.8,1.75
I1-1617-2017-05-07-lazio-sampdoria,I1,Serie A,1617,2016/17,2017-05-07,,lazio,sampdoria,Lazio,Sampdoria,7,3,H,5,1,0,1,1.22,6.5,13
I1-1617-2017-05-07-milan-roma,I1,Serie A,1617,2016/17,2017-05-07,,milan,roma,Milan,Roma,1,4,A,0,2,1,0,3.25,3.8,2.1
I1-1617-2017-05-07-pescara-crotone,I1,Serie A,1617,2016/17,2017-05-07,,pescara,crotone,Pescara,Crotone,0,1,A,0,0,1,0,5,4.4,1.6
I1-1617-2017-05-07-sassuolo-fiorentina,I1,Serie A,1617,2016/17,2017-05-07,,sassuolo,fiorentina,Sassuolo,Fiorentina,2,2,D,0,1,0,1,3.1,3.6,2.2
I1-1617-2017-05-21-lazio-inter,I1,Serie A,1617,2016/17,2017-05-21,,lazio,inter,Lazio,Inter,1,3,A,1,2,2,0,2,3.5,3.75
I1-1617-2017-05-21-udinese-sampdoria,I1,Serie A,1617,2016/17,2017-05-21,,udinese,sampdoria,Udinese,Sampdoria,1,1,D,1,0,2,1,2.1,3.5,3.5
I1-1617-2017-05-28-cagliari-milan,I1,Serie A,1617,2016/17,2017-05-28,,cagliari,milan,Cagliari,Milan,2,1,H,1,0,0,1,3.5,4,1.95
I1-1617-2017-05-28-crotone-lazio,I1,Serie A,1617,2016/17,2017-05-28,,crotone,lazio,Crotone,Lazio,3,1,H,2,1,0,1,2.05,4,3.25
I1-1617-2017-05-28-fiorentina-pescara,I1,Serie A,1617,2016/17,2017-05-28,,fiorentina,pescara,Fiorentina,Pescara,2,2,D,0,1,1,0,1.14,8,19
F1-1617-2016-08-13-caen-lorient,F1,Ligue 1,1617,2016/17,2016-08-13,,caen,lorient,Caen,Lorient,3,2,H,2,2,0,1,2.2,3.25,3.5
F1-1617-2016-08-20-lorient-bastia,F1,Ligue 1,1617,2016/17,2016-08-20,,lorient,bastia,Lorient,Bastia,0,3,A,0,2,2,0,1.85,3.5,4.5
F1-1617-2016-08-20-toulouse-bordeaux,F1,Ligue 1,1617,2016/17,2016-08-20,,toulouse,bordeaux,Toulouse,Bordeaux,4,1,H,2,0,0,1,2.3,3.2,3.25
F1-1617-2016-09-10-angers-dijon,F1,Ligue 1,1617,2016/17,2016-09-10,,angers,dijon,Angers,Dijon,3,1,H,1,1,1,1,2.25,3.1,3.5
F1-1617-2016-09-10-lyon-bordeaux,F1,Ligue 1,1617,2016/17,2016-09-10,,lyon,bordeaux,Lyon,Bordeaux,1,3,A,1,1,1,0,1.62,3.8,5.5
F1-1617-2016-09-17-bordeaux-angers,F1,Ligue 1,1617,2016/17,2016-09-17,,bordeaux,angers,Bordeaux,Angers,0,1,A,0,1,1,0,1.8,3.5,4.75
F1-1617-2016-09-17-dijon-metz,F1,Ligue 1,1617,2016/17,2016-09-17,,dijon,metz,Dijon,Metz,0,0,D,0,0,0,1,2.15,3.1,3.75
F1-1617-2016-09-17-toulouse-guingamp,F1,Ligue 1,1617,2016/17,2016-09-17,,toulouse,guingamp,Toulouse,Guingamp,2,1,H,0,0,0,1,2,3.25,4
F1-1617-2016-09-21-lyon-montpellier,F1,Ligue 1,1617,2016/17,2016-09-21,,lyon,montpellier,Lyon,Montpellier,5,1,H,2,1,0,1,1.57,4,6
F1-1617-2016-09-21-nantes-st-etienne,F1,Ligue 1,1617,2016/17,2016-09-21,,nantes,st etienne,Nantes,St Etienne,0,0,D,0,0,0,1,2.5,2.9,3.1
F1-1617-2016-09-21-nice-monaco,F1,Ligue 1,1617,2016/17,2016-09-21,,nice,monaco,Nice,Monaco,4,0,H,2,0,0,1,3.1,3.2,2.4
F1-1617-2016-09-21-rennes-marseille,F1,Ligue 1,1617,2016/17,2016-09-21,,rennes,marseille,Rennes,Marseille,3,2,H,1,1,0,1,2.3,3.3,3.2
F1-1617-2016-09-23-toulouse-paris-sg,F1,Ligue 1,1617,2016/17,2016-09-23,,toulouse,paris sg,Toulouse,Paris SG,2,0,H,0,0,0,1,7,4.2,1.5
F1-1617-2016-09-24-bastia-guingamp,F1,Ligue 1,1617,2016/17,2016-09-24,,bastia,guingamp,Bastia,Guingamp,1,0,H,0,0,1,1,2.4,3,3.3
F1-1617-2016-09-25-st-etienne-lille,F1,Ligue 1,1617,2016/17,2016-09-25,,st etienne,lille,St Etienne,Lille,3,1,H,0,0,0,1,2.3,3,3.5
F1-1617-2016-09-30-rennes-guingamp,F1,Ligue 1,1617,2016/17,2016-09-30,,rennes,guingamp,Rennes,Guingamp,1,0,H,0,0,0,1,2.05,3.2,4
F1-1617-2016-10-01-metz-monaco,F1,Ligue 1,1617,2016/17,2016-10-01,,metz,monaco,Metz,Monaco,0,7,A,0,3,1,0,4.5,3.6,1.8
F1-1617-2016-10-02-nice-lorient,F1,Ligue 1,1617,2016/17,2016-10-02,,nice,lorient,Nice,Lorient,2,1,H,1,0,1,0,1.8,3.5,4.75
F1-1617-2016-10-14-nice-lyon,F1,Ligue 1,1617,2016/17,2016-10-14,,nice,lyon,Nice,Lyon,2,0,H,1,0,0,1,2.9,3.4,2.38
F1-1617-2016-10-15-montpellier-caen,F1,Ligue 1,1617,2016/17,2016-10-15,,montpellier,caen,Montpellier,Caen,3,2,H,1,1,1,0,1.85,3.4,4.5
F1-1617-2016-10-16-st-etienne-dijon,F1,Ligue 1,1617,2016/17,2016-10-16,,st etienne,dijon,St Etienne,Dijon,1,1,D,0,1,0,1,1.73,3.6,5
F1-1617-2016-10-29-toulouse-lyon,F1,Ligue 1,1617,2016/17,2016-10-29,,toulouse,lyon,Toulouse,Lyon,1,2,A,1,1,0,1,2.8,3.25,2.6
F1-1617-2016-11-05-bordeaux-lorient,F1,Ligue 1,1617,2016/17,2016-11-05,,bordeaux,lorient,Bordeaux,Lorient,2,1,H,1,0,0,1,1.75,3.5,5
F1-1617-2016-11-05-lyon-bastia,F1,Ligue 1,1617,2016/17,2016-11-05,,lyon,bastia,Lyon,Bastia,2,1,H,1,0,0,2,1.44,4.2,8.5
F1-1617-2016-11-06-metz-st-etienne,F1,Ligue 1,1617,2016/17,2016-11-06,,metz,st etienne,Metz,St Etienne,0,0,D,0,0,0,1,3.8,3.2,2.1
F1-1617-2016-11-18-lille-lyon,F1,Ligue 1,1617,2016/17,2016-11-18,,lille,lyon,Lille,Lyon,0,1,A,0,1,1,0,3.1,3.1,2.45
F1-1617-2016-11-19-rennes-angers,F1,Ligue 1,1617,2016/17,2016-11-19,,rennes,angers,Rennes,Angers,1,1,D,1,0,0,2,2.25,3,3.5
F1-1617-2016-11-25-rennes-toulouse,F1,Ligue 1,1617,2016/17,2016-11-25,,rennes,toulouse,Rennes,Toulouse,1,0,H,1,0,0,1,2.4,3.1,3.1
F1-1617-2016-11-26-montpellier-nancy,F1,Ligue 1,1617,2016/17,2016-11-26,,montpellier,nancy,Montpellier,Nancy,0,0,D,0,0,1,0,1.91,3.4,4.2
F1-1617-2016-11-27-angers-st-etienne,F1,Ligue 1,1617,2016/17,2016-11-27,,angers,st etienne,Angers,St Etienne,1,2,A,1,0,0,1,2.5,3,3.2
F1-1617-2016-11-30-bastia-bordeaux,F1,Ligue 1,1617,2016/17,2016-11-30,,bastia,bordeaux,Bastia,Bordeaux,1,1,D,0,0,1,0,2.9,3,2.7
F1-1617-2016-11-30-nancy-metz,F1,Ligue 1,1617,2016/17,2016-11-30,,nancy,metz,Nancy,Metz,4,0,H,1,0,0,1,1.91,3.5,4.2
F1-1617-2016-12-02-caen-dijon,F1,Ligue 1,1617,2016/17,2016-12-02,,caen,dijon,Caen,Dijon,3,3,D,3,1,0,1,2.1,3.3,3.6
F1-1617-2016-12-03-guingamp-nantes,F1,Ligue 1,1617,2016/17,2016-12-03,,guingamp,nantes,Guingamp,Nantes,2,0,H,1,0,0,1,2.1,3.25,3.75
F1-1617-2016-12-04-marseille-nancy,F1,Ligue 1,1617,2016/17,2016-12-04,,marseille,nancy,Marseille,Nancy,3,0,H,0,0,0,1,1.8,3.4,5
F1-1617-2016-12-10-bordeaux-monaco,F1,Ligue 1,1617,2016/17,2016-12-10,,bordeaux,monaco,Bordeaux,Monaco,0,4,A,0,2,1,0,3.75,3.3,2.1
F1-1617-2016-12-11-lyon-rennes,F1,Ligue 1,1617,2016/17,2016-12-11,,lyon,rennes,Lyon,Rennes,1,0,H,1,0,0,1,1.57,3.75,7
F1-1617-2016-12-17-lorient-st-etienne,F1,Ligue 1,1617,2016/17,2016-12-17,,lorient,st etienne,Lorient,St Etienne,2,1,H,1,0,0,1,2.4,3.2,3
F1-1617-2016-12-17-montpellier-bordeaux,F1,Ligue 1,1617,2016/17,2016-12-17,,montpellier,bordeaux,Montpellier,Bordeaux,4,0,H,2,0,0,1,2.25,3.3,3.2
F1-1617-2016-12-18-caen-metz,F1,Ligue 1,1617,2016/17,2016-12-18,,caen,metz,Caen,Metz,3,0,H,1,0,0,1,1.75,3.5,4.75
F1-1617-2016-12-18-monaco-lyon,F1,Ligue 1,1617,2016/17,2016-12-18,,monaco,lyon,Monaco,Lyon,1,3,A,0,1,1,0,1.83,3.75,4
F1-1617-2016-12-18-nice-dijon,F1,Ligue 1,1617,2016/17,2016-12-18,,nice,dijon,Nice,Dijon,2,1,H,1,1,0,1,1.53,4.2,5.75
F1-1617-2016-12-21-bordeaux-nice,F1,Ligue 1,1617,2016/17,2016-12-21,,bordeaux,nice,Bordeaux,Nice,0,0,D,0,0,0,2,2.7,3.1,2.8
F1-1617-2016-12-21-monaco-caen,F1,Ligue 1,1617,2016/17,2016-12-21,,monaco,caen,Monaco,Caen,2,1,H,0,0,0,1,1.25,6,12
F1-1617-2016-12-21-st-etienne-nancy,F1,Ligue 1,1617,2016/17,2016-12-21,,st etienne,nancy,St Etienne,Nancy,0,0,D,0,0,0,1,2,3.1,4.33
F1-1617-2017-01-14-nancy-bastia,F1,Ligue 1,1617,2016/17,2017-01-14,,nancy,bastia,Nancy,Bastia,1,0,H,0,0,0,1,1.95,3.1,4.75
F1-1617-2017-01-20-bastia-nice,F1,Ligue 1,1617,2016/17,2017-01-20,,bastia,nice,Bastia,Nice,1,1,D,1,1,1,0,3,3.1,2.55
F1-1617-2017-01-21-bordeaux-toulouse,F1,Ligue 1,1617,2016/17,2017-01-21,,bordeaux,toulouse,Bordeaux,Toulouse,1,0,H,1,0,0,1,2.1,3.25,3.8
F1-1617-2017-01-21-guingamp-rennes,F1,Ligue 1,1617,2016/17,2017-01-21,,guingamp,rennes,Guingamp,Rennes,1,1,D,1,0,0,1,2.3,3.1,3.4
F1-1617-2017-01-27-marseille-montpellier,F1,Ligue 1,1617,2016/17,2017-01-27,,marseille,montpellier,Marseille,Montpellier,5,1,H,3,0,0,1,1.67,3.75,5.5
F1-1617-2017-01-28-angers-metz,F1,Ligue 1,1617,2016/17,2017-01-28,,angers,metz,Angers,Metz,2,1,H,2,1,0,2,2,3.2,4.2
F1-1617-2017-01-29-toulouse-st-etienne,F1,Ligue 1,1617,2016/17,2017-01-29,,toulouse,st etienne,Toulouse,St Etienne,0,3,A,0,1,1,0,2.3,3,3.6
F1-1617-2017-02-04-montpellier-bastia,F1,Ligue 1,1617,2016/17,2017-02-04,,montpellier,bastia,Montpellier,Bastia,2,1,H,1,1,0,1,1.8,3.6,4.5
F1-1617-2017-02-05-nantes-nancy,F1,Ligue 1,1617,2016/17,2017-02-05,,nantes,nancy,Nantes,Nancy,0,2,A,0,0,1,1,2.05,3.1,4.2
F1-1617-2017-02-05-st-etienne-lyon,F1,Ligue 1,1617,2016/17,2017-02-05,,st etienne,lyon,St Etienne,Lyon,2,0,H,2,0,1,2,3.6,3.4,2.1
F1-1617-2017-02-07-montpellier-monaco,F1,Ligue 1,1617,2016/17,2017-02-07,,montpellier,monaco,Montpellier,Monaco,1,2,A,0,2,0,1,4.6,3.8,1.75
F1-1617-2017-02-08-angers-rennes,F1,Ligue 1,1617,2016/17,2017-02-08,,angers,rennes,Angers,Rennes,0,0,D,0,0,0,1,2.5,3,3.2
F1-1617-2017-02-08-metz-dijon,F1,Ligue 1,1617,2016/17,2017-02-08,,metz,dijon,Metz,Dijon,2,1,H,0,0,0,1,2.5,3.2,3
F1-1617-2017-02-11-lille-angers,F1,Ligue 1,1617,2016/17,2017-02-11,,lille,angers,Lille,Angers,1,2,A,1,1,1,0,1.91,3.2,4.75
F1-1617-2017-02-11-toulouse-bastia,F1,Ligue 1,1617,2016/17,2017-02-11,,toulouse,bastia,Toulouse,Bastia,4,1,H,2,0,0,2,1.83,3.3,5
F1-1617-2017-02-18-caen-lille,F1,Ligue 1,1617,2016/17,2017-02-18,,caen,lille,Caen,Lille,0,1,A,0,0,0,1,2.5,3,3.2
F1-1617-2017-02-18-lorient-nice,F1,Ligue 1,1617,2016/17,2017-02-18,,lorient,nice,Lorient,Nice,0,1,A,0,1,0,1,2.9,3.25,2.5
F1-1617-2017-02-19-bordeaux-guingamp,F1,Ligue 1,1617,2016/17,2017-02-19,,bordeaux,guingamp,Bordeaux,Guingamp,3,0,H,2,0,0,1,1.91,3.5,4.2
F1-1617-2017-02-19-montpellier-st-etienne,F1,Ligue 1,1617,2016/17,2017-02-19,,montpellier,st etienne,Montpellier,St Etienne,2,1,H,0,1,0,1,2.25,3.2,3.4
F1-1617-2017-02-21-caen-nancy,F1,Ligue 1,1617,2016/17,2017-02-21,,caen,nancy,Caen,Nancy,1,0,H,1,0,0,1,2.15,3.2,3.75
F1-1617-2017-02-24-nantes-dijon,F1,Ligue 1,1617,2016/17,2017-02-24,,nantes,dijon,Nantes,Dijon,3,1,H,1,1,0,1,1.73,3.6,5.25
F1-1617-2017-02-25-angers-bastia,F1,Ligue 1,1617,2016/17,2017-02-25,,angers,bastia,Angers,Bastia,3,0,H,1,0,0,1,1.85,3.2,5
F1-1617-2017-02-25-lille-bordeaux,F1,Ligue 1,1617,2016/17,2017-02-25,,lille,bordeaux,Lille,Bordeaux,2,3,A,0,1,2,0,2.4,3.1,3.25
F1-1617-2017-03-01-bastia-nantes,F1,Ligue 1,1617,2016/17,2017-03-01,,bastia,nantes,Bastia,Nantes,2,2,D,0,0,1,0,3.3,2.9,2.5
F1-1617-2017-03-04-bastia-st-etienne,F1,Ligue 1,1617,2016/17,2017-03-04,,bastia,st etienne,Bastia,St Etienne,0,0,D,0,0,1,1,3.3,3.1,2.38
F1-1617-2017-03-11-guingamp-bastia,F1,Ligue 1,1617,2016/17,2017-03-11,,guingamp,bastia,Guingamp,Bastia,5,0,H,0,0,0,1,1.73,3.6,5.25
F1-1617-2017-03-18-bordeaux-montpellier,F1,Ligue 1,1617,2016/17,2017-03-18,,bordeaux,montpellier,Bordeaux,Montpellier,5,1,H,3,0,0,1,2,3.5,3.8
F1-1617-2017-03-18-toulouse-rennes,F1,Ligue 1,1617,2016/17,2017-03-18,,toulouse,rennes,Toulouse,Rennes,0,0,D,0,0,1,0,2.2,3,3.75
F1-1617-2017-03-31-guingamp-nancy,F1,Ligue 1,1617,2016/17,2017-03-31,,guingamp,nancy,Guingamp,Nancy,1,0,H,0,0,0,1,1.8,3.6,4.75
F1-1617-2017-04-02-lorient-caen,F1,Ligue 1,1617,2016/17,2017-04-02,,lorient,caen,Lorient,Caen,1,0,H,1,0,1,1,2.2,3.4,3.3
F1-1617-2017-04-02-nantes-angers,F1,Ligue 1,1617,2016/17,2017-04-02,,nantes,angers,Nantes,Angers,2,1,H,0,0,0,1,2.15,3.3,3.6
F1-1617-2017-04-02-rennes-lyon,F1,Ligue 1,1617,2016/17,2017-04-02,,rennes,lyon,Rennes,Lyon,1,1,D,0,0,1,0,4.2,3.75,1.85
F1-1617-2017-04-08-bordeaux-metz,F1,Ligue 1,1617,2016/17,2017-04-08,,bordeaux,metz,Bordeaux,Metz,3,0,H,1,0,0,1,1.45,4.2,8
F1-1617-2017-04-22-bordeaux-bastia,F1,Ligue 1,1617,2016/17,2017-04-22,,bordeaux,bastia,Bordeaux,Bastia,2,0,H,0,0,0,1,1.36,5.25,8
F1-1617-2017-04-28-angers-lyon,F1,Ligue 1,1617,2016/17,2017-04-28,,angers,lyon,Angers,Lyon,1,2,A,0,2,1,0,3.3,3.4,2.2
F1-1617-2017-04-30-nice-paris-sg,F1,Ligue 1,1617,2016/17,2017-04-30,,nice,paris sg,Nice,Paris SG,3,1,H,1,0,0,2,6,4.33,1.53
F1-1617-2017-05-05-st-etienne-bordeaux,F1,Ligue 1,1617,2016/17,2017-05-05,,st etienne,bordeaux,St Etienne,Bordeaux,2,2,D,1,1,0,1,2.7,3.1,2.8
F1-1617-2017-05-20-lille-nantes,F1,Ligue 1,1617,2016/17,2017-05-20,,lille,nantes,Lille,Nantes,3,0,H,1,0,0,1,2.5,3.3,2.9
E0-1718-2017-08-12-chelsea-burnley,E0,Premier League,1718,2017/18,2017-08-12,,Chelsea,Burnley,Chelsea,Burnley,2,3,A,0,3,2,0,1.25,6.5,15
E0-1718-2017-08-13-newcastle-tottenham,E0,Premier League,1718,2017/18,2017-08-13,,Newcastle,Tottenham,Newcastle,Tottenham,0,2,A,0,0,1,0,5.5,4,1.7
E0-1718-2017-08-19-burnley-west-brom,E0,Premier League,1718,2017/18,2017-08-19,,Burnley,west brom,Burnley,West Brom,0,1,A,0,0,0,1,2.63,3.2,3
E0-1718-2017-08-19-southampton-west-ham,E0,Premier League,1718,2017/18,2017-08-19,,Southampton,West Ham,Southampton,West Ham,3,2,H,2,1,0,1,1.75,3.8,5.25
E0-1718-2017-08-21-man-city-everton,E0,Premier League,1718,2017/18,2017-08-21,,Manchester City,Everton,Man City,Everton,1,1,D,0,1,1,1,1.33,5.75,10
E0-1718-2017-08-26-bournemouth-man-city,E0,Premier League,1718,2017/18,2017-08-26,,Bournemouth,Manchester City,Bournemouth,Man City,1,2,A,1,1,0,1,11,6,1.3
E0-1718-2017-08-26-watford-brighton,E0,Premier League,1718,2017/18,2017-08-26,,watford,Brighton,Watford,Brighton,0,0,D,0,0,1,0,1.91,3.4,4
E0-1718-2017-09-09-man-city-liverpool,E0,Premier League,1718,2017/18,2017-09-09,,Manchester City,Liverpool,Man City,Liverpool,5,0,H,2,0,0,1,1.85,4,4.2
E0-1718-2017-09-17-chelsea-arsenal,E0,Premier League,1718,2017/18,2017-09-17,,Chelsea,Arsenal,Chelsea,Arsenal,0,0,D,0,0,1,0,1.8,4,4.5
E0-1718-2017-09-23-west-ham-tottenham,E0,Premier League,1718,2017/18,2017-09-23,,West Ham,Tottenham,West Ham,Tottenham,2,3,A,0,2,0,1,6,4.33,1.6
E0-1718-2017-10-14-burnley-west-ham,E0,Premier League,1718,2017/18,2017-10-14,,Burnley,West Ham,Burnley,West Ham,1,1,D,0,1,0,1,2.75,3.25,2.8
E0-1718-2017-10-22-everton-arsenal,E0,Premier League,1718,2017/18,2017-10-22,,Everton,Arsenal,Everton,Arsenal,2,5,A,1,1,1,0,3.79,3.6,2.04
E0-1718-2017-11-04-huddersfield-west-brom,E0,Premier League,1718,2017/18,2017-11-04,,huddersfield,west brom,Huddersfield,West Brom,1,0,H,1,0,1,0,2.79,3,3
E0-1718-2017-11-18-bournemouth-huddersfield,E0,Premier League,1718,2017/18,2017-11-18,,Bournemouth,huddersfield,Bournemouth,Huddersfield,4,0,H,2,0,1,0,1.83,3.5,5.25
E0-1718-2017-11-26-huddersfield-man-city,E0,Premier League,1718,2017/18,2017-11-26,,huddersfield,Manchester City,Huddersfield,Man City,1,2,A,1,0,1,0,17,8,1.18
E0-1718-2017-12-02-arsenal-man-united,E0,Premier League,1718,2017/18,2017-12-02,,Arsenal,Manchester United,Arsenal,Man United,1,3,A,0,2,0,1,2.5,3.39,3
E0-1718-2017-12-02-watford-tottenham,E0,Premier League,1718,2017/18,2017-12-02,,watford,Tottenham,Watford,Tottenham,1,1,D,1,1,0,1,5,4,1.72
E0-1718-2017-12-09-burnley-watford,E0,Premier League,1718,2017/18,2017-12-09,,Burnley,watford,Burnley,Watford,1,0,H,1,0,0,1,2.6,3.25,3
E0-1718-2017-12-12-crystal-palace-watford,E0,Premier League,1718,2017/18,2017-12-12,,Crystal Palace,watford,Crystal Palace,Watford,2,1,H,0,1,0,1,2.29,3.5,3.25
E0-1718-2017-12-13-newcastle-everton,E0,Premier League,1718,2017/18,2017-12-13,,Newcastle,Everton,Newcastle,Everton,0,1,A,0,1,1,0,2.39,3.29,3.25
E0-1718-2017-12-16-leicester-crystal-palace,E0,Premier League,1718,2017/18,2017-12-16,,Leicester,Crystal Palace,Leicester,Crystal Palace,0,3,A,0,2,1,0,1.89,3.6,4.5
E0-1718-2017-12-16-watford-huddersfield,E0,Premier League,1718,2017/18,2017-12-16,,watford,huddersfield,Watford,Huddersfield,1,4,A,0,2,1,1,1.8,3.75,5
E0-1718-2017-12-23-leicester-man-united,E0,Premier League,1718,2017/18,2017-12-23,,Leicester,Manchester United,Leicester,Man United,2,2,D,1,1,1,0,4.5,3.6,1.9
E0-1718-2018-01-13-chelsea-leicester,E0,Premier League,1718,2017/18,2018-01-13,,Chelsea,Leicester,Chelsea,Leicester,0,0,D,0,0,0,1,1.3,5.75,12
E0-1718-2018-02-05-watford-chelsea,E0,Premier League,1718,2017/18,2018-02-05,,watford,Chelsea,Watford,Chelsea,4,1,H,1,0,0,1,6.25,4,1.61
E0-1718-2018-03-03-burnley-everton,E0,Premier League,1718,2017/18,2018-03-03,,Burnley,Everton,Burnley,Everton,2,1,H,0,1,0,1,2.5,3.1,3.29
E0-1718-2018-03-10-everton-brighton,E0,Premier League,1718,2017/18,2018-03-10,,Everton,Brighton,Everton,Brighton,2,0,H,0,0,0,1,2.2,3.2,3.89
E0-1718-2018-03-10-huddersfield-swansea,E0,Premier League,1718,2017/18,2018-03-10,,huddersfield,swansea,Huddersfield,Swansea,0,0,D,0,0,0,1,2.54,3.1,3.2
E0-1718-2018-03-17-stoke-everton,E0,Premier League,1718,2017/18,2018-03-17,,stoke,Everton,Stoke,Everton,1,2,A,0,0,1,0,2.5,3.29,3.1
E0-1718-2018-03-31-brighton-leicester,E0,Premier League,1718,2017/18,2018-03-31,,Brighton,Leicester,Brighton,Leicester,0,2,A,0,0,0,1,2.7,3.2,2.62
E0-1718-2018-04-07-brighton-huddersfield,E0,Premier League,1718,2017/18,2018-04-07,,Brighton,huddersfield,Brighton,Huddersfield,1,1,D,1,1,1,0,1.85,3.5,5
E0-1718-2018-04-08-arsenal-southampton,E0,Premier League,1718,2017/18,2018-04-08,,Arsenal,Southampton,Arsenal,Southampton,3,2,H,2,1,1,1,1.57,4.5,6
E0-1718-2018-04-28-crystal-palace-leicester,E0,Premier League,1718,2017/18,2018-04-28,,Crystal Palace,Leicester,Crystal Palace,Leicester,5,0,H,2,0,0,1,2.04,3.6,3.79
E0-1718-2018-05-05-everton-southampton,E0,Premier League,1718,2017/18,2018-05-05,,Everton,Southampton,Everton,Southampton,1,1,D,0,0,0,1,2.89,3.29,2.62
E0-1718-2018-05-09-leicester-arsenal,E0,Premier League,1718,2017/18,2018-05-09,,Leicester,Arsenal,Leicester,Arsenal,3,1,H,1,0,0,1,3.75,3.79,2
SP1-1718-2017-08-18-valencia-las-palmas,SP1,La Liga,1718,2017/18,2017-08-18,,valencia,las palmas,Valencia,Las Palmas,1,0,H,1,0,0,1,1.75,3.8,4.5
SP1-1718-2017-08-19-girona-ath-madrid,SP1,La Liga,1718,2017/18,2017-08-19,,girona,ath madrid,Girona,Ath Madrid,2,2,D,2,0,0,1,8,4.33,1.45
SP1-1718-2017-08-19-sevilla-espanol,SP1,La Liga,1718,2017/18,2017-08-19,,sevilla,espanol,Sevilla,Espanol,1,1,D,1,1,1,0,1.62,4,5.5
SP1-1718-2017-08-20-ath-bilbao-getafe,SP1,La Liga,1718,2017/18,2017-08-20,,ath bilbao,getafe,Ath Bilbao,Getafe,0,0,D,0,0,0,1,1.5,4,7.5
SP1-1718-2017-08-20-la-coruna-real-madrid,SP1,La Liga,1718,2017/18,2017-08-20,,la coruna,real madrid,La Coruna,Real Madrid,0,3,A,0,2,0,1,9.5,5.75,1.3
SP1-1718-2017-08-26-levante-la-coruna,SP1,La Liga,1718,2017/18,2017-08-26,,levante,la coruna,Levante,La Coruna,2,2,D,1,2,1,0,2.2,3.1,3.6
SP1-1718-2017-08-27-eibar-ath-bilbao,SP1,La Liga,1718,2017/18,2017-08-27,,eibar,ath bilbao,Eibar,Ath Bilbao,0,1,A,0,1,1,0,2.5,3.1,3.1
SP1-1718-2017-09-09-real-madrid-levante,SP1,La Liga,1718,2017/18,2017-09-09,,real madrid,levante,Real Madrid,Levante,1,1,D,1,1,1,0,1.05,15,34
SP1-1718-2017-09-21-levante-sociedad,SP1,La Liga,1718,2017/18,2017-09-21,,levante,sociedad,Levante,Sociedad,3,0,H,1,0,0,1,3.25,3.25,2.3
SP1-1718-2017-09-23-malaga-ath-bilbao,SP1,La Liga,1718,2017/18,2017-09-23,,malaga,ath bilbao,Malaga,Ath Bilbao,3,3,D,1,1,1,0,2.9,3.3,2.4
SP1-1718-2017-09-24-sociedad-valencia,SP1,La Liga,1718,2017/18,2017-09-24,,sociedad,valencia,Sociedad,Valencia,2,3,A,1,1,1,1,2.3,3.4,3.1
SP1-1718-2017-10-15-malaga-leganes,SP1,La Liga,1718,2017/18,2017-10-15,,malaga,leganes,Malaga,Leganes,0,2,A,0,0,1,0,2.38,3,3.4
SP1-1718-2017-10-16-las-palmas-celta,SP1,La Liga,1718,2017/18,2017-10-16,,las palmas,celta,Las Palmas,Celta,2,5,A,0,2,0,1,2.38,3.3,3.1
SP1-1718-2017-10-23-sociedad-espanol,SP1,La Liga,1718,2017/18,2017-10-23,,sociedad,espanol,Sociedad,Espanol,1,1,D,0,1,1,0,1.85,3.79,4
SP1-1718-2017-11-04-alaves-espanol,SP1,La Liga,1718,2017/18,2017-11-04,,alaves,espanol,Alaves,Espanol,1,0,H,1,0,0,1,2.87,3.1,2.7
SP1-1718-2017-11-20-eibar-betis,SP1,La Liga,1718,2017/18,2017-11-20,,eibar,betis,Eibar,Betis,5,0,H,2,0,0,1,2.39,3.29,3
SP1-1718-2017-11-25-alaves-eibar,SP1,La Liga,1718,2017/18,2017-11-25,,alaves,eibar,Alaves,Eibar,1,2,A,0,1,1,1,2.5,3.1,3.1
SP1-1718-2017-11-26-sociedad-las-palmas,SP1,La Liga,1718,2017/18,2017-11-26,,sociedad,las palmas,Sociedad,Las Palmas,2,2,D,1,1,1,0,1.44,4.75,7
SP1-1718-2017-11-26-villarreal-sevilla,SP1,La Liga,1718,2017/18,2017-11-26,,villarreal,sevilla,Villarreal,Sevilla,2,3,A,1,0,1,0,2.37,3.39,3
SP1-1718-2017-12-02-ath-bilbao-real-madrid,SP1,La Liga,1718,2017/18,2017-12-02,,ath bilbao,real madrid,Ath Bilbao,Real Madrid,0,0,D,0,0,0,1,7.5,4.5,1.44
SP1-1718-2017-12-03-getafe-valencia,SP1,La Liga,1718,2017/18,2017-12-03,,getafe,valencia,Getafe,Valencia,1,0,H,0,0,1,0,3,3.39,2.29
SP1-1718-2017-12-03-las-palmas-betis,SP1,La Liga,1718,2017/18,2017-12-03,,las palmas,betis,Las Palmas,Betis,1,0,H,1,0,0,1,2.2,3.5,3.1
SP1-1718-2017-12-10-villarreal-barcelona,SP1,La Liga,1718,2017/18,2017-12-10,,villarreal,barcelona,Villarreal,Barcelona,0,2,A,0,0,1,0,6,4.33,1.53
SP1-1718-2017-12-18-malaga-betis,SP1,La Liga,1718,2017/18,2017-12-18,,malaga,betis,Malaga,Betis,0,2,A,0,1,1,0,2,3.39,3.79
SP1-1718-2017-12-19-levante-leganes,SP1,La Liga,1718,2017/18,2017-12-19,,levante,leganes,Levante,Leganes,0,0,D,0,0,1,1,2.7,3,2.89
SP1-1718-2017-12-22-betis-ath-bilbao,SP1,La Liga,1718,2017/18,2017-12-22,,betis,ath bilbao,Betis,Ath Bilbao,0,2,A,0,1,1,0,2.7,3.25,2.62
SP1-1718-2017-12-23-real-madrid-barcelona,SP1,La Liga,1718,2017/18,2017-12-23,,real madrid,barcelona,Real Madrid,Barcelona,0,3,A,0,0,1,0,2.1,3.75,3.1
SP1-1718-2017-12-23-valencia-villarreal,SP1,La Liga,1718,2017/18,2017-12-23,,valencia,villarreal,Valencia,Villarreal,0,1,A,0,1,1,1,2.04,3.6,3.29
SP1-1718-2018-01-06-ath-madrid-getafe,SP1,La Liga,1718,2017/18,2018-01-06,,ath madrid,getafe,Ath Madrid,Getafe,2,0,H,1,0,1,0,1.39,4.2,10
SP1-1718-2018-01-14-alaves-sevilla,SP1,La Liga,1718,2017/18,2018-01-14,,alaves,sevilla,Alaves,Sevilla,1,0,H,0,0,1,0,3.25,3.25,2.29
SP1-1718-2018-01-20-las-palmas-valencia,SP1,La Liga,1718,2017/18,2018-01-20,,las palmas,valencia,Las Palmas,Valencia,2,1,H,1,1,0,2,4.5,4,1.72
SP1-1718-2018-01-21-alaves-leganes,SP1,La Liga,1718,2017/18,2018-01-21,,alaves,leganes,Alaves,Leganes,2,2,D,0,0,1,0,2.14,3.1,3.75
SP1-1718-2018-01-22-eibar-malaga,SP1,La Liga,1718,2017/18,2018-01-22,,eibar,malaga,Eibar,Malaga,1,1,D,0,1,0,1,1.66,3.5,6
SP1-1718-2018-01-27-la-coruna-levante,SP1,La Liga,1718,2017/18,2018-01-27,,la coruna,levante,La Coruna,Levante,2,2,D,2,0,1,0,2,3.5,3.79
SP1-1718-2018-01-27-malaga-girona,SP1,La Liga,1718,2017/18,2018-01-27,,malaga,girona,Malaga,Girona,0,0,D,0,0,1,0,2.29,3,3.39
SP1-1718-2018-02-03-betis-villarreal,SP1,La Liga,1718,2017/18,2018-02-03,,betis,villarreal,Betis,Villarreal,2,1,H,1,0,0,1,2.79,3.39,2.5
SP1-1718-2018-02-10-leganes-eibar,SP1,La Liga,1718,2017/18,2018-02-10,,leganes,eibar,Leganes,Eibar,0,1,A,0,0,1,0,2.87,3.1,2.62
SP1-1718-2018-02-17-eibar-barcelona,SP1,La Liga,1718,2017/18,2018-02-17,,eibar,barcelona,Eibar,Barcelona,0,2,A,0,1,1,0,6.5,4.75,1.44
SP1-1718-2018-02-17-malaga-valencia,SP1,La Liga,1718,2017/18,2018-02-17,,malaga,valencia,Malaga,Valencia,1,2,A,1,0,1,0,3.6,3.5,2.04
SP1-1718-2018-02-25-ath-bilbao-malaga,SP1,La Liga,1718,2017/18,2018-02-25,,ath bilbao,malaga,Ath Bilbao,Malaga,2,1,H,2,1,0,1,1.75,3.5,5.25
SP1-1718-2018-03-01-alaves-levante,SP1,La Liga,1718,2017/18,2018-03-01,,alaves,levante,Alaves,Levante,1,0,H,0,0,1,1,1.8,3.39,5
SP1-1718-2018-03-03-la-coruna-eibar,SP1,La Liga,1718,2017/18,2018-03-03,,la coruna,eibar,La Coruna,Eibar,1,1,D,1,1,1,0,2.79,3.1,2.7
SP1-1718-2018-03-03-real-madrid-getafe,SP1,La Liga,1718,2017/18,2018-03-03,,real madrid,getafe,Real Madrid,Getafe,3,1,H,2,0,0,1,1.19,7.5,13
SP1-1718-2018-03-10-getafe-levante,SP1,La Liga,1718,2017/18,2018-03-10,,getafe,levante,Getafe,Levante,0,1,A,0,0,0,1,1.75,3.5,5.25
SP1-1718-2018-03-10-malaga-barcelona,SP1,La Liga,1718,2017/18,2018-03-10,,malaga,barcelona,Malaga,Barcelona,0,2,A,0,2,1,0,13,6,1.25
SP1-1718-2018-03-11-las-palmas-villarreal,SP1,La Liga,1718,2017/18,2018-03-11,,las palmas,villarreal,Las Palmas,Villarreal,0,2,A,0,0,1,0,3.5,3.5,2.1
SP1-1718-2018-03-18-leganes-sevilla,SP1,La Liga,1718,2017/18,2018-03-18,,leganes,sevilla,Leganes,Sevilla,2,1,H,1,0,0,1,3.7,3.29,2.1
SP1-1718-2018-03-18-villarreal-ath-madrid,SP1,La Liga,1718,2017/18,2018-03-18,,villarreal,ath madrid,Villarreal,Ath Madrid,2,1,H,0,1,0,1,4.2,3.1,2.04
SP1-1718-2018-04-08-levante-las-palmas,SP1,La Liga,1718,2017/18,2018-04-08,,levante,las palmas,Levante,Las Palmas,2,1,H,1,0,2,0,1.9,3.6,4
SP1-1718-2018-04-09-villarreal-ath-bilbao,SP1,La Liga,1718,2017/18,2018-04-09,,villarreal,ath bilbao,Villarreal,Ath Bilbao,1,3,A,0,1,1,0,1.85,3.5,4.5
SP1-1718-2018-04-14-sevilla-villarreal,SP1,La Liga,1718,2017/18,2018-04-14,,sevilla,villarreal,Sevilla,Villarreal,2,2,D,0,1,1,1,1.8,3.75,4.5
SP1-1718-2018-04-15-getafe-espanol,SP1,La Liga,1718,2017/18,2018-04-15,,getafe,espanol,Getafe,Espanol,1,0,H,0,0,1,0,2.14,3.1,3.75
SP1-1718-2018-04-17-celta-barcelona,SP1,La Liga,1718,2017/18,2018-04-17,,celta,barcelona,Celta,Barcelona,2,2,D,1,1,0,1,4.75,4.33,1.64
SP1-1718-2018-04-18-valencia-getafe,SP1,La Liga,1718,2017/18,2018-04-18,,valencia,getafe,Valencia,Getafe,1,2,A,0,1,1,0,1.44,4,8
SP1-1718-2018-04-19-betis-las-palmas,SP1,La Liga,1718,2017/18,2018-04-19,,betis,las palmas,Betis,Las Palmas,1,0,H,0,0,0,1,1.36,5.25,7.5
SP1-1718-2018-04-28-real-madrid-leganes,SP1,La Liga,1718,2017/18,2018-04-28,,real madrid,leganes,Real Madrid,Leganes,2,1,H,2,0,0,1,1.3,5.5,10
SP1-1718-2018-04-28-sociedad-ath-bilbao,SP1,La Liga,1718,2017/18,2018-04-28,,sociedad,ath bilbao,Sociedad,Ath Bilbao,3,1,H,2,0,1,0,1.85,3.6,4.33
SP1-1718-2018-04-29-alaves-ath-madrid,SP1,La Liga,1718,2017/18,2018-04-29,,alaves,ath madrid,Alaves,Ath Madrid,0,1,A,0,0,0,1,3.29,3.1,2.37
SP1-1718-2018-04-29-getafe-girona,SP1,La Liga,1718,2017/18,2018-04-29,,getafe,girona,Getafe,Girona,1,1,D,1,1,1,0,2.1,3.1,4
SP1-1718-2018-05-06-barcelona-real-madrid,SP1,La Liga,1718,2017/18,2018-05-06,,barcelona,real madrid,Barcelona,Real Madrid,2,2,D,1,1,1,0,1.66,4.33,4.5
SP1-1718-2018-05-07-leganes-levante,SP1,La Liga,1718,2017/18,2018-05-07,,leganes,levante,Leganes,Levante,0,3,A,0,0,1,0,2.1,3.2,3.89
SP1-1718-2018-05-19-celta-levante,SP1,La Liga,1718,2017/18,2018-05-19,,celta,levante,Celta,Levante,4,2,H,2,1,0,1,1.8,4,4.1
SP1-1718-2018-05-19-leganes-betis,SP1,La Liga,1718,2017/18,2018-05-19,,leganes,betis,Leganes,Betis,3,2,H,1,1,1,0,2.7,3.6,2.5
SP1-1718-2018-05-20-ath-madrid-eibar,SP1,La Liga,1718,2017/18,2018-05-20,,ath madrid,eibar,Ath Madrid,Eibar,2,2,D,1,1,1,0,1.61,3.8,6
D1-1718-2017-08-25-koln-hamburg,D1,Bundesliga,1718,2017/18,2017-08-25,,koln,hamburg,FC Koln,Hamburg,1,3,A,0,2,0,1,1.95,3.4,4
D1-1718-2017-08-27-rb-leipzig-freiburg,D1,Bundesliga,1718,2017/18,2017-08-27,,rb leipzig,freiburg,RB Leipzig,Freiburg,4,1,H,0,1,0,1,1.36,5,8.5
D1-1718-2017-09-09-freiburg-dortmund,D1,Bundesliga,1718,2017/18,2017-09-09,,freiburg,dortmund,Freiburg,Dortmund,0,0,D,0,0,1,0,7.5,5,1.4
D1-1718-2017-09-16-rb-leipzig-m-gladbach,D1,Bundesliga,1718,2017/18,2017-09-16,,rb leipzig,m gladbach,RB Leipzig,M'gladbach,2,2,D,2,1,1,0,1.67,3.8,5.5
D1-1718-2017-09-23-mainz-hertha,D1,Bundesliga,1718,2017/18,2017-09-23,,mainz,hertha,Mainz,Hertha,1,0,H,0,0,0,1,2.2,3.3,3.4
D1-1718-2017-09-30-ein-frankfurt-stuttgart,D1,Bundesliga,1718,2017/18,2017-09-30,,ein frankfurt,stuttgart,Ein Frankfurt,Stuttgart,2,1,H,1,0,1,0,1.95,3.5,4
D1-1718-2017-09-30-wolfsburg-mainz,D1,Bundesliga,1718,2017/18,2017-09-30,,wolfsburg,mainz,Wolfsburg,Mainz,1,1,D,0,0,1,0,2.1,3.4,3.6
D1-1718-2017-10-14-dortmund-rb-leipzig,D1,Bundesliga,1718,2017/18,2017-10-14,,dortmund,rb leipzig,Dortmund,RB Leipzig,2,3,A,1,2,1,1,1.5,4.5,6.5
D1-1718-2017-10-14-hertha-schalke-04,D1,Bundesliga,1718,2017/18,2017-10-14,,hertha,schalke 04,Hertha,Schalke 04,0,2,A,0,0,1,0,2.5,3.3,2.9
D1-1718-2017-10-21-hamburg-bayern-munich,D1,Bundesliga,1718,2017/18,2017-10-21,,hamburg,bayern munich,Hamburg,Bayern Munich,0,1,A,0,0,1,0,19,7,1.16
D1-1718-2017-10-28-bayern-munich-rb-leipzig,D1,Bundesliga,1718,2017/18,2017-10-28,,bayern munich,rb leipzig,Bayern Munich,RB Leipzig,2,0,H,2,0,0,1,1.33,5.5,8.5
D1-1718-2017-10-28-hannover-dortmund,D1,Bundesliga,1718,2017/18,2017-10-28,,hannover,dortmund,Hannover,Dortmund,4,2,H,2,1,0,1,5.5,4.2,1.57
D1-1718-2017-10-29-stuttgart-freiburg,D1,Bundesliga,1718,2017/18,2017-10-29,,stuttgart,freiburg,Stuttgart,Freiburg,3,0,H,2,0,0,1,1.83,3.5,4.5
D1-1718-2017-11-04-hamburg-stuttgart,D1,Bundesliga,1718,2017/18,2017-11-04,,hamburg,stuttgart,Hamburg,Stuttgart,3,1,H,1,0,0,1,2.45,3.39,2.87
D1-1718-2017-11-18-leverkusen-rb-leipzig,D1,Bundesliga,1718,2017/18,2017-11-18,,leverkusen,rb leipzig,Leverkusen,RB Leipzig,2,2,D,1,1,1,0,2.29,3.5,3
D1-1718-2017-11-18-mainz-koln,D1,Bundesliga,1718,2017/18,2017-11-18,,mainz,koln,Mainz,FC Koln,1,0,H,1,0,1,0,2.04,3.39,3.79
D1-1718-2017-11-25-augsburg-wolfsburg,D1,Bundesliga,1718,2017/18,2017-11-25,,augsburg,wolfsburg,Augsburg,Wolfsburg,2,1,H,0,1,0,1,2.37,3.29,3.1
D1-1718-2017-11-25-dortmund-schalke-04,D1,Bundesliga,1718,2017/18,2017-11-25,,dortmund,schalke 04,Dortmund,Schalke 04,4,4,D,4,0,1,0,1.72,4.2,4.33
D1-1718-2017-12-02-leverkusen-dortmund,D1,Bundesliga,1718,2017/18,2017-12-02,,leverkusen,dortmund,Leverkusen,Dortmund,1,1,D,1,0,1,0,2.25,3.6,3
D1-1718-2017-12-02-schalke-04-koln,D1,Bundesliga,1718,2017/18,2017-12-02,,schalke 04,koln,Schalke 04,FC Koln,2,2,D,1,0,0,1,1.44,4.33,8
D1-1718-2017-12-12-wolfsburg-rb-leipzig,D1,Bundesliga,1718,2017/18,2017-12-12,,wolfsburg,rb leipzig,Wolfsburg,RB Leipzig,1,1,D,1,0,0,1,3,3.6,2.29
D1-1718-2017-12-17-rb-leipzig-hertha,D1,Bundesliga,1718,2017/18,2017-12-17,,rb leipzig,hertha,RB Leipzig,Hertha,2,3,A,0,2,0,1,1.57,3.79,6
D1-1718-2018-01-20-wolfsburg-ein-frankfurt,D1,Bundesliga,1718,2017/18,2018-01-20,,wolfsburg,ein frankfurt,Wolfsburg,Ein Frankfurt,1,3,A,0,2,1,0,2.2,3.2,3.6
D1-1718-2018-02-03-schalke-04-werder-bremen,D1,Bundesliga,1718,2017/18,2018-02-03,,schalke 04,werder bremen,Schalke 04,Werder Bremen,1,2,A,1,0,1,0,1.75,3.79,4.75
D1-1718-2018-02-04-hamburg-hannover,D1,Bundesliga,1718,2017/18,2018-02-04,,hamburg,hannover,Hamburg,Hannover,1,1,D,0,1,1,0,2.25,3.29,3.29
D1-1718-2018-02-25-leverkusen-schalke-04,D1,Bundesliga,1718,2017/18,2018-02-25,,leverkusen,schalke 04,Leverkusen,Schalke 04,0,2,A,0,1,1,0,1.9,3.6,4
D1-1718-2018-03-03-hamburg-mainz,D1,Bundesliga,1718,2017/18,2018-03-03,,hamburg,mainz,Hamburg,Mainz,0,0,D,0,0,0,1,2.25,3.29,3.39
D1-1718-2018-03-03-wolfsburg-leverkusen,D1,Bundesliga,1718,2017/18,2018-03-03,,wolfsburg,leverkusen,Wolfsburg,Leverkusen,1,2,A,0,1,1,0,3.29,3.39,2.2
D1-1718-2018-03-18-koln-leverkusen,D1,Bundesliga,1718,2017/18,2018-03-18,,koln,leverkusen,FC Koln,Leverkusen,2,0,H,1,0,0,1,5,3.75,1.72
D1-1718-2018-03-31-hertha-wolfsburg,D1,Bundesliga,1718,2017/18,2018-03-31,,hertha,wolfsburg,Hertha,Wolfsburg,0,0,D,0,0,0,1,2.04,3.29,3.6
D1-1718-2018-03-31-schalke-04-freiburg,D1,Bundesliga,1718,2017/18,2018-03-31,,schalke 04,freiburg,Schalke 04,Freiburg,2,0,H,0,0,0,1,1.55,3.79,6.5
D1-1718-2018-04-07-koln-mainz,D1,Bundesliga,1718,2017/18,2018-04-07,,koln,mainz,FC Koln,Mainz,1,1,D,1,0,0,1,2,3.5,3.75
D1-1718-2018-04-13-wolfsburg-augsburg,D1,Bundesliga,1718,2017/18,2018-04-13,,wolfsburg,augsburg,Wolfsburg,Augsburg,0,0,D,0,0,1,1,2.14,3.29,3.6
D1-1718-2018-04-21-ein-frankfurt-hertha,D1,Bundesliga,1718,2017/18,2018-04-21,,ein frankfurt,hertha,Ein Frankfurt,Hertha,0,3,A,0,0,1,0,1.95,3.39,4.2
D1-1718-2018-04-21-hamburg-freiburg,D1,Bundesliga,1718,2017/18,2018-04-21,,hamburg,freiburg,Hamburg,Freiburg,1,0,H,0,0,0,1,2.04,3.39,3.75
D1-1718-2018-04-21-rb-leipzig-hoffenheim,D1,Bundesliga,1718,2017/18,2018-04-21,,rb leipzig,hoffenheim,RB Leipzig,Hoffenheim,2,5,A,0,3,1,0,2.04,3.75,3.39
D1-1718-2018-04-28-hertha-augsburg,D1,Bundesliga,1718,2017/18,2018-04-28,,hertha,augsburg,Hertha,Augsburg,2,2,D,0,1,0,1,2.04,3.25,3.79
D1-1718-2018-04-28-schalke-04-m-gladbach,D1,Bundesliga,1718,2017/18,2018-04-28,,schalke 04,m gladbach,Schalke 04,M'gladbach,1,1,D,1,1,1,0,1.85,3.6,4.2
D1-1718-2018-04-29-mainz-rb-leipzig,D1,Bundesliga,1718,2017/18,2018-04-29,,mainz,rb leipzig,Mainz,RB Leipzig,3,0,H,1,0,0,1,3.75,3.39,2.04
D1-1718-2018-05-05-stuttgart-hoffenheim,D1,Bundesliga,1718,2017/18,2018-05-05,,stuttgart,hoffenheim,Stuttgart,Hoffenheim,2,0,H,1,0,1,0,3.1,3.75,2.14
D1-1718-2018-05-12-hamburg-m-gladbach,D1,Bundesliga,1718,2017/18,2018-05-12,,hamburg,m gladbach,Hamburg,M'gladbach,2,1,H,1,1,1,0,2.29,3.5,3
I1-1718-2017-08-19-verona-napoli,I1,Serie A,1718,2017/18,2017-08-19,,verona,napoli,Verona,Napoli,1,3,A,0,2,0,1,8,4.75,1.4
I1-1718-2017-08-20-crotone-milan,I1,Serie A,1718,2017/18,2017-08-20,,crotone,milan,Crotone,Milan,0,3,A,0,3,1,0,6,4,1.57
I1-1718-2017-09-10-udinese-genoa,I1,Serie A,1718,2017/18,2017-09-10,,udinese,genoa,Udinese,Genoa,1,0,H,1,0,1,1,2.38,3.2,3.2
I1-1718-2017-09-16-roma-verona,I1,Serie A,1718,2017/18,2017-09-16,,roma,verona,Roma,Verona,3,0,H,2,0,0,1,1.17,7.5,17
I1-1718-2017-09-20-juventus-fiorentina,I1,Serie A,1718,2017/18,2017-09-20,,juventus,fiorentina,Juventus,Fiorentina,1,0,H,0,0,0,1,1.33,5.25,9
I1-1718-2017-09-23-juventus-torino,I1,Serie A,1718,2017/18,2017-09-23,,juventus,torino,Juventus,Torino,4,0,H,2,0,0,1,1.4,4.5,8.5
I1-1718-2017-09-24-cagliari-chievo,I1,Serie A,1718,2017/18,2017-09-24,,cagliari,chievo,Cagliari,Chievo,0,2,A,0,0,1,0,2.25,3.3,3.3
I1-1718-2017-09-24-inter-genoa,I1,Serie A,1718,2017/18,2017-09-24,,inter,genoa,Inter,Genoa,1,0,H,0,0,0,2,1.3,5.5,10
I1-1718-2017-09-24-sassuolo-bologna,I1,Serie A,1718,2017/18,2017-09-24,,sassuolo,bologna,Sassuolo,Bologna,0,1,A,0,0,1,0,2.1,3.3,3.75
I1-1718-2017-09-30-udinese-sampdoria,I1,Serie A,1718,2017/18,2017-09-30,,udinese,sampdoria,Udinese,Sampdoria,4,0,H,1,0,0,1,2.7,3.25,2.6
I1-1718-2017-10-01-milan-roma,I1,Serie A,1718,2017/18,2017-10-01,,milan,roma,Milan,Roma,0,2,A,0,0,1,0,2.55,3.4,2.63
I1-1718-2017-10-01-torino-verona,I1,Serie A,1718,2017/18,2017-10-01,,torino,verona,Torino,Verona,2,2,D,2,0,0,1,1.33,5,9
I1-1718-2017-10-16-verona-benevento,I1,Serie A,1718,2017/18,2017-10-16,,verona,benevento,Verona,Benevento,1,0,H,0,0,0,1,1.91,3.5,4.2
I1-1718-2017-10-22-atalanta-bologna,I1,Serie A,1718,2017/18,2017-10-22,,atalanta,bologna,Atalanta,Bologna,1,0,H,0,0,0,1,1.6,3.75,6.5
I1-1718-2017-10-22-chievo-verona,I1,Serie A,1718,2017/18,2017-10-22,,chievo,verona,Chievo,Verona,3,2,H,2,1,0,1,1.9,3.39,4.33
I1-1718-2017-10-22-milan-genoa,I1,Serie A,1718,2017/18,2017-10-22,,milan,genoa,Milan,Genoa,0,0,D,0,0,1,0,1.44,4.33,8
I1-1718-2017-10-22-spal-sassuolo,I1,Serie A,1718,2017/18,2017-10-22,,spal,sassuolo,Spal,Sassuolo,0,1,A,0,1,0,1,2.6,3.29,2.75
I1-1718-2017-10-22-udinese-juventus,I1,Serie A,1718,2017/18,2017-10-22,,udinese,juventus,Udinese,Juventus,2,6,A,1,2,0,1,7.5,4.5,1.44
I1-1718-2017-10-25-fiorentina-torino,I1,Serie A,1718,2017/18,2017-10-25,,fiorentina,torino,Fiorentina,Torino,3,0,H,1,0,0,1,1.85,3.79,4
I1-1718-2017-11-05-atalanta-spal,I1,Serie A,1718,2017/18,2017-11-05,,atalanta,spal,Atalanta,Spal,1,1,D,1,0,1,0,1.3,5.25,10
I1-1718-2017-11-19-benevento-sassuolo,I1,Serie A,1718,2017/18,2017-11-19,,benevento,sassuolo,Benevento,Sassuolo,1,2,A,0,0,1,0,3.39,3.6,2.04
I1-1718-2017-11-19-spal-fiorentina,I1,Serie A,1718,2017/18,2017-11-19,,spal,fiorentina,Spal,Fiorentina,1,1,D,1,0,1,0,3.79,3.6,1.95
I1-1718-2017-11-19-torino-chievo,I1,Serie A,1718,2017/18,2017-11-19,,torino,chievo,Torino,Chievo,1,1,D,1,1,0,1,1.83,3.6,4.5
I1-1718-2017-11-19-udinese-cagliari,I1,Serie A,1718,2017/18,2017-11-19,,udinese,cagliari,Udinese,Cagliari,0,1,A,0,0,1,0,1.95,3.6,3.79
I1-1718-2017-11-25-bologna-sampdoria,I1,Serie A,1718,2017/18,2017-11-25,,bologna,sampdoria,Bologna,Sampdoria,3,0,H,2,0,1,0,2.6,3.29,2.75
I1-1718-2017-11-25-sassuolo-verona,I1,Serie A,1718,2017/18,2017-11-25,,sassuolo,verona,Sassuolo,Verona,0,2,A,0,2,0,1,1.66,4,5
I1-1718-2017-11-26-genoa-roma,I1,Serie A,1718,2017/18,2017-11-26,,genoa,roma,Genoa,Roma,1,1,D,0,0,0,1,5,3.75,1.72
I1-1718-2017-12-01-roma-spal,I1,Serie A,1718,2017/18,2017-12-01,,roma,spal,Roma,Spal,3,1,H,2,0,0,1,1.22,6.5,12
I1-1718-2017-12-03-benevento-milan,I1,Serie A,1718,2017/18,2017-12-03,,benevento,milan,Benevento,Milan,2,2,D,0,1,0,1,9,5,1.36
I1-1718-2017-12-11-lazio-torino,I1,Serie A,1718,2017/18,2017-12-11,,lazio,torino,Lazio,Torino,1,3,A,0,0,1,0,1.5,4.75,5.75
I1-1718-2017-12-17-verona-milan,I1,Serie A,1718,2017/18,2017-12-17,,verona,milan,Verona,Milan,3,0,H,1,0,0,1,5.5,4.33,1.57
I1-1718-2017-12-22-cagliari-fiorentina,I1,Serie A,1718,2017/18,2017-12-22,,cagliari,fiorentina,Cagliari,Fiorentina,0,1,A,0,0,1,0,3.25,3.29,2.25
I1-1718-2017-12-22-chievo-bologna,I1,Serie A,1718,2017/18,2017-12-22,,chievo,bologna,Chievo,Bologna,2,3,A,1,1,0,1,2.54,3,3
I1-1718-2017-12-23-napoli-sampdoria,I1,Serie A,1718,2017/18,2017-12-23,,napoli,sampdoria,Napoli,Sampdoria,3,2,H,3,2,1,0,1.25,6,12
I1-1718-2017-12-30-atalanta-cagliari,I1,Serie A,1718,2017/18,2017-12-30,,atalanta,cagliari,Atalanta,Cagliari,1,2,A,0,2,0,1,1.44,4.33,8
I1-1718-2018-01-06-benevento-sampdoria,I1,Serie A,1718,2017/18,2018-01-06,,benevento,sampdoria,Benevento,Sampdoria,3,2,H,0,1,0,1,3.5,3.5,2.1
I1-1718-2018-01-06-roma-atalanta,I1,Serie A,1718,2017/18,2018-01-06,,roma,atalanta,Roma,Atalanta,1,2,A,0,2,0,1,1.72,3.79,4.75
I1-1718-2018-01-21-cagliari-milan,I1,Serie A,1718,2017/18,2018-01-21,,cagliari,milan,Cagliari,Milan,1,2,A,1,2,1,1,3.75,3.39,2.04
I1-1718-2018-01-21-verona-crotone,I1,Serie A,1718,2017/18,2018-01-21,,verona,crotone,Verona,Crotone,0,3,A,0,1,1,0,2.1,3.25,3.75
I1-1718-2018-01-27-chievo-juventus,I1,Serie A,1718,2017/18,2018-01-27,,chievo,juventus,Chievo,Juventus,0,2,A,0,0,2,0,10,5,1.33
I1-1718-2018-01-27-sassuolo-atalanta,I1,Serie A,1718,2017/18,2018-01-27,,sassuolo,atalanta,Sassuolo,Atalanta,0,3,A,0,1,1,0,3.39,3.29,2.2
I1-1718-2018-01-28-crotone-cagliari,I1,Serie A,1718,2017/18,2018-01-28,,crotone,cagliari,Crotone,Cagliari,1,1,D,1,1,0,1,2.39,3.1,3.2
I1-1718-2018-01-28-genoa-udinese,I1,Serie A,1718,2017/18,2018-01-28,,genoa,udinese,Genoa,Udinese,0,1,A,0,0,0,1,2.14,3.1,3.79
I1-1718-2018-01-28-torino-benevento,I1,Serie A,1718,2017/18,2018-01-28,,torino,benevento,Torino,Benevento,3,0,H,3,0,0,1,1.44,4.75,7
I1-1718-2018-02-03-sampdoria-torino,I1,Serie A,1718,2017/18,2018-02-03,,sampdoria,torino,Sampdoria,Torino,1,1,D,1,1,0,1,2.39,3.39,2.89
I1-1718-2018-02-04-udinese-milan,I1,Serie A,1718,2017/18,2018-02-04,,udinese,milan,Udinese,Milan,1,1,D,0,1,0,1,3.39,3.29,2.2
I1-1718-2018-02-04-verona-roma,I1,Serie A,1718,2017/18,2018-02-04,,verona,roma,Verona,Roma,0,1,A,0,1,0,1,7,4.5,1.44
I1-1718-2018-02-11-inter-bologna,I1,Serie A,1718,2017/18,2018-02-11,,inter,bologna,Inter,Bologna,2,1,H,1,1,0,2,1.5,4.2,7
I1-1718-2018-02-18-atalanta-fiorentina,I1,Serie A,1718,2017/18,2018-02-18,,atalanta,fiorentina,Atalanta,Fiorentina,1,1,D,1,1,0,1,2.29,3.29,3.1
I1-1718-2018-02-18-bologna-sassuolo,I1,Serie A,1718,2017/18,2018-02-18,,bologna,sassuolo,Bologna,Sassuolo,2,1,H,1,1,0,1,2.54,3.2,2.87
I1-1718-2018-02-24-inter-benevento,I1,Serie A,1718,2017/18,2018-02-24,,inter,benevento,Inter,Benevento,2,0,H,0,0,0,1,1.25,6,11
I1-1718-2018-02-25-sassuolo-lazio,I1,Serie A,1718,2017/18,2018-02-25,,sassuolo,lazio,Sassuolo,Lazio,0,3,A,0,2,1,1,4,3.6,1.9
I1-1718-2018-03-03-spal-bologna,I1,Serie A,1718,2017/18,2018-03-03,,spal,bologna,Spal,Bologna,1,0,H,0,0,1,1,2.39,3.2,3.2
I1-1718-2018-03-14-juventus-atalanta,I1,Serie A,1718,2017/18,2018-03-14,,juventus,atalanta,Juventus,Atalanta,2,0,H,1,0,0,1,1.39,4.5,8.5
I1-1718-2018-03-31-fiorentina-crotone,I1,Serie A,1718,2017/18,2018-03-31,,fiorentina,crotone,Fiorentina,Crotone,2,0,H,1,0,0,1,1.44,4.5,6.5
I1-1718-2018-03-31-genoa-spal,I1,Serie A,1718,2017/18,2018-03-31,,genoa,spal,Genoa,Spal,1,1,D,1,0,0,1,1.95,3.29,4
I1-1718-2018-03-31-inter-verona,I1,Serie A,1718,2017/18,2018-03-31,,inter,verona,Inter,Verona,3,0,H,2,0,0,1,1.14,7.5,17
I1-1718-2018-03-31-lazio-benevento,I1,Serie A,1718,2017/18,2018-03-31,,lazio,benevento,Lazio,Benevento,6,2,H,1,1,0,1,1.16,7,15
I1-1718-2018-04-04-chievo-sassuolo,I1,Serie A,1718,2017/18,2018-04-04,,chievo,sassuolo,Chievo,Sassuolo,1,1,D,0,0,0,2,2.7,3,2.87
I1-1718-2018-04-14-chievo-torino,I1,Serie A,1718,2017/18,2018-04-14,,chievo,torino,Chievo,Torino,0,0,D,0,0,1,0,3.29,3.29,2.25
I1-1718-2018-04-15-lazio-roma,I1,Serie A,1718,2017/18,2018-04-15,,lazio,roma,Lazio,Roma,0,0,D,0,0,1,0,2.79,3.39,2.5
I1-1718-2018-04-18-fiorentina-lazio,I1,Serie A,1718,2017/18,2018-04-18,,fiorentina,lazio,Fiorentina,Lazio,3,4,A,2,2,1,1,2.79,3.5,2.5
I1-1718-2018-04-18-torino-milan,I1,Serie A,1718,2017/18,2018-04-18,,torino,milan,Torino,Milan,1,1,D,0,1,1,0,3.1,3.29,2.37
I1-1718-2018-04-21-milan-benevento,I1,Serie A,1718,2017/18,2018-04-21,,milan,benevento,Milan,Benevento,0,1,A,0,1,0,1,1.19,6.5,15
I1-1718-2018-04-21-sassuolo-fiorentina,I1,Serie A,1718,2017/18,2018-04-21,,sassuolo,fiorentina,Sassuolo,Fiorentina,1,0,H,1,0,0,1,3.25,3.29,2.29
I1-1718-2018-04-28-inter-juventus,I1,Serie A,1718,2017/18,2018-04-28,,inter,juventus,Inter,Juventus,2,3,A,0,1,1,0,3.25,3.25,2.29
I1-1718-2018-04-28-roma-chievo,I1,Serie A,1718,2017/18,2018-04-28,,roma,chievo,Roma,Chievo,4,1,H,2,0,1,0,1.36,4.75,10
I1-1718-2018-04-29-benevento-udinese,I1,Serie A,1718,2017/18,2018-04-29,,benevento,udinese,Benevento,Udinese,3,3,D,1,1,1,0,3.6,3.5,2.04
I1-1718-2018-04-29-fiorentina-napoli,I1,Serie A,1718,2017/18,2018-04-29,,fiorentina,napoli,Fiorentina,Napoli,3,0,H,1,0,0,1,6.5,4.33,1.5
I1-1718-2018-04-29-sampdoria-cagliari,I1,Serie A,1718,2017/18,2018-04-29,,sampdoria,cagliari,Sampdoria,Cagliari,4,1,H,3,0,0,1,1.85,3.6,4.2
I1-1718-2018-05-06-genoa-fiorentina,I1,Serie A,1718,2017/18,2018-05-06,,genoa,fiorentina,Genoa,Fiorentina,2,3,A,0,1,2,0,4,3.39,2
I1-1718-2018-05-06-udinese-inter,I1,Serie A,1718,2017/18,2018-05-06,,udinese,inter,Udinese,Inter,0,4,A,0,3,1,0,6,4,1.55
I1-1718-2018-05-13-atalanta-milan,I1,Serie A,1718,2017/18,2018-05-13,,atalanta,milan,Atalanta,Milan,1,1,D,0,0,1,1,1.9,3.6,4
I1-1718-2018-05-13-fiorentina-cagliari,I1,Serie A,1718,2017/18,2018-05-13,,fiorentina,cagliari,Fiorentina,Cagliari,0,1,A,0,1,1,0,1.5,4.33,6.5
I1-1718-2018-05-13-roma-juventus,I1,Serie A,1718,2017/18,2018-05-13,,roma,juventus,Roma,Juventus,0,0,D,0,0,1,0,2.37,3,3.39
I1-1718-2018-05-20-lazio-inter,I1,Serie A,1718,2017/18,2018-05-20,,lazio,inter,Lazio,Inter,2,3,A,2,1,2,0,2.4,3.5,2.9
I1-1718-2018-05-20-milan-fiorentina,I1,Serie A,1718,2017/18,2018-05-20,,milan,fiorentina,Milan,Fiorentina,5,1,H,2,1,0,1,1.83,3.8,4.2
F1-1718-2017-08-13-strasbourg-lille,F1,Ligue 1,1718,2017/18,2017-08-13,,strasbourg,lille,Strasbourg,Lille,3,0,H,0,0,0,1,3.75,3.3,2.1
F1-1718-2017-08-19-lyon-bordeaux,F1,Ligue 1,1718,2017/18,2017-08-19,,lyon,bordeaux,Lyon,Bordeaux,3,3,D,2,1,1,0,1.57,4.33,5.5
F1-1718-2017-08-19-troyes-nantes,F1,Ligue 1,1718,2017/18,2017-08-19,,troyes,nantes,Troyes,Nantes,0,1,A,0,0,0,1,2.5,3.1,3.1
F1-1718-2017-08-20-marseille-angers,F1,Ligue 1,1718,2017/18,2017-08-20,,marseille,angers,Marseille,Angers,1,1,D,1,0,1,0,1.6,3.9,5.75
F1-1718-2017-08-20-paris-sg-toulouse,F1,Ligue 1,1718,2017/18,2017-08-20,,paris sg,toulouse,Paris SG,Toulouse,6,2,H,2,1,1,0,1.08,11,34
F1-1718-2017-08-26-toulouse-rennes,F1,Ligue 1,1718,2017/18,2017-08-26,,toulouse,rennes,Toulouse,Rennes,3,2,H,1,1,0,1,2.3,3.1,3.4
F1-1718-2017-09-08-lille-bordeaux,F1,Ligue 1,1718,2017/18,2017-09-08,,lille,bordeaux,Lille,Bordeaux,0,0,D,0,0,1,0,3,3.3,2.45
F1-1718-2017-09-08-metz-paris-sg,F1,Ligue 1,1718,2017/18,2017-09-08,,metz,paris sg,Metz,Paris SG,1,5,A,1,1,1,0,19,10,1.13
F1-1718-2017-09-09-caen-dijon,F1,Ligue 1,1718,2017/18,2017-09-09,,caen,dijon,Caen,Dijon,2,1,H,1,1,1,0,2.05,3.2,4
F1-1718-2017-09-09-montpellier-nantes,F1,Ligue 1,1718,2017/18,2017-09-09,,montpellier,nantes,Montpellier,Nantes,0,1,A,0,0,1,0,2.15,3.2,3.8
F1-1718-2017-09-09-strasbourg-amiens,F1,Ligue 1,1718,2017/18,2017-09-09,,strasbourg,amiens,Strasbourg,Amiens,0,1,A,0,1,1,0,2,3.2,4.2
F1-1718-2017-09-10-st-etienne-angers,F1,Ligue 1,1718,2017/18,2017-09-10,,st etienne,angers,St Etienne,Angers,1,1,D,1,1,1,1,2.15,3.2,3.75
F1-1718-2017-09-16-troyes-montpellier,F1,Ligue 1,1718,2017/18,2017-09-16,,troyes,montpellier,Troyes,Montpellier,0,1,A,0,1,1,0,2.8,3.2,2.7
F1-1718-2017-09-23-metz-troyes,F1,Ligue 1,1718,2017/18,2017-09-23,,metz,troyes,Metz,Troyes,0,1,A,0,0,0,1,2,3.3,4
F1-1718-2017-09-24-st-etienne-rennes,F1,Ligue 1,1718,2017/18,2017-09-24,,st etienne,rennes,St Etienne,Rennes,2,2,D,1,1,1,0,2.05,3.2,4
F1-1718-2017-09-30-dijon-strasbourg,F1,Ligue 1,1718,2017/18,2017-09-30,,dijon,strasbourg,Dijon,Strasbourg,1,1,D,0,0,1,0,2.05,3.2,4
F1-1718-2017-09-30-nantes-metz,F1,Ligue 1,1718,2017/18,2017-09-30,,nantes,metz,Nantes,Metz,1,0,H,1,0,0,1,1.67,3.5,6
F1-1718-2017-10-01-angers-lyon,F1,Ligue 1,1718,2017/18,2017-10-01,,angers,lyon,Angers,Lyon,3,3,D,1,3,0,1,3.25,3.25,2.3
F1-1718-2017-10-01-nice-marseille,F1,Ligue 1,1718,2017/18,2017-10-01,,nice,marseille,Nice,Marseille,2,4,A,2,3,0,1,2.38,3.4,3
F1-1718-2017-10-01-troyes-st-etienne,F1,Ligue 1,1718,2017/18,2017-10-01,,troyes,st etienne,Troyes,St Etienne,2,1,H,1,0,1,1,3.3,3.2,2.3
F1-1718-2017-10-14-guingamp-rennes,F1,Ligue 1,1718,2017/18,2017-10-14,,guingamp,rennes,Guingamp,Rennes,2,0,H,0,0,0,1,2.15,3.3,3.5
F1-1718-2017-10-14-lille-troyes,F1,Ligue 1,1718,2017/18,2017-10-14,,lille,troyes,Lille,Troyes,2,2,D,1,1,1,0,1.55,3.8,6.5
F1-1718-2017-10-14-toulouse-amiens,F1,Ligue 1,1718,2017/18,2017-10-14,,toulouse,amiens,Toulouse,Amiens,1,0,H,1,0,0,1,1.73,3.5,5
F1-1718-2017-10-21-metz-dijon,F1,Ligue 1,1718,2017/18,2017-10-21,,metz,dijon,Metz,Dijon,1,2,A,1,1,1,0,2.75,3.29,2.62
F1-1718-2017-10-21-rennes-lille,F1,Ligue 1,1718,2017/18,2017-10-21,,rennes,lille,Rennes,Lille,1,0,H,1,0,0,1,2.14,3.29,3.5
F1-1718-2017-10-22-marseille-paris-sg,F1,Ligue 1,1718,2017/18,2017-10-22,,marseille,paris sg,Marseille,Paris SG,2,2,D,1,1,0,1,6.5,5,1.44
F1-1718-2017-10-22-nice-strasbourg,F1,Ligue 1,1718,2017/18,2017-10-22,,nice,strasbourg,Nice,Strasbourg,1,2,A,0,1,0,1,1.57,4,6
F1-1718-2017-10-22-troyes-lyon,F1,Ligue 1,1718,2017/18,2017-10-22,,troyes,lyon,Troyes,Lyon,0,5,A,0,1,1,0,5,4,1.66
F1-1718-2017-10-28-guingamp-amiens,F1,Ligue 1,1718,2017/18,2017-10-28,,guingamp,amiens,Guingamp,Amiens,1,1,D,1,1,0,1,1.66,3.5,6
F1-1718-2017-11-04-troyes-strasbourg,F1,Ligue 1,1718,2017/18,2017-11-04,,troyes,strasbourg,Troyes,Strasbourg,3,0,H,0,0,0,1,2.75,3.29,2.62
F1-1718-2017-11-05-nice-dijon,F1,Ligue 1,1718,2017/18,2017-11-05,,nice,dijon,Nice,Dijon,1,0,H,1,0,1,0,1.72,3.6,5.25
F1-1718-2017-11-05-st-etienne-lyon,F1,Ligue 1,1718,2017/18,2017-11-05,,st etienne,lyon,St Etienne,Lyon,0,5,A,0,2,1,0,4.2,3.39,1.95
F1-1718-2017-11-18-guingamp-angers,F1,Ligue 1,1718,2017/18,2017-11-18,,guingamp,angers,Guingamp,Angers,1,1,D,1,1,1,0,2.29,3.2,3.29
F1-1718-2017-11-18-strasbourg-rennes,F1,Ligue 1,1718,2017/18,2017-11-18,,strasbourg,rennes,Strasbourg,Rennes,2,1,H,1,0,0,1,2.29,3.2,3.29
F1-1718-2017-11-18-toulouse-metz,F1,Ligue 1,1718,2017/18,2017-11-18,,toulouse,metz,Toulouse,Metz,0,0,D,0,0,0,1,1.72,3.6,5.25
F1-1718-2017-11-25-rennes-nantes,F1,Ligue 1,1718,2017/18,2017-11-25,,rennes,nantes,Rennes,Nantes,2,1,H,0,0,0,1,2.39,3.1,3.2
F1-1718-2017-11-26-nice-lyon,F1,Ligue 1,1718,2017/18,2017-11-26,,nice,lyon,Nice,Lyon,0,5,A,0,4,1,0,3.29,3.39,2.2
F1-1718-2017-11-29-toulouse-nice,F1,Ligue 1,1718,2017/18,2017-11-29,,toulouse,nice,Toulouse,Nice,1,2,A,1,0,1,1,2.62,3,2.89
F1-1718-2017-12-02-troyes-guingamp,F1,Ligue 1,1718,2017/18,2017-12-02,,troyes,guingamp,Troyes,Guingamp,0,1,A,0,1,1,1,2.62,3.1,2.89
F1-1718-2017-12-09-guingamp-dijon,F1,Ligue 1,1718,2017/18,2017-12-09,,guingamp,dijon,Guingamp,Dijon,4,0,H,2,0,0,1,2.1,3.29,3.75
F1-1718-2017-12-10-marseille-st-etienne,F1,Ligue 1,1718,2017/18,2017-12-10,,marseille,st etienne,Marseille,St Etienne,3,0,H,1,0,0,1,1.5,4.2,7
F1-1718-2017-12-15-st-etienne-monaco,F1,Ligue 1,1718,2017/18,2017-12-15,,st etienne,monaco,St Etienne,Monaco,0,4,A,0,2,1,0,4.75,3.75,1.75
F1-1718-2017-12-16-rennes-paris-sg,F1,Ligue 1,1718,2017/18,2017-12-16,,rennes,paris sg,Rennes,Paris SG,1,4,A,0,2,1,1,11,7,1.22
F1-1718-2017-12-17-nantes-angers,F1,Ligue 1,1718,2017/18,2017-12-17,,nantes,angers,Nantes,Angers,1,0,H,1,0,1,0,2.04,3.2,4
F1-1718-2017-12-20-angers-dijon,F1,Ligue 1,1718,2017/18,2017-12-20,,angers,dijon,Angers,Dijon,2,1,H,1,1,0,1,2.14,3.25,3.6
F1-1718-2017-12-20-guingamp-st-etienne,F1,Ligue 1,1718,2017/18,2017-12-20,,guingamp,st etienne,Guingamp,St Etienne,2,1,H,0,0,0,1,1.9,3.25,4.5
F1-1718-2018-01-13-caen-lille,F1,Ligue 1,1718,2017/18,2018-01-13,,caen,lille,Caen,Lille,0,1,A,0,1,1,1,2.6,2.89,3.1
F1-1718-2018-01-13-dijon-metz,F1,Ligue 1,1718,2017/18,2018-01-13,,dijon,metz,Dijon,Metz,1,1,D,1,0,1,0,1.85,3.5,4.33
F1-1718-2018-01-14-lyon-angers,F1,Ligue 1,1718,2017/18,2018-01-14,,lyon,angers,Lyon,Angers,1,1,D,0,1,0,1,1.44,4.5,7.5
F1-1718-2018-01-14-nantes-paris-sg,F1,Ligue 1,1718,2017/18,2018-01-14,,nantes,paris sg,Nantes,Paris SG,0,1,A,0,1,1,0,12,6,1.25
F1-1718-2018-01-16-bordeaux-caen,F1,Ligue 1,1718,2017/18,2018-01-16,,bordeaux,caen,Bordeaux,Caen,0,2,A,0,0,1,0,1.8,3.39,5
F1-1718-2018-01-17-metz-st-etienne,F1,Ligue 1,1718,2017/18,2018-01-17,,metz,st etienne,Metz,St Etienne,3,0,H,2,0,0,1,2.5,3.2,3
F1-1718-2018-01-20-montpellier-toulouse,F1,Ligue 1,1718,2017/18,2018-01-20,,montpellier,toulouse,Montpellier,Toulouse,2,1,H,1,1,0,1,1.72,3.39,5.75
F1-1718-2018-01-20-rennes-angers,F1,Ligue 1,1718,2017/18,2018-01-20,,rennes,angers,Rennes,Angers,1,0,H,0,0,0,1,2.1,3.1,3.89
F1-1718-2018-01-21-lyon-paris-sg,F1,Ligue 1,1718,2017/18,2018-01-21,,lyon,paris sg,Lyon,Paris SG,2,1,H,1,1,0,1,7.5,5,1.39
F1-1718-2018-01-21-monaco-metz,F1,Ligue 1,1718,2017/18,2018-01-21,,monaco,metz,Monaco,Metz,3,1,H,1,0,0,1,1.33,5.25,8.5
F1-1718-2018-01-27-metz-nice,F1,Ligue 1,1718,2017/18,2018-01-27,,metz,nice,Metz,Nice,2,1,H,0,0,0,1,3.39,3.25,2.25
F1-1718-2018-01-27-toulouse-troyes,F1,Ligue 1,1718,2017/18,2018-01-27,,toulouse,troyes,Toulouse,Troyes,1,0,H,1,0,0,1,2,3.2,4.2
F1-1718-2018-01-28-bordeaux-lyon,F1,Ligue 1,1718,2017/18,2018-01-28,,bordeaux,lyon,Bordeaux,Lyon,3,1,H,3,1,1,0,3.6,3.5,2.04
F1-1718-2018-02-04-monaco-lyon,F1,Ligue 1,1718,2017/18,2018-02-04,,monaco,lyon,Monaco,Lyon,3,2,H,2,2,1,0,2.29,3.5,3
F1-1718-2018-02-17-amiens-toulouse,F1,Ligue 1,1718,2017/18,2018-02-17,,amiens,toulouse,Amiens,Toulouse,0,0,D,0,0,1,0,2.7,3,2.87
F1-1718-2018-02-24-rennes-troyes,F1,Ligue 1,1718,2017/18,2018-02-24,,rennes,troyes,Rennes,Troyes,2,0,H,0,0,0,1,1.72,3.6,5.25
F1-1718-2018-03-03-metz-toulouse,F1,Ligue 1,1718,2017/18,2018-03-03,,metz,toulouse,Metz,Toulouse,1,1,D,1,0,1,0,2.62,3.1,2.87
F1-1718-2018-03-04-marseille-nantes,F1,Ligue 1,1718,2017/18,2018-03-04,,marseille,nantes,Marseille,Nantes,1,1,D,0,1,0,1,1.53,4,7
F1-1718-2018-03-14-paris-sg-angers,F1,Ligue 1,1718,2017/18,2018-03-14,,paris sg,angers,Paris SG,Angers,2,1,H,2,0,1,0,1.07,13,25
F1-1718-2018-03-31-dijon-marseille,F1,Ligue 1,1718,2017/18,2018-03-31,,dijon,marseille,Dijon,Marseille,1,3,A,0,1,1,0,4.75,3.79,1.7
F1-1718-2018-04-01-strasbourg-metz,F1,Ligue 1,1718,2017/18,2018-04-01,,strasbourg,metz,Strasbourg,Metz,2,2,D,1,1,1,1,1.85,3.5,4.2
F1-1718-2018-04-06-st-etienne-paris-sg,F1,Ligue 1,1718,2017/18,2018-04-06,,st etienne,paris sg,St Etienne,Paris SG,1,1,D,1,0,0,1,9,5.5,1.33
F1-1718-2018-04-07-bordeaux-lille,F1,Ligue 1,1718,2017/18,2018-04-07,,bordeaux,lille,Bordeaux,Lille,2,1,H,2,1,0,1,1.72,3.5,5.5
F1-1718-2018-04-20-nantes-rennes,F1,Ligue 1,1718,2017/18,2018-04-20,,nantes,rennes,Nantes,Rennes,1,1,D,1,0,1,0,2.25,3.2,3.39
F1-1718-2018-04-21-guingamp-monaco,F1,Ligue 1,1718,2017/18,2018-04-21,,guingamp,monaco,Guingamp,Monaco,3,1,H,2,0,0,1,4,3.6,1.85
F1-1718-2018-04-28-monaco-amiens,F1,Ligue 1,1718,2017/18,2018-04-28,,monaco,amiens,Monaco,Amiens,0,0,D,0,0,1,1,1.18,7,17
F1-1718-2018-04-29-rennes-toulouse,F1,Ligue 1,1718,2017/18,2018-04-29,,rennes,toulouse,Rennes,Toulouse,2,1,H,1,1,1,0,1.9,3.5,4.2
F1-1718-2018-05-06-caen-monaco,F1,Ligue 1,1718,2017/18,2018-05-06,,caen,monaco,Caen,Monaco,1,2,A,1,1,1,0,4.2,3.75,1.83
F1-1718-2018-05-06-toulouse-lille,F1,Ligue 1,1718,2017/18,2018-05-06,,toulouse,lille,Toulouse,Lille,2,3,A,2,1,1,0,2.14,3.29,3.5
F1-1718-2018-05-11-guingamp-marseille,F1,Ligue 1,1718,2017/18,2018-05-11,,guingamp,marseille,Guingamp,Marseille,3,3,D,1,2,0,1,5.25,4.33,1.6
F1-1718-2018-05-12-monaco-st-etienne,F1,Ligue 1,1718,2017/18,2018-05-12,,monaco,st etienne,Monaco,St Etienne,1,0,H,0,0,1,0,1.61,4.33,5
F1-1718-2018-05-12-nice-caen,F1,Ligue 1,1718,2017/18,2018-05-12,,nice,caen,Nice,Caen,4,1,H,3,0,0,1,1.6,3.79,6
F1-1718-2018-05-19-metz-bordeaux,F1,Ligue 1,1718,2017/18,2018-05-19,,metz,bordeaux,Metz,Bordeaux,0,4,A,0,3,0,1,7.5,4.5,1.44
F1-1718-2018-05-19-rennes-montpellier,F1,Ligue 1,1718,2017/18,2018-05-19,,rennes,montpellier,Rennes,Montpellier,1,1,D,1,1,0,1,1.9,3.5,4.2
E0-1819-2018-08-11-wolves-everton,E0,Premier League,1819,2018/19,2018-08-11,,Wolves,Everton,Wolves,Everton,2,2,D,1,1,0,1,2.37,3.3,3.3
E0-1819-2018-08-18-cardiff-newcastle,E0,Premier League,1819,2018/19,2018-08-18,,cardiff,Newcastle,Cardiff,Newcastle,0,0,D,0,0,0,1,3.25,3.1,2.54
E0-1819-2018-08-18-leicester-wolves,E0,Premier League,1819,2018/19,2018-08-18,,Leicester,Wolves,Leicester,Wolves,2,0,H,2,0,1,0,2.04,3.5,3.9
E0-1819-2018-08-20-crystal-palace-liverpool,E0,Premier League,1819,2018/19,2018-08-20,,Crystal Palace,Liverpool,Crystal Palace,Liverpool,0,2,A,0,1,1,0,7,5,1.44
E0-1819-2018-08-25-bournemouth-everton,E0,Premier League,1819,2018/19,2018-08-25,,Bournemouth,Everton,Bournemouth,Everton,2,2,D,0,0,1,1,2.62,3.6,2.75
E0-1819-2018-08-25-huddersfield-cardiff,E0,Premier League,1819,2018/19,2018-08-25,,huddersfield,cardiff,Huddersfield,Cardiff,0,0,D,0,0,1,0,2.37,3,3.7
E0-1819-2018-08-25-southampton-leicester,E0,Premier League,1819,2018/19,2018-08-25,,Southampton,Leicester,Southampton,Leicester,1,2,A,0,0,1,0,2.45,3.2,3.25
E0-1819-2018-09-02-burnley-man-united,E0,Premier League,1819,2018/19,2018-09-02,,Burnley,Manchester United,Burnley,Man United,0,2,A,0,2,0,1,6,3.75,1.7
E0-1819-2018-09-15-bournemouth-leicester,E0,Premier League,1819,2018/19,2018-09-15,,Bournemouth,Leicester,Bournemouth,Leicester,4,2,H,3,0,0,1,2.45,3.5,3
E0-1819-2018-09-15-watford-man-united,E0,Premier League,1819,2018/19,2018-09-15,,watford,Manchester United,Watford,Man United,1,2,A,0,2,0,1,4.33,3.6,1.95
E0-1819-2018-10-06-leicester-everton,E0,Premier League,1819,2018/19,2018-10-06,,Leicester,Everton,Leicester,Everton,1,2,A,1,1,1,0,2.2,3.4,3.6
E0-1819-2018-10-06-tottenham-cardiff,E0,Premier League,1819,2018/19,2018-10-06,,Tottenham,cardiff,Tottenham,Cardiff,1,0,H,1,0,0,1,1.22,7,15
E0-1819-2018-10-06-watford-bournemouth,E0,Premier League,1819,2018/19,2018-10-06,,watford,Bournemouth,Watford,Bournemouth,0,4,A,0,3,1,0,2.14,3.6,3.5
E0-1819-2018-10-27-fulham-bournemouth,E0,Premier League,1819,2018/19,2018-10-27,,Fulham,Bournemouth,Fulham,Bournemouth,0,3,A,0,1,1,0,2.9,3.75,2.4
E0-1819-2018-10-27-leicester-west-ham,E0,Premier League,1819,2018/19,2018-10-27,,Leicester,West Ham,Leicester,West Ham,1,1,D,0,1,0,1,2.1,3.5,3.8
E0-1819-2018-11-10-cardiff-brighton,E0,Premier League,1819,2018/19,2018-11-10,,cardiff,Brighton,Cardiff,Brighton,2,1,H,1,1,0,1,2.6,3.1,3.1
E0-1819-2018-11-24-brighton-leicester,E0,Premier League,1819,2018/19,2018-11-24,,Brighton,Leicester,Brighton,Leicester,1,1,D,1,0,0,1,2.9,3.4,2.6
E0-1819-2018-11-24-watford-liverpool,E0,Premier League,1819,2018/19,2018-11-24,,watford,Liverpool,Watford,Liverpool,0,3,A,0,0,0,1,6.5,4.33,1.55
E0-1819-2018-12-01-huddersfield-brighton,E0,Premier League,1819,2018/19,2018-12-01,,huddersfield,Brighton,Huddersfield,Brighton,1,2,A,1,1,1,0,2.5,3,3.4
E0-1819-2018-12-01-leicester-watford,E0,Premier League,1819,2018/19,2018-12-01,,Leicester,watford,Leicester,Watford,2,0,H,2,0,0,1,2.25,3.3,3.6
E0-1819-2018-12-02-arsenal-tottenham,E0,Premier League,1819,2018/19,2018-12-02,,Arsenal,Tottenham,Arsenal,Tottenham,4,2,H,1,2,0,1,2.62,3.6,2.75
E0-1819-2018-12-04-brighton-crystal-palace,E0,Premier League,1819,2018/19,2018-12-04,,Brighton,Crystal Palace,Brighton,Crystal Palace,3,1,H,3,0,1,0,3,3.1,2.7
E0-1819-2018-12-08-man-united-fulham,E0,Premier League,1819,2018/19,2018-12-08,,Manchester United,Fulham,Man United,Fulham,4,1,H,3,0,0,1,1.33,5.75,10
E0-1819-2018-12-09-newcastle-wolves,E0,Premier League,1819,2018/19,2018-12-09,,Newcastle,Wolves,Newcastle,Wolves,1,2,A,1,1,1,0,2.9,3.2,2.7
E0-1819-2018-12-22-bournemouth-brighton,E0,Premier League,1819,2018/19,2018-12-22,,Bournemouth,Brighton,Bournemouth,Brighton,2,0,H,1,0,0,1,1.9,3.7,4.33
E0-1819-2018-12-26-leicester-man-city,E0,Premier League,1819,2018/19,2018-12-26,,Leicester,Manchester City,Leicester,Man City,2,1,H,1,1,0,1,9.5,5.25,1.36
E0-1819-2018-12-30-man-united-bournemouth,E0,Premier League,1819,2018/19,2018-12-30,,Manchester United,Bournemouth,Man United,Bournemouth,4,1,H,3,1,1,0,1.33,4.75,10
E0-1819-2018-12-30-southampton-man-city,E0,Premier League,1819,2018/19,2018-12-30,,Southampton,Manchester City,Southampton,Man City,1,3,A,1,3,1,0,10,5.25,1.3
E0-1819-2019-01-02-huddersfield-burnley,E0,Premier League,1819,2018/19,2019-01-02,,huddersfield,Burnley,Huddersfield,Burnley,1,2,A,1,1,1,1,2.14,3.1,4.2
E0-1819-2019-01-12-leicester-southampton,E0,Premier League,1819,2018/19,2019-01-12,,Leicester,Southampton,Leicester,Southampton,1,2,A,0,2,0,1,1.95,3.5,4.33
E0-1819-2019-01-14-man-city-wolves,E0,Premier League,1819,2018/19,2019-01-14,,Manchester City,Wolves,Man City,Wolves,3,0,H,2,0,0,1,1.18,8,17
E0-1819-2019-01-19-liverpool-crystal-palace,E0,Premier League,1819,2018/19,2019-01-19,,Liverpool,Crystal Palace,Liverpool,Crystal Palace,4,3,H,0,1,1,0,1.2,7.5,17
E0-1819-2019-01-29-huddersfield-everton,E0,Premier League,1819,2018/19,2019-01-29,,huddersfield,Everton,Huddersfield,Everton,0,1,A,0,1,0,1,4,3.3,2.1
E0-1819-2019-01-30-southampton-crystal-palace,E0,Premier League,1819,2018/19,2019-01-30,,Southampton,Crystal Palace,Southampton,Crystal Palace,1,1,D,0,1,0,1,2.4,3.4,3.2
E0-1819-2019-02-09-watford-everton,E0,Premier League,1819,2018/19,2019-02-09,,watford,Everton,Watford,Everton,1,0,H,0,0,0,1,2.35,3.5,3.2
E0-1819-2019-02-23-newcastle-huddersfield,E0,Premier League,1819,2018/19,2019-02-23,,Newcastle,huddersfield,Newcastle,Huddersfield,2,0,H,0,0,0,1,1.83,3.5,5.25
E0-1819-2019-03-02-tottenham-arsenal,E0,Premier League,1819,2018/19,2019-03-02,,Tottenham,Arsenal,Tottenham,Arsenal,1,1,D,0,1,0,1,2.05,3.7,3.75
E0-1819-2019-03-16-burnley-leicester,E0,Premier League,1819,2018/19,2019-03-16,,Burnley,Leicester,Burnley,Leicester,1,2,A,1,1,0,1,3.1,3.4,2.45
E0-1819-2019-04-02-wolves-man-united,E0,Premier League,1819,2018/19,2019-04-02,,Wolves,Manchester United,Wolves,Man United,2,1,H,1,1,0,1,4,3.6,2
E0-1819-2019-04-13-brighton-bournemouth,E0,Premier League,1819,2018/19,2019-04-13,,Brighton,Bournemouth,Brighton,Bournemouth,0,5,A,0,1,1,0,2.3,3.4,3.4
E0-1819-2019-04-15-watford-arsenal,E0,Premier League,1819,2018/19,2019-04-15,,watford,Arsenal,Watford,Arsenal,0,1,A,0,1,1,0,3.2,3.75,2.25
E0-1819-2019-04-28-leicester-arsenal,E0,Premier League,1819,2018/19,2019-04-28,,Leicester,Arsenal,Leicester,Arsenal,3,0,H,0,0,0,1,2.75,3.6,2.6
E0-1819-2019-05-04-bournemouth-tottenham,E0,Premier League,1819,2018/19,2019-05-04,,Bournemouth,Tottenham,Bournemouth,Tottenham,1,0,H,0,0,0,2,4,4,1.9
E0-1819-2019-05-12-watford-west-ham,E0,Premier League,1819,2018/19,2019-05-12,,watford,West Ham,Watford,West Ham,1,4,A,0,2,1,0,2.25,3.75,3.2
SP1-1819-2018-09-01-celta-ath-madrid,SP1,La Liga,1819,2018/19,2018-09-01,,celta,ath madrid,Celta,Ath Madrid,2,0,H,0,0,0,1,5.5,3.4,1.75
SP1-1819-2018-09-02-betis-sevilla,SP1,La Liga,1819,2018/19,2018-09-02,,betis,sevilla,Betis,Sevilla,1,0,H,0,0,0,1,2.8,3.5,2.45
SP1-1819-2018-09-02-levante-valencia,SP1,La Liga,1819,2018/19,2018-09-02,,levante,valencia,Levante,Valencia,2,2,D,2,1,1,0,3.75,3.4,2
SP1-1819-2018-09-17-girona-celta,SP1,La Liga,1819,2018/19,2018-09-17,,girona,celta,Girona,Celta,3,2,H,2,1,0,1,2.4,3.3,3
SP1-1819-2018-09-21-huesca-sociedad,SP1,La Liga,1819,2018/19,2018-09-21,,huesca,sociedad,Huesca,Sociedad,0,1,A,0,0,0,2,3.6,3.4,2.1
SP1-1819-2018-09-22-getafe-ath-madrid,SP1,La Liga,1819,2018/19,2018-09-22,,getafe,ath madrid,Getafe,Ath Madrid,0,2,A,0,1,1,0,5,3.3,1.8
SP1-1819-2018-09-22-vallecano-alaves,SP1,La Liga,1819,2018/19,2018-09-22,,vallecano,alaves,Vallecano,Alaves,1,5,A,1,2,1,0,2.04,3.4,3.6
SP1-1819-2018-09-23-barcelona-girona,SP1,La Liga,1819,2018/19,2018-09-23,,barcelona,girona,Barcelona,Girona,2,2,D,1,1,1,0,1.08,11,21
SP1-1819-2018-09-23-betis-ath-bilbao,SP1,La Liga,1819,2018/19,2018-09-23,,betis,ath bilbao,Betis,Ath Bilbao,2,2,D,0,2,0,1,2.14,3.3,3.6
SP1-1819-2018-09-23-villarreal-valencia,SP1,La Liga,1819,2018/19,2018-09-23,,villarreal,valencia,Villarreal,Valencia,0,0,D,0,0,0,1,2.25,3.25,3.3
SP1-1819-2018-09-27-valladolid-levante,SP1,La Liga,1819,2018/19,2018-09-27,,valladolid,levante,Valladolid,Levante,2,1,H,0,0,0,1,2.04,3.5,3.6
SP1-1819-2018-10-06-getafe-levante,SP1,La Liga,1819,2018/19,2018-10-06,,getafe,levante,Getafe,Levante,0,1,A,0,0,1,0,1.72,3.6,5.25
SP1-1819-2018-10-06-leganes-vallecano,SP1,La Liga,1819,2018/19,2018-10-06,,leganes,vallecano,Leganes,Vallecano,1,0,H,1,0,0,1,2,3.3,4
SP1-1819-2018-10-07-sevilla-celta,SP1,La Liga,1819,2018/19,2018-10-07,,sevilla,celta,Sevilla,Celta,2,1,H,1,0,0,1,1.53,4.33,6
SP1-1819-2018-10-21-vallecano-getafe,SP1,La Liga,1819,2018/19,2018-10-21,,vallecano,getafe,Vallecano,Getafe,1,2,A,0,0,1,0,2.9,3.3,2.5
SP1-1819-2018-10-27-girona-vallecano,SP1,La Liga,1819,2018/19,2018-10-27,,girona,vallecano,Girona,Vallecano,2,1,H,2,0,1,0,1.85,3.5,4.5
SP1-1819-2018-11-04-eibar-alaves,SP1,La Liga,1819,2018/19,2018-11-04,,eibar,alaves,Eibar,Alaves,2,1,H,0,1,1,1,2.04,3.3,3.9
SP1-1819-2018-11-10-ath-madrid-ath-bilbao,SP1,La Liga,1819,2018/19,2018-11-10,,ath madrid,ath bilbao,Ath Madrid,Ath Bilbao,3,2,H,0,1,0,1,1.44,4,9
SP1-1819-2018-11-10-getafe-valencia,SP1,La Liga,1819,2018/19,2018-11-10,,getafe,valencia,Getafe,Valencia,0,1,A,0,0,1,0,2.75,3.1,2.75
SP1-1819-2018-11-10-valladolid-eibar,SP1,La Liga,1819,2018/19,2018-11-10,,valladolid,eibar,Valladolid,Eibar,0,0,D,0,0,0,1,2.3,3.3,3.25
SP1-1819-2018-11-11-barcelona-betis,SP1,La Liga,1819,2018/19,2018-11-11,,barcelona,betis,Barcelona,Betis,3,4,A,0,2,1,0,1.18,7,13
SP1-1819-2018-11-11-celta-real-madrid,SP1,La Liga,1819,2018/19,2018-11-11,,celta,real madrid,Celta,Real Madrid,2,4,A,0,1,1,0,5,4.5,1.55
SP1-1819-2018-11-11-vallecano-villarreal,SP1,La Liga,1819,2018/19,2018-11-11,,vallecano,villarreal,Vallecano,Villarreal,2,2,D,1,1,0,1,3.1,3.4,2.25
SP1-1819-2018-11-24-huesca-levante,SP1,La Liga,1819,2018/19,2018-11-24,,huesca,levante,Huesca,Levante,2,2,D,1,1,1,0,2.25,3.4,3.25
SP1-1819-2018-11-24-valencia-vallecano,SP1,La Liga,1819,2018/19,2018-11-24,,valencia,vallecano,Valencia,Vallecano,3,0,H,1,0,0,1,1.44,4.5,7.5
SP1-1819-2018-12-03-levante-ath-bilbao,SP1,La Liga,1819,2018/19,2018-12-03,,levante,ath bilbao,Levante,Ath Bilbao,3,0,H,1,0,0,1,2.75,3.4,2.54
SP1-1819-2018-12-07-leganes-getafe,SP1,La Liga,1819,2018/19,2018-12-07,,leganes,getafe,Leganes,Getafe,1,1,D,0,1,1,0,2.62,2.9,3
SP1-1819-2018-12-16-huesca-villarreal,SP1,La Liga,1819,2018/19,2018-12-16,,huesca,villarreal,Huesca,Villarreal,2,2,D,1,0,0,1,3.5,3.2,2.14
SP1-1819-2018-12-16-levante-barcelona,SP1,La Liga,1819,2018/19,2018-12-16,,levante,barcelona,Levante,Barcelona,0,5,A,0,2,1,0,9,6.5,1.25
SP1-1819-2018-12-23-leganes-sevilla,SP1,La Liga,1819,2018/19,2018-12-23,,leganes,sevilla,Leganes,Sevilla,1,1,D,1,0,0,1,3.4,3.2,2.25
SP1-1819-2019-01-04-espanol-leganes,SP1,La Liga,1819,2018/19,2019-01-04,,espanol,leganes,Espanol,Leganes,1,0,H,1,0,0,1,2,3.3,4.2
SP1-1819-2019-01-04-levante-girona,SP1,La Liga,1819,2018/19,2019-01-04,,levante,girona,Levante,Girona,2,2,D,0,1,1,0,2.15,3.5,3.3
SP1-1819-2019-01-06-real-madrid-sociedad,SP1,La Liga,1819,2018/19,2019-01-06,,real madrid,sociedad,Real Madrid,Sociedad,0,2,A,0,1,1,0,1.33,6,7.5
SP1-1819-2019-01-14-sociedad-espanol,SP1,La Liga,1819,2018/19,2019-01-14,,sociedad,espanol,Sociedad,Espanol,3,2,H,2,2,1,0,2,3.3,4
SP1-1819-2019-01-26-ath-madrid-getafe,SP1,La Liga,1819,2018/19,2019-01-26,,ath madrid,getafe,Ath Madrid,Getafe,2,0,H,2,0,0,2,1.53,3.6,8
SP1-1819-2019-01-27-ath-bilbao-betis,SP1,La Liga,1819,2018/19,2019-01-27,,ath bilbao,betis,Ath Bilbao,Betis,1,0,H,1,0,1,0,2.1,3.3,3.5
SP1-1819-2019-01-27-espanol-real-madrid,SP1,La Liga,1819,2018/19,2019-01-27,,espanol,real madrid,Espanol,Real Madrid,2,4,A,1,3,0,1,4.2,4,1.8
SP1-1819-2019-01-27-girona-barcelona,SP1,La Liga,1819,2018/19,2019-01-27,,girona,barcelona,Girona,Barcelona,0,2,A,0,1,1,0,10,5.25,1.33
SP1-1819-2019-01-27-valladolid-celta,SP1,La Liga,1819,2018/19,2019-01-27,,valladolid,celta,Valladolid,Celta,2,1,H,0,1,0,1,2.4,3.2,3.1
SP1-1819-2019-02-04-vallecano-leganes,SP1,La Liga,1819,2018/19,2019-02-04,,vallecano,leganes,Vallecano,Leganes,1,2,A,0,1,0,1,2.37,3.25,3.1
SP1-1819-2019-02-09-ath-madrid-real-madrid,SP1,La Liga,1819,2018/19,2019-02-09,,ath madrid,real madrid,Ath Madrid,Real Madrid,1,3,A,1,2,1,0,2.37,3.25,3.1
SP1-1819-2019-02-09-getafe-celta,SP1,La Liga,1819,2018/19,2019-02-09,,getafe,celta,Getafe,Celta,3,1,H,1,1,0,1,1.9,3.4,4.33
SP1-1819-2019-02-09-girona-huesca,SP1,La Liga,1819,2018/19,2019-02-09,,girona,huesca,Girona,Huesca,0,2,A,0,2,1,0,2,3.3,4
SP1-1819-2019-02-10-ath-bilbao-barcelona,SP1,La Liga,1819,2018/19,2019-02-10,,ath bilbao,barcelona,Ath Bilbao,Barcelona,0,0,D,0,0,1,0,4.75,4,1.7
SP1-1819-2019-02-10-leganes-betis,SP1,La Liga,1819,2018/19,2019-02-10,,leganes,betis,Leganes,Betis,3,0,H,2,0,0,1,2.25,3,3.6
SP1-1819-2019-02-10-sevilla-eibar,SP1,La Liga,1819,2018/19,2019-02-10,,sevilla,eibar,Sevilla,Eibar,2,2,D,0,1,1,0,1.66,4,5
SP1-1819-2019-02-16-celta-levante,SP1,La Liga,1819,2018/19,2019-02-16,,celta,levante,Celta,Levante,1,4,A,0,2,1,0,1.8,3.8,4.5
SP1-1819-2019-02-17-real-madrid-girona,SP1,La Liga,1819,2018/19,2019-02-17,,real madrid,girona,Real Madrid,Girona,1,2,A,1,0,1,0,1.16,8,15
SP1-1819-2019-02-17-valencia-espanol,SP1,La Liga,1819,2018/19,2019-02-17,,valencia,espanol,Valencia,Espanol,0,0,D,0,0,0,1,1.72,3.7,4.8
SP1-1819-2019-02-24-levante-real-madrid,SP1,La Liga,1819,2018/19,2019-02-24,,levante,real madrid,Levante,Real Madrid,1,2,A,0,1,1,1,5.25,4.75,1.53
SP1-1819-2019-03-01-vallecano-girona,SP1,La Liga,1819,2018/19,2019-03-01,,vallecano,girona,Vallecano,Girona,0,2,A,0,1,1,0,2.25,3.4,3.2
SP1-1819-2019-03-03-sociedad-ath-madrid,SP1,La Liga,1819,2018/19,2019-03-03,,sociedad,ath madrid,Sociedad,Ath Madrid,0,2,A,0,2,0,1,4,3.25,2.05
SP1-1819-2019-03-10-girona-valencia,SP1,La Liga,1819,2018/19,2019-03-10,,girona,valencia,Girona,Valencia,2,3,A,1,1,0,1,3.3,3.2,2.35
SP1-1819-2019-03-10-valladolid-real-madrid,SP1,La Liga,1819,2018/19,2019-03-10,,valladolid,real madrid,Valladolid,Real Madrid,1,4,A,1,1,0,1,5,4.33,1.61
SP1-1819-2019-03-17-espanol-sevilla,SP1,La Liga,1819,2018/19,2019-03-17,,espanol,sevilla,Espanol,Sevilla,0,1,A,0,0,1,1,2.4,3.5,2.9
SP1-1819-2019-03-31-vallecano-betis,SP1,La Liga,1819,2018/19,2019-03-31,,vallecano,betis,Vallecano,Betis,1,1,D,1,0,1,0,2.75,3.5,2.45
SP1-1819-2019-04-02-villarreal-barcelona,SP1,La Liga,1819,2018/19,2019-04-02,,villarreal,barcelona,Villarreal,Barcelona,4,4,D,1,2,1,0,5.25,4.2,1.61
SP1-1819-2019-04-03-ath-bilbao-levante,SP1,La Liga,1819,2018/19,2019-04-03,,ath bilbao,levante,Ath Bilbao,Levante,3,2,H,2,0,0,1,1.61,4,5.5
SP1-1819-2019-04-06-barcelona-ath-madrid,SP1,La Liga,1819,2018/19,2019-04-06,,barcelona,ath madrid,Barcelona,Ath Madrid,2,0,H,0,0,0,1,1.75,3.6,5
SP1-1819-2019-04-07-celta-sociedad,SP1,La Liga,1819,2018/19,2019-04-07,,celta,sociedad,Celta,Sociedad,3,1,H,0,1,0,1,2.4,3.3,3
SP1-1819-2019-04-14-ath-bilbao-vallecano,SP1,La Liga,1819,2018/19,2019-04-14,,ath bilbao,vallecano,Ath Bilbao,Vallecano,3,2,H,1,1,0,1,1.6,4,5.5
SP1-1819-2019-04-14-valladolid-getafe,SP1,La Liga,1819,2018/19,2019-04-14,,valladolid,getafe,Valladolid,Getafe,2,2,D,1,1,0,1,3.2,2.9,2.55
SP1-1819-2019-04-21-betis-valencia,SP1,La Liga,1819,2018/19,2019-04-21,,betis,valencia,Betis,Valencia,1,2,A,0,1,0,1,3,3.3,2.4
SP1-1819-2019-04-21-getafe-sevilla,SP1,La Liga,1819,2018/19,2019-04-21,,getafe,sevilla,Getafe,Sevilla,3,0,H,2,0,1,1,3.1,3.4,2.3
SP1-1819-2019-04-21-levante-espanol,SP1,La Liga,1819,2018/19,2019-04-21,,levante,espanol,Levante,Espanol,2,2,D,0,1,1,0,2.3,3.5,3
SP1-1819-2019-04-28-girona-sevilla,SP1,La Liga,1819,2018/19,2019-04-28,,girona,sevilla,Girona,Sevilla,1,0,H,0,0,0,1,4.75,3.4,1.75
SP1-1819-2019-04-28-villarreal-huesca,SP1,La Liga,1819,2018/19,2019-04-28,,villarreal,huesca,Villarreal,Huesca,1,1,D,1,0,0,1,1.55,4,6.5
SP1-1819-2019-05-04-levante-vallecano,SP1,La Liga,1819,2018/19,2019-05-04,,levante,vallecano,Levante,Vallecano,4,1,H,2,0,0,1,1.95,3.8,3.6
SP1-1819-2019-05-05-getafe-girona,SP1,La Liga,1819,2018/19,2019-05-05,,getafe,girona,Getafe,Girona,2,0,H,1,0,0,1,1.8,3.6,4.75
SP1-1819-2019-05-12-betis-huesca,SP1,La Liga,1819,2018/19,2019-05-12,,betis,huesca,Betis,Huesca,2,1,H,1,0,0,1,1.55,4.33,5.75
SP1-1819-2019-05-12-leganes-espanol,SP1,La Liga,1819,2018/19,2019-05-12,,leganes,espanol,Leganes,Espanol,0,2,A,0,1,1,0,2.4,3.5,2.87
SP1-1819-2019-05-12-sociedad-real-madrid,SP1,La Liga,1819,2018/19,2019-05-12,,sociedad,real madrid,Sociedad,Real Madrid,3,1,H,1,1,0,1,3,3.6,2.3
SP1-1819-2019-05-18-levante-ath-madrid,SP1,La Liga,1819,2018/19,2019-05-18,,levante,ath madrid,Levante,Ath Madrid,2,2,D,2,0,0,1,3.75,3.75,1.95
D1-1819-2018-08-25-wolfsburg-schalke-04,D1,Bundesliga,1819,2018/19,2018-08-25,,wolfsburg,schalke 04,Wolfsburg,Schalke 04,2,1,H,1,0,0,1,3.1,3.3,2.37
D1-1819-2018-09-01-ein-frankfurt-werder-bremen,D1,Bundesliga,1819,2018/19,2018-09-01,,ein frankfurt,werder bremen,Ein Frankfurt,Werder Bremen,1,2,A,0,1,1,0,2.4,3.5,2.9
D1-1819-2018-09-02-schalke-04-hertha,D1,Bundesliga,1819,2018/19,2018-09-02,,schalke 04,hertha,Schalke 04,Hertha,0,2,A,0,1,1,0,1.75,3.6,5
D1-1819-2018-09-15-bayern-munich-leverkusen,D1,Bundesliga,1819,2018/19,2018-09-15,,bayern munich,leverkusen,Bayern Munich,Leverkusen,3,1,H,2,1,0,1,1.2,7,13
D1-1819-2018-09-16-freiburg-stuttgart,D1,Bundesliga,1819,2018/19,2018-09-16,,freiburg,stuttgart,Freiburg,Stuttgart,3,3,D,1,1,1,0,2.62,3.25,2.75
D1-1819-2018-09-22-hoffenheim-dortmund,D1,Bundesliga,1819,2018/19,2018-09-22,,hoffenheim,dortmund,Hoffenheim,Dortmund,1,1,D,1,0,0,1,2.62,3.75,2.4
D1-1819-2018-09-22-nurnberg-hannover,D1,Bundesliga,1819,2018/19,2018-09-22,,nurnberg,hannover,Nurnberg,Hannover,2,0,H,0,0,0,1,2.5,3.25,2.9
D1-1819-2018-09-29-stuttgart-werder-bremen,D1,Bundesliga,1819,2018/19,2018-09-29,,stuttgart,werder bremen,Stuttgart,Werder Bremen,2,1,H,1,0,0,1,2.7,3.25,2.7
D1-1819-2018-10-07-hoffenheim-ein-frankfurt,D1,Bundesliga,1819,2018/19,2018-10-07,,hoffenheim,ein frankfurt,Hoffenheim,Ein Frankfurt,1,2,A,0,1,0,1,1.72,3.8,4.75
D1-1819-2018-10-07-rb-leipzig-nurnberg,D1,Bundesliga,1819,2018/19,2018-10-07,,rb leipzig,nurnberg,RB Leipzig,Nurnberg,6,0,H,4,0,0,1,1.44,4.75,7
D1-1819-2018-10-20-leverkusen-hannover,D1,Bundesliga,1819,2018/19,2018-10-20,,leverkusen,hannover,Leverkusen,Hannover,2,2,D,1,1,0,1,1.5,4.33,6.5
D1-1819-2018-10-20-wolfsburg-bayern-munich,D1,Bundesliga,1819,2018/19,2018-10-20,,wolfsburg,bayern munich,Wolfsburg,Bayern Munich,1,3,A,0,1,0,1,8.5,5,1.36
D1-1819-2018-10-27-hoffenheim-stuttgart,D1,Bundesliga,1819,2018/19,2018-10-27,,hoffenheim,stuttgart,Hoffenheim,Stuttgart,4,0,H,0,0,0,1,1.57,4.33,5.5
D1-1819-2018-11-10-fortuna-dusseldorf-hertha,D1,Bundesliga,1819,2018/19,2018-11-10,,fortuna dusseldorf,hertha,Fortuna Dusseldorf,Hertha,4,1,H,0,0,0,1,3.6,3.4,2.1
D1-1819-2018-11-24-schalke-04-nurnberg,D1,Bundesliga,1819,2018/19,2018-11-24,,schalke 04,nurnberg,Schalke 04,Nurnberg,5,2,H,2,1,0,1,1.53,4,7
D1-1819-2018-12-01-werder-bremen-bayern-munich,D1,Bundesliga,1819,2018/19,2018-12-01,,werder bremen,bayern munich,Werder Bremen,Bayern Munich,1,2,A,1,1,1,0,7,5.25,1.4
D1-1819-2018-12-09-mainz-hannover,D1,Bundesliga,1819,2018/19,2018-12-09,,mainz,hannover,Mainz,Hannover,1,1,D,0,1,0,1,1.9,3.6,4
D1-1819-2018-12-09-m-gladbach-stuttgart,D1,Bundesliga,1819,2018/19,2018-12-09,,m gladbach,stuttgart,M'gladbach,Stuttgart,3,0,H,0,0,0,1,1.44,4.33,7
D1-1819-2018-12-19-bayern-munich-rb-leipzig,D1,Bundesliga,1819,2018/19,2018-12-19,,bayern munich,rb leipzig,Bayern Munich,RB Leipzig,1,0,H,0,0,1,1,1.36,5.25,8
D1-1819-2019-02-02-schalke-04-m-gladbach,D1,Bundesliga,1819,2018/19,2019-02-02,,schalke 04,m gladbach,Schalke 04,M'gladbach,0,2,A,0,0,1,0,2.4,3.4,3
D1-1819-2019-02-03-stuttgart-freiburg,D1,Bundesliga,1819,2018/19,2019-02-03,,stuttgart,freiburg,Stuttgart,Freiburg,2,2,D,0,1,1,0,2.15,3.4,3.4
D1-1819-2019-02-09-hannover-nurnberg,D1,Bundesliga,1819,2018/19,2019-02-09,,hannover,nurnberg,Hannover,Nurnberg,2,0,H,1,0,0,1,2.2,3.4,3.25
D1-1819-2019-02-10-fortuna-dusseldorf-stuttgart,D1,Bundesliga,1819,2018/19,2019-02-10,,fortuna dusseldorf,stuttgart,Fortuna Dusseldorf,Stuttgart,3,0,H,1,0,0,1,2.1,3.5,3.5
D1-1819-2019-02-16-schalke-04-freiburg,D1,Bundesliga,1819,2018/19,2019-02-16,,schalke 04,freiburg,Schalke 04,Freiburg,0,0,D,0,0,1,1,1.7,3.75,5.25
D1-1819-2019-02-23-bayern-munich-hertha,D1,Bundesliga,1819,2018/19,2019-02-23,,bayern munich,hertha,Bayern Munich,Hertha,1,0,H,0,0,0,1,1.18,7,17
D1-1819-2019-02-23-fortuna-dusseldorf-nurnberg,D1,Bundesliga,1819,2018/19,2019-02-23,,fortuna dusseldorf,nurnberg,Fortuna Dusseldorf,Nurnberg,2,1,H,0,1,0,1,1.72,3.75,5
D1-1819-2019-02-23-freiburg-augsburg,D1,Bundesliga,1819,2018/19,2019-02-23,,freiburg,augsburg,Freiburg,Augsburg,5,1,H,3,0,0,1,2.15,3.5,3.3
D1-1819-2019-03-02-ein-frankfurt-hoffenheim,D1,Bundesliga,1819,2018/19,2019-03-02,,ein frankfurt,hoffenheim,Ein Frankfurt,Hoffenheim,3,2,H,1,1,0,1,2.37,3.75,2.8
D1-1819-2019-03-16-hertha-dortmund,D1,Bundesliga,1819,2018/19,2019-03-16,,hertha,dortmund,Hertha,Dortmund,2,3,A,2,1,2,0,4.2,3.75,1.85
D1-1819-2019-04-06-schalke-04-ein-frankfurt,D1,Bundesliga,1819,2018/19,2019-04-06,,schalke 04,ein frankfurt,Schalke 04,Ein Frankfurt,1,2,A,1,1,1,0,3.3,3.5,2.15
D1-1819-2019-04-13-stuttgart-leverkusen,D1,Bundesliga,1819,2018/19,2019-04-13,,stuttgart,leverkusen,Stuttgart,Leverkusen,0,1,A,0,0,1,0,4.2,4.2,1.75
D1-1819-2019-04-14-ein-frankfurt-augsburg,D1,Bundesliga,1819,2018/19,2019-04-14,,ein frankfurt,augsburg,Ein Frankfurt,Augsburg,1,3,A,1,2,1,0,1.45,4.5,6.5
D1-1819-2019-04-20-bayern-munich-werder-bremen,D1,Bundesliga,1819,2018/19,2019-04-20,,bayern munich,werder bremen,Bayern Munich,Werder Bremen,1,0,H,0,0,0,1,1.14,8,19
D1-1819-2019-04-27-dortmund-schalke-04,D1,Bundesliga,1819,2018/19,2019-04-27,,dortmund,schalke 04,Dortmund,Schalke 04,2,4,A,1,2,2,0,1.3,5.5,9
D1-1819-2019-04-27-ein-frankfurt-hertha,D1,Bundesliga,1819,2018/19,2019-04-27,,ein frankfurt,hertha,Ein Frankfurt,Hertha,0,0,D,0,0,0,1,1.4,4.75,7
D1-1819-2019-05-04-bayern-munich-hannover,D1,Bundesliga,1819,2018/19,2019-05-04,,bayern munich,hannover,Bayern Munich,Hannover,3,1,H,2,0,0,1,1.03,21,34
D1-1819-2019-05-05-freiburg-fortuna-dusseldorf,D1,Bundesliga,1819,2018/19,2019-05-05,,freiburg,fortuna dusseldorf,Freiburg,Fortuna Dusseldorf,1,1,D,1,1,1,0,2.1,3.75,3.2
D1-1819-2019-05-11-dortmund-fortuna-dusseldorf,D1,Bundesliga,1819,2018/19,2019-05-11,,dortmund,fortuna dusseldorf,Dortmund,Fortuna Dusseldorf,3,2,H,1,0,0,1,1.3,6,8.5
D1-1819-2019-05-18-mainz-hoffenheim,D1,Bundesliga,1819,2018/19,2019-05-18,,mainz,hoffenheim,Mainz,Hoffenheim,4,2,H,0,2,0,1,4.2,4.75,1.65
I1-1819-2018-08-19-bologna-spal,I1,Serie A,1819,2018/19,2018-08-19,,bologna,spal,Bologna,Spal,0,1,A,0,0,1,0,2.25,3.2,3.4
I1-1819-2018-08-26-cagliari-sassuolo,I1,Serie A,1819,2018/19,2018-08-26,,cagliari,sassuolo,Cagliari,Sassuolo,2,2,D,1,0,0,1,2.45,3.3,2.9
I1-1819-2018-09-16-genoa-bologna,I1,Serie A,1819,2018/19,2018-09-16,,genoa,bologna,Genoa,Bologna,1,0,H,0,0,0,1,1.9,3.25,4.5
I1-1819-2018-09-16-juventus-sassuolo,I1,Serie A,1819,2018/19,2018-09-16,,juventus,sassuolo,Juventus,Sassuolo,2,1,H,0,0,1,0,1.2,7,13
I1-1819-2018-09-21-sassuolo-empoli,I1,Serie A,1819,2018/19,2018-09-21,,sassuolo,empoli,Sassuolo,Empoli,3,1,H,1,1,0,1,2.1,3.3,3.6
I1-1819-2018-09-29-juventus-napoli,I1,Serie A,1819,2018/19,2018-09-29,,juventus,napoli,Juventus,Napoli,3,1,H,1,1,0,1,1.8,3.6,4.75
I1-1819-2018-10-07-napoli-sassuolo,I1,Serie A,1819,2018/19,2018-10-07,,napoli,sassuolo,Napoli,Sassuolo,2,0,H,1,0,0,1,1.33,5.25,9
I1-1819-2018-10-20-roma-spal,I1,Serie A,1819,2018/19,2018-10-20,,roma,spal,Roma,Spal,0,2,A,0,1,0,1,1.33,5.5,8.5
I1-1819-2018-10-21-chievo-atalanta,I1,Serie A,1819,2018/19,2018-10-21,,chievo,atalanta,Chievo,Atalanta,1,5,A,0,2,1,0,6,4,1.57
I1-1819-2018-10-28-genoa-udinese,I1,Serie A,1819,2018/19,2018-10-28,,genoa,udinese,Genoa,Udinese,2,2,D,1,0,1,0,2.1,3.2,3.8
I1-1819-2018-11-04-chievo-sassuolo,I1,Serie A,1819,2018/19,2018-11-04,,chievo,sassuolo,Chievo,Sassuolo,0,2,A,0,1,1,0,3.6,3.4,2.1
I1-1819-2018-11-04-parma-frosinone,I1,Serie A,1819,2018/19,2018-11-04,,parma,frosinone,Parma,Frosinone,0,0,D,0,0,1,0,1.95,3.5,4
I1-1819-2018-11-04-udinese-milan,I1,Serie A,1819,2018/19,2018-11-04,,udinese,milan,Udinese,Milan,0,1,A,0,0,1,0,4.2,3.5,1.9
I1-1819-2018-11-11-atalanta-inter,I1,Serie A,1819,2018/19,2018-11-11,,atalanta,inter,Atalanta,Inter,4,1,H,1,0,0,1,2.75,3.3,2.6
I1-1819-2018-11-11-milan-juventus,I1,Serie A,1819,2018/19,2018-11-11,,milan,juventus,Milan,Juventus,0,2,A,0,1,1,0,4.75,3.75,1.72
I1-1819-2018-11-25-empoli-atalanta,I1,Serie A,1819,2018/19,2018-11-25,,empoli,atalanta,Empoli,Atalanta,3,2,H,1,2,0,1,5.25,4,1.66
I1-1819-2018-12-01-spal-empoli,I1,Serie A,1819,2018/19,2018-12-01,,spal,empoli,Spal,Empoli,2,2,D,1,2,1,0,2.4,3.3,3
I1-1819-2018-12-02-frosinone-cagliari,I1,Serie A,1819,2018/19,2018-12-02,,frosinone,cagliari,Frosinone,Cagliari,1,1,D,1,0,0,1,3,3.3,2.4
I1-1819-2018-12-02-torino-genoa,I1,Serie A,1819,2018/19,2018-12-02,,torino,genoa,Torino,Genoa,2,1,H,2,1,0,1,1.75,3.75,4.75
I1-1819-2018-12-08-cagliari-roma,I1,Serie A,1819,2018/19,2018-12-08,,cagliari,roma,Cagliari,Roma,2,2,D,0,2,2,0,4.5,3.6,1.83
I1-1819-2018-12-08-lazio-sampdoria,I1,Serie A,1819,2018/19,2018-12-08,,lazio,sampdoria,Lazio,Sampdoria,2,2,D,0,1,0,1,1.44,4.75,7
I1-1819-2018-12-09-genoa-spal,I1,Serie A,1819,2018/19,2018-12-09,,genoa,spal,Genoa,Spal,1,1,D,1,1,1,0,2,3.3,4
I1-1819-2018-12-09-parma-chievo,I1,Serie A,1819,2018/19,2018-12-09,,parma,chievo,Parma,Chievo,1,1,D,0,0,0,1,2.04,3.3,3.8
I1-1819-2018-12-09-sassuolo-fiorentina,I1,Serie A,1819,2018/19,2018-12-09,,sassuolo,fiorentina,Sassuolo,Fiorentina,3,3,D,0,0,1,1,2.8,3.2,2.6
I1-1819-2018-12-18-bologna-milan,I1,Serie A,1819,2018/19,2018-12-18,,bologna,milan,Bologna,Milan,0,0,D,0,0,0,1,4.2,3.4,1.95
I1-1819-2018-12-22-genoa-atalanta,I1,Serie A,1819,2018/19,2018-12-22,,genoa,atalanta,Genoa,Atalanta,3,1,H,1,0,0,2,4,3.6,1.9
I1-1819-2018-12-26-atalanta-juventus,I1,Serie A,1819,2018/19,2018-12-26,,atalanta,juventus,Atalanta,Juventus,2,2,D,1,1,0,1,4.75,3.5,1.8
I1-1819-2018-12-26-fiorentina-parma,I1,Serie A,1819,2018/19,2018-12-26,,fiorentina,parma,Fiorentina,Parma,0,1,A,0,1,1,0,1.6,3.8,6
I1-1819-2018-12-26-inter-napoli,I1,Serie A,1819,2018/19,2018-12-26,,inter,napoli,Inter,Napoli,1,0,H,0,0,0,2,2.75,3.3,2.62
I1-1819-2018-12-26-torino-empoli,I1,Serie A,1819,2018/19,2018-12-26,,torino,empoli,Torino,Empoli,3,0,H,1,0,0,1,1.7,3.8,5
I1-1819-2018-12-29-chievo-frosinone,I1,Serie A,1819,2018/19,2018-12-29,,chievo,frosinone,Chievo,Frosinone,1,0,H,0,0,0,1,2.3,3,3.4
I1-1819-2018-12-29-lazio-torino,I1,Serie A,1819,2018/19,2018-12-29,,lazio,torino,Lazio,Torino,1,1,D,0,1,1,1,1.75,3.6,4.6
I1-1819-2018-12-29-milan-spal,I1,Serie A,1819,2018/19,2018-12-29,,milan,spal,Milan,Spal,2,1,H,1,1,1,0,1.5,4,7
I1-1819-2018-12-29-udinese-cagliari,I1,Serie A,1819,2018/19,2018-12-29,,udinese,cagliari,Udinese,Cagliari,2,0,H,1,0,1,1,2.3,3.1,3.2
I1-1819-2019-01-20-fiorentina-sampdoria,I1,Serie A,1819,2018/19,2019-01-20,,fiorentina,sampdoria,Fiorentina,Sampdoria,3,3,D,1,1,1,0,1.8,3.6,4.5
I1-1819-2019-01-20-napoli-lazio,I1,Serie A,1819,2018/19,2019-01-20,,napoli,lazio,Napoli,Lazio,2,1,H,2,0,0,1,1.9,3.6,4
I1-1819-2019-01-26-milan-napoli,I1,Serie A,1819,2018/19,2019-01-26,,milan,napoli,Milan,Napoli,0,0,D,0,0,0,1,3.75,3.5,2
I1-1819-2019-01-27-bologna-frosinone,I1,Serie A,1819,2018/19,2019-01-27,,bologna,frosinone,Bologna,Frosinone,0,4,A,0,2,1,0,1.65,3.75,5.5
I1-1819-2019-01-27-chievo-fiorentina,I1,Serie A,1819,2018/19,2019-01-27,,chievo,fiorentina,Chievo,Fiorentina,3,4,A,1,2,0,1,4.5,3.5,1.83
I1-1819-2019-01-27-torino-inter,I1,Serie A,1819,2018/19,2019-01-27,,torino,inter,Torino,Inter,1,0,H,1,0,0,1,3.6,3.3,2.1
I1-1819-2019-02-03-spal-torino,I1,Serie A,1819,2018/19,2019-02-03,,spal,torino,Spal,Torino,0,0,D,0,0,0,1,3.7,3.25,2.15
I1-1819-2019-02-10-torino-udinese,I1,Serie A,1819,2018/19,2019-02-10,,torino,udinese,Torino,Udinese,1,0,H,1,0,0,1,1.72,3.6,5.25
I1-1819-2019-02-16-cagliari-parma,I1,Serie A,1819,2018/19,2019-02-16,,cagliari,parma,Cagliari,Parma,2,1,H,0,1,1,0,2,3.3,4
I1-1819-2019-02-24-sassuolo-spal,I1,Serie A,1819,2018/19,2019-02-24,,sassuolo,spal,Sassuolo,Spal,1,1,D,1,0,1,0,1.95,3.4,4
I1-1819-2019-03-02-lazio-roma,I1,Serie A,1819,2018/19,2019-03-02,,lazio,roma,Lazio,Roma,3,0,H,1,0,0,1,2.37,3.5,3
I1-1819-2019-03-02-milan-sassuolo,I1,Serie A,1819,2018/19,2019-03-02,,milan,sassuolo,Milan,Sassuolo,1,0,H,1,0,0,1,1.5,4.2,7
I1-1819-2019-03-03-genoa-frosinone,I1,Serie A,1819,2018/19,2019-03-03,,genoa,frosinone,Genoa,Frosinone,0,0,D,0,0,0,1,1.66,3.6,5.75
I1-1819-2019-03-03-napoli-juventus,I1,Serie A,1819,2018/19,2019-03-03,,napoli,juventus,Napoli,Juventus,1,2,A,0,2,1,1,2.3,3.2,3.2
I1-1819-2019-03-03-spal-sampdoria,I1,Serie A,1819,2018/19,2019-03-03,,spal,sampdoria,Spal,Sampdoria,1,2,A,0,2,1,0,2.8,3.1,2.7
I1-1819-2019-03-11-roma-empoli,I1,Serie A,1819,2018/19,2019-03-11,,roma,empoli,Roma,Empoli,2,1,H,2,1,1,0,1.53,4.5,5.75
I1-1819-2019-03-16-torino-bologna,I1,Serie A,1819,2018/19,2019-03-16,,torino,bologna,Torino,Bologna,2,3,A,1,2,1,1,1.95,3.2,4.5
I1-1819-2019-03-29-chievo-cagliari,I1,Serie A,1819,2018/19,2019-03-29,,chievo,cagliari,Chievo,Cagliari,0,3,A,0,3,1,0,2.7,3,2.87
I1-1819-2019-04-03-genoa-inter,I1,Serie A,1819,2018/19,2019-04-03,,genoa,inter,Genoa,Inter,0,4,A,0,2,1,0,4,3.25,2.05
I1-1819-2019-04-07-napoli-genoa,I1,Serie A,1819,2018/19,2019-04-07,,napoli,genoa,Napoli,Genoa,1,1,D,1,1,0,1,1.25,5.5,14
I1-1819-2019-04-07-udinese-empoli,I1,Serie A,1819,2018/19,2019-04-07,,udinese,empoli,Udinese,Empoli,3,2,H,3,2,1,0,2.3,3.1,3.25
I1-1819-2019-04-08-bologna-chievo,I1,Serie A,1819,2018/19,2019-04-08,,bologna,chievo,Bologna,Chievo,3,0,H,0,0,0,1,1.5,4,7
I1-1819-2019-04-14-sampdoria-genoa,I1,Serie A,1819,2018/19,2019-04-14,,sampdoria,genoa,Sampdoria,Genoa,2,0,H,1,0,0,1,2.4,3.1,3.2
I1-1819-2019-04-14-torino-cagliari,I1,Serie A,1819,2018/19,2019-04-14,,torino,cagliari,Torino,Cagliari,1,1,D,0,0,1,2,1.85,3.4,4.75
I1-1819-2019-04-20-cagliari-frosinone,I1,Serie A,1819,2018/19,2019-04-20,,cagliari,frosinone,Cagliari,Frosinone,1,0,H,1,0,1,0,1.95,3.2,4.2
I1-1819-2019-04-20-lazio-chievo,I1,Serie A,1819,2018/19,2019-04-20,,lazio,chievo,Lazio,Chievo,1,2,A,0,0,2,0,1.18,7,17
I1-1819-2019-04-28-sampdoria-lazio,I1,Serie A,1819,2018/19,2019-04-28,,sampdoria,lazio,Sampdoria,Lazio,1,2,A,0,2,1,0,3,3.4,2.3
I1-1819-2019-04-28-torino-milan,I1,Serie A,1819,2018/19,2019-04-28,,torino,milan,Torino,Milan,2,0,H,0,0,0,1,2.75,3.2,2.55
I1-1819-2019-05-05-empoli-fiorentina,I1,Serie A,1819,2018/19,2019-05-05,,empoli,fiorentina,Empoli,Fiorentina,1,0,H,0,0,0,1,2.3,3.6,3
I1-1819-2019-05-05-napoli-cagliari,I1,Serie A,1819,2018/19,2019-05-05,,napoli,cagliari,Napoli,Cagliari,2,1,H,0,0,0,1,1.25,6.25,11
I1-1819-2019-05-05-parma-sampdoria,I1,Serie A,1819,2018/19,2019-05-05,,parma,sampdoria,Parma,Sampdoria,3,3,D,1,2,1,1,3,3.2,2.45
I1-1819-2019-05-06-milan-bologna,I1,Serie A,1819,2018/19,2019-05-06,,milan,bologna,Milan,Bologna,2,1,H,1,0,1,2,1.65,3.75,5.5
I1-1819-2019-05-12-torino-sassuolo,I1,Serie A,1819,2018/19,2019-05-12,,torino,sassuolo,Torino,Sassuolo,3,2,H,0,1,0,1,1.53,4.5,5.75
I1-1819-2019-05-13-bologna-parma,I1,Serie A,1819,2018/19,2019-05-13,,bologna,parma,Bologna,Parma,4,1,H,0,0,0,1,1.83,3.25,5
I1-1819-2019-05-13-inter-chievo,I1,Serie A,1819,2018/19,2019-05-13,,inter,chievo,Inter,Chievo,2,0,H,1,0,0,1,1.14,8,19
I1-1819-2019-05-18-genoa-cagliari,I1,Serie A,1819,2018/19,2019-05-18,,genoa,cagliari,Genoa,Cagliari,1,1,D,0,1,1,0,1.55,4,6.5
I1-1819-2019-05-19-chievo-sampdoria,I1,Serie A,1819,2018/19,2019-05-19,,chievo,sampdoria,Chievo,Sampdoria,0,0,D,0,0,1,0,3.8,3.8,1.9
I1-1819-2019-05-19-juventus-atalanta,I1,Serie A,1819,2018/19,2019-05-19,,juventus,atalanta,Juventus,Atalanta,1,1,D,0,1,1,0,2.45,3,3.25
I1-1819-2019-05-26-atalanta-sassuolo,I1,Serie A,1819,2018/19,2019-05-26,,atalanta,sassuolo,Atalanta,Sassuolo,3,1,H,1,1,0,2,1.2,7,11
I1-1819-2019-05-26-inter-empoli,I1,Serie A,1819,2018/19,2019-05-26,,inter,empoli,Inter,Empoli,2,1,H,0,0,1,1,1.36,5,8
F1-1819-2018-08-11-angers-nimes,F1,Ligue 1,1819,2018/19,2018-08-11,,angers,nimes,Angers,Nimes,3,4,A,1,1,0,1,2.3,3.2,3.3
F1-1819-2018-08-12-bordeaux-strasbourg,F1,Ligue 1,1819,2018/19,2018-08-12,,bordeaux,strasbourg,Bordeaux,Strasbourg,0,2,A,0,0,1,0,1.7,3.6,5
F1-1819-2018-08-18-dijon-nantes,F1,Ligue 1,1819,2018/19,2018-08-18,,dijon,nantes,Dijon,Nantes,2,0,H,1,0,0,1,2.6,3.25,2.8
F1-1819-2018-08-19-strasbourg-st-etienne,F1,Ligue 1,1819,2018/19,2018-08-19,,strasbourg,st etienne,Strasbourg,St Etienne,1,1,D,0,0,0,1,2.6,3.2,2.8
F1-1819-2018-08-25-amiens-reims,F1,Ligue 1,1819,2018/19,2018-08-25,,amiens,reims,Amiens,Reims,4,1,H,1,0,0,1,2.6,3.25,2.8
F1-1819-2018-08-25-nantes-caen,F1,Ligue 1,1819,2018/19,2018-08-25,,nantes,caen,Nantes,Caen,1,1,D,0,1,0,1,1.95,3.25,4.33
F1-1819-2018-08-26-lille-guingamp,F1,Ligue 1,1819,2018/19,2018-08-26,,lille,guingamp,Lille,Guingamp,3,0,H,2,0,0,1,2,3.4,3.9
F1-1819-2018-09-01-angers-lille,F1,Ligue 1,1819,2018/19,2018-09-01,,angers,lille,Angers,Lille,1,0,H,0,0,1,0,2.45,3.25,3
F1-1819-2018-09-01-guingamp-toulouse,F1,Ligue 1,1819,2018/19,2018-09-01,,guingamp,toulouse,Guingamp,Toulouse,1,2,A,1,2,0,1,2.04,3.4,3.75
F1-1819-2018-09-01-nimes-paris-sg,F1,Ligue 1,1819,2018/19,2018-09-01,,nimes,paris sg,Nimes,Paris SG,2,4,A,0,2,1,1,11,7,1.22
F1-1819-2018-09-15-caen-lyon,F1,Ligue 1,1819,2018/19,2018-09-15,,caen,lyon,Caen,Lyon,2,2,D,0,1,2,0,5.5,3.75,1.64
F1-1819-2018-09-23-lyon-marseille,F1,Ligue 1,1819,2018/19,2018-09-23,,lyon,marseille,Lyon,Marseille,4,2,H,1,1,0,1,1.95,3.5,3.8
F1-1819-2018-09-26-amiens-rennes,F1,Ligue 1,1819,2018/19,2018-09-26,,amiens,rennes,Amiens,Rennes,2,1,H,0,0,0,1,3.25,3.1,2.4
F1-1819-2018-09-26-bordeaux-lille,F1,Ligue 1,1819,2018/19,2018-09-26,,bordeaux,lille,Bordeaux,Lille,1,0,H,1,0,0,1,2.45,3.2,3
F1-1819-2018-09-26-caen-montpellier,F1,Ligue 1,1819,2018/19,2018-09-26,,caen,montpellier,Caen,Montpellier,2,2,D,1,1,0,1,3,3,2.6
F1-1819-2018-09-26-dijon-lyon,F1,Ligue 1,1819,2018/19,2018-09-26,,dijon,lyon,Dijon,Lyon,0,3,A,0,3,1,1,5.75,4.2,1.57
F1-1819-2018-09-26-marseille-strasbourg,F1,Ligue 1,1819,2018/19,2018-09-26,,marseille,strasbourg,Marseille,Strasbourg,3,2,H,2,1,1,0,1.44,4.5,7.5
F1-1819-2018-09-29-caen-amiens,F1,Ligue 1,1819,2018/19,2018-09-29,,caen,amiens,Caen,Amiens,1,0,H,1,0,0,1,2.14,3.25,3.6
F1-1819-2018-09-29-nice-paris-sg,F1,Ligue 1,1819,2018/19,2018-09-29,,nice,paris sg,Nice,Paris SG,0,3,A,0,1,1,0,7.5,5.5,1.36
F1-1819-2018-09-30-rennes-toulouse,F1,Ligue 1,1819,2018/19,2018-09-30,,rennes,toulouse,Rennes,Toulouse,1,1,D,0,0,0,1,1.95,3.5,4
F1-1819-2018-10-06-guingamp-montpellier,F1,Ligue 1,1819,2018/19,2018-10-06,,guingamp,montpellier,Guingamp,Montpellier,1,1,D,0,1,1,1,2.8,3.1,2.7
F1-1819-2018-10-07-monaco-rennes,F1,Ligue 1,1819,2018/19,2018-10-07,,monaco,rennes,Monaco,Rennes,1,2,A,0,1,1,0,2,3.5,3.75
F1-1819-2018-10-07-paris-sg-lyon,F1,Ligue 1,1819,2018/19,2018-10-07,,paris sg,lyon,Paris SG,Lyon,5,0,H,1,0,1,1,1.33,5.5,8.5
F1-1819-2018-10-20-strasbourg-monaco,F1,Ligue 1,1819,2018/19,2018-10-20,,strasbourg,monaco,Strasbourg,Monaco,2,1,H,1,0,0,1,2.7,3.25,2.7
F1-1819-2018-10-27-angers-lyon,F1,Ligue 1,1819,2018/19,2018-10-27,,angers,lyon,Angers,Lyon,1,2,A,0,0,1,0,3.8,3.6,1.95
F1-1819-2018-11-03-reims-monaco,F1,Ligue 1,1819,2018/19,2018-11-03,,reims,monaco,Reims,Monaco,1,0,H,1,0,1,1,2.5,3.3,2.87
F1-1819-2018-11-10-nimes-nice,F1,Ligue 1,1819,2018/19,2018-11-10,,nimes,nice,Nimes,Nice,0,1,A,0,0,2,0,2.3,3.25,3.25
F1-1819-2018-11-23-lyon-st-etienne,F1,Ligue 1,1819,2018/19,2018-11-23,,lyon,st etienne,Lyon,St Etienne,1,0,H,0,0,1,0,1.57,4.2,5.75
F1-1819-2018-11-24-strasbourg-nimes,F1,Ligue 1,1819,2018/19,2018-11-24,,strasbourg,nimes,Strasbourg,Nimes,0,1,A,0,0,1,0,2.1,3.4,3.6
F1-1819-2018-12-02-toulouse-dijon,F1,Ligue 1,1819,2018/19,2018-12-02,,toulouse,dijon,Toulouse,Dijon,2,2,D,0,1,1,0,2,3.4,3.75
F1-1819-2018-12-04-amiens-monaco,F1,Ligue 1,1819,2018/19,2018-12-04,,amiens,monaco,Amiens,Monaco,0,2,A,0,1,1,0,2.9,3.3,2.45
F1-1819-2018-12-04-nice-angers,F1,Ligue 1,1819,2018/19,2018-12-04,,nice,angers,Nice,Angers,0,0,D,0,0,0,1,2,3.2,4.2
F1-1819-2018-12-05-dijon-guingamp,F1,Ligue 1,1819,2018/19,2018-12-05,,dijon,guingamp,Dijon,Guingamp,2,1,H,1,0,1,0,2.25,3.25,3.4
F1-1819-2018-12-05-reims-toulouse,F1,Ligue 1,1819,2018/19,2018-12-05,,reims,toulouse,Reims,Toulouse,0,1,A,0,1,0,1,1.95,3.2,4.5
F1-1819-2018-12-08-guingamp-amiens,F1,Ligue 1,1819,2018/19,2018-12-08,,guingamp,amiens,Guingamp,Amiens,1,2,A,0,0,1,0,2,3.2,4.2
F1-1819-2018-12-16-lyon-monaco,F1,Ligue 1,1819,2018/19,2018-12-16,,lyon,monaco,Lyon,Monaco,3,0,H,2,0,0,1,1.44,4.75,7
F1-1819-2018-12-16-nice-st-etienne,F1,Ligue 1,1819,2018/19,2018-12-16,,nice,st etienne,Nice,St Etienne,1,1,D,0,0,1,1,2.25,3.1,3.5
F1-1819-2018-12-16-nimes-lille,F1,Ligue 1,1819,2018/19,2018-12-16,,nimes,lille,Nimes,Lille,2,3,A,0,2,0,1,2.5,3,3.2
F1-1819-2019-01-08-nantes-montpellier,F1,Ligue 1,1819,2018/19,2019-01-08,,nantes,montpellier,Nantes,Montpellier,2,0,H,0,0,0,1,2.6,3.1,2.9
F1-1819-2019-01-11-caen-lille,F1,Ligue 1,1819,2018/19,2019-01-11,,caen,lille,Caen,Lille,1,3,A,0,2,0,1,3.8,3.25,2.1
F1-1819-2019-01-12-amiens-paris-sg,F1,Ligue 1,1819,2018/19,2019-01-12,,amiens,paris sg,Amiens,Paris SG,0,3,A,0,0,1,0,17,7.5,1.16
F1-1819-2019-01-16-monaco-nice,F1,Ligue 1,1819,2018/19,2019-01-16,,monaco,nice,Monaco,Nice,1,1,D,0,1,0,1,2.3,3.2,3.3
F1-1819-2019-01-19-monaco-strasbourg,F1,Ligue 1,1819,2018/19,2019-01-19,,monaco,strasbourg,Monaco,Strasbourg,1,5,A,1,2,1,1,1.9,3.5,4
F1-1819-2019-01-20-bordeaux-dijon,F1,Ligue 1,1819,2018/19,2019-01-20,,bordeaux,dijon,Bordeaux,Dijon,1,0,H,0,0,0,1,1.66,3.6,5.75
F1-1819-2019-01-20-caen-marseille,F1,Ligue 1,1819,2018/19,2019-01-20,,caen,marseille,Caen,Marseille,0,1,A,0,0,1,0,4.33,3.6,1.85
F1-1819-2019-01-25-marseille-lille,F1,Ligue 1,1819,2018/19,2019-01-25,,marseille,lille,Marseille,Lille,1,2,A,0,1,1,0,2.3,3.25,3.2
F1-1819-2019-01-26-dijon-monaco,F1,Ligue 1,1819,2018/19,2019-01-26,,dijon,monaco,Dijon,Monaco,2,0,H,1,0,0,1,2.9,3.3,2.37
F1-1819-2019-01-26-guingamp-reims,F1,Ligue 1,1819,2018/19,2019-01-26,,guingamp,reims,Guingamp,Reims,0,1,A,0,1,1,0,2.5,3.1,3.1
F1-1819-2019-01-30-nantes-st-etienne,F1,Ligue 1,1819,2018/19,2019-01-30,,nantes,st etienne,Nantes,St Etienne,1,1,D,0,0,1,1,2.75,3.1,2.75
F1-1819-2019-02-01-lille-nice,F1,Ligue 1,1819,2018/19,2019-02-01,,lille,nice,Lille,Nice,4,0,H,2,0,0,1,1.8,3.6,4.75
F1-1819-2019-02-05-marseille-bordeaux,F1,Ligue 1,1819,2018/19,2019-02-05,,marseille,bordeaux,Marseille,Bordeaux,1,0,H,1,0,0,1,2.25,3.2,3.4
F1-1819-2019-02-10-montpellier-monaco,F1,Ligue 1,1819,2018/19,2019-02-10,,montpellier,monaco,Montpellier,Monaco,2,2,D,0,1,0,1,2.45,3.1,3.1
F1-1819-2019-02-10-rennes-st-etienne,F1,Ligue 1,1819,2018/19,2019-02-10,,rennes,st etienne,Rennes,St Etienne,3,0,H,1,0,0,1,2.15,3.4,3.4
F1-1819-2019-02-13-caen-nantes,F1,Ligue 1,1819,2018/19,2019-02-13,,caen,nantes,Caen,Nantes,0,1,A,0,0,0,1,3,3.1,2.5
F1-1819-2019-02-15-nimes-dijon,F1,Ligue 1,1819,2018/19,2019-02-15,,nimes,dijon,Nimes,Dijon,2,0,H,1,0,0,1,1.75,3.8,4.5
F1-1819-2019-02-24-rennes-marseille,F1,Ligue 1,1819,2018/19,2019-02-24,,rennes,marseille,Rennes,Marseille,1,1,D,1,0,0,1,2.9,3.3,2.45
F1-1819-2019-02-24-toulouse-caen,F1,Ligue 1,1819,2018/19,2019-02-24,,toulouse,caen,Toulouse,Caen,1,1,D,0,1,0,1,1.85,3.5,4.5
F1-1819-2019-03-03-lyon-toulouse,F1,Ligue 1,1819,2018/19,2019-03-03,,lyon,toulouse,Lyon,Toulouse,5,1,H,3,1,0,1,1.28,5.5,10
F1-1819-2019-03-03-nice-strasbourg,F1,Ligue 1,1819,2018/19,2019-03-03,,nice,strasbourg,Nice,Strasbourg,1,0,H,1,0,1,1,2.3,2.9,3.6
F1-1819-2019-03-09-amiens-nimes,F1,Ligue 1,1819,2018/19,2019-03-09,,amiens,nimes,Amiens,Nimes,2,1,H,0,0,1,0,2.45,3.2,3.1
F1-1819-2019-03-09-dijon-reims,F1,Ligue 1,1819,2018/19,2019-03-09,,dijon,reims,Dijon,Reims,1,1,D,1,1,1,0,3.1,3.1,2.45
F1-1819-2019-03-10-montpellier-angers,F1,Ligue 1,1819,2018/19,2019-03-10,,montpellier,angers,Montpellier,Angers,2,2,D,2,0,0,1,2.1,3.1,4
F1-1819-2019-03-10-rennes-caen,F1,Ligue 1,1819,2018/19,2019-03-10,,rennes,caen,Rennes,Caen,3,1,H,1,1,0,1,1.61,3.6,6.5
F1-1819-2019-03-10-st-etienne-lille,F1,Ligue 1,1819,2018/19,2019-03-10,,st etienne,lille,St Etienne,Lille,0,1,A,0,0,2,0,2.45,3.3,3
F1-1819-2019-03-10-toulouse-guingamp,F1,Ligue 1,1819,2018/19,2019-03-10,,toulouse,guingamp,Toulouse,Guingamp,1,0,H,1,0,0,1,2.15,3.2,3.5
F1-1819-2019-03-17-paris-sg-marseille,F1,Ligue 1,1819,2018/19,2019-03-17,,paris sg,marseille,Paris SG,Marseille,3,1,H,1,0,0,1,1.28,6,9.5
F1-1819-2019-03-17-reims-nantes,F1,Ligue 1,1819,2018/19,2019-03-17,,reims,nantes,Reims,Nantes,1,0,H,0,0,0,1,2.15,3,4
F1-1819-2019-03-30-marseille-angers,F1,Ligue 1,1819,2018/19,2019-03-30,,marseille,angers,Marseille,Angers,2,2,D,2,1,1,0,1.53,3.75,7.5
F1-1819-2019-03-31-dijon-nice,F1,Ligue 1,1819,2018/19,2019-03-31,,dijon,nice,Dijon,Nice,0,1,A,0,0,1,0,2.4,3.1,3.2
F1-1819-2019-04-03-strasbourg-reims,F1,Ligue 1,1819,2018/19,2019-04-03,,strasbourg,reims,Strasbourg,Reims,4,0,H,1,0,1,0,2.62,3.1,2.9
F1-1819-2019-04-05-bordeaux-marseille,F1,Ligue 1,1819,2018/19,2019-04-05,,bordeaux,marseille,Bordeaux,Marseille,2,0,H,1,0,1,0,3.6,3.4,2.1
F1-1819-2019-04-06-amiens-st-etienne,F1,Ligue 1,1819,2018/19,2019-04-06,,amiens,st etienne,Amiens,St Etienne,2,2,D,1,1,1,0,3,3.1,2.55
F1-1819-2019-04-07-toulouse-nantes,F1,Ligue 1,1819,2018/19,2019-04-07,,toulouse,nantes,Toulouse,Nantes,1,0,H,0,0,0,1,2.4,3.1,3.2
F1-1819-2019-04-09-nimes-rennes,F1,Ligue 1,1819,2018/19,2019-04-09,,nimes,rennes,Nimes,Rennes,3,1,H,1,1,1,1,2.7,3.25,2.7
F1-1819-2019-04-12-dijon-amiens,F1,Ligue 1,1819,2018/19,2019-04-12,,dijon,amiens,Dijon,Amiens,0,0,D,0,0,0,1,2.3,3.1,3.4
F1-1819-2019-04-14-lille-paris-sg,F1,Ligue 1,1819,2018/19,2019-04-14,,lille,paris sg,Lille,Paris SG,5,1,H,1,1,0,1,4.33,4,1.72
F1-1819-2019-04-26-bordeaux-lyon,F1,Ligue 1,1819,2018/19,2019-04-26,,bordeaux,lyon,Bordeaux,Lyon,2,3,A,2,1,1,0,5.25,3.75,1.7
F1-1819-2019-05-05-nantes-dijon,F1,Ligue 1,1819,2018/19,2019-05-05,,nantes,dijon,Nantes,Dijon,3,0,H,0,0,0,1,1.9,3.5,4.2
F1-1819-2019-05-10-st-etienne-montpellier,F1,Ligue 1,1819,2018/19,2019-05-10,,st etienne,montpellier,St Etienne,Montpellier,0,1,A,0,0,1,1,1.75,3.8,4.75
F1-1819-2019-05-11-angers-paris-sg,F1,Ligue 1,1819,2018/19,2019-05-11,,angers,paris sg,Angers,Paris SG,1,2,A,0,1,0,1,6,4.33,1.53
F1-1819-2019-05-12-lille-bordeaux,F1,Ligue 1,1819,2018/19,2019-05-12,,lille,bordeaux,Lille,Bordeaux,1,0,H,1,0,0,1,1.4,4.75,8
F1-1819-2019-05-12-marseille-lyon,F1,Ligue 1,1819,2018/19,2019-05-12,,marseille,lyon,Marseille,Lyon,0,3,A,0,1,1,0,3,3.8,2.2
F1-1819-2019-05-12-rennes-guingamp,F1,Ligue 1,1819,2018/19,2019-05-12,,rennes,guingamp,Rennes,Guingamp,1,1,D,1,0,1,0,1.95,3.5,4
F1-1819-2019-05-24-marseille-montpellier,F1,Ligue 1,1819,2018/19,2019-05-24,,marseille,montpellier,Marseille,Montpellier,1,0,H,0,0,1,0,1.85,4.2,3.75
F1-1819-2019-05-24-rennes-lille,F1,Ligue 1,1819,2018/19,2019-05-24,,rennes,lille,Rennes,Lille,3,1,H,1,1,0,1,2.62,3.6,2.5
E0-1920-2019-08-10-crystal-palace-everton,E0,Premier League,1920,2019/20,2019-08-10,15:00,Crystal Palace,Everton,Crystal Palace,Everton,0,0,D,0,0,0,1,3,3.25,2.37
E0-1920-2019-08-24-brighton-southampton,E0,Premier League,1920,2019/20,2019-08-24,15:00,Brighton,Southampton,Brighton,Southampton,0,2,A,0,0,1,0,2.4,3.3,3
E0-1920-2019-08-31-southampton-man-united,E0,Premier League,1920,2019/20,2019-08-31,12:30,Southampton,Manchester United,Southampton,Man United,1,1,D,0,1,1,0,3.8,3.3,2.05
E0-1920-2019-08-31-crystal-palace-aston-villa,E0,Premier League,1920,2019/20,2019-08-31,15:00,Crystal Palace,Aston Villa,Crystal Palace,Aston Villa,1,0,H,0,0,0,1,2.15,3.3,3.5
E0-1920-2019-09-01-everton-wolves,E0,Premier League,1920,2019/20,2019-09-01,14:00,Everton,Wolves,Everton,Wolves,3,2,H,2,1,0,1,2.2,3.25,3.5
E0-1920-2019-09-14-sheffield-united-southampton,E0,Premier League,1920,2019/20,2019-09-14,15:00,Sheffield United,Southampton,Sheffield United,Southampton,0,1,A,0,0,1,0,2.45,3.2,3
E0-1920-2019-09-16-aston-villa-west-ham,E0,Premier League,1920,2019/20,2019-09-16,20:00,Aston Villa,West Ham,Aston Villa,West Ham,0,0,D,0,0,0,1,2.62,3.5,2.6
E0-1920-2019-09-22-crystal-palace-wolves,E0,Premier League,1920,2019/20,2019-09-22,14:00,Crystal Palace,Wolves,Crystal Palace,Wolves,1,1,D,0,0,0,1,2.62,3.1,2.87
E0-1920-2019-09-22-arsenal-aston-villa,E0,Premier League,1920,2019/20,2019-09-22,16:30,Arsenal,Aston Villa,Arsenal,Aston Villa,3,2,H,0,1,1,0,1.4,4.75,8
E0-1920-2019-09-28-tottenham-southampton,E0,Premier League,1920,2019/20,2019-09-28,15:00,Tottenham,Southampton,Tottenham,Southampton,2,1,H,2,1,1,0,1.4,4.75,8
E0-1920-2019-09-29-leicester-newcastle,E0,Premier League,1920,2019/20,2019-09-29,16:30,Leicester,Newcastle,Leicester,Newcastle,5,0,H,1,0,0,1,1.5,4,7.5
E0-1920-2019-10-05-burnley-everton,E0,Premier League,1920,2019/20,2019-10-05,15:00,Burnley,Everton,Burnley,Everton,1,0,H,0,0,0,1,2.87,3.3,2.5
E0-1920-2019-10-19-aston-villa-brighton,E0,Premier League,1920,2019/20,2019-10-19,15:00,Aston Villa,Brighton,Aston Villa,Brighton,2,1,H,1,1,0,1,2.35,3.4,3
E0-1920-2019-10-25-southampton-leicester,E0,Premier League,1920,2019/20,2019-10-25,20:00,Southampton,Leicester,Southampton,Leicester,0,9,A,0,5,1,0,3.1,3.4,2.3
E0-1920-2019-10-26-man-city-aston-villa,E0,Premier League,1920,2019/20,2019-10-26,12:30,Manchester City,Aston Villa,Man City,Aston Villa,3,0,H,0,0,1,0,1.08,11,26
E0-1920-2019-10-27-newcastle-wolves,E0,Premier League,1920,2019/20,2019-10-27,14:00,Newcastle,Wolves,Newcastle,Wolves,1,1,D,1,0,1,0,3,3.1,2.55
E0-1920-2019-11-03-everton-tottenham,E0,Premier League,1920,2019/20,2019-11-03,16:30,Everton,Tottenham,Everton,Tottenham,1,1,D,0,0,0,1,2.7,3.4,2.6
E0-1920-2019-11-08-norwich-watford,E0,Premier League,1920,2019/20,2019-11-08,20:00,norwich,watford,Norwich,Watford,0,2,A,0,1,0,1,2.7,3.5,2.55
E0-1920-2019-11-23-bournemouth-wolves,E0,Premier League,1920,2019/20,2019-11-23,15:00,Bournemouth,Wolves,Bournemouth,Wolves,1,2,A,0,2,1,0,2.75,3.3,2.6
E0-1920-2019-11-30-liverpool-brighton,E0,Premier League,1920,2019/20,2019-11-30,15:00,Liverpool,Brighton,Liverpool,Brighton,2,1,H,2,0,1,0,1.18,7,15
E0-1920-2019-12-03-crystal-palace-bournemouth,E0,Premier League,1920,2019/20,2019-12-03,19:30,Crystal Palace,Bournemouth,Crystal Palace,Bournemouth,1,0,H,0,0,1,0,2.2,3.4,3.25
E0-1920-2019-12-22-tottenham-chelsea,E0,Premier League,1920,2019/20,2019-12-22,16:30,Tottenham,Chelsea,Tottenham,Chelsea,0,2,A,0,2,1,0,2.37,3.75,2.75
E0-1920-2019-12-27-wolves-man-city,E0,Premier League,1920,2019/20,2019-12-27,19:45,Wolves,Manchester City,Wolves,Man City,3,2,H,0,1,0,1,8.5,5,1.36
E0-1920-2019-12-28-watford-aston-villa,E0,Premier League,1920,2019/20,2019-12-28,15:00,watford,Aston Villa,Watford,Aston Villa,3,0,H,1,0,1,0,1.95,3.8,3.6
E0-1920-2020-01-01-watford-wolves,E0,Premier League,1920,2019/20,2020-01-01,15:00,watford,Wolves,Watford,Wolves,2,1,H,1,0,1,0,3,3.4,2.3
E0-1920-2020-01-11-crystal-palace-arsenal,E0,Premier League,1920,2019/20,2020-01-11,12:30,Crystal Palace,Arsenal,Crystal Palace,Arsenal,1,1,D,0,1,0,1,4.1,3.9,1.8
E0-1920-2020-01-18-norwich-bournemouth,E0,Premier League,1920,2019/20,2020-01-18,15:00,norwich,Bournemouth,Norwich,Bournemouth,1,0,H,1,0,1,1,2.2,3.5,3.25
E0-1920-2020-01-21-chelsea-arsenal,E0,Premier League,1920,2019/20,2020-01-21,20:15,Chelsea,Arsenal,Chelsea,Arsenal,2,2,D,1,0,0,1,1.72,3.9,4.5
E0-1920-2020-02-01-bournemouth-aston-villa,E0,Premier League,1920,2019/20,2020-02-01,15:00,Bournemouth,Aston Villa,Bournemouth,Aston Villa,2,1,H,2,0,1,0,2.1,3.6,3.3
E0-1920-2020-02-01-watford-everton,E0,Premier League,1920,2019/20,2020-02-01,15:00,watford,Everton,Watford,Everton,2,3,A,2,2,0,1,2.75,3.3,2.62
E0-1920-2020-02-02-tottenham-man-city,E0,Premier League,1920,2019/20,2020-02-02,16:30,Tottenham,Manchester City,Tottenham,Man City,2,0,H,0,0,0,1,5.5,4.6,1.53
E0-1920-2020-02-14-wolves-leicester,E0,Premier League,1920,2019/20,2020-02-14,20:00,Wolves,Leicester,Wolves,Leicester,0,0,D,0,0,0,1,2.5,3.3,2.87
E0-1920-2020-02-22-crystal-palace-newcastle,E0,Premier League,1920,2019/20,2020-02-22,15:00,Crystal Palace,Newcastle,Crystal Palace,Newcastle,1,0,H,1,0,0,1,1.95,3.4,4.2
E0-1920-2020-03-07-southampton-newcastle,E0,Premier League,1920,2019/20,2020-03-07,15:00,Southampton,Newcastle,Southampton,Newcastle,0,1,A,0,0,1,0,1.61,4.1,5.25
E0-1920-2020-06-17-man-city-arsenal,E0,Premier League,1920,2019/20,2020-06-17,20:15,Manchester City,Arsenal,Man City,Arsenal,3,0,H,1,0,0,1,1.36,5.25,7.5
E0-1920-2020-06-21-newcastle-sheffield-united,E0,Premier League,1920,2019/20,2020-06-21,14:00,Newcastle,Sheffield United,Newcastle,Sheffield United,3,0,H,0,0,0,1,3.3,3.1,2.37
E0-1920-2020-06-25-southampton-arsenal,E0,Premier League,1920,2019/20,2020-06-25,18:00,Southampton,Arsenal,Southampton,Arsenal,0,2,A,0,1,1,0,2.6,3.5,2.62
E0-1920-2020-06-25-chelsea-man-city,E0,Premier League,1920,2019/20,2020-06-25,20:15,Chelsea,Manchester City,Chelsea,Man City,2,1,H,1,0,0,1,4,4,1.8
E0-1920-2020-07-07-arsenal-leicester,E0,Premier League,1920,2019/20,2020-07-07,20:15,Arsenal,Leicester,Arsenal,Leicester,1,1,D,1,0,1,0,2.3,3.5,3
E0-1920-2020-07-12-aston-villa-crystal-palace,E0,Premier League,1920,2019/20,2020-07-12,14:15,Aston Villa,Crystal Palace,Aston Villa,Crystal Palace,2,0,H,1,0,0,1,2.25,3.3,3.3
E0-1920-2020-07-12-bournemouth-leicester,E0,Premier League,1920,2019/20,2020-07-12,19:00,Bournemouth,Leicester,Bournemouth,Leicester,4,1,H,0,1,0,1,5.25,3.8,1.66
E0-1920-2020-07-18-norwich-burnley,E0,Premier League,1920,2019/20,2020-07-18,17:30,norwich,Burnley,Norwich,Burnley,0,2,A,0,1,2,0,3.2,3.4,2.25
E0-1920-2020-07-26-leicester-man-united,E0,Premier League,1920,2019/20,2020-07-26,16:00,Leicester,Manchester United,Leicester,Man United,0,2,A,0,0,1,0,3.25,3.5,2.2
SP1-1920-2019-08-17-celta-real-madrid,SP1,La Liga,1920,2019/20,2019-08-17,16:00,celta,real madrid,Celta,Real Madrid,1,3,A,0,1,0,1,4.75,4.2,1.65
SP1-1920-2019-08-17-valencia-sociedad,SP1,La Liga,1920,2019/20,2019-08-17,18:00,valencia,sociedad,Valencia,Sociedad,1,1,D,0,0,1,0,1.66,3.75,5.5
SP1-1920-2019-08-17-leganes-osasuna,SP1,La Liga,1920,2019/20,2019-08-17,20:00,leganes,osasuna,Leganes,Osasuna,0,1,A,0,0,1,0,2,3.2,4.2
SP1-1920-2019-08-18-betis-valladolid,SP1,La Liga,1920,2019/20,2019-08-18,20:00,betis,valladolid,Betis,Valladolid,1,2,A,0,0,1,0,1.66,3.75,5.5
SP1-1920-2019-08-18-ath-madrid-getafe,SP1,La Liga,1920,2019/20,2019-08-18,21:00,ath madrid,getafe,Ath Madrid,Getafe,1,0,H,1,0,1,1,1.44,4.33,8
SP1-1920-2019-09-01-villarreal-real-madrid,SP1,La Liga,1920,2019/20,2019-09-01,20:00,villarreal,real madrid,Villarreal,Real Madrid,2,2,D,1,1,0,1,3.6,4,1.9
SP1-1920-2019-09-15-eibar-espanol,SP1,La Liga,1920,2019/20,2019-09-15,11:00,eibar,espanol,Eibar,Espanol,1,2,A,0,0,0,1,2,3.3,4
SP1-1920-2019-09-15-celta-granada,SP1,La Liga,1920,2019/20,2019-09-15,15:00,celta,granada,Celta,Granada,0,2,A,0,1,2,0,1.83,3.6,4.33
SP1-1920-2019-09-15-betis-getafe,SP1,La Liga,1920,2019/20,2019-09-15,20:00,betis,getafe,Betis,Getafe,1,1,D,0,1,2,0,2.2,3.1,3.6
SP1-1920-2019-09-25-mallorca-ath-madrid,SP1,La Liga,1920,2019/20,2019-09-25,18:00,mallorca,ath madrid,Mallorca,Ath Madrid,0,2,A,0,1,0,1,6.5,3.6,1.61
SP1-1920-2019-09-26-sociedad-alaves,SP1,La Liga,1920,2019/20,2019-09-26,20:00,sociedad,alaves,Sociedad,Alaves,3,0,H,3,0,0,1,1.6,4,5.5
SP1-1920-2019-09-28-getafe-barcelona,SP1,La Liga,1920,2019/20,2019-09-28,15:00,getafe,barcelona,Getafe,Barcelona,0,2,A,0,1,0,1,4.33,3.4,1.85
SP1-1920-2019-09-29-espanol-valladolid,SP1,La Liga,1920,2019/20,2019-09-29,11:00,espanol,valladolid,Espanol,Valladolid,0,2,A,0,1,1,0,1.95,3.3,4.2
SP1-1920-2019-09-29-levante-osasuna,SP1,La Liga,1920,2019/20,2019-09-29,17:30,levante,osasuna,Levante,Osasuna,1,1,D,1,0,1,0,2.15,3.5,3.4
SP1-1920-2019-10-04-betis-eibar,SP1,La Liga,1920,2019/20,2019-10-04,20:00,betis,eibar,Betis,Eibar,1,1,D,0,1,0,1,2,3.6,3.7
SP1-1920-2019-10-06-sociedad-getafe,SP1,La Liga,1920,2019/20,2019-10-06,17:30,sociedad,getafe,Sociedad,Getafe,1,2,A,1,0,1,0,1.9,3.4,4.33
SP1-1920-2019-10-06-barcelona-sevilla,SP1,La Liga,1920,2019/20,2019-10-06,20:00,barcelona,sevilla,Barcelona,Sevilla,4,0,H,3,0,2,0,1.5,4.2,7
SP1-1920-2019-10-18-granada-osasuna,SP1,La Liga,1920,2019/20,2019-10-18,20:00,granada,osasuna,Granada,Osasuna,1,0,H,1,0,0,1,2.4,3,3.3
SP1-1920-2019-10-19-ath-madrid-valencia,SP1,La Liga,1920,2019/20,2019-10-19,15:00,ath madrid,valencia,Ath Madrid,Valencia,1,1,D,1,0,0,1,1.57,3.75,6
SP1-1920-2019-10-19-mallorca-real-madrid,SP1,La Liga,1920,2019/20,2019-10-19,20:00,mallorca,real madrid,Mallorca,Real Madrid,1,0,H,1,0,0,1,6.5,4,1.53
SP1-1920-2019-10-27-celta-sociedad,SP1,La Liga,1920,2019/20,2019-10-27,11:00,celta,sociedad,Celta,Sociedad,0,1,A,0,0,1,0,3,3.25,2.45
SP1-1920-2019-10-27-osasuna-valencia,SP1,La Liga,1920,2019/20,2019-10-27,20:00,osasuna,valencia,Osasuna,Valencia,3,1,H,1,1,0,1,2.87,3.1,2.62
SP1-1920-2019-11-08-sociedad-leganes,SP1,La Liga,1920,2019/20,2019-11-08,20:00,sociedad,leganes,Sociedad,Leganes,1,1,D,0,0,0,1,1.8,3.4,5
SP1-1920-2019-11-22-levante-mallorca,SP1,La Liga,1920,2019/20,2019-11-22,20:00,levante,mallorca,Levante,Mallorca,2,1,H,0,0,1,0,1.75,3.75,4.5
SP1-1920-2019-11-24-valladolid-sevilla,SP1,La Liga,1920,2019/20,2019-11-24,20:00,valladolid,sevilla,Valladolid,Sevilla,0,1,A,0,1,0,1,4,3.5,1.9
SP1-1920-2019-11-30-mallorca-betis,SP1,La Liga,1920,2019/20,2019-11-30,17:30,mallorca,betis,Mallorca,Betis,1,2,A,0,2,1,0,2.62,3.3,2.7
SP1-1920-2019-12-01-espanol-osasuna,SP1,La Liga,1920,2019/20,2019-12-01,15:00,espanol,osasuna,Espanol,Osasuna,2,4,A,1,0,0,1,2.15,3.1,3.6
SP1-1920-2019-12-07-real-madrid-espanol,SP1,La Liga,1920,2019/20,2019-12-07,12:00,real madrid,espanol,Real Madrid,Espanol,2,0,H,1,0,1,0,1.2,7,13
SP1-1920-2019-12-07-granada-alaves,SP1,La Liga,1920,2019/20,2019-12-07,15:00,granada,alaves,Granada,Alaves,3,0,H,0,0,0,2,2.2,3.1,3.5
SP1-1920-2019-12-07-levante-valencia,SP1,La Liga,1920,2019/20,2019-12-07,17:30,levante,valencia,Levante,Valencia,2,4,A,2,1,1,0,3.2,3.75,2.15
SP1-1920-2019-12-08-eibar-getafe,SP1,La Liga,1920,2019/20,2019-12-08,11:00,eibar,getafe,Eibar,Getafe,0,1,A,0,0,1,0,2.8,2.9,2.87
SP1-1920-2019-12-08-leganes-celta,SP1,La Liga,1920,2019/20,2019-12-08,17:30,leganes,celta,Leganes,Celta,3,2,H,2,0,0,1,2.37,3.1,3.3
SP1-1920-2019-12-08-osasuna-sevilla,SP1,La Liga,1920,2019/20,2019-12-08,20:00,osasuna,sevilla,Osasuna,Sevilla,1,1,D,1,1,1,0,3.4,3.3,2.2
SP1-1920-2019-12-15-celta-mallorca,SP1,La Liga,1920,2019/20,2019-12-15,13:00,celta,mallorca,Celta,Mallorca,2,2,D,1,1,0,1,1.7,3.8,5
SP1-1920-2019-12-21-villarreal-getafe,SP1,La Liga,1920,2019/20,2019-12-21,17:30,villarreal,getafe,Villarreal,Getafe,1,0,H,0,0,0,1,2.2,3.25,3.5
SP1-1920-2019-12-22-osasuna-sociedad,SP1,La Liga,1920,2019/20,2019-12-22,13:00,osasuna,sociedad,Osasuna,Sociedad,3,4,A,1,3,1,0,2.8,3.4,2.5
SP1-1920-2020-01-04-valencia-eibar,SP1,La Liga,1920,2019/20,2020-01-04,12:00,valencia,eibar,Valencia,Eibar,1,0,H,1,0,0,1,1.61,3.9,5.5
SP1-1920-2020-01-04-espanol-barcelona,SP1,La Liga,1920,2019/20,2020-01-04,20:00,espanol,barcelona,Espanol,Barcelona,2,2,D,1,0,0,1,6.5,4.75,1.45
SP1-1920-2020-01-05-alaves-betis,SP1,La Liga,1920,2019/20,2020-01-05,15:00,alaves,betis,Alaves,Betis,1,1,D,1,0,0,1,2.6,3.25,2.8
SP1-1920-2020-01-19-mallorca-valencia,SP1,La Liga,1920,2019/20,2020-01-19,11:00,mallorca,valencia,Mallorca,Valencia,4,1,H,3,0,0,1,3.75,3.4,2.05
SP1-1920-2020-01-19-villarreal-espanol,SP1,La Liga,1920,2019/20,2020-01-19,15:00,villarreal,espanol,Villarreal,Espanol,1,2,A,0,1,0,1,1.65,3.8,5.75
SP1-1920-2020-01-19-barcelona-granada,SP1,La Liga,1920,2019/20,2020-01-19,20:00,barcelona,granada,Barcelona,Granada,1,0,H,0,0,0,1,1.16,7.5,17
SP1-1920-2020-01-26-ath-madrid-leganes,SP1,La Liga,1920,2019/20,2020-01-26,11:00,ath madrid,leganes,Ath Madrid,Leganes,0,0,D,0,0,0,1,1.44,4,9
SP1-1920-2020-01-26-getafe-betis,SP1,La Liga,1920,2019/20,2020-01-26,15:00,getafe,betis,Getafe,Betis,1,0,H,0,0,0,1,2.05,3.3,3.8
SP1-1920-2020-02-08-getafe-valencia,SP1,La Liga,1920,2019/20,2020-02-08,15:00,getafe,valencia,Getafe,Valencia,3,0,H,0,0,0,1,2,3.3,4
SP1-1920-2020-02-09-sociedad-ath-bilbao,SP1,La Liga,1920,2019/20,2020-02-09,13:00,sociedad,ath bilbao,Sociedad,Ath Bilbao,2,1,H,0,0,0,1,2.05,3.3,3.8
SP1-1920-2020-02-09-betis-barcelona,SP1,La Liga,1920,2019/20,2020-02-09,20:00,betis,barcelona,Betis,Barcelona,2,3,A,2,2,1,1,4,3.8,1.85
SP1-1920-2020-02-16-sevilla-espanol,SP1,La Liga,1920,2019/20,2020-02-16,11:00,sevilla,espanol,Sevilla,Espanol,2,2,D,1,1,0,1,1.57,3.8,6.5
SP1-1920-2020-02-16-leganes-betis,SP1,La Liga,1920,2019/20,2020-02-16,13:00,leganes,betis,Leganes,Betis,0,0,D,0,0,0,1,2.4,3.2,3.1
SP1-1920-2020-02-22-celta-leganes,SP1,La Liga,1920,2019/20,2020-02-22,12:00,celta,leganes,Celta,Leganes,1,0,H,0,0,1,0,1.8,3.4,4.75
SP1-1920-2020-02-23-valladolid-espanol,SP1,La Liga,1920,2019/20,2020-02-23,15:00,valladolid,espanol,Valladolid,Espanol,2,1,H,0,0,0,1,2.62,3,3
SP1-1920-2020-03-01-sevilla-osasuna,SP1,La Liga,1920,2019/20,2020-03-01,11:00,sevilla,osasuna,Sevilla,Osasuna,3,2,H,2,0,0,1,1.45,4.33,8
SP1-1920-2020-03-01-mallorca-getafe,SP1,La Liga,1920,2019/20,2020-03-01,17:30,mallorca,getafe,Mallorca,Getafe,0,1,A,0,0,1,0,3.7,3,2.25
SP1-1920-2020-03-07-getafe-celta,SP1,La Liga,1920,2019/20,2020-03-07,20:00,getafe,celta,Getafe,Celta,0,0,D,0,0,1,0,1.85,3.3,4.75
SP1-1920-2020-03-08-osasuna-espanol,SP1,La Liga,1920,2019/20,2020-03-08,11:00,osasuna,espanol,Osasuna,Espanol,1,0,H,0,0,0,1,2.4,3.25,3
SP1-1920-2020-06-12-valencia-levante,SP1,La Liga,1920,2019/20,2020-06-12,21:00,valencia,levante,Valencia,Levante,1,1,D,0,0,0,1,1.7,3.8,4.75
SP1-1920-2020-06-13-espanol-alaves,SP1,La Liga,1920,2019/20,2020-06-13,13:00,espanol,alaves,Espanol,Alaves,2,0,H,1,0,0,1,2.05,3.2,3.75
SP1-1920-2020-06-16-getafe-espanol,SP1,La Liga,1920,2019/20,2020-06-16,18:30,getafe,espanol,Getafe,Espanol,0,0,D,0,0,0,1,1.95,3.1,4.33
SP1-1920-2020-06-18-alaves-sociedad,SP1,La Liga,1920,2019/20,2020-06-18,18:30,alaves,sociedad,Alaves,Sociedad,2,0,H,0,0,1,1,3.8,3.5,1.95
SP1-1920-2020-06-18-real-madrid-valencia,SP1,La Liga,1920,2019/20,2020-06-18,21:00,real madrid,valencia,Real Madrid,Valencia,3,0,H,0,0,0,1,1.36,4.75,8
SP1-1920-2020-06-21-celta-alaves,SP1,La Liga,1920,2019/20,2020-06-21,13:00,celta,alaves,Celta,Alaves,6,0,H,4,0,0,1,1.9,3.25,4.5
SP1-1920-2020-06-25-eibar-valencia,SP1,La Liga,1920,2019/20,2020-06-25,18:30,eibar,valencia,Eibar,Valencia,1,0,H,1,0,0,1,2.7,3.4,2.55
SP1-1920-2020-07-01-betis-villarreal,SP1,La Liga,1920,2019/20,2020-07-01,21:00,betis,villarreal,Betis,Villarreal,0,2,A,0,2,1,0,2.87,3.5,2.4
SP1-1920-2020-07-05-espanol-leganes,SP1,La Liga,1920,2019/20,2020-07-05,16:00,espanol,leganes,Espanol,Leganes,0,1,A,0,0,1,0,2.7,2.9,2.9
SP1-1920-2020-07-08-getafe-villarreal,SP1,La Liga,1920,2019/20,2020-07-08,19:30,getafe,villarreal,Getafe,Villarreal,1,3,A,0,0,0,1,2.6,3,2.87
SP1-1920-2020-07-08-barcelona-espanol,SP1,La Liga,1920,2019/20,2020-07-08,21:00,barcelona,espanol,Barcelona,Espanol,1,0,H,0,0,1,1,1.14,8,19
SP1-1920-2020-07-11-ath-madrid-betis,SP1,La Liga,1920,2019/20,2020-07-11,21:00,ath madrid,betis,Ath Madrid,Betis,1,0,H,0,0,1,0,1.5,3.8,8
SP1-1920-2020-07-12-leganes-valencia,SP1,La Liga,1920,2019/20,2020-07-12,18:30,leganes,valencia,Leganes,Valencia,1,0,H,1,0,1,0,3.4,3.1,2.3
SP1-1920-2020-07-16-ath-bilbao-leganes,SP1,La Liga,1920,2019/20,2020-07-16,20:00,ath bilbao,leganes,Ath Bilbao,Leganes,0,2,A,0,0,1,0,1.8,3.4,4.75
SP1-1920-2020-07-16-barcelona-osasuna,SP1,La Liga,1920,2019/20,2020-07-16,20:00,barcelona,osasuna,Barcelona,Osasuna,1,2,A,0,1,0,1,1.14,8,17
SP1-1920-2020-07-16-betis-alaves,SP1,La Liga,1920,2019/20,2020-07-16,20:00,betis,alaves,Betis,Alaves,1,2,A,0,0,1,1,2.3,3.3,3.1
SP1-1920-2020-07-16-celta-levante,SP1,La Liga,1920,2019/20,2020-07-16,20:00,celta,levante,Celta,Levante,2,3,A,2,2,1,1,1.61,4,5.25
SP1-1920-2020-07-16-getafe-ath-madrid,SP1,La Liga,1920,2019/20,2020-07-16,20:00,getafe,ath madrid,Getafe,Ath Madrid,0,2,A,0,0,1,0,3.6,2.9,2.25
SP1-1920-2020-07-16-mallorca-granada,SP1,La Liga,1920,2019/20,2020-07-16,20:00,mallorca,granada,Mallorca,Granada,1,2,A,1,1,2,0,2.05,3.4,3.5
SP1-1920-2020-07-16-valencia-espanol,SP1,La Liga,1920,2019/20,2020-07-16,20:00,valencia,espanol,Valencia,Espanol,1,0,H,1,0,1,0,1.53,4,6
D1-1920-2019-08-24-augsburg-union-berlin,D1,Bundesliga,1920,2019/20,2019-08-24,14:30,augsburg,union berlin,Augsburg,Union Berlin,1,1,D,0,0,0,1,2.2,3.4,3.3
D1-1920-2019-08-24-hoffenheim-werder-bremen,D1,Bundesliga,1920,2019/20,2019-08-24,14:30,hoffenheim,werder bremen,Hoffenheim,Werder Bremen,3,2,H,0,1,0,1,1.85,3.6,4.2
D1-1920-2019-09-01-werder-bremen-augsburg,D1,Bundesliga,1920,2019/20,2019-09-01,14:30,werder bremen,augsburg,Werder Bremen,Augsburg,3,2,H,2,1,0,1,1.72,4,4.5
D1-1920-2019-09-14-union-berlin-werder-bremen,D1,Bundesliga,1920,2019/20,2019-09-14,14:30,union berlin,werder bremen,Union Berlin,Werder Bremen,1,2,A,1,1,1,1,2.87,3.5,2.4
D1-1920-2019-09-21-bayern-munich-koln,D1,Bundesliga,1920,2019/20,2019-09-21,14:30,bayern munich,koln,Bayern Munich,FC Koln,4,0,H,1,0,0,1,1.11,10,21
D1-1920-2019-09-21-leverkusen-union-berlin,D1,Bundesliga,1920,2019/20,2019-09-21,14:30,leverkusen,union berlin,Leverkusen,Union Berlin,2,0,H,2,0,0,1,1.36,5.5,7.5
D1-1920-2019-09-21-werder-bremen-rb-leipzig,D1,Bundesliga,1920,2019/20,2019-09-21,17:30,werder bremen,rb leipzig,Werder Bremen,RB Leipzig,0,3,A,0,2,0,1,4.2,4.2,1.72
D1-1920-2019-09-29-koln-hertha,D1,Bundesliga,1920,2019/20,2019-09-29,17:00,koln,hertha,FC Koln,Hertha,0,4,A,0,1,1,0,2.15,3.6,3.3
D1-1920-2019-10-19-fortuna-dusseldorf-mainz,D1,Bundesliga,1920,2019/20,2019-10-19,14:30,fortuna dusseldorf,mainz,Fortuna Dusseldorf,Mainz,1,0,H,0,0,0,1,2.55,3.4,2.62
D1-1920-2019-10-26-hertha-hoffenheim,D1,Bundesliga,1920,2019/20,2019-10-26,14:30,hertha,hoffenheim,Hertha,Hoffenheim,2,3,A,0,2,1,0,2.05,3.6,3.6
D1-1920-2019-11-02-ein-frankfurt-bayern-munich,D1,Bundesliga,1920,2019/20,2019-11-02,14:30,ein frankfurt,bayern munich,Ein Frankfurt,Bayern Munich,5,1,H,2,1,0,1,6.5,5.25,1.4
D1-1920-2019-11-02-leverkusen-m-gladbach,D1,Bundesliga,1920,2019/20,2019-11-02,14:30,leverkusen,m gladbach,Leverkusen,M'gladbach,1,2,A,1,2,1,0,1.95,3.9,3.5
D1-1920-2019-11-02-werder-bremen-freiburg,D1,Bundesliga,1920,2019/20,2019-11-02,14:30,werder bremen,freiburg,Werder Bremen,Freiburg,2,2,D,1,1,0,1,1.85,3.8,3.8
D1-1920-2019-11-10-m-gladbach-werder-bremen,D1,Bundesliga,1920,2019/20,2019-11-10,12:30,m gladbach,werder bremen,M'gladbach,Werder Bremen,3,1,H,2,0,1,0,1.72,4.1,4.33
D1-1920-2019-11-10-freiburg-ein-frankfurt,D1,Bundesliga,1920,2019/20,2019-11-10,17:00,freiburg,ein frankfurt,Freiburg,Ein Frankfurt,1,0,H,0,0,1,2,2.7,3.6,2.5
D1-1920-2019-11-23-ein-frankfurt-wolfsburg,D1,Bundesliga,1920,2019/20,2019-11-23,14:30,ein frankfurt,wolfsburg,Ein Frankfurt,Wolfsburg,0,2,A,0,1,0,1,2,3.6,3.6
D1-1920-2019-11-24-augsburg-hertha,D1,Bundesliga,1920,2019/20,2019-11-24,14:30,augsburg,hertha,Augsburg,Hertha,4,0,H,2,0,0,1,2.62,3.5,2.62
D1-1920-2019-11-24-hoffenheim-mainz,D1,Bundesliga,1920,2019/20,2019-11-24,17:00,hoffenheim,mainz,Hoffenheim,Mainz,1,5,A,0,1,0,1,1.65,4.33,4.75
D1-1920-2019-11-30-koln-augsburg,D1,Bundesliga,1920,2019/20,2019-11-30,14:30,koln,augsburg,FC Koln,Augsburg,1,1,D,0,1,1,1,1.95,4,3.5
D1-1920-2019-11-30-hertha-dortmund,D1,Bundesliga,1920,2019/20,2019-11-30,14:30,hertha,dortmund,Hertha,Dortmund,1,2,A,1,2,0,1,4,4,1.8
D1-1920-2019-11-30-bayern-munich-leverkusen,D1,Bundesliga,1920,2019/20,2019-11-30,17:30,bayern munich,leverkusen,Bayern Munich,Leverkusen,1,2,A,1,2,0,1,1.28,6,8.5
D1-1920-2019-12-02-mainz-ein-frankfurt,D1,Bundesliga,1920,2019/20,2019-12-02,19:30,mainz,ein frankfurt,Mainz,Ein Frankfurt,2,1,H,0,1,0,1,2.8,3.75,2.37
D1-1920-2019-12-07-m-gladbach-bayern-munich,D1,Bundesliga,1920,2019/20,2019-12-07,14:30,m gladbach,bayern munich,M'gladbach,Bayern Munich,2,1,H,0,0,0,1,5.25,4.5,1.57
D1-1920-2019-12-14-koln-leverkusen,D1,Bundesliga,1920,2019/20,2019-12-14,14:30,koln,leverkusen,FC Koln,Leverkusen,2,0,H,0,0,0,2,4.2,3.9,1.8
D1-1920-2019-12-15-schalke-04-ein-frankfurt,D1,Bundesliga,1920,2019/20,2019-12-15,17:00,schalke 04,ein frankfurt,Schalke 04,Ein Frankfurt,1,0,H,0,0,1,0,1.9,3.75,3.6
D1-1920-2019-12-21-mainz-leverkusen,D1,Bundesliga,1920,2019/20,2019-12-21,14:30,mainz,leverkusen,Mainz,Leverkusen,0,1,A,0,0,0,1,3.8,4,1.83
D1-1920-2020-01-18-fortuna-dusseldorf-werder-bremen,D1,Bundesliga,1920,2019/20,2020-01-18,14:30,fortuna dusseldorf,werder bremen,Fortuna Dusseldorf,Werder Bremen,0,1,A,0,0,0,1,2.75,3.5,2.5
D1-1920-2020-01-25-freiburg-paderborn,D1,Bundesliga,1920,2019/20,2020-01-25,14:30,freiburg,paderborn,Freiburg,Paderborn,0,2,A,0,0,0,1,1.75,4.2,4.2
D1-1920-2020-02-01-hoffenheim-leverkusen,D1,Bundesliga,1920,2019/20,2020-02-01,14:30,hoffenheim,leverkusen,Hoffenheim,Leverkusen,2,1,H,1,1,0,1,3.2,3.8,2.1
D1-1920-2020-02-01-rb-leipzig-m-gladbach,D1,Bundesliga,1920,2019/20,2020-02-01,17:30,rb leipzig,m gladbach,RB Leipzig,M'gladbach,2,2,D,0,2,0,1,1.5,4.5,5.75
D1-1920-2020-02-02-paderborn-wolfsburg,D1,Bundesliga,1920,2019/20,2020-02-02,17:00,paderborn,wolfsburg,Paderborn,Wolfsburg,2,4,A,1,2,1,0,3.8,4,1.85
D1-1920-2020-02-08-hertha-mainz,D1,Bundesliga,1920,2019/20,2020-02-08,14:30,hertha,mainz,Hertha,Mainz,1,3,A,0,1,1,0,2,3.5,3.75
D1-1920-2020-02-08-wolfsburg-fortuna-dusseldorf,D1,Bundesliga,1920,2019/20,2020-02-08,14:30,wolfsburg,fortuna dusseldorf,Wolfsburg,Fortuna Dusseldorf,1,1,D,0,1,1,0,1.53,4.2,5.75
D1-1920-2020-03-07-freiburg-union-berlin,D1,Bundesliga,1920,2019/20,2020-03-07,14:30,freiburg,union berlin,Freiburg,Union Berlin,3,1,H,1,0,0,1,2.3,3.4,3.1
D1-1920-2020-03-08-mainz-fortuna-dusseldorf,D1,Bundesliga,1920,2019/20,2020-03-08,17:00,mainz,fortuna dusseldorf,Mainz,Fortuna Dusseldorf,1,1,D,0,0,1,0,1.9,3.75,3.8
D1-1920-2020-05-23-freiburg-werder-bremen,D1,Bundesliga,1920,2019/20,2020-05-23,14:30,freiburg,werder bremen,Freiburg,Werder Bremen,0,1,A,0,1,0,1,2.15,3.75,3
D1-1920-2020-05-23-wolfsburg-dortmund,D1,Bundesliga,1920,2019/20,2020-05-23,14:30,wolfsburg,dortmund,Wolfsburg,Dortmund,0,2,A,0,1,1,0,4.2,4,1.72
D1-1920-2020-05-27-rb-leipzig-hertha,D1,Bundesliga,1920,2019/20,2020-05-27,17:30,rb leipzig,hertha,RB Leipzig,Hertha,2,2,D,1,1,1,0,1.3,5.5,6
D1-1920-2020-05-27-hoffenheim-koln,D1,Bundesliga,1920,2019/20,2020-05-27,19:30,hoffenheim,koln,Hoffenheim,FC Koln,3,1,H,1,0,1,1,2.3,3.6,2.8
D1-1920-2020-05-27-union-berlin-mainz,D1,Bundesliga,1920,2019/20,2020-05-27,19:30,union berlin,mainz,Union Berlin,Mainz,1,1,D,1,1,1,0,2.2,3.5,3.1
D1-1920-2020-05-30-wolfsburg-ein-frankfurt,D1,Bundesliga,1920,2019/20,2020-05-30,14:30,wolfsburg,ein frankfurt,Wolfsburg,Ein Frankfurt,1,2,A,0,1,0,1,1.95,3.75,3.75
D1-1920-2020-06-05-freiburg-m-gladbach,D1,Bundesliga,1920,2019/20,2020-06-05,19:30,freiburg,m gladbach,Freiburg,M'gladbach,1,0,H,0,0,0,1,4.5,4,1.72
D1-1920-2020-06-06-fortuna-dusseldorf-hoffenheim,D1,Bundesliga,1920,2019/20,2020-06-06,14:30,fortuna dusseldorf,hoffenheim,Fortuna Dusseldorf,Hoffenheim,2,2,D,1,1,0,1,2.75,3.6,2.4
D1-1920-2020-06-06-rb-leipzig-paderborn,D1,Bundesliga,1920,2019/20,2020-06-06,14:30,rb leipzig,paderborn,RB Leipzig,Paderborn,1,1,D,1,0,1,0,1.14,8,15
D1-1920-2020-06-13-hertha-ein-frankfurt,D1,Bundesliga,1920,2019/20,2020-06-13,14:30,hertha,ein frankfurt,Hertha,Ein Frankfurt,1,4,A,1,0,1,0,2,3.75,3.4
D1-1920-2020-06-16-werder-bremen-bayern-munich,D1,Bundesliga,1920,2019/20,2020-06-16,19:30,werder bremen,bayern munich,Werder Bremen,Bayern Munich,0,1,A,0,1,0,1,13,7.5,1.16
D1-1920-2020-06-17-ein-frankfurt-schalke-04,D1,Bundesliga,1920,2019/20,2020-06-17,17:30,ein frankfurt,schalke 04,Ein Frankfurt,Schalke 04,2,1,H,1,0,0,1,1.7,4.2,4.5
D1-1920-2020-06-20-paderborn-m-gladbach,D1,Bundesliga,1920,2019/20,2020-06-20,14:30,paderborn,m gladbach,Paderborn,M'gladbach,1,3,A,0,1,1,0,9.5,6.5,1.25
D1-1920-2020-06-27-wolfsburg-bayern-munich,D1,Bundesliga,1920,2019/20,2020-06-27,14:30,wolfsburg,bayern munich,Wolfsburg,Bayern Munich,0,4,A,0,2,1,0,4.33,4.33,1.7
I1-1920-2019-08-25-verona-bologna,I1,Serie A,1920,2019/20,2019-08-25,19:45,verona,bologna,Verona,Bologna,1,1,D,1,1,1,0,3.4,3.2,2.25
I1-1920-2019-08-26-inter-lecce,I1,Serie A,1920,2019/20,2019-08-26,19:45,inter,lecce,Inter,Lecce,4,0,H,2,0,0,1,1.22,6.25,13
I1-1920-2019-09-01-sassuolo-sampdoria,I1,Serie A,1920,2019/20,2019-09-01,19:45,sassuolo,sampdoria,Sassuolo,Sampdoria,4,1,H,3,0,0,1,2.25,3.4,3.2
I1-1920-2019-09-14-inter-udinese,I1,Serie A,1920,2019/20,2019-09-14,19:45,inter,udinese,Inter,Udinese,1,0,H,1,0,0,1,1.33,5.25,9
I1-1920-2019-09-15-brescia-bologna,I1,Serie A,1920,2019/20,2019-09-15,14:00,brescia,bologna,Brescia,Bologna,3,4,A,3,1,1,0,3,3.3,2.4
I1-1920-2019-09-15-verona-milan,I1,Serie A,1920,2019/20,2019-09-15,19:45,verona,milan,Verona,Milan,0,1,A,0,0,1,1,5.5,3.8,1.61
I1-1920-2019-09-21-juventus-verona,I1,Serie A,1920,2019/20,2019-09-21,17:00,juventus,verona,Juventus,Verona,2,1,H,1,1,0,1,1.14,8,19
I1-1920-2019-09-22-bologna-roma,I1,Serie A,1920,2019/20,2019-09-22,14:00,bologna,roma,Bologna,Roma,1,2,A,0,0,0,1,2.87,3.3,2.5
I1-1920-2019-09-25-fiorentina-sampdoria,I1,Serie A,1920,2019/20,2019-09-25,20:00,fiorentina,sampdoria,Fiorentina,Sampdoria,2,1,H,1,0,0,1,1.7,4,4.75
I1-1920-2019-09-25-napoli-cagliari,I1,Serie A,1920,2019/20,2019-09-25,20:00,napoli,cagliari,Napoli,Cagliari,0,1,A,0,0,1,0,1.2,7,13
I1-1920-2019-09-26-torino-milan,I1,Serie A,1920,2019/20,2019-09-26,20:00,torino,milan,Torino,Milan,2,1,H,0,1,0,1,2.3,3.25,3.1
I1-1920-2019-09-28-sampdoria-inter,I1,Serie A,1920,2019/20,2019-09-28,17:00,sampdoria,inter,Sampdoria,Inter,1,3,A,0,2,0,1,5.25,3.8,1.65
I1-1920-2019-09-29-udinese-bologna,I1,Serie A,1920,2019/20,2019-09-29,14:00,udinese,bologna,Udinese,Bologna,1,0,H,1,0,0,1,2.87,3.2,2.55
I1-1920-2019-09-29-milan-fiorentina,I1,Serie A,1920,2019/20,2019-09-29,19:45,milan,fiorentina,Milan,Fiorentina,1,3,A,0,1,1,0,2.25,3.2,3.3
I1-1920-2019-09-30-parma-torino,I1,Serie A,1920,2019/20,2019-09-30,19:45,parma,torino,Parma,Torino,3,2,H,2,2,0,1,3.1,3.4,2.3
I1-1920-2019-10-05-spal-parma,I1,Serie A,1920,2019/20,2019-10-05,14:00,spal,parma,Spal,Parma,1,0,H,1,0,1,0,2.37,3.3,3.1
I1-1920-2019-10-05-genoa-milan,I1,Serie A,1920,2019/20,2019-10-05,19:45,genoa,milan,Genoa,Milan,1,2,A,1,0,2,2,3,3.2,2.5
I1-1920-2019-10-06-bologna-lazio,I1,Serie A,1920,2019/20,2019-10-06,14:00,bologna,lazio,Bologna,Lazio,2,2,D,2,2,1,1,3.3,3.75,2.1
I1-1920-2019-10-20-sampdoria-roma,I1,Serie A,1920,2019/20,2019-10-20,14:00,sampdoria,roma,Sampdoria,Roma,0,0,D,0,0,0,1,3.3,3.6,2.15
I1-1920-2019-10-27-atalanta-udinese,I1,Serie A,1920,2019/20,2019-10-27,14:00,atalanta,udinese,Atalanta,Udinese,7,1,H,3,1,0,1,1.4,5,7.5
I1-1920-2019-10-27-fiorentina-lazio,I1,Serie A,1920,2019/20,2019-10-27,19:45,fiorentina,lazio,Fiorentina,Lazio,1,2,A,1,1,1,0,2.4,3.5,2.87
I1-1920-2019-10-30-juventus-genoa,I1,Serie A,1920,2019/20,2019-10-30,20:00,juventus,genoa,Juventus,Genoa,2,1,H,1,1,1,2,1.28,5.25,12
I1-1920-2019-10-30-lazio-torino,I1,Serie A,1920,2019/20,2019-10-30,20:00,lazio,torino,Lazio,Torino,4,0,H,2,0,0,1,1.57,4.2,5.75
I1-1920-2019-10-30-sampdoria-lecce,I1,Serie A,1920,2019/20,2019-10-30,20:00,sampdoria,lecce,Sampdoria,Lecce,1,1,D,0,1,0,1,1.66,4,4.75
I1-1920-2019-10-30-udinese-roma,I1,Serie A,1920,2019/20,2019-10-30,20:00,udinese,roma,Udinese,Roma,0,4,A,0,1,0,1,4,3.5,1.95
I1-1920-2019-11-02-roma-napoli,I1,Serie A,1920,2019/20,2019-11-02,14:00,roma,napoli,Roma,Napoli,2,1,H,1,0,1,0,2.75,3.6,2.45
I1-1920-2019-11-03-atalanta-cagliari,I1,Serie A,1920,2019/20,2019-11-03,11:30,atalanta,cagliari,Atalanta,Cagliari,0,2,A,0,1,1,0,1.28,5.5,11
I1-1920-2019-11-03-verona-brescia,I1,Serie A,1920,2019/20,2019-11-03,14:00,verona,brescia,Verona,Brescia,2,1,H,0,0,0,1,2.15,3.3,3.5
I1-1920-2019-11-09-brescia-torino,I1,Serie A,1920,2019/20,2019-11-09,14:00,brescia,torino,Brescia,Torino,0,4,A,0,2,1,0,2.8,3.3,2.55
I1-1920-2019-11-10-sampdoria-atalanta,I1,Serie A,1920,2019/20,2019-11-10,14:00,sampdoria,atalanta,Sampdoria,Atalanta,0,0,D,0,0,0,1,4,3.6,1.9
I1-1920-2019-11-24-sampdoria-udinese,I1,Serie A,1920,2019/20,2019-11-24,17:00,sampdoria,udinese,Sampdoria,Udinese,2,1,H,1,1,0,1,2.15,3.25,3.6
I1-1920-2019-11-25-lecce-cagliari,I1,Serie A,1920,2019/20,2019-11-25,14:00,lecce,cagliari,Lecce,Cagliari,2,2,D,0,1,1,2,3.3,3.5,2.15
I1-1920-2019-11-30-genoa-torino,I1,Serie A,1920,2019/20,2019-11-30,17:00,genoa,torino,Genoa,Torino,0,1,A,0,0,0,1,2.37,3.3,3
I1-1920-2019-12-07-atalanta-verona,I1,Serie A,1920,2019/20,2019-12-07,14:00,atalanta,verona,Atalanta,Verona,3,2,H,1,1,0,1,1.33,5.25,9
I1-1920-2019-12-07-udinese-napoli,I1,Serie A,1920,2019/20,2019-12-07,17:00,udinese,napoli,Udinese,Napoli,1,1,D,1,0,0,1,5.5,3.8,1.65
I1-1920-2019-12-07-lazio-juventus,I1,Serie A,1920,2019/20,2019-12-07,19:45,lazio,juventus,Lazio,Juventus,3,1,H,1,1,0,1,2.9,3.3,2.4
I1-1920-2019-12-08-lecce-genoa,I1,Serie A,1920,2019/20,2019-12-08,11:30,lecce,genoa,Lecce,Genoa,2,2,D,0,2,0,2,2.7,3.4,2.62
I1-1920-2019-12-15-bologna-atalanta,I1,Serie A,1920,2019/20,2019-12-15,14:00,bologna,atalanta,Bologna,Atalanta,2,1,H,1,0,1,0,3.75,3.75,1.95
I1-1920-2019-12-18-sampdoria-juventus,I1,Serie A,1920,2019/20,2019-12-18,17:55,sampdoria,juventus,Sampdoria,Juventus,1,2,A,1,2,1,0,6,4.2,1.55
I1-1920-2019-12-21-udinese-cagliari,I1,Serie A,1920,2019/20,2019-12-21,14:00,udinese,cagliari,Udinese,Cagliari,2,1,H,1,0,0,1,2.5,3.4,2.8
I1-1920-2019-12-21-torino-spal,I1,Serie A,1920,2019/20,2019-12-21,19:45,torino,spal,Torino,Spal,1,2,A,1,1,1,0,1.7,3.6,5.5
I1-1920-2020-01-05-brescia-lazio,I1,Serie A,1920,2019/20,2020-01-05,11:30,brescia,lazio,Brescia,Lazio,1,2,A,1,1,1,0,5.5,4.5,1.55
I1-1920-2020-01-05-spal-verona,I1,Serie A,1920,2019/20,2020-01-05,14:00,spal,verona,Spal,Verona,0,2,A,0,1,1,0,2.4,3.25,3.1
I1-1920-2020-01-18-lazio-sampdoria,I1,Serie A,1920,2019/20,2020-01-18,14:00,lazio,sampdoria,Lazio,Sampdoria,5,1,H,3,0,0,1,1.4,4.75,8
I1-1920-2020-01-19-bologna-verona,I1,Serie A,1920,2019/20,2020-01-19,14:00,bologna,verona,Bologna,Verona,1,1,D,1,0,1,0,1.9,3.5,4.2
I1-1920-2020-01-19-brescia-cagliari,I1,Serie A,1920,2019/20,2020-01-19,14:00,brescia,cagliari,Brescia,Cagliari,2,2,D,1,1,1,0,2.45,3.6,2.7
I1-1920-2020-01-25-torino-atalanta,I1,Serie A,1920,2019/20,2020-01-25,19:45,torino,atalanta,Torino,Atalanta,0,7,A,0,3,2,0,4.33,4.2,1.7
I1-1920-2020-01-26-inter-cagliari,I1,Serie A,1920,2019/20,2020-01-26,11:30,inter,cagliari,Inter,Cagliari,1,1,D,1,0,2,0,1.3,5.5,10
I1-1920-2020-01-26-sampdoria-sassuolo,I1,Serie A,1920,2019/20,2020-01-26,14:00,sampdoria,sassuolo,Sampdoria,Sassuolo,0,0,D,0,0,0,1,2.2,3.4,3.3
I1-1920-2020-01-26-verona-lecce,I1,Serie A,1920,2019/20,2020-01-26,14:00,verona,lecce,Verona,Lecce,3,0,H,2,0,0,1,1.6,4,5.5
I1-1920-2020-02-01-sassuolo-roma,I1,Serie A,1920,2019/20,2020-02-01,19:45,sassuolo,roma,Sassuolo,Roma,4,2,H,3,0,0,1,4,4,1.8
I1-1920-2020-02-02-atalanta-genoa,I1,Serie A,1920,2019/20,2020-02-02,14:00,atalanta,genoa,Atalanta,Genoa,2,2,D,2,2,0,1,1.25,6,12
I1-1920-2020-02-02-milan-verona,I1,Serie A,1920,2019/20,2020-02-02,14:00,milan,verona,Milan,Verona,1,1,D,1,1,0,1,1.66,3.6,5.75
I1-1920-2020-02-07-roma-bologna,I1,Serie A,1920,2019/20,2020-02-07,19:45,roma,bologna,Roma,Bologna,2,3,A,1,2,1,0,1.61,4.33,5
I1-1920-2020-02-08-torino-sampdoria,I1,Serie A,1920,2019/20,2020-02-08,17:00,torino,sampdoria,Torino,Sampdoria,1,3,A,0,0,1,0,2.15,3.3,3.5
I1-1920-2020-02-15-bologna-genoa,I1,Serie A,1920,2019/20,2020-02-15,17:00,bologna,genoa,Bologna,Genoa,0,3,A,0,2,2,0,1.83,3.75,4.2
I1-1920-2020-02-16-juventus-brescia,I1,Serie A,1920,2019/20,2020-02-16,14:00,juventus,brescia,Juventus,Brescia,2,0,H,1,0,0,1,1.16,8,15
I1-1920-2020-02-16-sampdoria-fiorentina,I1,Serie A,1920,2019/20,2020-02-16,14:00,sampdoria,fiorentina,Sampdoria,Fiorentina,1,5,A,0,3,1,1,2.75,3.1,2.7
I1-1920-2020-02-22-fiorentina-milan,I1,Serie A,1920,2019/20,2020-02-22,19:45,fiorentina,milan,Fiorentina,Milan,1,1,D,0,0,1,0,2.7,3.3,2.62
I1-1920-2020-03-08-milan-genoa,I1,Serie A,1920,2019/20,2020-03-08,14:00,milan,genoa,Milan,Genoa,1,2,A,0,2,0,1,1.66,3.8,5.25
I1-1920-2020-03-08-juventus-inter,I1,Serie A,1920,2019/20,2020-03-08,19:45,juventus,inter,Juventus,Inter,2,0,H,0,0,0,1,2.25,3.3,3.3
I1-1920-2020-06-20-verona-cagliari,I1,Serie A,1920,2019/20,2020-06-20,20:45,verona,cagliari,Verona,Cagliari,2,1,H,2,1,1,1,1.95,3.4,4
I1-1920-2020-06-22-fiorentina-brescia,I1,Serie A,1920,2019/20,2020-06-22,18:30,fiorentina,brescia,Fiorentina,Brescia,1,1,D,1,1,1,0,1.5,4.33,6.5
I1-1920-2020-06-22-bologna-juventus,I1,Serie A,1920,2019/20,2020-06-22,20:45,bologna,juventus,Bologna,Juventus,0,2,A,0,2,0,1,6,4.33,1.53
I1-1920-2020-06-24-inter-sassuolo,I1,Serie A,1920,2019/20,2020-06-24,18:30,inter,sassuolo,Inter,Sassuolo,3,3,D,2,1,1,0,1.36,5.25,7
I1-1920-2020-06-26-juventus-lecce,I1,Serie A,1920,2019/20,2020-06-26,20:45,juventus,lecce,Juventus,Lecce,4,0,H,0,0,0,1,1.12,9,19
I1-1920-2020-06-27-lazio-fiorentina,I1,Serie A,1920,2019/20,2020-06-27,20:45,lazio,fiorentina,Lazio,Fiorentina,2,1,H,0,1,0,1,1.61,4,5.5
I1-1920-2020-06-28-parma-inter,I1,Serie A,1920,2019/20,2020-06-28,20:45,parma,inter,Parma,Inter,1,2,A,1,0,1,1,6.5,3.8,1.57
I1-1920-2020-07-01-spal-milan,I1,Serie A,1920,2019/20,2020-07-01,20:45,spal,milan,Spal,Milan,2,2,D,2,0,1,0,6,4,1.57
I1-1920-2020-07-02-roma-udinese,I1,Serie A,1920,2019/20,2020-07-02,20:45,roma,udinese,Roma,Udinese,0,2,A,0,1,1,0,1.57,4,6
I1-1920-2020-07-05-inter-bologna,I1,Serie A,1920,2019/20,2020-07-05,16:15,inter,bologna,Inter,Bologna,1,2,A,1,0,1,1,1.5,4.2,7
I1-1920-2020-07-05-cagliari-atalanta,I1,Serie A,1920,2019/20,2020-07-05,18:30,cagliari,atalanta,Cagliari,Atalanta,0,1,A,0,1,1,0,5.25,4.75,1.53
I1-1920-2020-07-07-lecce-lazio,I1,Serie A,1920,2019/20,2020-07-07,18:30,lecce,lazio,Lecce,Lazio,2,1,H,1,1,0,1,8,5.25,1.36
I1-1920-2020-07-12-napoli-milan,I1,Serie A,1920,2019/20,2020-07-12,20:45,napoli,milan,Napoli,Milan,2,2,D,1,1,0,1,2.05,3.5,3.5
I1-1920-2020-07-18-cagliari-sassuolo,I1,Serie A,1920,2019/20,2020-07-18,18:30,cagliari,sassuolo,Cagliari,Sassuolo,1,1,D,0,1,1,0,3.25,3.75,2.1
I1-1920-2020-07-21-sassuolo-milan,I1,Serie A,1920,2019/20,2020-07-21,20:45,sassuolo,milan,Sassuolo,Milan,1,2,A,1,2,1,0,3.5,4,1.9
I1-1920-2020-07-26-juventus-sampdoria,I1,Serie A,1920,2019/20,2020-07-26,20:45,juventus,sampdoria,Juventus,Sampdoria,2,0,H,1,0,0,1,1.25,6,11
I1-1920-2020-08-01-brescia-sampdoria,I1,Serie A,1920,2019/20,2020-08-01,17:00,brescia,sampdoria,Brescia,Sampdoria,1,1,D,0,1,0,1,6.5,5,1.4
I1-1920-2020-08-02-genoa-verona,I1,Serie A,1920,2019/20,2020-08-02,19:45,genoa,verona,Genoa,Verona,3,0,H,3,0,2,1,1.5,4.5,6
F1-1920-2019-08-09-monaco-lyon,F1,Ligue 1,1920,2019/20,2019-08-09,19:45,monaco,lyon,Monaco,Lyon,0,3,A,0,2,1,0,3,3.3,2.37
F1-1920-2019-08-10-montpellier-rennes,F1,Ligue 1,1920,2019/20,2019-08-10,19:00,montpellier,rennes,Montpellier,Rennes,0,1,A,0,1,0,1,2.25,3.1,3.5
F1-1920-2019-08-10-nice-amiens,F1,Ligue 1,1920,2019/20,2019-08-10,19:00,nice,amiens,Nice,Amiens,2,1,H,1,0,0,1,2.2,3,3.8
F1-1920-2019-08-17-amiens-lille,F1,Ligue 1,1920,2019/20,2019-08-17,19:00,amiens,lille,Amiens,Lille,1,0,H,0,0,0,1,3.3,3.1,2.37
F1-1920-2019-08-17-metz-monaco,F1,Ligue 1,1920,2019/20,2019-08-17,19:00,metz,monaco,Metz,Monaco,3,0,H,1,0,0,1,3,3.2,2.5
F1-1920-2019-08-17-nimes-nice,F1,Ligue 1,1920,2019/20,2019-08-17,19:00,nimes,nice,Nimes,Nice,1,2,A,1,2,2,1,2.1,3.3,3.6
F1-1920-2019-08-24-amiens-nantes,F1,Ligue 1,1920,2019/20,2019-08-24,19:00,amiens,nantes,Amiens,Nantes,1,2,A,0,0,1,0,2.6,3.1,2.8
F1-1920-2019-08-25-monaco-nimes,F1,Ligue 1,1920,2019/20,2019-08-25,14:00,monaco,nimes,Monaco,Nimes,2,2,D,2,0,1,0,1.6,3.8,6
F1-1920-2019-08-25-strasbourg-rennes,F1,Ligue 1,1920,2019/20,2019-08-25,16:00,strasbourg,rennes,Strasbourg,Rennes,0,2,A,0,1,1,0,2.75,3.1,2.7
F1-1920-2019-08-27-montpellier-lyon,F1,Ligue 1,1920,2019/20,2019-08-27,18:00,montpellier,lyon,Montpellier,Lyon,1,0,H,1,0,0,1,3.6,3.4,2.05
F1-1920-2019-08-31-lyon-bordeaux,F1,Ligue 1,1920,2019/20,2019-08-31,16:30,lyon,bordeaux,Lyon,Bordeaux,1,1,D,1,0,1,0,1.36,5,8.5
F1-1920-2019-09-01-reims-lille,F1,Ligue 1,1920,2019/20,2019-09-01,14:00,reims,lille,Reims,Lille,2,0,H,0,0,0,1,2.87,2.87,2.8
F1-1920-2019-09-21-marseille-montpellier,F1,Ligue 1,1920,2019/20,2019-09-21,16:30,marseille,montpellier,Marseille,Montpellier,1,1,D,0,1,2,1,2,3.2,4.2
F1-1920-2019-09-21-nimes-toulouse,F1,Ligue 1,1920,2019/20,2019-09-21,19:00,nimes,toulouse,Nimes,Toulouse,1,0,H,1,0,0,1,2.05,3.4,3.75
F1-1920-2019-09-29-nimes-st-etienne,F1,Ligue 1,1920,2019/20,2019-09-29,16:00,nimes,st etienne,Nimes,St Etienne,0,1,A,0,0,0,1,2.37,3.2,3.2
F1-1920-2019-10-05-montpellier-monaco,F1,Ligue 1,1920,2019/20,2019-10-05,19:00,montpellier,monaco,Montpellier,Monaco,3,1,H,2,0,0,1,3,3.2,2.5
F1-1920-2019-10-18-nice-paris-sg,F1,Ligue 1,1920,2019/20,2019-10-18,19:45,nice,paris sg,Nice,Paris SG,1,4,A,0,2,2,0,7.5,4.5,1.44
F1-1920-2019-10-19-metz-nantes,F1,Ligue 1,1920,2019/20,2019-10-19,19:00,metz,nantes,Metz,Nantes,1,0,H,0,0,0,1,2.7,3,2.87
F1-1920-2019-10-26-brest-dijon,F1,Ligue 1,1920,2019/20,2019-10-26,19:00,brest,dijon,Brest,Dijon,2,0,H,0,0,1,0,2.3,3.2,3.3
F1-1920-2019-10-26-strasbourg-nice,F1,Ligue 1,1920,2019/20,2019-10-26,19:00,strasbourg,nice,Strasbourg,Nice,1,0,H,1,0,0,1,2,3.2,4.2
F1-1920-2019-11-03-nice-reims,F1,Ligue 1,1920,2019/20,2019-11-03,16:00,nice,reims,Nice,Reims,2,0,H,2,0,0,1,2.7,3.1,2.8
F1-1920-2019-11-03-st-etienne-monaco,F1,Ligue 1,1920,2019/20,2019-11-03,20:00,st etienne,monaco,St Etienne,Monaco,1,0,H,0,0,0,1,2.9,3.25,2.5
F1-1920-2019-11-09-reims-angers,F1,Ligue 1,1920,2019/20,2019-11-09,19:00,reims,angers,Reims,Angers,0,0,D,0,0,0,1,2.25,3,3.75
F1-1920-2019-11-09-strasbourg-nimes,F1,Ligue 1,1920,2019/20,2019-11-09,19:00,strasbourg,nimes,Strasbourg,Nimes,4,1,H,2,0,0,1,1.85,3.5,4.5
F1-1920-2019-11-10-marseille-lyon,F1,Ligue 1,1920,2019/20,2019-11-10,20:00,marseille,lyon,Marseille,Lyon,2,1,H,2,0,1,0,2.6,3.5,2.7
F1-1920-2019-11-23-lyon-nice,F1,Ligue 1,1920,2019/20,2019-11-23,16:30,lyon,nice,Lyon,Nice,2,1,H,2,0,1,1,1.44,4.5,7
F1-1920-2019-11-23-amiens-strasbourg,F1,Ligue 1,1920,2019/20,2019-11-23,19:00,amiens,strasbourg,Amiens,Strasbourg,0,4,A,0,1,1,0,2.4,3.1,3.1
F1-1920-2019-11-23-metz-reims,F1,Ligue 1,1920,2019/20,2019-11-23,19:00,metz,reims,Metz,Reims,1,1,D,0,1,0,1,2.8,2.9,2.9
F1-1920-2019-11-24-bordeaux-monaco,F1,Ligue 1,1920,2019/20,2019-11-24,14:00,bordeaux,monaco,Bordeaux,Monaco,2,1,H,1,1,0,1,3.5,3.4,2.1
F1-1920-2019-11-24-toulouse-marseille,F1,Ligue 1,1920,2019/20,2019-11-24,20:00,toulouse,marseille,Toulouse,Marseille,0,2,A,0,0,1,0,3.2,3.5,2.15
F1-1920-2019-11-30-montpellier-amiens,F1,Ligue 1,1920,2019/20,2019-11-30,19:00,montpellier,amiens,Montpellier,Amiens,4,2,H,1,1,0,1,1.75,3.4,5.25
F1-1920-2019-11-30-reims-bordeaux,F1,Ligue 1,1920,2019/20,2019-11-30,19:00,reims,bordeaux,Reims,Bordeaux,1,1,D,0,1,1,0,2.05,3.1,4
F1-1920-2019-12-01-nantes-toulouse,F1,Ligue 1,1920,2019/20,2019-12-01,14:00,nantes,toulouse,Nantes,Toulouse,2,1,H,1,0,0,1,1.8,3.5,4.75
F1-1920-2019-12-06-nimes-lyon,F1,Ligue 1,1920,2019/20,2019-12-06,19:45,nimes,lyon,Nimes,Lyon,0,4,A,0,1,2,0,5,3.8,1.7
F1-1920-2019-12-07-montpellier-paris-sg,F1,Ligue 1,1920,2019/20,2019-12-07,16:30,montpellier,paris sg,Montpellier,Paris SG,1,3,A,1,0,1,0,7,4.5,1.45
F1-1920-2019-12-15-st-etienne-paris-sg,F1,Ligue 1,1920,2019/20,2019-12-15,20:00,st etienne,paris sg,St Etienne,Paris SG,0,4,A,0,2,1,0,8,5.25,1.33
F1-1920-2019-12-21-dijon-metz,F1,Ligue 1,1920,2019/20,2019-12-21,19:45,dijon,metz,Dijon,Metz,2,2,D,2,1,0,1,2.1,3.25,3.8
F1-1920-2019-12-21-monaco-lille,F1,Ligue 1,1920,2019/20,2019-12-21,19:45,monaco,lille,Monaco,Lille,5,1,H,2,1,1,0,2.15,3.4,3.4
F1-1920-2020-01-11-nimes-reims,F1,Ligue 1,1920,2019/20,2020-01-11,19:00,nimes,reims,Nimes,Reims,2,0,H,1,0,0,1,3.25,3.1,2.4
F1-1920-2020-01-12-dijon-lille,F1,Ligue 1,1920,2019/20,2020-01-12,16:00,dijon,lille,Dijon,Lille,1,0,H,0,0,1,1,3.9,3.4,2
F1-1920-2020-01-25-montpellier-dijon,F1,Ligue 1,1920,2019/20,2020-01-25,19:00,montpellier,dijon,Montpellier,Dijon,2,1,H,0,0,0,1,1.61,3.8,5.5
F1-1920-2020-01-26-nantes-bordeaux,F1,Ligue 1,1920,2019/20,2020-01-26,16:00,nantes,bordeaux,Nantes,Bordeaux,0,1,A,0,0,1,0,1.9,3.2,4.5
F1-1920-2020-02-01-paris-sg-montpellier,F1,Ligue 1,1920,2019/20,2020-02-01,16:30,paris sg,montpellier,Paris SG,Montpellier,5,0,H,3,0,0,2,1.14,8,19
F1-1920-2020-02-01-nimes-monaco,F1,Ligue 1,1920,2019/20,2020-02-01,19:00,nimes,monaco,Nimes,Monaco,3,1,H,1,1,0,2,4.5,4,1.72
F1-1920-2020-02-02-nice-lyon,F1,Ligue 1,1920,2019/20,2020-02-02,14:00,nice,lyon,Nice,Lyon,2,1,H,1,1,1,1,3.5,3.5,2.1
F1-1920-2020-02-05-brest-bordeaux,F1,Ligue 1,1920,2019/20,2020-02-05,18:00,brest,bordeaux,Brest,Bordeaux,1,1,D,0,1,1,0,2.5,3.2,3
F1-1920-2020-02-08-metz-bordeaux,F1,Ligue 1,1920,2019/20,2020-02-08,19:00,metz,bordeaux,Metz,Bordeaux,1,2,A,1,0,1,0,2.5,3.2,3
F1-1920-2020-02-08-nice-nimes,F1,Ligue 1,1920,2019/20,2020-02-08,19:00,nice,nimes,Nice,Nimes,1,3,A,1,1,1,0,1.95,3.5,4
F1-1920-2020-02-09-montpellier-st-etienne,F1,Ligue 1,1920,2019/20,2020-02-09,14:00,montpellier,st etienne,Montpellier,St Etienne,1,0,H,1,0,1,0,2.1,3.25,3.75
F1-1920-2020-02-15-nantes-metz,F1,Ligue 1,1920,2019/20,2020-02-15,19:00,nantes,metz,Nantes,Metz,0,0,D,0,0,0,1,1.9,3.4,4.2
F1-1920-2020-02-15-nimes-angers,F1,Ligue 1,1920,2019/20,2020-02-15,19:00,nimes,angers,Nimes,Angers,1,0,H,0,0,0,1,2.75,3.2,2.7
F1-1920-2020-02-15-toulouse-nice,F1,Ligue 1,1920,2019/20,2020-02-15,19:00,toulouse,nice,Toulouse,Nice,0,2,A,0,1,2,0,2.5,3.4,2.8
F1-1920-2020-02-21-metz-lyon,F1,Ligue 1,1920,2019/20,2020-02-21,19:45,metz,lyon,Metz,Lyon,0,2,A,0,1,1,0,4.2,3.5,1.85
F1-1920-2020-02-23-rennes-nimes,F1,Ligue 1,1920,2019/20,2020-02-23,16:00,rennes,nimes,Rennes,Nimes,2,1,H,1,1,0,1,1.7,3.4,6
F1-1920-2020-02-23-paris-sg-bordeaux,F1,Ligue 1,1920,2019/20,2020-02-23,20:00,paris sg,bordeaux,Paris SG,Bordeaux,4,3,H,2,2,1,0,1.14,9,17
F1-1920-2020-03-07-nice-monaco,F1,Ligue 1,1920,2019/20,2020-03-07,19:00,nice,monaco,Nice,Monaco,2,1,H,0,1,0,1,3.4,3.6,2.1
F1-1920-2020-03-07-reims-brest,F1,Ligue 1,1920,2019/20,2020-03-07,19:00,reims,brest,Reims,Brest,1,0,H,1,0,1,0,1.8,3.6,4.75
F1-1920-2020-03-08-st-etienne-bordeaux,F1,Ligue 1,1920,2019/20,2020-03-08,14:00,st etienne,bordeaux,St Etienne,Bordeaux,1,1,D,0,0,1,0,2.3,3.2,3.3
E0-2021-2020-09-19-everton-west-brom,E0,Premier League,2021,2020/21,2020-09-19,12:30,Everton,west brom,Everton,West Brom,5,2,H,2,1,0,1,1.5,4.2,6.5
E0-2021-2020-09-20-newcastle-brighton,E0,Premier League,2021,2020/21,2020-09-20,14:00,Newcastle,Brighton,Newcastle,Brighton,0,3,A,0,2,0,1,2.6,3.1,2.87
E0-2021-2020-09-20-chelsea-liverpool,E0,Premier League,2021,2020/21,2020-09-20,16:30,Chelsea,Liverpool,Chelsea,Liverpool,0,2,A,0,0,1,0,3.1,3.6,2.2
E0-2021-2020-09-21-aston-villa-sheffield-united,E0,Premier League,2021,2020/21,2020-09-21,18:00,Aston Villa,Sheffield United,Aston Villa,Sheffield United,1,0,H,0,0,0,1,2.7,3.1,2.75
E0-2021-2020-10-04-man-united-tottenham,E0,Premier League,2021,2020/21,2020-10-04,16:30,Manchester United,Tottenham,Man United,Tottenham,1,6,A,1,4,1,0,1.85,3.8,4
E0-2021-2020-10-17-everton-liverpool,E0,Premier League,2021,2020/21,2020-10-17,12:30,Everton,Liverpool,Everton,Liverpool,2,2,D,1,1,1,0,3.75,4.2,1.83
E0-2021-2020-10-18-crystal-palace-brighton,E0,Premier League,2021,2020/21,2020-10-18,14:00,Crystal Palace,Brighton,Crystal Palace,Brighton,1,1,D,1,0,0,1,2.62,3.3,2.7
E0-2021-2020-10-24-fulham-crystal-palace,E0,Premier League,2021,2020/21,2020-10-24,15:00,Fulham,Crystal Palace,Fulham,Crystal Palace,1,2,A,0,1,1,0,2.75,3.1,2.7
E0-2021-2020-10-25-southampton-everton,E0,Premier League,2021,2020/21,2020-10-25,14:00,Southampton,Everton,Southampton,Everton,2,0,H,2,0,0,1,2.75,3.4,2.55
E0-2021-2020-10-30-wolves-crystal-palace,E0,Premier League,2021,2020/21,2020-10-30,20:00,Wolves,Crystal Palace,Wolves,Crystal Palace,2,0,H,2,0,0,1,2,3.2,4.33
E0-2021-2020-11-21-aston-villa-brighton,E0,Premier League,2021,2020/21,2020-11-21,15:00,Aston Villa,Brighton,Aston Villa,Brighton,1,2,A,0,1,0,1,2.15,3.6,3.2
E0-2021-2020-11-22-leeds-arsenal,E0,Premier League,2021,2020/21,2020-11-22,16:30,Leeds,Arsenal,Leeds,Arsenal,0,0,D,0,0,0,1,3,3.75,2.2
E0-2021-2020-12-06-west-brom-crystal-palace,E0,Premier League,2021,2020/21,2020-12-06,12:00,west brom,Crystal Palace,West Brom,Crystal Palace,1,5,A,1,1,1,0,2.87,3.2,2.55
E0-2021-2020-12-13-arsenal-burnley,E0,Premier League,2021,2020/21,2020-12-13,19:15,Arsenal,Burnley,Arsenal,Burnley,0,1,A,0,0,1,0,1.53,4.2,6.25
E0-2021-2020-12-16-arsenal-southampton,E0,Premier League,2021,2020/21,2020-12-16,18:00,Arsenal,Southampton,Arsenal,Southampton,1,1,D,0,1,1,0,2.25,3.5,3.1
E0-2021-2020-12-16-west-ham-crystal-palace,E0,Premier League,2021,2020/21,2020-12-16,20:00,West Ham,Crystal Palace,West Ham,Crystal Palace,1,1,D,0,1,0,1,2.05,3.4,3.6
E0-2021-2020-12-19-newcastle-fulham,E0,Premier League,2021,2020/21,2020-12-19,20:00,Newcastle,Fulham,Newcastle,Fulham,1,1,D,0,1,0,1,2.5,3.25,2.9
E0-2021-2020-12-20-brighton-sheffield-united,E0,Premier League,2021,2020/21,2020-12-20,12:00,Brighton,Sheffield United,Brighton,Sheffield United,1,1,D,0,0,0,1,1.65,3.75,5.5
E0-2021-2020-12-20-west-brom-aston-villa,E0,Premier League,2021,2020/21,2020-12-20,19:15,west brom,Aston Villa,West Brom,Aston Villa,0,3,A,0,1,1,0,3.6,3.8,1.95
E0-2021-2020-12-26-aston-villa-crystal-palace,E0,Premier League,2021,2020/21,2020-12-26,15:00,Aston Villa,Crystal Palace,Aston Villa,Crystal Palace,3,0,H,1,0,1,0,1.9,3.75,3.8
E0-2021-2021-01-02-tottenham-leeds,E0,Premier League,2021,2020/21,2021-01-02,12:30,Tottenham,Leeds,Tottenham,Leeds,3,0,H,2,0,1,0,1.75,4.1,4.2
E0-2021-2021-01-12-sheffield-united-newcastle,E0,Premier League,2021,2020/21,2021-01-12,18:00,Sheffield United,Newcastle,Sheffield United,Newcastle,1,0,H,0,0,0,1,2.45,3.1,3.1
E0-2021-2021-01-16-fulham-chelsea,E0,Premier League,2021,2020/21,2021-01-16,17:30,Fulham,Chelsea,Fulham,Chelsea,0,1,A,0,0,1,0,6.5,4.33,1.5
E0-2021-2021-02-02-wolves-arsenal,E0,Premier League,2021,2020/21,2021-02-02,18:00,Wolves,Arsenal,Wolves,Arsenal,2,1,H,1,1,0,2,3.6,3.3,2.1
E0-2021-2021-02-02-man-united-southampton,E0,Premier League,2021,2020/21,2021-02-02,20:15,Manchester United,Southampton,Man United,Southampton,9,0,H,4,0,0,2,1.4,4.75,7
E0-2021-2021-02-06-newcastle-southampton,E0,Premier League,2021,2020/21,2021-02-06,15:00,Newcastle,Southampton,Newcastle,Southampton,3,2,H,3,1,1,0,3,3.3,2.4
E0-2021-2021-02-06-fulham-west-ham,E0,Premier League,2021,2020/21,2021-02-06,17:30,Fulham,West Ham,Fulham,West Ham,0,0,D,0,0,0,1,3.6,3.5,2.05
E0-2021-2021-02-20-burnley-west-brom,E0,Premier League,2021,2020/21,2021-02-20,15:00,Burnley,west brom,Burnley,West Brom,0,0,D,0,0,0,1,2,3.3,4
E0-2021-2021-03-03-sheffield-united-aston-villa,E0,Premier League,2021,2020/21,2021-03-03,18:00,Sheffield United,Aston Villa,Sheffield United,Aston Villa,1,0,H,1,0,1,0,3.75,3.4,2.05
E0-2021-2021-03-14-arsenal-tottenham,E0,Premier League,2021,2020/21,2021-03-14,16:30,Arsenal,Tottenham,Arsenal,Tottenham,2,1,H,1,1,0,1,2.55,3.4,2.75
E0-2021-2021-04-03-chelsea-west-brom,E0,Premier League,2021,2020/21,2021-04-03,12:30,Chelsea,west brom,Chelsea,West Brom,2,5,A,1,2,1,0,1.22,6,15
E0-2021-2021-04-10-man-city-leeds,E0,Premier League,2021,2020/21,2021-04-10,12:30,Manchester City,Leeds,Man City,Leeds,1,2,A,0,1,0,1,1.28,5.75,10
E0-2021-2021-04-17-newcastle-west-ham,E0,Premier League,2021,2020/21,2021-04-17,12:30,Newcastle,West Ham,Newcastle,West Ham,3,2,H,2,0,0,1,3.5,3.5,2.05
E0-2021-2021-04-20-chelsea-brighton,E0,Premier League,2021,2020/21,2021-04-20,20:00,Chelsea,Brighton,Chelsea,Brighton,0,0,D,0,0,0,1,1.57,4,6
E0-2021-2021-04-21-aston-villa-man-city,E0,Premier League,2021,2020/21,2021-04-21,20:15,Aston Villa,Manchester City,Aston Villa,Man City,1,2,A,1,2,1,1,9,4.75,1.36
E0-2021-2021-04-24-west-ham-chelsea,E0,Premier League,2021,2020/21,2021-04-24,17:30,West Ham,Chelsea,West Ham,Chelsea,0,1,A,0,1,1,0,4.75,3.6,1.75
E0-2021-2021-04-30-southampton-leicester,E0,Premier League,2021,2020/21,2021-04-30,20:00,Southampton,Leicester,Southampton,Leicester,1,1,D,0,0,1,0,3.8,3.8,1.9
E0-2021-2021-05-02-newcastle-arsenal,E0,Premier League,2021,2020/21,2021-05-02,14:00,Newcastle,Arsenal,Newcastle,Arsenal,0,2,A,0,1,1,0,3.6,3.6,2
E0-2021-2021-05-09-wolves-brighton,E0,Premier League,2021,2020/21,2021-05-09,12:00,Wolves,Brighton,Wolves,Brighton,2,1,H,0,1,0,2,3.3,3.3,2.2
E0-2021-2021-05-09-aston-villa-man-united,E0,Premier League,2021,2020/21,2021-05-09,14:05,Aston Villa,Manchester United,Aston Villa,Man United,1,3,A,1,0,1,0,4.2,3.8,1.8
E0-2021-2021-05-18-brighton-man-city,E0,Premier League,2021,2020/21,2021-05-18,19:00,Brighton,Manchester City,Brighton,Man City,3,2,H,0,1,0,1,7,4.5,1.45
E0-2021-2021-05-23-aston-villa-chelsea,E0,Premier League,2021,2020/21,2021-05-23,16:00,Aston Villa,Chelsea,Aston Villa,Chelsea,2,1,H,1,0,0,1,6.5,4.6,1.45
SP1-2021-2020-09-12-eibar-celta,SP1,La Liga,2021,2020/21,2020-09-12,15:00,eibar,celta,Eibar,Celta,0,0,D,0,0,1,0,2.5,3.25,2.9
SP1-2021-2020-09-26-betis-real-madrid,SP1,La Liga,2021,2020/21,2020-09-26,20:00,betis,real madrid,Betis,Real Madrid,2,3,A,2,1,1,0,4,4,1.8
SP1-2021-2020-09-29-getafe-betis,SP1,La Liga,2021,2020/21,2020-09-29,20:30,getafe,betis,Getafe,Betis,3,0,H,3,0,0,1,2.45,3.1,3
SP1-2021-2020-10-01-ath-bilbao-cadiz,SP1,La Liga,2021,2020/21,2020-10-01,18:00,ath bilbao,cadiz,Ath Bilbao,Cadiz,0,1,A,0,0,0,2,1.53,3.8,6.5
SP1-2021-2020-10-01-celta-barcelona,SP1,La Liga,2021,2020/21,2020-10-01,20:30,celta,barcelona,Celta,Barcelona,0,3,A,0,1,0,1,5.75,4.2,1.53
SP1-2021-2020-10-03-valladolid-eibar,SP1,La Liga,2021,2020/21,2020-10-03,12:00,valladolid,eibar,Valladolid,Eibar,1,2,A,1,1,0,1,2.35,3,3.4
SP1-2021-2020-10-04-alaves-ath-bilbao,SP1,La Liga,2021,2020/21,2020-10-04,13:00,alaves,ath bilbao,Alaves,Ath Bilbao,1,0,H,0,0,1,0,3.3,2.9,2.37
SP1-2021-2020-10-17-granada-sevilla,SP1,La Liga,2021,2020/21,2020-10-17,12:00,granada,sevilla,Granada,Sevilla,1,0,H,0,0,0,1,4.2,3.4,1.9
SP1-2021-2020-10-18-eibar-osasuna,SP1,La Liga,2021,2020/21,2020-10-18,11:00,eibar,osasuna,Eibar,Osasuna,0,0,D,0,0,0,1,2.6,3,3
SP1-2021-2020-10-18-villarreal-valencia,SP1,La Liga,2021,2020/21,2020-10-18,15:00,villarreal,valencia,Villarreal,Valencia,2,1,H,1,1,1,0,1.6,4,5.25
SP1-2021-2020-10-24-ath-madrid-betis,SP1,La Liga,2021,2020/21,2020-10-24,20:00,ath madrid,betis,Ath Madrid,Betis,2,0,H,0,0,0,1,1.55,3.8,6.5
SP1-2021-2020-10-25-valladolid-alaves,SP1,La Liga,2021,2020/21,2020-10-25,13:00,valladolid,alaves,Valladolid,Alaves,0,2,A,0,0,1,0,2.3,2.9,3.5
SP1-2021-2020-10-31-alaves-barcelona,SP1,La Liga,2021,2020/21,2020-10-31,20:00,alaves,barcelona,Alaves,Barcelona,1,1,D,1,0,1,0,6.5,4.75,1.44
SP1-2021-2020-11-01-celta-sociedad,SP1,La Liga,2021,2020/21,2020-11-01,15:00,celta,sociedad,Celta,Sociedad,1,4,A,0,2,1,0,3,3.2,2.45
SP1-2021-2020-11-01-granada-levante,SP1,La Liga,2021,2020/21,2020-11-01,17:30,granada,levante,Granada,Levante,1,1,D,1,1,1,0,2.25,3.2,3.4
SP1-2021-2020-11-01-valencia-getafe,SP1,La Liga,2021,2020/21,2020-11-01,20:00,valencia,getafe,Valencia,Getafe,2,2,D,1,0,1,1,3.1,3.1,2.45
SP1-2021-2020-11-07-barcelona-betis,SP1,La Liga,2021,2020/21,2020-11-07,15:15,barcelona,betis,Barcelona,Betis,5,2,H,1,1,0,1,1.4,5,7.5
SP1-2021-2020-11-08-sociedad-granada,SP1,La Liga,2021,2020/21,2020-11-08,15:15,sociedad,granada,Sociedad,Granada,2,0,H,2,0,1,0,1.65,3.8,5.25
SP1-2021-2020-11-08-levante-alaves,SP1,La Liga,2021,2020/21,2020-11-08,17:30,levante,alaves,Levante,Alaves,1,1,D,0,1,0,1,2.15,3.4,3.4
SP1-2021-2020-11-22-eibar-getafe,SP1,La Liga,2021,2020/21,2020-11-22,13:00,eibar,getafe,Eibar,Getafe,0,0,D,0,0,1,0,3.4,3,2.35
SP1-2021-2020-11-28-elche-cadiz,SP1,La Liga,2021,2020/21,2020-11-28,13:00,elche,cadiz,Elche,Cadiz,1,1,D,1,0,1,0,3.2,3,2.45
SP1-2021-2020-11-29-celta-granada,SP1,La Liga,2021,2020/21,2020-11-29,17:30,celta,granada,Celta,Granada,3,1,H,1,1,1,0,2,3.5,3.75
SP1-2021-2020-12-05-levante-getafe,SP1,La Liga,2021,2020/21,2020-12-05,13:00,levante,getafe,Levante,Getafe,3,0,H,2,0,0,2,2.9,3.1,2.55
SP1-2021-2020-12-06-alaves-sociedad,SP1,La Liga,2021,2020/21,2020-12-06,20:00,alaves,sociedad,Alaves,Sociedad,0,0,D,0,0,1,0,4.75,3.5,1.8
SP1-2021-2020-12-15-real-madrid-ath-bilbao,SP1,La Liga,2021,2020/21,2020-12-15,21:00,real madrid,ath bilbao,Real Madrid,Ath Bilbao,3,1,H,1,0,0,1,1.53,4.33,5.75
SP1-2021-2020-12-18-ath-bilbao-huesca,SP1,La Liga,2021,2020/21,2020-12-18,20:00,ath bilbao,huesca,Ath Bilbao,Huesca,2,0,H,0,0,0,1,1.9,3.3,4.33
SP1-2021-2020-12-19-osasuna-villarreal,SP1,La Liga,2021,2020/21,2020-12-19,17:30,osasuna,villarreal,Osasuna,Villarreal,1,3,A,0,2,1,0,3.6,3.4,2.1
SP1-2021-2020-12-22-elche-osasuna,SP1,La Liga,2021,2020/21,2020-12-22,16:30,elche,osasuna,Elche,Osasuna,2,2,D,0,1,0,1,3.3,3,2.37
SP1-2021-2020-12-29-levante-betis,SP1,La Liga,2021,2020/21,2020-12-29,20:30,levante,betis,Levante,Betis,4,3,H,3,1,1,0,2.4,3.4,2.9
SP1-2021-2020-12-30-granada-valencia,SP1,La Liga,2021,2020/21,2020-12-30,16:00,granada,valencia,Granada,Valencia,2,1,H,1,1,1,2,2.2,3.3,3.4
SP1-2021-2020-12-31-osasuna-alaves,SP1,La Liga,2021,2020/21,2020-12-31,15:15,osasuna,alaves,Osasuna,Alaves,1,1,D,0,0,1,0,2.35,3.25,3.1
SP1-2021-2021-01-03-alaves-ath-madrid,SP1,La Liga,2021,2020/21,2021-01-03,15:15,alaves,ath madrid,Alaves,Ath Madrid,1,2,A,0,1,1,0,7,3.75,1.53
SP1-2021-2021-01-09-granada-barcelona,SP1,La Liga,2021,2020/21,2021-01-09,17:30,granada,barcelona,Granada,Barcelona,0,4,A,0,3,1,0,6.5,5.25,1.4
SP1-2021-2021-01-10-cadiz-alaves,SP1,La Liga,2021,2020/21,2021-01-10,15:15,cadiz,alaves,Cadiz,Alaves,3,1,H,1,1,0,1,2.7,2.9,3
SP1-2021-2021-01-11-elche-getafe,SP1,La Liga,2021,2020/21,2021-01-11,18:00,elche,getafe,Elche,Getafe,1,3,A,1,1,1,0,4.33,2.9,2.1
SP1-2021-2021-01-11-huesca-betis,SP1,La Liga,2021,2020/21,2021-01-11,20:00,huesca,betis,Huesca,Betis,0,2,A,0,0,0,1,2.8,3.3,2.55
SP1-2021-2021-01-19-valladolid-elche,SP1,La Liga,2021,2020/21,2021-01-19,18:00,valladolid,elche,Valladolid,Elche,2,2,D,0,2,1,0,1.83,3.4,4.6
SP1-2021-2021-01-20-villarreal-granada,SP1,La Liga,2021,2020/21,2021-01-20,20:30,villarreal,granada,Villarreal,Granada,2,2,D,1,1,0,1,1.5,4,7
SP1-2021-2021-01-24-osasuna-granada,SP1,La Liga,2021,2020/21,2021-01-24,13:00,osasuna,granada,Osasuna,Granada,3,1,H,2,0,1,0,2.5,3.1,3
SP1-2021-2021-01-30-real-madrid-levante,SP1,La Liga,2021,2020/21,2021-01-30,15:15,real madrid,levante,Real Madrid,Levante,1,2,A,1,1,1,0,1.33,5.5,8
SP1-2021-2021-02-06-sevilla-getafe,SP1,La Liga,2021,2020/21,2021-02-06,20:00,sevilla,getafe,Sevilla,Getafe,3,0,H,0,0,0,1,1.72,3.6,4.75
SP1-2021-2021-02-07-sociedad-cadiz,SP1,La Liga,2021,2020/21,2021-02-07,13:00,sociedad,cadiz,Sociedad,Cadiz,4,1,H,2,0,0,1,1.45,4.2,8
SP1-2021-2021-02-14-getafe-sociedad,SP1,La Liga,2021,2020/21,2021-02-14,13:00,getafe,sociedad,Getafe,Sociedad,0,1,A,0,1,1,0,3.75,3.25,2.1
SP1-2021-2021-02-19-betis-getafe,SP1,La Liga,2021,2020/21,2021-02-19,20:00,betis,getafe,Betis,Getafe,1,0,H,0,0,1,0,2.05,3.1,4.1
SP1-2021-2021-02-20-valencia-celta,SP1,La Liga,2021,2020/21,2021-02-20,17:30,valencia,celta,Valencia,Celta,2,0,H,0,0,0,1,2.45,3.2,3
SP1-2021-2021-02-21-huesca-granada,SP1,La Liga,2021,2020/21,2021-02-21,17:30,huesca,granada,Huesca,Granada,3,2,H,3,1,0,1,2.15,3.3,3.5
SP1-2021-2021-02-26-levante-ath-bilbao,SP1,La Liga,2021,2020/21,2021-02-26,20:00,levante,ath bilbao,Levante,Ath Bilbao,1,1,D,1,0,0,1,3.3,3.25,2.25
SP1-2021-2021-02-27-getafe-valencia,SP1,La Liga,2021,2020/21,2021-02-27,20:00,getafe,valencia,Getafe,Valencia,3,0,H,1,0,0,1,2.5,3,3.1
SP1-2021-2021-03-06-valladolid-getafe,SP1,La Liga,2021,2020/21,2021-03-06,13:00,valladolid,getafe,Valladolid,Getafe,2,1,H,2,1,0,1,3,2.8,2.7
SP1-2021-2021-03-13-alaves-cadiz,SP1,La Liga,2021,2020/21,2021-03-13,13:00,alaves,cadiz,Alaves,Cadiz,1,1,D,1,0,1,0,2.15,3.1,3.8
SP1-2021-2021-03-13-getafe-ath-madrid,SP1,La Liga,2021,2020/21,2021-03-13,20:00,getafe,ath madrid,Getafe,Ath Madrid,0,0,D,0,0,1,0,4.75,3.1,1.9
SP1-2021-2021-03-14-eibar-villarreal,SP1,La Liga,2021,2020/21,2021-03-14,17:30,eibar,villarreal,Eibar,Villarreal,1,3,A,0,2,0,1,2.9,3.4,2.4
SP1-2021-2021-04-04-alaves-celta,SP1,La Liga,2021,2020/21,2021-04-04,13:00,alaves,celta,Alaves,Celta,1,3,A,0,3,0,1,3,3.2,2.5
SP1-2021-2021-04-05-barcelona-valladolid,SP1,La Liga,2021,2020/21,2021-04-05,20:00,barcelona,valladolid,Barcelona,Valladolid,1,0,H,0,0,0,1,1.12,9,19
SP1-2021-2021-04-10-real-madrid-barcelona,SP1,La Liga,2021,2020/21,2021-04-10,20:00,real madrid,barcelona,Real Madrid,Barcelona,2,1,H,2,0,1,0,2.8,3.8,2.3
SP1-2021-2021-04-11-valencia-sociedad,SP1,La Liga,2021,2020/21,2021-04-11,15:15,valencia,sociedad,Valencia,Sociedad,2,2,D,0,2,1,0,3.5,3.3,2.1
SP1-2021-2021-04-21-betis-ath-bilbao,SP1,La Liga,2021,2020/21,2021-04-21,19:00,betis,ath bilbao,Betis,Ath Bilbao,0,0,D,0,0,1,0,2.37,3.3,3
SP1-2021-2021-04-24-valencia-alaves,SP1,La Liga,2021,2020/21,2021-04-24,17:30,valencia,alaves,Valencia,Alaves,1,1,D,0,0,0,1,2.1,3.25,3.6
SP1-2021-2021-04-25-villarreal-barcelona,SP1,La Liga,2021,2020/21,2021-04-25,15:15,villarreal,barcelona,Villarreal,Barcelona,1,2,A,1,2,1,0,4.5,4.2,1.66
SP1-2021-2021-05-02-granada-cadiz,SP1,La Liga,2021,2020/21,2021-05-02,17:30,granada,cadiz,Granada,Cadiz,0,1,A,0,1,1,0,1.85,3.3,4.75
SP1-2021-2021-05-07-sociedad-elche,SP1,La Liga,2021,2020/21,2021-05-07,20:00,sociedad,elche,Sociedad,Elche,2,0,H,0,0,0,1,1.45,4.1,8
SP1-2021-2021-05-09-villarreal-celta,SP1,La Liga,2021,2020/21,2021-05-09,17:30,villarreal,celta,Villarreal,Celta,2,4,A,1,3,2,1,1.95,3.6,3.8
SP1-2021-2021-05-16-ath-bilbao-real-madrid,SP1,La Liga,2021,2020/21,2021-05-16,17:30,ath bilbao,real madrid,Ath Bilbao,Real Madrid,0,1,A,0,0,1,0,5,4.2,1.6
SP1-2021-2021-05-16-barcelona-celta,SP1,La Liga,2021,2020/21,2021-05-16,17:30,barcelona,celta,Barcelona,Celta,1,2,A,1,1,1,0,1.2,7.5,11
SP1-2021-2021-05-16-betis-huesca,SP1,La Liga,2021,2020/21,2021-05-16,17:30,betis,huesca,Betis,Huesca,1,0,H,0,0,0,1,1.75,3.8,4.33
SP1-2021-2021-05-16-getafe-levante,SP1,La Liga,2021,2020/21,2021-05-16,17:30,getafe,levante,Getafe,Levante,2,1,H,1,1,1,0,1.61,3.8,5.75
SP1-2021-2021-05-16-sociedad-valladolid,SP1,La Liga,2021,2020/21,2021-05-16,17:30,sociedad,valladolid,Sociedad,Valladolid,4,1,H,4,0,0,1,1.61,3.75,6
SP1-2021-2021-05-16-villarreal-sevilla,SP1,La Liga,2021,2020/21,2021-05-16,17:30,villarreal,sevilla,Villarreal,Sevilla,4,0,H,1,0,0,1,2.37,3.4,2.87
SP1-2021-2021-05-22-celta-betis,SP1,La Liga,2021,2020/21,2021-05-22,17:00,celta,betis,Celta,Betis,2,3,A,1,0,0,1,3.2,3.8,2.1
D1-2021-2020-09-26-mainz-stuttgart,D1,Bundesliga,2021,2020/21,2020-09-26,14:30,mainz,stuttgart,Mainz,Stuttgart,1,4,A,1,1,1,1,2.37,3.5,2.9
D1-2021-2020-09-26-schalke-04-werder-bremen,D1,Bundesliga,2021,2020/21,2020-09-26,17:30,schalke 04,werder bremen,Schalke 04,Werder Bremen,1,3,A,0,2,1,0,2.5,3.4,2.8
D1-2021-2020-10-17-bielefeld-bayern-munich,D1,Bundesliga,2021,2020/21,2020-10-17,17:30,bielefeld,bayern munich,Bielefeld,Bayern Munich,1,4,A,0,3,0,1,13,8.5,1.16
D1-2021-2020-10-24-rb-leipzig-hertha,D1,Bundesliga,2021,2020/21,2020-10-24,14:30,rb leipzig,hertha,RB Leipzig,Hertha,2,1,H,1,1,0,1,1.4,4.5,7
D1-2021-2020-11-02-hoffenheim-union-berlin,D1,Bundesliga,2021,2020/21,2020-11-02,19:30,hoffenheim,union berlin,Hoffenheim,Union Berlin,1,3,A,0,0,1,0,1.85,4,3.8
D1-2021-2020-11-21-m-gladbach-augsburg,D1,Bundesliga,2021,2020/21,2020-11-21,14:30,m gladbach,augsburg,M'gladbach,Augsburg,1,1,D,1,0,0,1,1.5,4.5,6
D1-2021-2020-11-27-wolfsburg-werder-bremen,D1,Bundesliga,2021,2020/21,2020-11-27,19:30,wolfsburg,werder bremen,Wolfsburg,Werder Bremen,5,3,H,3,2,0,1,1.8,3.6,4.33
D1-2021-2020-11-29-mainz-hoffenheim,D1,Bundesliga,2021,2020/21,2020-11-29,17:00,mainz,hoffenheim,Mainz,Hoffenheim,1,1,D,1,0,0,1,3.25,3.8,2.05
D1-2021-2020-12-04-hertha-union-berlin,D1,Bundesliga,2021,2020/21,2020-12-04,19:30,hertha,union berlin,Hertha,Union Berlin,3,1,H,0,1,0,1,2.5,3.5,2.75
D1-2021-2020-12-12-mainz-koln,D1,Bundesliga,2021,2020/21,2020-12-12,14:30,mainz,koln,Mainz,FC Koln,0,1,A,0,0,0,1,2.37,3.6,2.87
D1-2021-2020-12-13-augsburg-schalke-04,D1,Bundesliga,2021,2020/21,2020-12-13,14:30,augsburg,schalke 04,Augsburg,Schalke 04,2,2,D,1,0,1,0,1.9,3.75,3.8
D1-2021-2020-12-13-leverkusen-hoffenheim,D1,Bundesliga,2021,2020/21,2020-12-13,17:00,leverkusen,hoffenheim,Leverkusen,Hoffenheim,4,1,H,2,0,0,2,1.75,4.33,4
D1-2021-2020-12-15-ein-frankfurt-m-gladbach,D1,Bundesliga,2021,2020/21,2020-12-15,17:30,ein frankfurt,m gladbach,Ein Frankfurt,M'gladbach,3,3,D,3,1,1,0,2.62,3.8,2.45
D1-2021-2020-12-19-m-gladbach-hoffenheim,D1,Bundesliga,2021,2020/21,2020-12-19,14:30,m gladbach,hoffenheim,M'gladbach,Hoffenheim,1,2,A,1,0,1,0,1.9,4.2,3.5
D1-2021-2021-01-09-union-berlin-wolfsburg,D1,Bundesliga,2021,2020/21,2021-01-09,14:30,union berlin,wolfsburg,Union Berlin,Wolfsburg,2,2,D,1,1,0,1,2.9,3.3,2.45
D1-2021-2021-01-10-augsburg-stuttgart,D1,Bundesliga,2021,2020/21,2021-01-10,14:30,augsburg,stuttgart,Augsburg,Stuttgart,1,4,A,0,2,1,0,3.25,3.6,2.1
D1-2021-2021-02-06-mainz-union-berlin,D1,Bundesliga,2021,2020/21,2021-02-06,14:30,mainz,union berlin,Mainz,Union Berlin,1,0,H,1,0,0,1,3.3,3.4,2.2
D1-2021-2021-02-27-wolfsburg-hertha,D1,Bundesliga,2021,2020/21,2021-02-27,14:30,wolfsburg,hertha,Wolfsburg,Hertha,2,0,H,1,0,1,0,1.7,4,4.75
D1-2021-2021-03-06-hoffenheim-wolfsburg,D1,Bundesliga,2021,2020/21,2021-03-06,14:30,hoffenheim,wolfsburg,Hoffenheim,Wolfsburg,2,1,H,2,1,0,1,2.9,3.4,2.4
D1-2021-2021-03-10-bielefeld-werder-bremen,D1,Bundesliga,2021,2020/21,2021-03-10,17:30,bielefeld,werder bremen,Bielefeld,Werder Bremen,0,2,A,0,0,1,0,3.3,3.3,2.2
D1-2021-2021-03-13-dortmund-hertha,D1,Bundesliga,2021,2020/21,2021-03-13,17:30,dortmund,hertha,Dortmund,Hertha,2,0,H,0,0,0,1,1.5,4.5,6
D1-2021-2021-03-20-bayern-munich-stuttgart,D1,Bundesliga,2021,2020/21,2021-03-20,14:30,bayern munich,stuttgart,Bayern Munich,Stuttgart,4,0,H,4,0,1,0,1.2,7,11
D1-2021-2021-04-10-hertha-m-gladbach,D1,Bundesliga,2021,2020/21,2021-04-10,14:30,hertha,m gladbach,Hertha,M'gladbach,2,2,D,1,2,0,1,3.2,3.5,2.2
D1-2021-2021-04-20-bielefeld-schalke-04,D1,Bundesliga,2021,2020/21,2021-04-20,19:30,bielefeld,schalke 04,Bielefeld,Schalke 04,1,0,H,0,0,0,1,1.72,3.6,5.25
D1-2021-2021-04-24-wolfsburg-dortmund,D1,Bundesliga,2021,2020/21,2021-04-24,14:30,wolfsburg,dortmund,Wolfsburg,Dortmund,0,2,A,0,1,0,1,3,3.75,2.15
D1-2021-2021-04-25-rb-leipzig-stuttgart,D1,Bundesliga,2021,2020/21,2021-04-25,14:30,rb leipzig,stuttgart,RB Leipzig,Stuttgart,2,0,H,0,0,0,1,1.36,5.5,7
D1-2021-2021-05-08-werder-bremen-leverkusen,D1,Bundesliga,2021,2020/21,2021-05-08,14:30,werder bremen,leverkusen,Werder Bremen,Leverkusen,0,0,D,0,0,1,0,4.33,3.75,1.8
D1-2021-2021-05-08-bayern-munich-m-gladbach,D1,Bundesliga,2021,2020/21,2021-05-08,17:30,bayern munich,m gladbach,Bayern Munich,M'gladbach,6,0,H,4,0,1,0,1.33,5.75,7.5
D1-2021-2021-05-12-schalke-04-hertha,D1,Bundesliga,2021,2020/21,2021-05-12,17:00,schalke 04,hertha,Schalke 04,Hertha,1,2,A,1,1,0,1,7,4.5,1.44
D1-2021-2021-05-15-augsburg-werder-bremen,D1,Bundesliga,2021,2020/21,2021-05-15,14:30,augsburg,werder bremen,Augsburg,Werder Bremen,2,0,H,0,0,1,1,2.45,3.25,3
I1-2021-2020-09-21-milan-bologna,I1,Serie A,2021,2020/21,2020-09-21,19:45,milan,bologna,Milan,Bologna,2,0,H,1,0,0,1,1.57,4.33,5.5
I1-2021-2020-09-27-roma-juventus,I1,Serie A,2021,2020/21,2020-09-27,19:45,roma,juventus,Roma,Juventus,2,2,D,2,1,0,1,3.6,3.6,2
I1-2021-2020-09-28-bologna-parma,I1,Serie A,2021,2020/21,2020-09-28,19:45,bologna,parma,Bologna,Parma,4,1,H,2,0,0,1,1.95,3.6,3.6
I1-2021-2020-09-30-udinese-spezia,I1,Serie A,2021,2020/21,2020-09-30,17:00,udinese,spezia,Udinese,Spezia,0,2,A,0,1,0,1,1.6,3.75,5.75
I1-2021-2020-10-04-lazio-inter,I1,Serie A,2021,2020/21,2020-10-04,14:00,lazio,inter,Lazio,Inter,1,1,D,0,1,1,1,3.1,3.7,2.2
I1-2021-2020-10-17-crotone-juventus,I1,Serie A,2021,2020/21,2020-10-17,19:45,crotone,juventus,Crotone,Juventus,1,1,D,1,1,0,1,6.5,4.5,1.45
I1-2021-2020-10-18-torino-cagliari,I1,Serie A,2021,2020/21,2020-10-18,14:00,torino,cagliari,Torino,Cagliari,2,3,A,1,2,1,0,2.1,3.5,3.4
I1-2021-2020-10-25-cagliari-crotone,I1,Serie A,2021,2020/21,2020-10-25,11:30,cagliari,crotone,Cagliari,Crotone,4,2,H,3,2,0,1,2,3.6,3.6
I1-2021-2020-11-01-roma-fiorentina,I1,Serie A,2021,2020/21,2020-11-01,17:00,roma,fiorentina,Roma,Fiorentina,2,0,H,1,0,0,1,1.75,3.8,4.2
I1-2021-2020-11-02-verona-benevento,I1,Serie A,2021,2020/21,2020-11-02,19:45,verona,benevento,Verona,Benevento,3,1,H,1,0,0,1,2.05,3.5,3.6
I1-2021-2020-11-07-cagliari-sampdoria,I1,Serie A,2021,2020/21,2020-11-07,14:00,cagliari,sampdoria,Cagliari,Sampdoria,2,0,H,0,0,0,1,2.75,3.5,2.4
I1-2021-2020-11-08-torino-crotone,I1,Serie A,2021,2020/21,2020-11-08,14:00,torino,crotone,Torino,Crotone,0,0,D,0,0,0,1,1.95,3.75,3.6
I1-2021-2020-11-22-udinese-genoa,I1,Serie A,2021,2020/21,2020-11-22,17:00,udinese,genoa,Udinese,Genoa,1,0,H,1,0,0,1,1.8,3.75,4.33
I1-2021-2020-11-22-napoli-milan,I1,Serie A,2021,2020/21,2020-11-22,19:45,napoli,milan,Napoli,Milan,1,3,A,0,1,1,0,2.3,3.5,3
I1-2021-2020-11-28-benevento-juventus,I1,Serie A,2021,2020/21,2020-11-28,17:00,benevento,juventus,Benevento,Juventus,1,1,D,1,1,0,1,7.5,4.75,1.4
I1-2021-2020-12-05-juventus-torino,I1,Serie A,2021,2020/21,2020-12-05,17:00,juventus,torino,Juventus,Torino,2,1,H,0,1,1,0,1.4,5,7
I1-2021-2020-12-06-roma-sassuolo,I1,Serie A,2021,2020/21,2020-12-06,14:00,roma,sassuolo,Roma,Sassuolo,0,0,D,0,0,1,0,1.66,4.33,4.5
I1-2021-2020-12-06-crotone-napoli,I1,Serie A,2021,2020/21,2020-12-06,17:00,crotone,napoli,Crotone,Napoli,0,4,A,0,1,1,0,7.5,5.25,1.36
I1-2021-2020-12-11-sassuolo-benevento,I1,Serie A,2021,2020/21,2020-12-11,19:45,sassuolo,benevento,Sassuolo,Benevento,1,0,H,1,0,1,0,1.65,4.2,4.75
I1-2021-2020-12-15-benevento-lazio,I1,Serie A,2021,2020/21,2020-12-15,19:45,benevento,lazio,Benevento,Lazio,1,1,D,1,1,1,0,4.5,3.8,1.75
I1-2021-2020-12-16-inter-napoli,I1,Serie A,2021,2020/21,2020-12-16,19:45,inter,napoli,Inter,Napoli,1,0,H,0,0,0,1,2.2,3.5,3.2
I1-2021-2020-12-16-verona-sampdoria,I1,Serie A,2021,2020/21,2020-12-16,19:45,verona,sampdoria,Verona,Sampdoria,1,2,A,0,1,1,0,2.15,3.5,3.2
I1-2021-2020-12-17-roma-torino,I1,Serie A,2021,2020/21,2020-12-17,19:45,roma,torino,Roma,Torino,3,1,H,2,0,0,1,1.4,5,6.5
I1-2021-2020-12-22-juventus-fiorentina,I1,Serie A,2021,2020/21,2020-12-22,19:45,juventus,fiorentina,Juventus,Fiorentina,0,3,A,0,1,1,0,1.3,5.5,9
I1-2021-2020-12-23-sampdoria-sassuolo,I1,Serie A,2021,2020/21,2020-12-23,19:45,sampdoria,sassuolo,Sampdoria,Sassuolo,2,3,A,0,1,1,0,2.6,3.6,2.6
I1-2021-2021-01-03-cagliari-napoli,I1,Serie A,2021,2020/21,2021-01-03,14:00,cagliari,napoli,Cagliari,Napoli,1,4,A,0,1,1,0,7,4.33,1.45
I1-2021-2021-01-03-spezia-verona,I1,Serie A,2021,2020/21,2021-01-03,14:00,spezia,verona,Spezia,Verona,0,1,A,0,0,1,0,2.9,3.4,2.37
I1-2021-2021-01-03-benevento-milan,I1,Serie A,2021,2020/21,2021-01-03,17:00,benevento,milan,Benevento,Milan,0,2,A,0,1,0,1,5.25,4.2,1.57
I1-2021-2021-01-06-cagliari-benevento,I1,Serie A,2021,2020/21,2021-01-06,11:30,cagliari,benevento,Cagliari,Benevento,1,2,A,1,2,1,0,2.4,3.4,2.87
I1-2021-2021-01-06-bologna-udinese,I1,Serie A,2021,2020/21,2021-01-06,14:00,bologna,udinese,Bologna,Udinese,2,2,D,2,1,1,0,2.6,3.3,2.62
I1-2021-2021-01-06-napoli-spezia,I1,Serie A,2021,2020/21,2021-01-06,17:00,napoli,spezia,Napoli,Spezia,1,2,A,0,0,0,1,1.2,7,15
I1-2021-2021-01-10-juventus-sassuolo,I1,Serie A,2021,2020/21,2021-01-10,19:45,juventus,sassuolo,Juventus,Sassuolo,3,1,H,0,0,0,1,1.3,5.5,9.5
I1-2021-2021-01-16-torino-spezia,I1,Serie A,2021,2020/21,2021-01-16,17:00,torino,spezia,Torino,Spezia,0,0,D,0,0,0,1,2,3.5,3.75
I1-2021-2021-01-17-crotone-benevento,I1,Serie A,2021,2020/21,2021-01-17,14:00,crotone,benevento,Crotone,Benevento,4,1,H,2,0,0,1,2.75,3.5,2.4
I1-2021-2021-01-18-cagliari-milan,I1,Serie A,2021,2020/21,2021-01-18,19:45,cagliari,milan,Cagliari,Milan,0,2,A,0,1,0,1,5.75,4.75,1.5
I1-2021-2021-01-29-torino-fiorentina,I1,Serie A,2021,2020/21,2021-01-29,19:45,torino,fiorentina,Torino,Fiorentina,1,1,D,0,0,0,2,2.7,3.25,2.62
I1-2021-2021-01-31-spezia-udinese,I1,Serie A,2021,2020/21,2021-01-31,11:30,spezia,udinese,Spezia,Udinese,0,1,A,0,0,1,1,3.75,3.2,2.1
I1-2021-2021-02-20-sassuolo-bologna,I1,Serie A,2021,2020/21,2021-02-20,19:45,sassuolo,bologna,Sassuolo,Bologna,1,1,D,0,1,0,1,2.3,3.4,3.1
I1-2021-2021-02-21-benevento-roma,I1,Serie A,2021,2020/21,2021-02-21,19:45,benevento,roma,Benevento,Roma,0,0,D,0,0,1,0,5.5,4.5,1.53
I1-2021-2021-02-28-crotone-cagliari,I1,Serie A,2021,2020/21,2021-02-28,14:00,crotone,cagliari,Crotone,Cagliari,0,2,A,0,0,0,1,3.3,3.6,2.1
I1-2021-2021-02-28-napoli-benevento,I1,Serie A,2021,2020/21,2021-02-28,17:00,napoli,benevento,Napoli,Benevento,2,0,H,1,0,1,0,1.4,4.75,7.5
I1-2021-2021-03-07-crotone-torino,I1,Serie A,2021,2020/21,2021-03-07,14:00,crotone,torino,Crotone,Torino,4,2,H,1,1,0,1,3.6,3.4,2.05
I1-2021-2021-03-14-milan-napoli,I1,Serie A,2021,2020/21,2021-03-14,19:45,milan,napoli,Milan,Napoli,0,1,A,0,0,1,0,2.55,3.3,2.8
I1-2021-2021-04-03-milan-sampdoria,I1,Serie A,2021,2020/21,2021-04-03,11:30,milan,sampdoria,Milan,Sampdoria,1,1,D,0,0,0,1,1.5,4.33,6.5
I1-2021-2021-04-03-genoa-fiorentina,I1,Serie A,2021,2020/21,2021-04-03,14:00,genoa,fiorentina,Genoa,Fiorentina,1,1,D,1,1,0,1,3.3,3,2.37
I1-2021-2021-04-03-lazio-spezia,I1,Serie A,2021,2020/21,2021-04-03,14:00,lazio,spezia,Lazio,Spezia,2,1,H,0,0,2,0,1.4,4.75,7
I1-2021-2021-04-10-parma-milan,I1,Serie A,2021,2020/21,2021-04-10,17:00,parma,milan,Parma,Milan,1,3,A,0,2,0,1,5.25,3.75,1.66
I1-2021-2021-04-17-crotone-udinese,I1,Serie A,2021,2020/21,2021-04-17,14:00,crotone,udinese,Crotone,Udinese,1,2,A,0,1,0,1,4,3.7,1.85
I1-2021-2021-04-18-torino-roma,I1,Serie A,2021,2020/21,2021-04-18,17:00,torino,roma,Torino,Roma,3,1,H,0,1,0,1,3.3,3.6,2.1
I1-2021-2021-04-22-roma-atalanta,I1,Serie A,2021,2020/21,2021-04-22,17:30,roma,atalanta,Roma,Atalanta,1,1,D,0,1,1,1,3.6,3.8,1.95
I1-2021-2021-04-25-atalanta-bologna,I1,Serie A,2021,2020/21,2021-04-25,19:45,atalanta,bologna,Atalanta,Bologna,5,0,H,2,0,0,1,1.3,5.5,8.5
I1-2021-2021-04-26-torino-napoli,I1,Serie A,2021,2020/21,2021-04-26,17:30,torino,napoli,Torino,Napoli,0,2,A,0,2,1,0,4.75,3.75,1.72
I1-2021-2021-05-02-sassuolo-atalanta,I1,Serie A,2021,2020/21,2021-05-02,14:00,sassuolo,atalanta,Sassuolo,Atalanta,1,1,D,0,1,1,1,6,5,1.45
I1-2021-2021-05-08-fiorentina-lazio,I1,Serie A,2021,2020/21,2021-05-08,19:45,fiorentina,lazio,Fiorentina,Lazio,2,0,H,1,0,0,1,4,3.9,1.83
I1-2021-2021-05-12-atalanta-benevento,I1,Serie A,2021,2020/21,2021-05-12,19:45,atalanta,benevento,Atalanta,Benevento,2,0,H,1,0,0,1,1.14,8,15
I1-2021-2021-05-15-juventus-inter,I1,Serie A,2021,2020/21,2021-05-15,17:00,juventus,inter,Juventus,Inter,3,2,H,2,1,1,1,2.2,3.6,3.1
I1-2021-2021-05-15-roma-lazio,I1,Serie A,2021,2020/21,2021-05-15,19:45,roma,lazio,Roma,Lazio,2,0,H,1,0,0,1,3,3.6,2.25
I1-2021-2021-05-16-fiorentina-napoli,I1,Serie A,2021,2020/21,2021-05-16,11:30,fiorentina,napoli,Fiorentina,Napoli,0,2,A,0,0,1,0,5.75,4.5,1.5
I1-2021-2021-05-16-benevento-crotone,I1,Serie A,2021,2020/21,2021-05-16,14:00,benevento,crotone,Benevento,Crotone,1,1,D,1,0,0,1,1.45,4.75,6
I1-2021-2021-05-22-cagliari-genoa,I1,Serie A,2021,2020/21,2021-05-22,19:45,cagliari,genoa,Cagliari,Genoa,0,1,A,0,1,0,1,2,3.6,3.6
I1-2021-2021-05-23-atalanta-milan,I1,Serie A,2021,2020/21,2021-05-23,19:45,atalanta,milan,Atalanta,Milan,0,2,A,0,1,1,0,2.37,4.2,2.5
I1-2021-2021-05-23-sassuolo-lazio,I1,Serie A,2021,2020/21,2021-05-23,19:45,sassuolo,lazio,Sassuolo,Lazio,2,0,H,1,0,1,0,1.9,4.33,3.25
F1-2021-2020-08-21-bordeaux-nantes,F1,Ligue 1,2021,2020/21,2020-08-21,18:00,bordeaux,nantes,Bordeaux,Nantes,0,0,D,0,0,1,0,2.4,3,3.25
F1-2021-2020-08-22-lille-rennes,F1,Ligue 1,2021,2020/21,2020-08-22,20:00,lille,rennes,Lille,Rennes,1,1,D,1,0,1,1,2.3,3.2,3.3
F1-2021-2020-08-23-nimes-brest,F1,Ligue 1,2021,2020/21,2020-08-23,14:00,nimes,brest,Nimes,Brest,4,0,H,2,0,0,1,2.3,3.2,3.3
F1-2021-2020-08-29-rennes-montpellier,F1,Ligue 1,2021,2020/21,2020-08-29,16:00,rennes,montpellier,Rennes,Montpellier,2,1,H,1,0,1,1,2,3.3,3.8
F1-2021-2020-08-30-metz-monaco,F1,Ligue 1,2021,2020/21,2020-08-30,14:00,metz,monaco,Metz,Monaco,0,1,A,0,1,0,1,3.75,3.4,2
F1-2021-2020-08-30-nantes-nimes,F1,Ligue 1,2021,2020/21,2020-08-30,14:00,nantes,nimes,Nantes,Nimes,2,1,H,2,0,2,0,1.95,3.2,4.2
F1-2021-2020-09-13-angers-reims,F1,Ligue 1,2021,2020/21,2020-09-13,14:00,angers,reims,Angers,Reims,1,0,H,0,0,1,1,2.37,3,3.4
F1-2021-2020-09-13-dijon-brest,F1,Ligue 1,2021,2020/21,2020-09-13,14:00,dijon,brest,Dijon,Brest,0,2,A,0,1,1,0,2.4,3.3,3
F1-2021-2020-09-13-lorient-lens,F1,Ligue 1,2021,2020/21,2020-09-13,14:00,lorient,lens,Lorient,Lens,2,3,A,1,2,0,1,2.1,3.3,3.75
F1-2021-2020-09-13-paris-sg-marseille,F1,Ligue 1,2021,2020/21,2020-09-13,20:00,paris sg,marseille,Paris SG,Marseille,0,1,A,0,1,3,2,,,
F1-2021-2020-09-15-montpellier-lyon,F1,Ligue 1,2021,2020/21,2020-09-15,20:00,montpellier,lyon,Montpellier,Lyon,2,1,H,1,0,1,1,3.8,3.3,2.05
F1-2021-2020-09-16-paris-sg-metz,F1,Ligue 1,2021,2020/21,2020-09-16,20:00,paris sg,metz,Paris SG,Metz,1,0,H,0,0,1,0,1.25,7,9
F1-2021-2020-09-19-lens-bordeaux,F1,Ligue 1,2021,2020/21,2020-09-19,16:00,lens,bordeaux,Lens,Bordeaux,2,1,H,0,0,0,1,2.3,3.1,3.4
F1-2021-2020-09-20-metz-reims,F1,Ligue 1,2021,2020/21,2020-09-20,14:00,metz,reims,Metz,Reims,2,1,H,1,1,0,1,2.55,3,3.1
F1-2021-2020-09-27-monaco-strasbourg,F1,Ligue 1,2021,2020/21,2020-09-27,14:00,monaco,strasbourg,Monaco,Strasbourg,3,2,H,2,0,2,0,1.85,3.5,4.2
F1-2021-2020-10-03-lens-st-etienne,F1,Ligue 1,2021,2020/21,2020-10-03,16:00,lens,st etienne,Lens,St Etienne,2,0,H,1,0,0,2,1.95,3.5,4.2
F1-2021-2020-10-03-nice-nantes,F1,Ligue 1,2021,2020/21,2020-10-03,20:00,nice,nantes,Nice,Nantes,2,1,H,1,1,0,1,2.45,3.25,3
F1-2021-2020-10-04-lyon-marseille,F1,Ligue 1,2021,2020/21,2020-10-04,20:00,lyon,marseille,Lyon,Marseille,1,1,D,1,1,0,1,1.7,3.8,5
F1-2021-2020-10-16-nimes-paris-sg,F1,Ligue 1,2021,2020/21,2020-10-16,20:00,nimes,paris sg,Nimes,Paris SG,0,4,A,0,1,1,0,6.5,5,1.4
F1-2021-2020-10-17-reims-lorient,F1,Ligue 1,2021,2020/21,2020-10-17,16:00,reims,lorient,Reims,Lorient,1,3,A,1,0,2,0,2.1,3.4,3.6
F1-2021-2020-10-18-monaco-montpellier,F1,Ligue 1,2021,2020/21,2020-10-18,14:00,monaco,montpellier,Monaco,Montpellier,1,1,D,0,0,0,1,,,
F1-2021-2020-10-18-lille-lens,F1,Ligue 1,2021,2020/21,2020-10-18,20:00,lille,lens,Lille,Lens,4,0,H,1,0,0,2,1.83,3.6,4.33
F1-2021-2020-10-25-montpellier-reims,F1,Ligue 1,2021,2020/21,2020-10-25,14:00,montpellier,reims,Montpellier,Reims,0,4,A,0,3,2,0,1.85,3.5,4.2
F1-2021-2020-10-25-lyon-monaco,F1,Ligue 1,2021,2020/21,2020-10-25,20:00,lyon,monaco,Lyon,Monaco,4,1,H,4,0,1,0,1.65,4,4.75
F1-2021-2020-11-01-nimes-metz,F1,Ligue 1,2021,2020/21,2020-11-01,14:00,nimes,metz,Nimes,Metz,0,1,A,0,1,0,1,2.45,3.25,3
F1-2021-2020-11-01-lille-lyon,F1,Ligue 1,2021,2020/21,2020-11-01,20:00,lille,lyon,Lille,Lyon,1,1,D,1,1,0,1,2.8,3.25,2.6
F1-2021-2020-11-20-monaco-paris-sg,F1,Ligue 1,2021,2020/21,2020-11-20,20:00,monaco,paris sg,Monaco,Paris SG,3,2,H,0,2,0,1,5.25,4.75,1.5
F1-2021-2020-11-27-strasbourg-rennes,F1,Ligue 1,2021,2020/21,2020-11-27,20:00,strasbourg,rennes,Strasbourg,Rennes,1,1,D,1,0,1,0,3.2,3.2,2.3
F1-2021-2020-11-29-lyon-reims,F1,Ligue 1,2021,2020/21,2020-11-29,12:00,lyon,reims,Lyon,Reims,3,0,H,1,0,0,1,1.4,4.75,7
F1-2021-2020-11-29-monaco-nimes,F1,Ligue 1,2021,2020/21,2020-11-29,14:00,monaco,nimes,Monaco,Nimes,3,0,H,1,0,0,1,1.33,4.75,9
F1-2021-2020-12-04-nimes-marseille,F1,Ligue 1,2021,2020/21,2020-12-04,20:00,nimes,marseille,Nimes,Marseille,0,2,A,0,0,1,1,5.25,3.8,1.66
F1-2021-2020-12-06-metz-lyon,F1,Ligue 1,2021,2020/21,2020-12-06,20:00,metz,lyon,Metz,Lyon,1,3,A,0,1,1,1,5.75,4.33,1.55
F1-2021-2020-12-13-paris-sg-lyon,F1,Ligue 1,2021,2020/21,2020-12-13,20:00,paris sg,lyon,Paris SG,Lyon,0,1,A,0,1,0,1,1.57,4.75,4.5
F1-2021-2020-12-16-nimes-nice,F1,Ligue 1,2021,2020/21,2020-12-16,18:00,nimes,nice,Nimes,Nice,0,2,A,0,0,0,1,3.4,3.5,2.1
F1-2021-2020-12-16-lyon-brest,F1,Ligue 1,2021,2020/21,2020-12-16,20:00,lyon,brest,Lyon,Brest,2,2,D,0,1,0,1,1.33,5.25,9
F1-2021-2020-12-16-monaco-lens,F1,Ligue 1,2021,2020/21,2020-12-16,20:00,monaco,lens,Monaco,Lens,0,3,A,0,3,1,0,1.65,4.2,4.75
F1-2021-2020-12-16-paris-sg-lorient,F1,Ligue 1,2021,2020/21,2020-12-16,20:00,paris sg,lorient,Paris SG,Lorient,2,0,H,0,0,0,1,1.12,9,19
F1-2021-2020-12-16-rennes-marseille,F1,Ligue 1,2021,2020/21,2020-12-16,20:00,rennes,marseille,Rennes,Marseille,2,1,H,0,1,0,1,2.4,3.4,2.87
F1-2021-2020-12-23-nice-lorient,F1,Ligue 1,2021,2020/21,2020-12-23,18:00,nice,lorient,Nice,Lorient,2,2,D,2,0,1,0,1.83,3.6,4.2
F1-2021-2020-12-23-nimes-dijon,F1,Ligue 1,2021,2020/21,2020-12-23,18:00,nimes,dijon,Nimes,Dijon,1,3,A,1,0,1,0,2.55,3.3,2.7
F1-2021-2020-12-23-monaco-st-etienne,F1,Ligue 1,2021,2020/21,2020-12-23,20:00,monaco,st etienne,Monaco,St Etienne,2,2,D,1,2,1,0,1.61,4.2,5.5
F1-2021-2021-01-06-lorient-monaco,F1,Ligue 1,2021,2020/21,2021-01-06,18:00,lorient,monaco,Lorient,Monaco,2,5,A,1,1,1,0,4.33,4,1.72
F1-2021-2021-01-22-paris-sg-montpellier,F1,Ligue 1,2021,2020/21,2021-01-22,20:00,paris sg,montpellier,Paris SG,Montpellier,4,0,H,1,0,0,1,1.14,8,17
F1-2021-2021-01-31-nantes-monaco,F1,Ligue 1,2021,2020/21,2021-01-31,20:00,nantes,monaco,Nantes,Monaco,1,2,A,0,1,1,0,4.33,4,1.75
F1-2021-2021-02-06-lyon-strasbourg,F1,Ligue 1,2021,2020/21,2021-02-06,18:00,lyon,strasbourg,Lyon,Strasbourg,3,0,H,2,0,0,1,1.45,4.5,7
F1-2021-2021-02-07-montpellier-dijon,F1,Ligue 1,2021,2020/21,2021-02-07,14:00,montpellier,dijon,Montpellier,Dijon,4,2,H,0,1,0,1,1.66,4,5
F1-2021-2021-02-07-marseille-paris-sg,F1,Ligue 1,2021,2020/21,2021-02-07,20:00,marseille,paris sg,Marseille,Paris SG,0,2,A,0,2,1,0,7.5,5,1.4
F1-2021-2021-02-14-dijon-nimes,F1,Ligue 1,2021,2020/21,2021-02-14,14:00,dijon,nimes,Dijon,Nimes,0,2,A,0,0,1,0,2.45,3.4,2.8
F1-2021-2021-02-14-bordeaux-marseille,F1,Ligue 1,2021,2020/21,2021-02-14,20:00,bordeaux,marseille,Bordeaux,Marseille,0,0,D,0,0,0,2,2.6,3.3,2.75
F1-2021-2021-02-20-nantes-marseille,F1,Ligue 1,2021,2020/21,2021-02-20,16:00,nantes,marseille,Nantes,Marseille,1,1,D,0,0,0,1,2.8,3.2,2.5
F1-2021-2021-02-21-lens-dijon,F1,Ligue 1,2021,2020/21,2021-02-21,14:00,lens,dijon,Lens,Dijon,2,1,H,1,0,0,1,1.5,4.2,6.5
F1-2021-2021-02-21-nimes-bordeaux,F1,Ligue 1,2021,2020/21,2021-02-21,14:00,nimes,bordeaux,Nimes,Bordeaux,2,0,H,1,0,0,1,3.1,3.4,2.3
F1-2021-2021-02-28-nimes-nantes,F1,Ligue 1,2021,2020/21,2021-02-28,14:00,nimes,nantes,Nimes,Nantes,1,1,D,0,1,1,0,3.2,3.3,2.3
F1-2021-2021-02-28-marseille-lyon,F1,Ligue 1,2021,2020/21,2021-02-28,20:00,marseille,lyon,Marseille,Lyon,1,1,D,1,1,0,1,5,4,1.65
F1-2021-2021-03-03-metz-angers,F1,Ligue 1,2021,2020/21,2021-03-03,18:00,metz,angers,Metz,Angers,0,1,A,0,1,1,0,2.4,3.1,3.1
F1-2021-2021-03-20-metz-rennes,F1,Ligue 1,2021,2020/21,2021-03-20,12:00,metz,rennes,Metz,Rennes,1,3,A,0,2,0,1,3.3,3.2,2.3
F1-2021-2021-04-03-monaco-metz,F1,Ligue 1,2021,2020/21,2021-04-03,12:00,monaco,metz,Monaco,Metz,4,0,H,0,0,0,1,1.44,4.5,7
F1-2021-2021-04-03-paris-sg-lille,F1,Ligue 1,2021,2020/21,2021-04-03,16:00,paris sg,lille,Paris SG,Lille,0,1,A,0,1,1,1,1.72,3.8,4.75
F1-2021-2021-04-03-lens-lyon,F1,Ligue 1,2021,2020/21,2021-04-03,20:00,lens,lyon,Lens,Lyon,1,1,D,0,0,0,1,4,4,1.83
F1-2021-2021-04-04-lorient-brest,F1,Ligue 1,2021,2020/21,2021-04-04,14:00,lorient,brest,Lorient,Brest,1,0,H,1,0,0,1,2.3,3.5,3
F1-2021-2021-04-04-reims-rennes,F1,Ligue 1,2021,2020/21,2021-04-04,14:00,reims,rennes,Reims,Rennes,2,2,D,0,0,1,0,3.8,3.2,2.1
F1-2021-2021-04-10-montpellier-marseille,F1,Ligue 1,2021,2020/21,2021-04-10,20:00,montpellier,marseille,Montpellier,Marseille,3,3,D,1,2,0,1,2.55,3.4,2.62
F1-2021-2021-04-18-brest-lens,F1,Ligue 1,2021,2020/21,2021-04-18,14:00,brest,lens,Brest,Lens,1,1,D,1,0,1,2,2.87,3.3,2.5
F1-2021-2021-04-18-nimes-strasbourg,F1,Ligue 1,2021,2020/21,2021-04-18,14:00,nimes,strasbourg,Nimes,Strasbourg,1,1,D,0,0,0,1,3.4,3.5,2.05
F1-2021-2021-04-18-bordeaux-monaco,F1,Ligue 1,2021,2020/21,2021-04-18,16:05,bordeaux,monaco,Bordeaux,Monaco,0,3,A,0,1,1,0,5.5,3.75,1.66
F1-2021-2021-04-23-reims-marseille,F1,Ligue 1,2021,2020/21,2021-04-23,20:00,reims,marseille,Reims,Marseille,1,3,A,1,2,1,0,3.75,3.4,2
F1-2021-2021-04-25-lens-nimes,F1,Ligue 1,2021,2020/21,2021-04-25,14:00,lens,nimes,Lens,Nimes,2,1,H,1,0,1,0,1.66,3.75,5.25
F1-2021-2021-05-01-lille-nice,F1,Ligue 1,2021,2020/21,2021-05-01,20:00,lille,nice,Lille,Nice,2,0,H,1,0,0,1,1.4,4.5,8
F1-2021-2021-05-02-bordeaux-rennes,F1,Ligue 1,2021,2020/21,2021-05-02,12:00,bordeaux,rennes,Bordeaux,Rennes,1,0,H,1,0,0,1,4.75,3.75,1.75
F1-2021-2021-05-02-dijon-metz,F1,Ligue 1,2021,2020/21,2021-05-02,14:00,dijon,metz,Dijon,Metz,1,5,A,0,2,1,0,3.75,3.3,2.05
F1-2021-2021-05-02-lorient-angers,F1,Ligue 1,2021,2020/21,2021-05-02,14:00,lorient,angers,Lorient,Angers,2,0,H,1,0,1,1,1.83,3.6,4.33
F1-2021-2021-05-02-monaco-lyon,F1,Ligue 1,2021,2020/21,2021-05-02,20:00,monaco,lyon,Monaco,Lyon,2,3,A,1,0,0,1,2.3,3.6,2.9
F1-2021-2021-05-07-lens-lille,F1,Ligue 1,2021,2020/21,2021-05-07,20:00,lens,lille,Lens,Lille,0,3,A,0,2,1,0,4.2,3.4,1.9
F1-2021-2021-05-09-nice-brest,F1,Ligue 1,2021,2020/21,2021-05-09,14:00,nice,brest,Nice,Brest,3,2,H,1,2,1,0,2.4,3.4,2.9
F1-2021-2021-05-09-rennes-paris-sg,F1,Ligue 1,2021,2020/21,2021-05-09,20:00,rennes,paris sg,Rennes,Paris SG,1,1,D,0,1,0,1,5.5,4,1.61
F1-2021-2021-05-16-monaco-rennes,F1,Ligue 1,2021,2020/21,2021-05-16,20:00,monaco,rennes,Monaco,Rennes,2,1,H,2,0,0,1,1.65,4,4.75
F1-2021-2021-05-16-montpellier-brest,F1,Ligue 1,2021,2020/21,2021-05-16,20:00,montpellier,brest,Montpellier,Brest,0,0,D,0,0,1,0,2.25,3.75,2.87
F1-2021-2021-05-16-paris-sg-reims,F1,Ligue 1,2021,2020/21,2021-05-16,20:00,paris sg,reims,Paris SG,Reims,4,0,H,2,0,0,1,1.1,10,23
E0-2122-2021-08-23-west-ham-leicester,E0,Premier League,2122,2021/22,2021-08-23,20:00,West Ham,Leicester,West Ham,Leicester,4,1,H,1,0,0,1,2.5,3.5,2.75
E0-2122-2021-08-28-man-city-arsenal,E0,Premier League,2122,2021/22,2021-08-28,12:30,Manchester City,Arsenal,Man City,Arsenal,5,0,H,3,0,0,1,1.25,6,12
E0-2122-2021-08-28-liverpool-chelsea,E0,Premier League,2122,2021/22,2021-08-28,17:30,Liverpool,Chelsea,Liverpool,Chelsea,1,1,D,1,1,0,1,2.45,3.3,2.9
E0-2122-2021-09-11-crystal-palace-tottenham,E0,Premier League,2122,2021/22,2021-09-11,12:30,Crystal Palace,Tottenham,Crystal Palace,Tottenham,3,0,H,0,0,0,1,4.2,3.5,1.9
E0-2122-2021-09-11-southampton-west-ham,E0,Premier League,2122,2021/22,2021-09-11,15:00,Southampton,West Ham,Southampton,West Ham,0,0,D,0,0,0,1,2.9,3.5,2.4
E0-2122-2021-09-12-leeds-liverpool,E0,Premier League,2122,2021/22,2021-09-12,16:30,Leeds,Liverpool,Leeds,Liverpool,0,3,A,0,1,1,0,4.33,4,1.75
E0-2122-2021-09-18-wolves-brentford,E0,Premier League,2122,2021/22,2021-09-18,12:30,Wolves,Brentford,Wolves,Brentford,0,2,A,0,2,0,1,1.83,3.25,5
E0-2122-2021-10-02-chelsea-southampton,E0,Premier League,2122,2021/22,2021-10-02,15:00,Chelsea,Southampton,Chelsea,Southampton,3,1,H,1,0,0,1,1.36,4.75,9
E0-2122-2021-10-17-newcastle-tottenham,E0,Premier League,2122,2021/22,2021-10-17,16:30,Newcastle,Tottenham,Newcastle,Tottenham,2,3,A,1,3,1,0,3.5,3.6,2.05
E0-2122-2021-10-23-chelsea-norwich,E0,Premier League,2122,2021/22,2021-10-23,12:30,Chelsea,norwich,Chelsea,Norwich,7,0,H,3,0,0,1,1.18,7,15
E0-2122-2021-10-24-man-united-liverpool,E0,Premier League,2122,2021/22,2021-10-24,16:30,Manchester United,Liverpool,Man United,Liverpool,0,5,A,0,4,1,0,3.1,3.6,2.2
E0-2122-2021-10-30-man-city-crystal-palace,E0,Premier League,2122,2021/22,2021-10-30,15:00,Manchester City,Crystal Palace,Man City,Crystal Palace,0,2,A,0,1,1,0,1.14,8,19
E0-2122-2021-10-31-aston-villa-west-ham,E0,Premier League,2122,2021/22,2021-10-31,16:30,Aston Villa,West Ham,Aston Villa,West Ham,1,4,A,1,2,1,0,2.8,3.5,2.45
E0-2122-2021-11-06-brighton-newcastle,E0,Premier League,2122,2021/22,2021-11-06,17:30,Brighton,Newcastle,Brighton,Newcastle,1,1,D,1,0,1,0,1.57,3.9,6
E0-2122-2021-11-07-arsenal-watford,E0,Premier League,2122,2021/22,2021-11-07,14:00,Arsenal,watford,Arsenal,Watford,1,0,H,0,0,0,1,1.36,4.75,8.5
E0-2122-2021-11-07-everton-tottenham,E0,Premier League,2122,2021/22,2021-11-07,14:00,Everton,Tottenham,Everton,Tottenham,0,0,D,0,0,1,0,3.1,3.25,2.37
E0-2122-2021-11-20-watford-man-united,E0,Premier League,2122,2021/22,2021-11-20,15:00,watford,Manchester United,Watford,Man United,4,1,H,2,0,0,1,6.5,4.75,1.45
E0-2122-2021-11-30-newcastle-norwich,E0,Premier League,2122,2021/22,2021-11-30,19:30,Newcastle,norwich,Newcastle,Norwich,1,1,D,0,0,0,1,1.95,3.5,3.9
E0-2122-2021-12-11-man-city-wolves,E0,Premier League,2122,2021/22,2021-12-11,12:30,Manchester City,Wolves,Man City,Wolves,1,0,H,0,0,0,1,1.14,8,19
E0-2122-2021-12-15-arsenal-west-ham,E0,Premier League,2122,2021/22,2021-12-15,20:00,Arsenal,West Ham,Arsenal,West Ham,2,0,H,0,0,0,1,2.1,3.6,3.3
E0-2122-2021-12-19-tottenham-liverpool,E0,Premier League,2122,2021/22,2021-12-19,16:30,Tottenham,Liverpool,Tottenham,Liverpool,2,2,D,1,1,0,1,5.25,4.75,1.53
E0-2122-2021-12-26-tottenham-crystal-palace,E0,Premier League,2122,2021/22,2021-12-26,15:00,Tottenham,Crystal Palace,Tottenham,Crystal Palace,3,0,H,2,0,0,1,1.72,3.8,4.75
E0-2122-2021-12-28-southampton-tottenham,E0,Premier League,2122,2021/22,2021-12-28,15:00,Southampton,Tottenham,Southampton,Tottenham,1,1,D,1,1,1,0,3.75,3.5,2
E0-2122-2022-01-01-arsenal-man-city,E0,Premier League,2122,2021/22,2022-01-01,12:30,Arsenal,Manchester City,Arsenal,Man City,1,2,A,1,0,1,0,5.75,4.75,1.5
E0-2122-2022-01-21-watford-norwich,E0,Premier League,2122,2021/22,2022-01-21,20:00,watford,norwich,Watford,Norwich,0,3,A,0,0,1,0,2,3.5,3.75
E0-2122-2022-02-09-aston-villa-leeds,E0,Premier League,2122,2021/22,2022-02-09,20:00,Aston Villa,Leeds,Aston Villa,Leeds,3,3,D,3,2,1,0,1.8,3.8,4.2
E0-2122-2022-02-10-wolves-arsenal,E0,Premier League,2122,2021/22,2022-02-10,19:45,Wolves,Arsenal,Wolves,Arsenal,0,1,A,0,1,0,1,3.5,3.2,2.2
E0-2122-2022-02-15-man-united-brighton,E0,Premier League,2122,2021/22,2022-02-15,20:15,Manchester United,Brighton,Man United,Brighton,2,0,H,0,0,0,1,1.72,3.75,4.75
E0-2122-2022-02-26-brentford-newcastle,E0,Premier League,2122,2021/22,2022-02-26,15:00,Brentford,Newcastle,Brentford,Newcastle,0,2,A,0,2,1,0,2.5,3.2,3
E0-2122-2022-03-12-brentford-burnley,E0,Premier League,2122,2021/22,2022-03-12,15:00,Brentford,Burnley,Brentford,Burnley,2,0,H,0,0,0,1,2.15,3.2,3.6
E0-2122-2022-03-13-everton-wolves,E0,Premier League,2122,2021/22,2022-03-13,14:00,Everton,Wolves,Everton,Wolves,0,1,A,0,0,1,0,2.3,3.2,3.3
E0-2122-2022-03-17-everton-newcastle,E0,Premier League,2122,2021/22,2022-03-17,19:45,Everton,Newcastle,Everton,Newcastle,1,0,H,0,0,1,0,2.4,3.25,3.1
E0-2122-2022-03-18-wolves-leeds,E0,Premier League,2122,2021/22,2022-03-18,20:00,Wolves,Leeds,Wolves,Leeds,2,3,A,2,0,1,0,2.1,3.5,3.4
E0-2122-2022-04-03-west-ham-everton,E0,Premier League,2122,2021/22,2022-04-03,14:00,West Ham,Everton,West Ham,Everton,2,1,H,1,0,0,1,1.75,3.8,4.5
E0-2122-2022-04-24-chelsea-west-ham,E0,Premier League,2122,2021/22,2022-04-24,14:00,Chelsea,West Ham,Chelsea,West Ham,1,0,H,0,0,0,1,1.5,4.33,6.5
E0-2122-2022-05-07-crystal-palace-watford,E0,Premier League,2122,2021/22,2022-05-07,15:00,Crystal Palace,watford,Crystal Palace,Watford,1,0,H,1,0,0,1,1.65,4,5
E0-2122-2022-05-08-arsenal-leeds,E0,Premier League,2122,2021/22,2022-05-08,14:00,Arsenal,Leeds,Arsenal,Leeds,2,1,H,2,0,0,1,1.45,4.5,7
E0-2122-2022-05-11-leeds-chelsea,E0,Premier League,2122,2021/22,2022-05-11,19:30,Leeds,Chelsea,Leeds,Chelsea,0,3,A,0,1,1,0,4.75,4.2,1.65
E0-2122-2022-05-12-tottenham-arsenal,E0,Premier League,2122,2021/22,2022-05-12,19:45,Tottenham,Arsenal,Tottenham,Arsenal,3,0,H,2,0,0,1,2.05,3.75,3.5
E0-2122-2022-05-15-everton-brentford,E0,Premier League,2122,2021/22,2022-05-15,16:30,Everton,Brentford,Everton,Brentford,2,3,A,2,1,2,0,2.05,3.6,3.5
E0-2122-2022-05-19-aston-villa-burnley,E0,Premier League,2122,2021/22,2022-05-19,20:00,Aston Villa,Burnley,Aston Villa,Burnley,1,1,D,0,1,0,1,2.05,3.5,3.6
E0-2122-2022-05-22-brentford-leeds,E0,Premier League,2122,2021/22,2022-05-22,16:00,Brentford,Leeds,Brentford,Leeds,1,2,A,0,0,1,0,2.45,3.8,2.62
SP1-2122-2021-08-13-valencia-getafe,SP1,La Liga,2122,2021/22,2021-08-13,20:00,valencia,getafe,Valencia,Getafe,1,0,H,1,0,1,1,2.55,3,3.1
SP1-2122-2021-08-15-celta-ath-madrid,SP1,La Liga,2122,2021/22,2021-08-15,16:30,celta,ath madrid,Celta,Ath Madrid,1,2,A,0,1,1,1,4.2,3.4,1.9
SP1-2122-2021-08-15-sevilla-vallecano,SP1,La Liga,2122,2021/22,2021-08-15,21:15,sevilla,vallecano,Sevilla,Vallecano,3,0,H,1,0,0,1,1.44,4.2,8
SP1-2122-2021-08-16-villarreal-granada,SP1,La Liga,2122,2021/22,2021-08-16,19:00,villarreal,granada,Villarreal,Granada,0,0,D,0,0,1,0,1.53,4.2,6.5
SP1-2122-2021-08-21-alaves-mallorca,SP1,La Liga,2122,2021/22,2021-08-21,16:00,alaves,mallorca,Alaves,Mallorca,0,1,A,0,0,1,0,2.25,3.2,3.4
SP1-2122-2021-08-21-ath-bilbao-barcelona,SP1,La Liga,2122,2021/22,2021-08-21,21:00,ath bilbao,barcelona,Ath Bilbao,Barcelona,1,1,D,0,0,0,1,4,3.75,1.85
SP1-2122-2021-08-22-levante-real-madrid,SP1,La Liga,2122,2021/22,2021-08-22,21:00,levante,real madrid,Levante,Real Madrid,3,3,D,0,1,1,0,5,4.33,1.6
SP1-2122-2021-08-27-mallorca-espanol,SP1,La Liga,2122,2021/22,2021-08-27,19:00,mallorca,espanol,Mallorca,Espanol,1,0,H,1,0,0,1,2.6,2.9,3.1
SP1-2122-2021-09-12-cadiz-sociedad,SP1,La Liga,2122,2021/22,2021-09-12,17:30,cadiz,sociedad,Cadiz,Sociedad,0,2,A,0,0,1,0,5,3.6,1.75
SP1-2122-2021-09-18-ath-madrid-ath-bilbao,SP1,La Liga,2122,2021/22,2021-09-18,15:15,ath madrid,ath bilbao,Ath Madrid,Ath Bilbao,0,0,D,0,0,1,0,1.65,3.6,6
SP1-2122-2021-09-19-betis-espanol,SP1,La Liga,2122,2021/22,2021-09-19,17:30,betis,espanol,Betis,Espanol,2,2,D,2,1,1,0,2,3.2,4.2
SP1-2122-2021-09-21-getafe-ath-madrid,SP1,La Liga,2122,2021/22,2021-09-21,18:30,getafe,ath madrid,Getafe,Ath Madrid,1,2,A,1,0,1,0,6,3.5,1.66
SP1-2122-2021-09-23-cadiz-barcelona,SP1,La Liga,2122,2021/22,2021-09-23,21:00,cadiz,barcelona,Cadiz,Barcelona,0,0,D,0,0,0,1,6,4.33,1.5
SP1-2122-2021-09-25-valencia-ath-bilbao,SP1,La Liga,2122,2021/22,2021-09-25,15:15,valencia,ath bilbao,Valencia,Ath Bilbao,1,1,D,0,0,1,0,2.6,3.2,2.8
SP1-2122-2021-09-25-sevilla-espanol,SP1,La Liga,2122,2021/22,2021-09-25,17:30,sevilla,espanol,Sevilla,Espanol,2,0,H,1,0,1,0,1.57,3.8,6.5
SP1-2122-2021-10-03-granada-sevilla,SP1,La Liga,2122,2021/22,2021-10-03,20:00,granada,sevilla,Granada,Sevilla,1,0,H,1,0,0,1,4.8,3.4,1.72
SP1-2122-2021-10-16-sociedad-mallorca,SP1,La Liga,2122,2021/22,2021-10-16,20:00,sociedad,mallorca,Sociedad,Mallorca,1,0,H,0,0,1,0,1.4,4.5,8.5
SP1-2122-2021-10-22-osasuna-granada,SP1,La Liga,2122,2021/22,2021-10-22,20:00,osasuna,granada,Osasuna,Granada,1,1,D,1,0,1,0,1.72,3.5,5.25
SP1-2122-2021-10-23-valencia-mallorca,SP1,La Liga,2122,2021/22,2021-10-23,13:00,valencia,mallorca,Valencia,Mallorca,2,2,D,0,2,0,2,1.66,3.8,5.25
SP1-2122-2021-10-25-getafe-celta,SP1,La Liga,2122,2021/22,2021-10-25,20:00,getafe,celta,Getafe,Celta,0,3,A,0,0,2,0,2.5,3,3.1
SP1-2122-2021-10-26-espanol-ath-bilbao,SP1,La Liga,2122,2021/22,2021-10-26,20:00,espanol,ath bilbao,Espanol,Ath Bilbao,1,1,D,1,0,1,0,2.9,3,2.62
SP1-2122-2021-10-27-mallorca-sevilla,SP1,La Liga,2122,2021/22,2021-10-27,18:00,mallorca,sevilla,Mallorca,Sevilla,1,1,D,1,0,1,0,5.5,3.3,1.75
SP1-2122-2021-10-28-levante-ath-madrid,SP1,La Liga,2122,2021/22,2021-10-28,20:30,levante,ath madrid,Levante,Ath Madrid,2,2,D,1,1,1,0,5.5,3.8,1.65
SP1-2122-2021-10-30-elche-real-madrid,SP1,La Liga,2122,2021/22,2021-10-30,13:00,elche,real madrid,Elche,Real Madrid,1,2,A,0,1,1,0,7.5,4.5,1.44
SP1-2122-2021-10-31-cadiz-mallorca,SP1,La Liga,2122,2021/22,2021-10-31,13:00,cadiz,mallorca,Cadiz,Mallorca,1,1,D,0,1,0,2,2.5,3,3.2
SP1-2122-2021-10-31-sociedad-ath-bilbao,SP1,La Liga,2122,2021/22,2021-10-31,20:00,sociedad,ath bilbao,Sociedad,Ath Bilbao,1,1,D,0,0,0,1,2.1,3.2,3.8
SP1-2122-2021-11-07-betis-sevilla,SP1,La Liga,2122,2021/22,2021-11-07,20:00,betis,sevilla,Betis,Sevilla,0,2,A,0,0,1,0,3,3.3,2.45
SP1-2122-2021-11-21-granada-real-madrid,SP1,La Liga,2122,2021/22,2021-11-21,15:15,granada,real madrid,Granada,Real Madrid,1,4,A,1,2,1,0,7,4.5,1.45
SP1-2122-2021-11-21-elche-betis,SP1,La Liga,2122,2021/22,2021-11-21,17:30,elche,betis,Elche,Betis,0,3,A,0,3,0,1,3.6,3.4,2.1
SP1-2122-2021-11-21-sociedad-valencia,SP1,La Liga,2122,2021/22,2021-11-21,20:00,sociedad,valencia,Sociedad,Valencia,0,0,D,0,0,1,0,1.72,3.8,4.75
SP1-2122-2021-11-26-ath-bilbao-granada,SP1,La Liga,2122,2021/22,2021-11-26,20:00,ath bilbao,granada,Ath Bilbao,Granada,2,2,D,1,2,1,0,1.36,4.75,9.5
SP1-2122-2021-12-05-vallecano-espanol,SP1,La Liga,2122,2021/22,2021-12-05,13:00,vallecano,espanol,Vallecano,Espanol,1,0,H,0,0,0,1,2.15,3.1,3.8
SP1-2122-2021-12-11-espanol-levante,SP1,La Liga,2122,2021/22,2021-12-11,13:00,espanol,levante,Espanol,Levante,4,3,H,1,2,0,1,2.05,3.3,3.8
SP1-2122-2021-12-11-alaves-getafe,SP1,La Liga,2122,2021/22,2021-12-11,15:15,alaves,getafe,Alaves,Getafe,1,1,D,0,1,1,0,2.45,2.9,3.2
SP1-2122-2021-12-13-cadiz-granada,SP1,La Liga,2122,2021/22,2021-12-13,20:00,cadiz,granada,Cadiz,Granada,1,1,D,1,0,1,0,2.6,3.1,2.9
SP1-2122-2021-12-18-sociedad-villarreal,SP1,La Liga,2122,2021/22,2021-12-18,15:15,sociedad,villarreal,Sociedad,Villarreal,1,3,A,1,1,1,0,2.15,3.3,3.5
SP1-2122-2021-12-21-sevilla-barcelona,SP1,La Liga,2122,2021/22,2021-12-21,20:30,sevilla,barcelona,Sevilla,Barcelona,1,1,D,1,1,1,0,2.5,3.2,2.9
SP1-2122-2021-12-31-valencia-espanol,SP1,La Liga,2122,2021/22,2021-12-31,15:15,valencia,espanol,Valencia,Espanol,1,2,A,0,0,1,0,1.8,3.8,4.2
SP1-2122-2022-01-02-elche-granada,SP1,La Liga,2122,2021/22,2022-01-02,15:15,elche,granada,Elche,Granada,0,0,D,0,0,1,0,2.5,3.1,3
SP1-2122-2022-01-03-osasuna-ath-bilbao,SP1,La Liga,2122,2021/22,2022-01-03,20:00,osasuna,ath bilbao,Osasuna,Ath Bilbao,1,3,A,1,2,1,0,3.1,3,2.5
SP1-2122-2022-01-08-levante-mallorca,SP1,La Liga,2122,2021/22,2022-01-08,13:00,levante,mallorca,Levante,Mallorca,2,0,H,0,0,1,0,2.2,3.25,3.4
SP1-2122-2022-01-08-granada-barcelona,SP1,La Liga,2122,2021/22,2022-01-08,17:30,granada,barcelona,Granada,Barcelona,1,1,D,0,0,0,1,4.5,3.8,1.75
SP1-2122-2022-01-09-vallecano-betis,SP1,La Liga,2122,2021/22,2022-01-09,13:00,vallecano,betis,Vallecano,Betis,1,1,D,0,1,0,1,2.5,3.4,2.8
SP1-2122-2022-01-09-villarreal-ath-madrid,SP1,La Liga,2122,2021/22,2022-01-09,20:00,villarreal,ath madrid,Villarreal,Ath Madrid,2,2,D,1,1,0,1,2.8,3.2,2.62
SP1-2122-2022-01-19-valencia-sevilla,SP1,La Liga,2122,2021/22,2022-01-19,20:30,valencia,sevilla,Valencia,Sevilla,1,1,D,1,1,1,0,3.3,3.25,2.25
SP1-2122-2022-01-21-espanol-betis,SP1,La Liga,2122,2021/22,2022-01-21,20:00,espanol,betis,Espanol,Betis,1,4,A,1,2,1,0,3.25,3.25,2.25
SP1-2122-2022-01-22-villarreal-mallorca,SP1,La Liga,2122,2021/22,2022-01-22,15:15,villarreal,mallorca,Villarreal,Mallorca,3,0,H,2,0,0,1,1.44,4.33,8
SP1-2122-2022-02-06-barcelona-ath-madrid,SP1,La Liga,2122,2021/22,2022-02-06,15:15,barcelona,ath madrid,Barcelona,Ath Madrid,4,2,H,3,1,1,0,2.25,3.4,3.2
SP1-2122-2022-02-12-ath-madrid-getafe,SP1,La Liga,2122,2021/22,2022-02-12,20:00,ath madrid,getafe,Ath Madrid,Getafe,4,3,H,3,3,1,0,1.45,4.2,8
SP1-2122-2022-02-13-levante-betis,SP1,La Liga,2122,2021/22,2022-02-13,15:15,levante,betis,Levante,Betis,2,4,A,1,3,1,0,3.4,3.6,2.1
SP1-2122-2022-02-13-espanol-barcelona,SP1,La Liga,2122,2021/22,2022-02-13,20:00,espanol,barcelona,Espanol,Barcelona,2,2,D,1,1,1,1,5,3.6,1.75
SP1-2122-2022-02-20-espanol-sevilla,SP1,La Liga,2122,2021/22,2022-02-20,13:00,espanol,sevilla,Espanol,Sevilla,1,1,D,0,1,0,1,3.4,3.3,2.2
SP1-2122-2022-02-25-levante-elche,SP1,La Liga,2122,2021/22,2022-02-25,20:00,levante,elche,Levante,Elche,3,0,H,1,0,0,1,2.05,3.4,3.75
SP1-2122-2022-02-26-mallorca-valencia,SP1,La Liga,2122,2021/22,2022-02-26,13:00,mallorca,valencia,Mallorca,Valencia,0,1,A,0,1,0,1,2.4,3.1,3.1
SP1-2122-2022-02-26-getafe-alaves,SP1,La Liga,2122,2021/22,2022-02-26,15:15,getafe,alaves,Getafe,Alaves,2,2,D,0,1,1,0,1.95,3,4.75
SP1-2122-2022-02-28-granada-cadiz,SP1,La Liga,2122,2021/22,2022-02-28,20:00,granada,cadiz,Granada,Cadiz,0,0,D,0,0,1,0,2,3.3,4
SP1-2122-2022-03-06-elche-barcelona,SP1,La Liga,2122,2021/22,2022-03-06,15:15,elche,barcelona,Elche,Barcelona,1,2,A,1,0,1,0,7.5,4.33,1.4
SP1-2122-2022-03-06-celta-mallorca,SP1,La Liga,2122,2021/22,2022-03-06,17:30,celta,mallorca,Celta,Mallorca,4,3,H,2,1,1,0,1.75,3.4,5.25
SP1-2122-2022-03-11-ath-madrid-cadiz,SP1,La Liga,2122,2021/22,2022-03-11,20:00,ath madrid,cadiz,Ath Madrid,Cadiz,2,1,H,1,1,1,0,1.36,4.6,9.5
SP1-2122-2022-03-13-betis-ath-bilbao,SP1,La Liga,2122,2021/22,2022-03-13,15:15,betis,ath bilbao,Betis,Ath Bilbao,1,0,H,1,0,1,0,2.3,3.3,3.2
SP1-2122-2022-03-18-ath-bilbao-getafe,SP1,La Liga,2122,2021/22,2022-03-18,20:00,ath bilbao,getafe,Ath Bilbao,Getafe,1,1,D,1,1,0,2,1.72,3.2,6
SP1-2122-2022-03-19-alaves-granada,SP1,La Liga,2122,2021/22,2022-03-19,13:00,alaves,granada,Alaves,Granada,2,3,A,0,0,0,1,2,3.3,4
SP1-2122-2022-03-19-elche-valencia,SP1,La Liga,2122,2021/22,2022-03-19,15:15,elche,valencia,Elche,Valencia,0,1,A,0,0,1,0,2.62,3.25,2.7
SP1-2122-2022-03-19-vallecano-ath-madrid,SP1,La Liga,2122,2021/22,2022-03-19,20:00,vallecano,ath madrid,Vallecano,Ath Madrid,0,1,A,0,0,0,1,4,3.25,2
SP1-2122-2022-04-02-getafe-mallorca,SP1,La Liga,2122,2021/22,2022-04-02,13:00,getafe,mallorca,Getafe,Mallorca,1,0,H,0,0,0,1,2.15,3,4
SP1-2122-2022-04-03-granada-vallecano,SP1,La Liga,2122,2021/22,2022-04-03,17:30,granada,vallecano,Granada,Vallecano,2,2,D,0,2,0,1,2.6,3.1,2.9
SP1-2122-2022-04-03-valencia-cadiz,SP1,La Liga,2122,2021/22,2022-04-03,17:30,valencia,cadiz,Valencia,Cadiz,0,0,D,0,0,0,1,1.85,3.3,4.75
SP1-2122-2022-04-15-sociedad-betis,SP1,La Liga,2122,2021/22,2022-04-15,20:00,sociedad,betis,Sociedad,Betis,0,0,D,0,0,1,0,2.1,3.5,3.4
SP1-2122-2022-04-16-alaves-vallecano,SP1,La Liga,2122,2021/22,2022-04-16,15:15,alaves,vallecano,Alaves,Vallecano,1,0,H,0,0,0,1,2.7,3.1,2.8
SP1-2122-2022-04-17-granada-levante,SP1,La Liga,2122,2021/22,2022-04-17,13:00,granada,levante,Granada,Levante,1,4,A,0,1,1,0,2.37,3.4,3
SP1-2122-2022-04-17-ath-madrid-espanol,SP1,La Liga,2122,2021/22,2022-04-17,15:15,ath madrid,espanol,Ath Madrid,Espanol,2,1,H,0,0,1,0,1.4,4.5,8.5
SP1-2122-2022-04-19-betis-elche,SP1,La Liga,2122,2021/22,2022-04-19,20:00,betis,elche,Betis,Elche,0,1,A,0,0,1,0,1.55,4,6
SP1-2122-2022-04-21-cadiz-ath-bilbao,SP1,La Liga,2122,2021/22,2022-04-21,19:00,cadiz,ath bilbao,Cadiz,Ath Bilbao,2,3,A,0,3,0,1,3.4,3,2.3
SP1-2122-2022-04-30-valencia-levante,SP1,La Liga,2122,2021/22,2022-04-30,17:30,valencia,levante,Valencia,Levante,1,1,D,1,0,1,0,2.2,3.5,3.2
SP1-2122-2022-05-07-ath-bilbao-valencia,SP1,La Liga,2122,2021/22,2022-05-07,15:15,ath bilbao,valencia,Ath Bilbao,Valencia,0,0,D,0,0,0,1,1.55,4,6.5
SP1-2122-2022-05-07-cadiz-elche,SP1,La Liga,2122,2021/22,2022-05-07,17:30,cadiz,elche,Cadiz,Elche,3,0,H,0,0,0,1,1.7,3.75,5
SP1-2122-2022-05-07-celta-alaves,SP1,La Liga,2122,2021/22,2022-05-07,17:30,celta,alaves,Celta,Alaves,4,0,H,2,0,0,1,1.9,3.4,4.33
SP1-2122-2022-05-10-granada-ath-bilbao,SP1,La Liga,2122,2021/22,2022-05-10,19:00,granada,ath bilbao,Granada,Ath Bilbao,1,0,H,1,0,0,1,3.2,3.3,2.25
SP1-2122-2022-05-10-barcelona-celta,SP1,La Liga,2122,2021/22,2022-05-10,20:30,barcelona,celta,Barcelona,Celta,3,1,H,2,0,0,1,1.44,5,6
SP1-2122-2022-05-11-alaves-espanol,SP1,La Liga,2122,2021/22,2022-05-11,18:00,alaves,espanol,Alaves,Espanol,2,1,H,1,1,0,1,2.1,3.4,3.5
SP1-2122-2022-05-11-osasuna-getafe,SP1,La Liga,2122,2021/22,2022-05-11,18:00,osasuna,getafe,Osasuna,Getafe,1,1,D,1,1,0,1,2.7,2.9,3
D1-2122-2021-08-14-wolfsburg-bochum,D1,Bundesliga,2122,2021/22,2021-08-14,14:30,wolfsburg,bochum,Wolfsburg,Bochum,1,0,H,1,0,0,1,1.53,4.5,5.75
D1-2122-2021-08-21-greuther-furth-bielefeld,D1,Bundesliga,2122,2021/22,2021-08-21,14:30,greuther furth,bielefeld,Greuther Furth,Bielefeld,1,1,D,0,1,0,1,2.55,3.4,2.7
D1-2122-2021-08-22-hoffenheim-union-berlin,D1,Bundesliga,2122,2021/22,2021-08-22,14:30,hoffenheim,union berlin,Hoffenheim,Union Berlin,2,2,D,2,1,0,1,2,3.6,3.6
D1-2122-2021-09-11-freiburg-koln,D1,Bundesliga,2122,2021/22,2021-09-11,14:30,freiburg,koln,Freiburg,FC Koln,1,1,D,0,1,0,1,2.2,3.6,3.1
D1-2122-2021-09-12-ein-frankfurt-stuttgart,D1,Bundesliga,2122,2021/22,2021-09-12,14:30,ein frankfurt,stuttgart,Ein Frankfurt,Stuttgart,1,1,D,0,0,0,1,2,3.75,3.5
D1-2122-2021-09-19-stuttgart-leverkusen,D1,Bundesliga,2122,2021/22,2021-09-19,14:30,stuttgart,leverkusen,Stuttgart,Leverkusen,1,3,A,1,2,0,1,3.3,3.75,2.1
D1-2122-2021-09-24-greuther-furth-bayern-munich,D1,Bundesliga,2122,2021/22,2021-09-24,19:30,greuther furth,bayern munich,Greuther Furth,Bayern Munich,1,3,A,0,2,0,1,23,13,1.07
D1-2122-2021-09-25-m-gladbach-dortmund,D1,Bundesliga,2122,2021/22,2021-09-25,17:30,m gladbach,dortmund,M'gladbach,Dortmund,1,0,H,1,0,0,1,4.33,4.2,1.72
D1-2122-2021-10-02-wolfsburg-m-gladbach,D1,Bundesliga,2122,2021/22,2021-10-02,14:30,wolfsburg,m gladbach,Wolfsburg,M'gladbach,1,3,A,1,2,1,0,2.1,3.6,3.4
D1-2122-2021-10-03-mainz-union-berlin,D1,Bundesliga,2122,2021/22,2021-10-03,14:30,mainz,union berlin,Mainz,Union Berlin,1,2,A,1,0,1,0,2.05,3.5,3.6
D1-2122-2021-10-24-stuttgart-union-berlin,D1,Bundesliga,2122,2021/22,2021-10-24,16:30,stuttgart,union berlin,Stuttgart,Union Berlin,1,1,D,0,1,1,0,2.37,3.5,2.9
D1-2122-2021-10-29-hoffenheim-hertha,D1,Bundesliga,2122,2021/22,2021-10-29,19:30,hoffenheim,hertha,Hoffenheim,Hertha,2,0,H,2,0,0,1,1.66,4,4.75
D1-2122-2021-10-30-leverkusen-wolfsburg,D1,Bundesliga,2122,2021/22,2021-10-30,14:30,leverkusen,wolfsburg,Leverkusen,Wolfsburg,0,2,A,0,0,0,1,1.9,3.75,4
D1-2122-2021-12-15-m-gladbach-ein-frankfurt,D1,Bundesliga,2122,2021/22,2021-12-15,17:30,m gladbach,ein frankfurt,M'gladbach,Ein Frankfurt,2,3,A,1,1,0,1,1.95,3.8,3.6
D1-2122-2021-12-15-leverkusen-hoffenheim,D1,Bundesliga,2122,2021/22,2021-12-15,19:30,leverkusen,hoffenheim,Leverkusen,Hoffenheim,2,2,D,1,0,1,0,1.8,4,4
D1-2122-2021-12-18-rb-leipzig-bielefeld,D1,Bundesliga,2122,2021/22,2021-12-18,14:30,rb leipzig,bielefeld,RB Leipzig,Bielefeld,0,2,A,0,0,0,1,1.2,7,13
D1-2122-2022-01-08-rb-leipzig-mainz,D1,Bundesliga,2122,2021/22,2022-01-08,14:30,rb leipzig,mainz,RB Leipzig,Mainz,4,1,H,1,0,0,1,1.8,3.75,4.33
D1-2122-2022-02-20-hertha-rb-leipzig,D1,Bundesliga,2122,2021/22,2022-02-20,18:30,hertha,rb leipzig,Hertha,RB Leipzig,1,6,A,0,1,1,0,6.5,4.2,1.53
D1-2122-2022-02-26-m-gladbach-wolfsburg,D1,Bundesliga,2122,2021/22,2022-02-26,14:30,m gladbach,wolfsburg,M'gladbach,Wolfsburg,2,2,D,1,2,0,1,2,3.4,3.75
D1-2122-2022-02-26-union-berlin-mainz,D1,Bundesliga,2122,2021/22,2022-02-26,14:30,union berlin,mainz,Union Berlin,Mainz,3,1,H,1,0,0,1,2.6,3.3,2.75
D1-2122-2022-04-16-freiburg-bochum,D1,Bundesliga,2122,2021/22,2022-04-16,14:30,freiburg,bochum,Freiburg,Bochum,3,0,H,2,0,0,1,1.65,4,5.25
D1-2122-2022-04-22-wolfsburg-mainz,D1,Bundesliga,2122,2021/22,2022-04-22,19:30,wolfsburg,mainz,Wolfsburg,Mainz,5,0,H,5,0,0,1,2.3,3.4,3.1
D1-2122-2022-05-02-m-gladbach-rb-leipzig,D1,Bundesliga,2122,2021/22,2022-05-02,19:30,m gladbach,rb leipzig,M'gladbach,RB Leipzig,3,1,H,2,1,1,0,4.33,4,1.75
D1-2122-2022-05-08-bayern-munich-stuttgart,D1,Bundesliga,2122,2021/22,2022-05-08,16:30,bayern munich,stuttgart,Bayern Munich,Stuttgart,2,2,D,2,1,1,0,1.25,7,9.5
I1-2122-2021-08-21-verona-sassuolo,I1,Serie A,2122,2021/22,2021-08-21,17:30,verona,sassuolo,Verona,Sassuolo,2,3,A,0,1,1,0,2.62,3.3,2.62
I1-2122-2021-08-22-bologna-salernitana,I1,Serie A,2122,2021/22,2021-08-22,17:30,bologna,salernitana,Bologna,Salernitana,3,2,H,0,0,2,1,1.65,4,5
I1-2122-2021-08-22-napoli-venezia,I1,Serie A,2122,2021/22,2021-08-22,19:45,napoli,venezia,Napoli,Venezia,2,0,H,0,0,1,0,1.22,6.5,12
I1-2122-2021-08-22-roma-fiorentina,I1,Serie A,2122,2021/22,2021-08-22,19:45,roma,fiorentina,Roma,Fiorentina,3,1,H,1,0,1,1,1.72,3.8,4.75
I1-2122-2021-08-28-lazio-spezia,I1,Serie A,2122,2021/22,2021-08-28,17:30,lazio,spezia,Lazio,Spezia,6,1,H,3,1,0,1,1.33,4.75,9.5
I1-2122-2021-09-19-lazio-cagliari,I1,Serie A,2122,2021/22,2021-09-19,17:00,lazio,cagliari,Lazio,Cagliari,2,2,D,1,0,0,1,1.44,4.75,7
I1-2122-2021-09-21-fiorentina-inter,I1,Serie A,2122,2021/22,2021-09-21,19:45,fiorentina,inter,Fiorentina,Inter,1,3,A,1,0,1,0,3.75,3.6,1.9
I1-2122-2021-09-23-roma-udinese,I1,Serie A,2122,2021/22,2021-09-23,19:45,roma,udinese,Roma,Udinese,1,0,H,1,0,1,0,1.55,4.2,5.5
I1-2122-2021-09-27-venezia-torino,I1,Serie A,2122,2021/22,2021-09-27,19:45,venezia,torino,Venezia,Torino,1,1,D,0,0,0,1,3.6,3.5,2.05
I1-2122-2021-10-03-bologna-lazio,I1,Serie A,2122,2021/22,2021-10-03,11:30,bologna,lazio,Bologna,Lazio,3,0,H,2,0,0,1,3.1,3.6,2.2
I1-2122-2021-10-03-verona-spezia,I1,Serie A,2122,2021/22,2021-10-03,14:00,verona,spezia,Verona,Spezia,4,0,H,3,0,0,1,1.65,4,5.25
I1-2122-2021-10-16-lazio-inter,I1,Serie A,2122,2021/22,2021-10-16,17:00,lazio,inter,Lazio,Inter,3,1,H,0,1,1,0,3.3,3.5,2.15
I1-2122-2021-10-17-udinese-bologna,I1,Serie A,2122,2021/22,2021-10-17,14:00,udinese,bologna,Udinese,Bologna,1,1,D,0,0,1,0,2.25,3.4,3.2
I1-2122-2021-10-18-venezia-fiorentina,I1,Serie A,2122,2021/22,2021-10-18,19:45,venezia,fiorentina,Venezia,Fiorentina,1,0,H,1,0,0,1,4.2,3.75,1.83
I1-2122-2021-10-23-bologna-milan,I1,Serie A,2122,2021/22,2021-10-23,19:45,bologna,milan,Bologna,Milan,2,4,A,0,2,2,0,3.35,3.6,2.1
I1-2122-2021-10-26-venezia-salernitana,I1,Serie A,2122,2021/22,2021-10-26,17:30,venezia,salernitana,Venezia,Salernitana,1,2,A,1,0,1,0,1.95,3.4,4
I1-2122-2021-10-27-empoli-inter,I1,Serie A,2122,2021/22,2021-10-27,19:45,empoli,inter,Empoli,Inter,0,2,A,0,1,1,0,5.75,4.75,1.5
I1-2122-2021-10-30-torino-sampdoria,I1,Serie A,2122,2021/22,2021-10-30,19:45,torino,sampdoria,Torino,Sampdoria,3,0,H,1,0,0,1,1.9,3.75,3.8
I1-2122-2021-10-31-salernitana-napoli,I1,Serie A,2122,2021/22,2021-10-31,17:00,salernitana,napoli,Salernitana,Napoli,0,1,A,0,0,1,1,10,5.5,1.3
I1-2122-2021-10-31-roma-milan,I1,Serie A,2122,2021/22,2021-10-31,19:45,roma,milan,Roma,Milan,1,2,A,0,1,0,1,2.3,3.5,3
I1-2122-2021-11-01-bologna-cagliari,I1,Serie A,2122,2021/22,2021-11-01,19:45,bologna,cagliari,Bologna,Cagliari,2,0,H,0,0,0,1,1.8,3.6,4.5
I1-2122-2021-11-06-juventus-fiorentina,I1,Serie A,2122,2021/22,2021-11-06,17:00,juventus,fiorentina,Juventus,Fiorentina,1,0,H,0,0,0,1,1.57,4.2,5.5
I1-2122-2021-11-07-udinese-sassuolo,I1,Serie A,2122,2021/22,2021-11-07,14:00,udinese,sassuolo,Udinese,Sassuolo,3,2,H,2,2,1,0,2.4,3.5,2.8
I1-2122-2021-11-07-napoli-verona,I1,Serie A,2122,2021/22,2021-11-07,17:00,napoli,verona,Napoli,Verona,1,1,D,1,1,0,2,1.36,5,8
I1-2122-2021-11-28-milan-sassuolo,I1,Serie A,2122,2021/22,2021-11-28,14:00,milan,sassuolo,Milan,Sassuolo,1,3,A,1,2,1,0,1.53,4.5,5.5
I1-2122-2021-12-02-torino-empoli,I1,Serie A,2122,2021/22,2021-12-02,17:30,torino,empoli,Torino,Empoli,2,2,D,2,1,1,0,1.72,3.8,4.75
I1-2122-2021-12-02-lazio-udinese,I1,Serie A,2122,2021/22,2021-12-02,19:45,lazio,udinese,Lazio,Udinese,4,4,D,1,3,1,2,1.66,3.8,5.25
I1-2122-2021-12-05-venezia-verona,I1,Serie A,2122,2021/22,2021-12-05,14:00,venezia,verona,Venezia,Verona,3,4,A,3,0,1,0,3.6,3.5,2
I1-2122-2021-12-05-sampdoria-lazio,I1,Serie A,2122,2021/22,2021-12-05,17:00,sampdoria,lazio,Sampdoria,Lazio,1,3,A,0,3,0,1,3.5,3.6,2.05
I1-2122-2021-12-11-udinese-milan,I1,Serie A,2122,2021/22,2021-12-11,19:45,udinese,milan,Udinese,Milan,1,1,D,1,0,1,0,4.2,3.5,1.9
I1-2122-2021-12-12-sassuolo-lazio,I1,Serie A,2122,2021/22,2021-12-12,17:00,sassuolo,lazio,Sassuolo,Lazio,2,1,H,0,1,1,0,2.7,3.5,2.5
I1-2122-2021-12-13-roma-spezia,I1,Serie A,2122,2021/22,2021-12-13,19:45,roma,spezia,Roma,Spezia,2,0,H,1,0,1,0,1.4,5,7.5
I1-2122-2021-12-18-cagliari-udinese,I1,Serie A,2122,2021/22,2021-12-18,19:45,cagliari,udinese,Cagliari,Udinese,0,4,A,0,2,1,0,3,3.25,2.4
I1-2122-2021-12-19-fiorentina-sassuolo,I1,Serie A,2122,2021/22,2021-12-19,11:30,fiorentina,sassuolo,Fiorentina,Sassuolo,2,2,D,0,2,1,0,1.85,3.8,3.9
I1-2122-2021-12-19-torino-verona,I1,Serie A,2122,2021/22,2021-12-19,17:00,torino,verona,Torino,Verona,1,0,H,1,0,0,1,2.2,3.4,3.3
I1-2122-2021-12-22-venezia-lazio,I1,Serie A,2122,2021/22,2021-12-22,15:30,venezia,lazio,Venezia,Lazio,1,3,A,1,1,1,0,4.2,3.6,1.85
I1-2122-2022-01-06-sampdoria-cagliari,I1,Serie A,2122,2021/22,2022-01-06,11:30,sampdoria,cagliari,Sampdoria,Cagliari,1,2,A,1,0,1,0,1.85,3.75,4
I1-2122-2022-01-06-spezia-verona,I1,Serie A,2122,2021/22,2022-01-06,13:30,spezia,verona,Spezia,Verona,1,2,A,0,0,1,0,3.5,3.5,2.05
I1-2122-2022-01-06-milan-roma,I1,Serie A,2122,2021/22,2022-01-06,17:30,milan,roma,Milan,Roma,3,1,H,2,1,0,2,1.9,3.7,3.8
I1-2122-2022-01-09-empoli-sassuolo,I1,Serie A,2122,2021/22,2022-01-09,11:30,empoli,sassuolo,Empoli,Sassuolo,1,5,A,1,2,1,0,2.5,3.8,2.55
I1-2122-2022-01-09-venezia-milan,I1,Serie A,2122,2021/22,2022-01-09,11:30,venezia,milan,Venezia,Milan,0,3,A,0,1,1,0,6,4,1.57
I1-2122-2022-01-09-roma-juventus,I1,Serie A,2122,2021/22,2022-01-09,17:30,roma,juventus,Roma,Juventus,3,4,A,1,1,0,1,3.3,3.5,2.15
I1-2122-2022-01-09-verona-salernitana,I1,Serie A,2122,2021/22,2022-01-09,19:45,verona,salernitana,Verona,Salernitana,1,2,A,0,1,1,0,1.36,5,8
I1-2122-2022-01-22-genoa-udinese,I1,Serie A,2122,2021/22,2022-01-22,14:00,genoa,udinese,Genoa,Udinese,0,0,D,0,0,1,0,3.5,3.3,2.15
I1-2122-2022-01-23-cagliari-fiorentina,I1,Serie A,2122,2021/22,2022-01-23,11:30,cagliari,fiorentina,Cagliari,Fiorentina,1,1,D,0,0,0,1,5.25,4.1,1.61
I1-2122-2022-01-23-napoli-salernitana,I1,Serie A,2122,2021/22,2022-01-23,14:00,napoli,salernitana,Napoli,Salernitana,4,1,H,2,1,0,1,1.14,8,17
I1-2122-2022-01-23-spezia-sampdoria,I1,Serie A,2122,2021/22,2022-01-23,14:00,spezia,sampdoria,Spezia,Sampdoria,1,0,H,0,0,0,1,2.7,3.3,2.62
I1-2122-2022-02-05-roma-genoa,I1,Serie A,2122,2021/22,2022-02-05,14:00,roma,genoa,Roma,Genoa,0,0,D,0,0,1,1,1.36,5.5,7.5
I1-2122-2022-02-05-inter-milan,I1,Serie A,2122,2021/22,2022-02-05,17:00,inter,milan,Inter,Milan,1,2,A,1,0,0,1,1.8,3.75,4.5
I1-2122-2022-02-05-fiorentina-lazio,I1,Serie A,2122,2021/22,2022-02-05,19:45,fiorentina,lazio,Fiorentina,Lazio,0,3,A,0,0,1,0,2.37,3.5,2.9
I1-2122-2022-02-06-atalanta-cagliari,I1,Serie A,2122,2021/22,2022-02-06,11:30,atalanta,cagliari,Atalanta,Cagliari,1,2,A,0,0,1,0,1.25,6.5,11
I1-2122-2022-02-06-venezia-napoli,I1,Serie A,2122,2021/22,2022-02-06,14:00,venezia,napoli,Venezia,Napoli,0,2,A,0,0,1,0,7.5,4.75,1.4
I1-2122-2022-02-06-udinese-torino,I1,Serie A,2122,2021/22,2022-02-06,17:00,udinese,torino,Udinese,Torino,2,0,H,0,0,0,1,3.1,3.3,2.37
I1-2122-2022-02-12-torino-venezia,I1,Serie A,2122,2021/22,2022-02-12,19:45,torino,venezia,Torino,Venezia,1,2,A,1,1,0,1,1.5,4.2,7
I1-2122-2022-02-13-sassuolo-roma,I1,Serie A,2122,2021/22,2022-02-13,17:00,sassuolo,roma,Sassuolo,Roma,2,2,D,0,1,1,0,3.4,3.9,2
I1-2122-2022-02-26-sassuolo-fiorentina,I1,Serie A,2122,2021/22,2022-02-26,19:45,sassuolo,fiorentina,Sassuolo,Fiorentina,2,1,H,1,0,0,1,2.7,3.6,2.45
I1-2122-2022-02-27-spezia-roma,I1,Serie A,2122,2021/22,2022-02-27,17:00,spezia,roma,Spezia,Roma,0,1,A,0,0,1,0,4.5,3.6,1.8
I1-2122-2022-03-05-roma-atalanta,I1,Serie A,2122,2021/22,2022-03-05,17:00,roma,atalanta,Roma,Atalanta,1,0,H,1,0,1,1,2.55,3.4,2.7
I1-2122-2022-03-05-cagliari-lazio,I1,Serie A,2122,2021/22,2022-03-05,19:45,cagliari,lazio,Cagliari,Lazio,0,3,A,0,2,0,1,3.6,3.2,2.1
I1-2122-2022-03-12-salernitana-sassuolo,I1,Serie A,2122,2021/22,2022-03-12,14:00,salernitana,sassuolo,Salernitana,Sassuolo,2,2,D,1,2,0,1,3.8,4.2,1.8
I1-2122-2022-03-13-fiorentina-bologna,I1,Serie A,2122,2021/22,2022-03-13,11:30,fiorentina,bologna,Fiorentina,Bologna,1,0,H,0,0,0,1,1.61,4,5.5
I1-2122-2022-03-13-verona-napoli,I1,Serie A,2122,2021/22,2022-03-13,14:00,verona,napoli,Verona,Napoli,1,2,A,0,1,2,0,3.25,3.6,2.15
I1-2122-2022-03-18-genoa-torino,I1,Serie A,2122,2021/22,2022-03-18,20:00,genoa,torino,Genoa,Torino,1,0,H,1,0,1,0,3.2,3.1,2.4
I1-2122-2022-03-19-napoli-udinese,I1,Serie A,2122,2021/22,2022-03-19,14:00,napoli,udinese,Napoli,Udinese,2,1,H,0,1,0,1,1.44,4.5,7
I1-2122-2022-03-20-venezia-sampdoria,I1,Serie A,2122,2021/22,2022-03-20,11:30,venezia,sampdoria,Venezia,Sampdoria,0,2,A,0,2,1,0,2.62,3.3,2.7
I1-2122-2022-04-02-salernitana-torino,I1,Serie A,2122,2021/22,2022-04-02,19:45,salernitana,torino,Salernitana,Torino,0,1,A,0,1,1,0,4,3.6,1.9
I1-2122-2022-04-03-fiorentina-empoli,I1,Serie A,2122,2021/22,2022-04-03,11:30,fiorentina,empoli,Fiorentina,Empoli,1,0,H,0,0,0,1,1.55,4.33,5.5
I1-2122-2022-04-03-udinese-cagliari,I1,Serie A,2122,2021/22,2022-04-03,14:00,udinese,cagliari,Udinese,Cagliari,5,1,H,2,1,0,1,1.8,3.5,4.75
I1-2122-2022-04-16-juventus-bologna,I1,Serie A,2122,2021/22,2022-04-16,17:30,juventus,bologna,Juventus,Bologna,1,1,D,0,0,0,2,1.33,5,10
I1-2122-2022-05-01-empoli-torino,I1,Serie A,2122,2021/22,2022-05-01,14:00,empoli,torino,Empoli,Torino,1,3,A,0,0,2,0,2.7,3.4,2.55
I1-2122-2022-05-05-salernitana-venezia,I1,Serie A,2122,2021/22,2022-05-05,17:00,salernitana,venezia,Salernitana,Venezia,2,1,H,1,0,0,1,1.75,3.6,4.5
I1-2122-2022-05-08-salernitana-cagliari,I1,Serie A,2122,2021/22,2022-05-08,17:00,salernitana,cagliari,Salernitana,Cagliari,1,1,D,0,0,1,1,2.37,3.4,3
I1-2122-2022-05-14-roma-venezia,I1,Serie A,2122,2021/22,2022-05-14,19:45,roma,venezia,Roma,Venezia,1,1,D,0,1,0,1,1.25,6.5,11
I1-2122-2022-05-16-sampdoria-fiorentina,I1,Serie A,2122,2021/22,2022-05-16,17:30,sampdoria,fiorentina,Sampdoria,Fiorentina,4,1,H,2,0,1,0,3.75,3.8,1.9
F1-2122-2021-08-08-metz-lille,F1,Ligue 1,2122,2021/22,2021-08-08,16:00,metz,lille,Metz,Lille,3,3,D,2,1,1,0,5.25,3.4,1.72
F1-2122-2021-08-14-paris-sg-strasbourg,F1,Ligue 1,2122,2021/22,2021-08-14,20:00,paris sg,strasbourg,Paris SG,Strasbourg,4,2,H,3,0,0,1,1.2,7,13
F1-2122-2021-08-15-angers-lyon,F1,Ligue 1,2122,2021/22,2021-08-15,12:00,angers,lyon,Angers,Lyon,3,0,H,1,0,0,1,4.5,3.8,1.75
F1-2122-2021-08-15-clermont-troyes,F1,Ligue 1,2122,2021/22,2021-08-15,14:00,clermont,troyes,Clermont,Troyes,2,0,H,0,0,0,1,2,3.4,3.8
F1-2122-2021-08-15-marseille-bordeaux,F1,Ligue 1,2122,2021/22,2021-08-15,19:45,marseille,bordeaux,Marseille,Bordeaux,2,2,D,2,0,1,0,1.53,4.2,6
F1-2122-2021-08-21-monaco-lens,F1,Ligue 1,2122,2021/22,2021-08-21,16:00,monaco,lens,Monaco,Lens,0,2,A,0,0,1,1,1.7,3.75,4.75
F1-2122-2021-08-22-metz-reims,F1,Ligue 1,2122,2021/22,2021-08-22,14:00,metz,reims,Metz,Reims,1,1,D,1,1,1,1,2.25,3.2,3.4
F1-2122-2021-08-22-montpellier-lorient,F1,Ligue 1,2122,2021/22,2021-08-22,14:00,montpellier,lorient,Montpellier,Lorient,3,1,H,0,1,0,2,2.1,3.4,3.5
F1-2122-2021-08-27-nantes-lyon,F1,Ligue 1,2122,2021/22,2021-08-27,20:00,nantes,lyon,Nantes,Lyon,0,1,A,0,1,0,1,4.5,4,1.66
F1-2122-2021-08-29-angers-rennes,F1,Ligue 1,2122,2021/22,2021-08-29,14:00,angers,rennes,Angers,Rennes,2,0,H,0,0,0,1,2.9,3.25,2.5
F1-2122-2021-08-29-lille-montpellier,F1,Ligue 1,2122,2021/22,2021-08-29,16:00,lille,montpellier,Lille,Montpellier,2,1,H,1,1,0,1,1.66,4,5
F1-2122-2021-09-12-brest-angers,F1,Ligue 1,2122,2021/22,2021-09-12,14:00,brest,angers,Brest,Angers,1,1,D,0,0,1,0,2.6,3.4,2.7
F1-2122-2021-09-19-clermont-brest,F1,Ligue 1,2122,2021/22,2021-09-19,14:00,clermont,brest,Clermont,Brest,1,1,D,0,0,1,0,1.8,3.75,4.33
F1-2122-2021-09-19-troyes-montpellier,F1,Ligue 1,2122,2021/22,2021-09-19,14:00,troyes,montpellier,Troyes,Montpellier,1,1,D,1,0,0,1,2.45,3.5,2.8
F1-2122-2021-09-22-monaco-st-etienne,F1,Ligue 1,2122,2021/22,2021-09-22,18:00,monaco,st etienne,Monaco,St Etienne,3,1,H,1,1,0,1,1.53,4,6.5
F1-2122-2021-09-22-lens-strasbourg,F1,Ligue 1,2122,2021/22,2021-09-22,20:00,lens,strasbourg,Lens,Strasbourg,0,1,A,0,0,1,0,1.95,3.6,3.75
F1-2122-2021-09-22-lorient-nice,F1,Ligue 1,2122,2021/22,2021-09-22,20:00,lorient,nice,Lorient,Nice,1,0,H,1,0,1,0,3.3,3.5,2.15
F1-2122-2021-09-22-metz-paris-sg,F1,Ligue 1,2122,2021/22,2021-09-22,20:00,metz,paris sg,Metz,Paris SG,1,2,A,1,1,1,0,11,7,1.22
F1-2122-2021-09-25-strasbourg-lille,F1,Ligue 1,2122,2021/22,2021-09-25,18:00,strasbourg,lille,Strasbourg,Lille,1,2,A,0,1,1,0,2.8,3.2,2.62
F1-2122-2021-09-25-lyon-lorient,F1,Ligue 1,2122,2021/22,2021-09-25,20:00,lyon,lorient,Lyon,Lorient,1,1,D,0,1,1,0,1.33,5.25,8.5
F1-2122-2021-09-26-troyes-angers,F1,Ligue 1,2122,2021/22,2021-09-26,14:00,troyes,angers,Troyes,Angers,1,1,D,1,0,1,0,2.75,3.2,2.7
F1-2122-2021-10-01-lens-reims,F1,Ligue 1,2122,2021/22,2021-10-01,20:00,lens,reims,Lens,Reims,2,0,H,1,0,0,1,1.72,3.5,5
F1-2122-2021-10-03-lille-marseille,F1,Ligue 1,2122,2021/22,2021-10-03,16:00,lille,marseille,Lille,Marseille,2,0,H,1,0,0,1,2.45,3.3,3
F1-2122-2021-10-03-st-etienne-lyon,F1,Ligue 1,2122,2021/22,2021-10-03,19:45,st etienne,lyon,St Etienne,Lyon,1,1,D,0,1,0,1,4.33,4,1.75
F1-2122-2021-10-17-strasbourg-st-etienne,F1,Ligue 1,2122,2021/22,2021-10-17,14:00,strasbourg,st etienne,Strasbourg,St Etienne,5,1,H,2,1,0,1,2.05,3.4,3.6
F1-2122-2021-10-17-montpellier-lens,F1,Ligue 1,2122,2021/22,2021-10-17,16:00,montpellier,lens,Montpellier,Lens,1,0,H,0,0,1,0,3.1,3.5,2.25
F1-2122-2021-10-23-nantes-clermont,F1,Ligue 1,2122,2021/22,2021-10-23,16:00,nantes,clermont,Nantes,Clermont,2,1,H,1,0,1,1,2.2,3.5,3.2
F1-2122-2021-10-24-nice-lyon,F1,Ligue 1,2122,2021/22,2021-10-24,12:00,nice,lyon,Nice,Lyon,3,2,H,0,1,0,1,2.5,3.4,2.7
F1-2122-2021-10-24-lorient-bordeaux,F1,Ligue 1,2122,2021/22,2021-10-24,14:00,lorient,bordeaux,Lorient,Bordeaux,1,1,D,0,0,0,1,2,3.5,3.8
F1-2122-2021-10-24-reims-troyes,F1,Ligue 1,2122,2021/22,2021-10-24,14:00,reims,troyes,Reims,Troyes,1,2,A,1,1,1,0,2.15,3.3,3.5
F1-2122-2021-10-24-marseille-paris-sg,F1,Ligue 1,2122,2021/22,2021-10-24,19:45,marseille,paris sg,Marseille,Paris SG,0,0,D,0,0,0,1,5,4.5,1.57
F1-2122-2021-11-06-lille-angers,F1,Ligue 1,2122,2021/22,2021-11-06,16:00,lille,angers,Lille,Angers,1,1,D,1,0,1,0,1.72,3.75,5
F1-2122-2021-11-07-marseille-metz,F1,Ligue 1,2122,2021/22,2021-11-07,12:00,marseille,metz,Marseille,Metz,0,0,D,0,0,0,1,1.4,4.75,7.5
F1-2122-2021-11-07-lorient-brest,F1,Ligue 1,2122,2021/22,2021-11-07,14:00,lorient,brest,Lorient,Brest,1,2,A,1,0,1,0,2.4,3.4,2.9
F1-2122-2021-11-07-nantes-strasbourg,F1,Ligue 1,2122,2021/22,2021-11-07,14:00,nantes,strasbourg,Nantes,Strasbourg,2,2,D,1,1,0,1,2.37,3.4,3
F1-2122-2021-11-19-monaco-lille,F1,Ligue 1,2122,2021/22,2021-11-19,20:00,monaco,lille,Monaco,Lille,2,2,D,1,2,1,0,2.1,3.4,3.5
F1-2122-2021-11-20-paris-sg-nantes,F1,Ligue 1,2122,2021/22,2021-11-20,16:00,paris sg,nantes,Paris SG,Nantes,3,1,H,1,0,1,0,1.22,6.5,12
F1-2122-2021-11-20-rennes-montpellier,F1,Ligue 1,2122,2021/22,2021-11-20,20:00,rennes,montpellier,Rennes,Montpellier,2,0,H,2,0,0,1,1.5,4.33,6.5
F1-2122-2021-11-21-brest-lens,F1,Ligue 1,2122,2021/22,2021-11-21,12:00,brest,lens,Brest,Lens,4,0,H,3,0,0,1,3.1,3.5,2.2
F1-2122-2021-11-21-metz-bordeaux,F1,Ligue 1,2122,2021/22,2021-11-21,14:00,metz,bordeaux,Metz,Bordeaux,3,3,D,1,2,1,0,2.37,3.4,2.9
F1-2122-2021-11-27-lille-nantes,F1,Ligue 1,2122,2021/22,2021-11-27,16:00,lille,nantes,Lille,Nantes,1,1,D,1,1,0,1,1.66,3.8,5.25
F1-2122-2021-11-28-st-etienne-paris-sg,F1,Ligue 1,2122,2021/22,2021-11-28,12:00,st etienne,paris sg,St Etienne,Paris SG,1,3,A,1,1,1,0,8.5,5.5,1.33
F1-2122-2021-12-01-clermont-lens,F1,Ligue 1,2122,2021/22,2021-12-01,20:00,clermont,lens,Clermont,Lens,2,2,D,1,1,1,0,2.8,3.4,2.5
F1-2122-2021-12-01-nantes-marseille,F1,Ligue 1,2122,2021/22,2021-12-01,20:00,nantes,marseille,Nantes,Marseille,0,1,A,0,1,1,0,3.25,3.25,2.3
F1-2122-2021-12-05-montpellier-clermont,F1,Ligue 1,2122,2021/22,2021-12-05,14:00,montpellier,clermont,Montpellier,Clermont,1,0,H,1,0,0,1,2.1,3.7,3.3
F1-2122-2021-12-05-reims-angers,F1,Ligue 1,2122,2021/22,2021-12-05,14:00,reims,angers,Reims,Angers,1,2,A,0,0,1,0,2.4,3,3.3
F1-2122-2021-12-11-reims-st-etienne,F1,Ligue 1,2122,2021/22,2021-12-11,20:00,reims,st etienne,Reims,St Etienne,2,0,H,1,0,0,1,2.15,3.2,3.6
F1-2122-2021-12-22-lorient-paris-sg,F1,Ligue 1,2122,2021/22,2021-12-22,20:00,lorient,paris sg,Lorient,Paris SG,1,1,D,1,0,0,1,7.5,5.25,1.4
F1-2122-2021-12-22-marseille-reims,F1,Ligue 1,2122,2021/22,2021-12-22,20:00,marseille,reims,Marseille,Reims,1,1,D,0,0,1,1,1.66,3.6,5.75
F1-2122-2021-12-22-troyes-brest,F1,Ligue 1,2122,2021/22,2021-12-22,20:00,troyes,brest,Troyes,Brest,1,1,D,0,1,1,0,2.5,3.4,2.8
F1-2122-2022-01-09-brest-nice,F1,Ligue 1,2122,2021/22,2022-01-09,12:00,brest,nice,Brest,Nice,0,3,A,0,1,0,1,2.87,3.5,2.4
F1-2122-2022-01-09-clermont-reims,F1,Ligue 1,2122,2021/22,2022-01-09,14:00,clermont,reims,Clermont,Reims,0,0,D,0,0,1,0,2.45,3.1,3.1
F1-2122-2022-01-16-rennes-bordeaux,F1,Ligue 1,2122,2021/22,2022-01-16,12:00,rennes,bordeaux,Rennes,Bordeaux,6,0,H,2,0,0,1,1.4,5,7
F1-2122-2022-01-16-lorient-angers,F1,Ligue 1,2122,2021/22,2022-01-16,14:00,lorient,angers,Lorient,Angers,0,0,D,0,0,0,1,2.37,3.25,3.1
F1-2122-2022-01-16-strasbourg-montpellier,F1,Ligue 1,2122,2021/22,2022-01-16,14:00,strasbourg,montpellier,Strasbourg,Montpellier,3,1,H,0,1,0,1,2,3.5,3.6
F1-2122-2022-01-16-marseille-lille,F1,Ligue 1,2122,2021/22,2022-01-16,19:45,marseille,lille,Marseille,Lille,1,1,D,0,1,0,1,2.3,3.4,3.1
F1-2122-2022-01-19-montpellier-troyes,F1,Ligue 1,2122,2021/22,2022-01-19,18:00,montpellier,troyes,Montpellier,Troyes,0,1,A,0,0,1,0,1.75,4,4.5
F1-2122-2022-02-06-reims-bordeaux,F1,Ligue 1,2122,2021/22,2022-02-06,14:00,reims,bordeaux,Reims,Bordeaux,5,0,H,1,0,0,1,2.05,3.6,3.5
F1-2122-2022-02-13-nantes-reims,F1,Ligue 1,2122,2021/22,2022-02-13,14:00,nantes,reims,Nantes,Reims,1,0,H,1,0,0,1,2.15,3.25,3.6
F1-2122-2022-02-18-lille-metz,F1,Ligue 1,2122,2021/22,2022-02-18,20:00,lille,metz,Lille,Metz,0,0,D,0,0,1,1,1.53,4,6.5
F1-2122-2022-02-20-bordeaux-monaco,F1,Ligue 1,2122,2021/22,2022-02-20,16:05,bordeaux,monaco,Bordeaux,Monaco,1,1,D,1,0,0,1,4.75,4.2,1.66
F1-2122-2022-02-26-strasbourg-nice,F1,Ligue 1,2122,2021/22,2022-02-26,16:00,strasbourg,nice,Strasbourg,Nice,0,0,D,0,0,0,1,2.2,3.3,3.4
F1-2122-2022-02-27-monaco-reims,F1,Ligue 1,2122,2021/22,2022-02-27,12:00,monaco,reims,Monaco,Reims,1,2,A,0,0,1,0,1.44,4.33,8
F1-2122-2022-02-27-angers-lens,F1,Ligue 1,2122,2021/22,2022-02-27,14:00,angers,lens,Angers,Lens,1,2,A,0,0,1,0,2.9,3.1,2.6
F1-2122-2022-02-27-brest-lorient,F1,Ligue 1,2122,2021/22,2022-02-27,14:00,brest,lorient,Brest,Lorient,0,1,A,0,0,1,0,2,3.3,3.75
F1-2122-2022-02-27-metz-nantes,F1,Ligue 1,2122,2021/22,2022-02-27,14:00,metz,nantes,Metz,Nantes,0,0,D,0,0,1,0,3,3.1,2.5
F1-2122-2022-03-06-bordeaux-troyes,F1,Ligue 1,2122,2021/22,2022-03-06,14:00,bordeaux,troyes,Bordeaux,Troyes,0,2,A,0,1,0,1,2.25,3.3,3.3
F1-2122-2022-03-06-lille-clermont,F1,Ligue 1,2122,2021/22,2022-03-06,16:05,lille,clermont,Lille,Clermont,4,0,H,1,0,0,1,1.7,3.5,5.25
F1-2122-2022-03-12-montpellier-nice,F1,Ligue 1,2122,2021/22,2022-03-12,16:00,montpellier,nice,Montpellier,Nice,0,0,D,0,0,0,1,3,3.5,2.3
F1-2122-2022-03-13-angers-reims,F1,Ligue 1,2122,2021/22,2022-03-13,14:00,angers,reims,Angers,Reims,0,1,A,0,1,1,1,2.3,2.9,3.6
F1-2122-2022-03-19-nantes-lille,F1,Ligue 1,2122,2021/22,2022-03-19,20:00,nantes,lille,Nantes,Lille,0,1,A,0,1,0,1,3,2.8,2.75
F1-2122-2022-03-20-bordeaux-montpellier,F1,Ligue 1,2122,2021/22,2022-03-20,14:00,bordeaux,montpellier,Bordeaux,Montpellier,0,2,A,0,2,0,2,2.45,3.5,2.8
F1-2122-2022-04-02-lille-bordeaux,F1,Ligue 1,2122,2021/22,2022-04-02,18:00,lille,bordeaux,Lille,Bordeaux,0,0,D,0,0,0,1,1.5,4.2,7
F1-2122-2022-04-03-clermont-nantes,F1,Ligue 1,2122,2021/22,2022-04-03,14:00,clermont,nantes,Clermont,Nantes,2,3,A,0,1,1,0,2.55,3.2,2.87
F1-2122-2022-04-03-troyes-reims,F1,Ligue 1,2122,2021/22,2022-04-03,14:00,troyes,reims,Troyes,Reims,1,0,H,0,0,0,1,2.45,3.1,3.1
F1-2122-2022-04-08-lorient-st-etienne,F1,Ligue 1,2122,2021/22,2022-04-08,20:00,lorient,st etienne,Lorient,St Etienne,6,2,H,2,2,0,1,2.15,3.1,3.8
F1-2122-2022-04-10-lens-nice,F1,Ligue 1,2122,2021/22,2022-04-10,16:05,lens,nice,Lens,Nice,3,0,H,0,0,1,2,2.3,3.4,3.1
F1-2122-2022-04-10-marseille-montpellier,F1,Ligue 1,2122,2021/22,2022-04-10,20:00,marseille,montpellier,Marseille,Montpellier,2,0,H,2,0,0,1,1.5,4.5,6.25
F1-2122-2022-04-17-metz-clermont,F1,Ligue 1,2122,2021/22,2022-04-17,14:00,metz,clermont,Metz,Clermont,1,1,D,1,1,1,0,2.8,3.1,2.7
F1-2122-2022-04-20-troyes-clermont,F1,Ligue 1,2122,2021/22,2022-04-20,18:00,troyes,clermont,Troyes,Clermont,0,1,A,0,0,1,1,2.3,3.25,3.3
F1-2122-2022-04-20-angers-paris-sg,F1,Ligue 1,2122,2021/22,2022-04-20,20:00,angers,paris sg,Angers,Paris SG,0,3,A,0,2,0,1,7.5,5.5,1.36
F1-2122-2022-04-20-marseille-nantes,F1,Ligue 1,2122,2021/22,2022-04-20,20:00,marseille,nantes,Marseille,Nantes,3,2,H,1,2,0,1,1.61,4,5.5
F1-2122-2022-04-23-paris-sg-lens,F1,Ligue 1,2122,2021/22,2022-04-23,20:00,paris sg,lens,Paris SG,Lens,1,1,D,0,0,0,1,1.3,6,8.5
F1-2122-2022-04-24-rennes-lorient,F1,Ligue 1,2122,2021/22,2022-04-24,12:00,rennes,lorient,Rennes,Lorient,5,0,H,2,0,1,0,1.45,4.75,6.5
F1-2122-2022-04-24-clermont-angers,F1,Ligue 1,2122,2021/22,2022-04-24,14:00,clermont,angers,Clermont,Angers,2,2,D,0,2,0,1,2.3,3.3,3.2
F1-2122-2022-04-24-metz-brest,F1,Ligue 1,2122,2021/22,2022-04-24,14:00,metz,brest,Metz,Brest,0,1,A,0,1,2,0,2.87,3.2,2.55
F1-2122-2022-04-30-lens-nantes,F1,Ligue 1,2122,2021/22,2022-04-30,16:00,lens,nantes,Lens,Nantes,2,2,D,0,2,1,0,1.65,3.8,5.5
F1-2122-2022-05-01-troyes-lille,F1,Ligue 1,2122,2021/22,2022-05-01,12:00,troyes,lille,Troyes,Lille,3,0,H,1,0,0,2,3.6,3.25,2.15
F1-2122-2022-05-01-brest-clermont,F1,Ligue 1,2122,2021/22,2022-05-01,14:00,brest,clermont,Brest,Clermont,2,0,H,0,0,1,0,2.3,3.4,3.1
F1-2122-2022-05-08-metz-lyon,F1,Ligue 1,2122,2021/22,2022-05-08,12:00,metz,lyon,Metz,Lyon,3,2,H,2,1,0,1,7,5,1.4
F1-2122-2022-05-14-bordeaux-lorient,F1,Ligue 1,2122,2021/22,2022-05-14,20:00,bordeaux,lorient,Bordeaux,Lorient,0,0,D,0,0,1,0,2.4,3.6,2.8
F1-2122-2022-05-21-lorient-troyes,F1,Ligue 1,2122,2021/22,2022-05-21,20:00,lorient,troyes,Lorient,Troyes,1,1,D,0,1,0,1,2.15,3.5,3.4
F1-2122-2022-05-21-paris-sg-metz,F1,Ligue 1,2122,2021/22,2022-05-21,20:00,paris sg,metz,Paris SG,Metz,5,0,H,3,0,0,1,1.2,8.5,10
E0-2223-2022-08-15-liverpool-crystal-palace,E0,Premier League,2223,2022/23,2022-08-15,20:00,Liverpool,Crystal Palace,Liverpool,Crystal Palace,1,1,D,0,1,1,0,1.18,6.75,16
E0-2223-2022-08-21-leeds-chelsea,E0,Premier League,2223,2022/23,2022-08-21,14:00,Leeds,Chelsea,Leeds,Chelsea,3,0,H,2,0,0,1,5.75,4.5,1.53
E0-2223-2022-08-27-chelsea-leicester,E0,Premier League,2223,2022/23,2022-08-27,15:00,Chelsea,Leicester,Chelsea,Leicester,2,1,H,0,0,1,0,1.4,5,7
E0-2223-2022-09-17-wolves-man-city,E0,Premier League,2223,2022/23,2022-09-17,12:30,Wolves,Manchester City,Wolves,Man City,0,3,A,0,2,1,0,9.5,5,1.33
E0-2223-2022-10-01-arsenal-tottenham,E0,Premier League,2223,2022/23,2022-10-01,12:30,Arsenal,Tottenham,Arsenal,Tottenham,3,1,H,1,1,0,1,2.05,3.75,3.3
E0-2223-2022-10-01-fulham-newcastle,E0,Premier League,2223,2022/23,2022-10-01,15:00,Fulham,Newcastle,Fulham,Newcastle,1,4,A,0,3,1,0,3,3.4,2.37
E0-2223-2022-10-02-leeds-aston-villa,E0,Premier League,2223,2022/23,2022-10-02,16:30,Leeds,Aston Villa,Leeds,Aston Villa,0,0,D,0,0,1,0,2.35,3.4,3
E0-2223-2022-10-20-fulham-aston-villa,E0,Premier League,2223,2022/23,2022-10-20,19:30,Fulham,Aston Villa,Fulham,Aston Villa,3,0,H,1,0,0,1,2.9,3.3,2.5
E0-2223-2022-10-29-brentford-wolves,E0,Premier League,2223,2022/23,2022-10-29,15:00,Brentford,Wolves,Brentford,Wolves,1,1,D,0,0,0,1,2.2,3.4,3.3
E0-2223-2022-11-05-man-city-fulham,E0,Premier League,2223,2022/23,2022-11-05,15:00,Manchester City,Fulham,Man City,Fulham,2,1,H,1,1,1,0,1.11,9.5,19
E0-2223-2022-11-05-wolves-brighton,E0,Premier League,2223,2022/23,2022-11-05,15:00,Wolves,Brighton,Wolves,Brighton,2,3,A,2,2,1,0,3.3,3.3,2.25
E0-2223-2022-11-12-tottenham-leeds,E0,Premier League,2223,2022/23,2022-11-12,15:00,Tottenham,Leeds,Tottenham,Leeds,4,3,H,1,2,0,1,1.65,4.2,4.75
E0-2223-2022-12-26-crystal-palace-fulham,E0,Premier League,2223,2022/23,2022-12-26,15:00,Crystal Palace,Fulham,Crystal Palace,Fulham,0,3,A,0,1,2,0,2.05,3.6,3.5
E0-2223-2023-01-12-fulham-chelsea,E0,Premier League,2223,2022/23,2023-01-12,20:00,Fulham,Chelsea,Fulham,Chelsea,2,1,H,1,0,0,1,3.3,3.5,2.15
E0-2223-2023-02-04-man-united-crystal-palace,E0,Premier League,2223,2022/23,2023-02-04,15:00,Manchester United,Crystal Palace,Man United,Crystal Palace,2,1,H,1,0,1,0,1.4,4.75,8
E0-2223-2023-02-05-tottenham-man-city,E0,Premier League,2223,2022/23,2023-02-05,16:30,Tottenham,Manchester City,Tottenham,Man City,1,0,H,1,0,1,0,4.33,4.2,1.73
E0-2223-2023-02-11-southampton-wolves,E0,Premier League,2223,2022/23,2023-02-11,15:00,Southampton,Wolves,Southampton,Wolves,1,2,A,1,0,0,1,2.9,3.2,2.55
E0-2223-2023-02-18-newcastle-liverpool,E0,Premier League,2223,2022/23,2023-02-18,17:30,Newcastle,Liverpool,Newcastle,Liverpool,0,2,A,0,2,1,0,2.5,3.5,2.7
E0-2223-2023-03-04-aston-villa-crystal-palace,E0,Premier League,2223,2022/23,2023-03-04,15:00,Aston Villa,Crystal Palace,Aston Villa,Crystal Palace,1,0,H,1,0,0,1,2.05,3.3,3.8
E0-2223-2023-03-11-leicester-chelsea,E0,Premier League,2223,2022/23,2023-03-11,15:00,Leicester,Chelsea,Leicester,Chelsea,1,3,A,1,2,1,0,3.75,3.5,1.95
E0-2223-2023-03-18-brentford-leicester,E0,Premier League,2223,2022/23,2023-03-18,15:00,Brentford,Leicester,Brentford,Leicester,1,1,D,1,0,1,0,1.91,3.6,3.75
E0-2223-2023-03-18-wolves-leeds,E0,Premier League,2223,2022/23,2023-03-18,15:00,Wolves,Leeds,Wolves,Leeds,2,4,A,0,1,1,0,2.25,3.2,3.3
E0-2223-2023-04-03-everton-tottenham,E0,Premier League,2223,2022/23,2023-04-03,20:00,Everton,Tottenham,Everton,Tottenham,1,1,D,0,0,1,1,3.4,3.3,2.2
E0-2223-2023-04-04-leicester-aston-villa,E0,Premier League,2223,2022/23,2023-04-04,19:45,Leicester,Aston Villa,Leicester,Aston Villa,1,2,A,1,1,1,0,2.55,3.3,2.75
E0-2223-2023-04-22-crystal-palace-everton,E0,Premier League,2223,2022/23,2023-04-22,15:00,Crystal Palace,Everton,Crystal Palace,Everton,0,0,D,0,0,0,1,2.05,3.2,3.75
E0-2223-2023-05-13-leeds-newcastle,E0,Premier League,2223,2022/23,2023-05-13,12:30,Leeds,Newcastle,Leeds,Newcastle,2,2,D,1,1,1,0,4.33,4.2,1.7
SP1-2223-2022-08-13-barcelona-vallecano,SP1,La Liga,2223,2022/23,2022-08-13,20:00,barcelona,vallecano,Barcelona,Vallecano,0,0,D,0,0,1,0,1.22,7,12
SP1-2223-2022-08-14-valencia-girona,SP1,La Liga,2223,2022/23,2022-08-14,18:30,valencia,girona,Valencia,Girona,1,0,H,1,0,1,0,1.85,3.4,4.5
SP1-2223-2022-08-15-betis-elche,SP1,La Liga,2223,2022/23,2022-08-15,20:30,betis,elche,Betis,Elche,3,0,H,2,0,0,1,1.44,4.5,7
SP1-2223-2022-08-19-espanol-vallecano,SP1,La Liga,2223,2022/23,2022-08-19,19:00,espanol,vallecano,Espanol,Vallecano,0,2,A,0,1,1,1,2.45,3.1,3.1
SP1-2223-2022-08-19-sevilla-valladolid,SP1,La Liga,2223,2022/23,2022-08-19,21:00,sevilla,valladolid,Sevilla,Valladolid,1,1,D,0,0,1,1,1.5,4.2,6.5
SP1-2223-2022-08-20-osasuna-cadiz,SP1,La Liga,2223,2022/23,2022-08-20,16:30,osasuna,cadiz,Osasuna,Cadiz,2,0,H,1,0,0,1,1.9,3.25,4.5
SP1-2223-2022-08-21-ath-madrid-villarreal,SP1,La Liga,2223,2022/23,2022-08-21,18:30,ath madrid,villarreal,Ath Madrid,Villarreal,0,2,A,0,0,1,0,1.85,3.5,4.33
SP1-2223-2022-08-22-elche-almeria,SP1,La Liga,2223,2022/23,2022-08-22,19:00,elche,almeria,Elche,Almeria,1,1,D,1,1,0,1,2.5,3.2,3
SP1-2223-2022-08-22-girona-getafe,SP1,La Liga,2223,2022/23,2022-08-22,21:00,girona,getafe,Girona,Getafe,3,1,H,1,0,0,1,2.8,2.9,2.9
SP1-2223-2022-08-26-betis-osasuna,SP1,La Liga,2223,2022/23,2022-08-26,21:00,betis,osasuna,Betis,Osasuna,1,0,H,1,0,1,0,1.8,3.6,4.75
SP1-2223-2022-08-28-espanol-real-madrid,SP1,La Liga,2223,2022/23,2022-08-28,21:00,espanol,real madrid,Espanol,Real Madrid,1,3,A,1,1,1,0,6.5,4.75,1.45
SP1-2223-2022-09-04-valencia-getafe,SP1,La Liga,2223,2022/23,2022-09-04,20:00,valencia,getafe,Valencia,Getafe,5,1,H,3,0,1,1,1.9,3.2,4.5
SP1-2223-2022-09-10-espanol-sevilla,SP1,La Liga,2223,2022/23,2022-09-10,15:15,espanol,sevilla,Espanol,Sevilla,2,3,A,1,3,0,1,2.87,3.25,2.5
SP1-2223-2022-09-17-barcelona-elche,SP1,La Liga,2223,2022/23,2022-09-17,15:15,barcelona,elche,Barcelona,Elche,3,0,H,2,0,0,1,1.08,11,26
SP1-2223-2022-09-17-valencia-celta,SP1,La Liga,2223,2022/23,2022-09-17,17:30,valencia,celta,Valencia,Celta,3,0,H,1,0,0,1,2.3,3.2,3.3
SP1-2223-2022-09-18-osasuna-getafe,SP1,La Liga,2223,2022/23,2022-09-18,13:00,osasuna,getafe,Osasuna,Getafe,0,2,A,0,1,1,1,1.8,3.4,5
SP1-2223-2022-09-18-ath-madrid-real-madrid,SP1,La Liga,2223,2022/23,2022-09-18,20:00,ath madrid,real madrid,Ath Madrid,Real Madrid,1,2,A,0,2,1,0,3.1,3.4,2.3
SP1-2223-2022-10-01-cadiz-villarreal,SP1,La Liga,2223,2022/23,2022-10-01,13:00,cadiz,villarreal,Cadiz,Villarreal,0,0,D,0,0,1,0,6,4,1.57
SP1-2223-2022-10-02-espanol-valencia,SP1,La Liga,2223,2022/23,2022-10-02,13:00,espanol,valencia,Espanol,Valencia,2,2,D,0,0,1,1,2.62,3.3,2.7
SP1-2223-2022-10-02-celta-betis,SP1,La Liga,2223,2022/23,2022-10-02,15:15,celta,betis,Celta,Betis,1,0,H,1,0,0,1,2.45,3.4,2.87
SP1-2223-2022-10-02-real-madrid-osasuna,SP1,La Liga,2223,2022/23,2022-10-02,20:00,real madrid,osasuna,Real Madrid,Osasuna,1,1,D,1,0,0,1,1.3,5.5,9.5
SP1-2223-2022-10-07-osasuna-valencia,SP1,La Liga,2223,2022/23,2022-10-07,20:00,osasuna,valencia,Osasuna,Valencia,1,2,A,0,1,2,1,2.4,3.2,3.1
SP1-2223-2022-10-08-almeria-vallecano,SP1,La Liga,2223,2022/23,2022-10-08,13:00,almeria,vallecano,Almeria,Vallecano,3,1,H,3,0,1,0,2.9,3.3,2.55
SP1-2223-2022-10-08-sevilla-ath-bilbao,SP1,La Liga,2223,2022/23,2022-10-08,17:30,sevilla,ath bilbao,Sevilla,Ath Bilbao,1,1,D,1,0,0,1,3,3.3,2.4
SP1-2223-2022-10-09-valladolid-betis,SP1,La Liga,2223,2022/23,2022-10-09,13:00,valladolid,betis,Valladolid,Betis,0,0,D,0,0,0,1,2.8,3.4,2.4
SP1-2223-2022-10-10-elche-mallorca,SP1,La Liga,2223,2022/23,2022-10-10,20:00,elche,mallorca,Elche,Mallorca,1,1,D,1,0,1,1,3,3.1,2.5
SP1-2223-2022-10-16-celta-sociedad,SP1,La Liga,2223,2022/23,2022-10-16,13:00,celta,sociedad,Celta,Sociedad,1,2,A,1,1,1,0,2.6,3.2,2.8
SP1-2223-2022-10-18-sevilla-valencia,SP1,La Liga,2223,2022/23,2022-10-18,18:00,sevilla,valencia,Sevilla,Valencia,1,1,D,0,1,1,0,2.25,3.4,3.2
SP1-2223-2022-10-19-cadiz-betis,SP1,La Liga,2223,2022/23,2022-10-19,18:00,cadiz,betis,Cadiz,Betis,0,0,D,0,0,0,1,4,3.3,2
SP1-2223-2022-10-22-vallecano-cadiz,SP1,La Liga,2223,2022/23,2022-10-22,13:00,vallecano,cadiz,Vallecano,Cadiz,5,1,H,2,0,1,2,1.72,3.5,5.25
SP1-2223-2022-10-23-villarreal-almeria,SP1,La Liga,2223,2022/23,2022-10-23,17:30,villarreal,almeria,Villarreal,Almeria,2,1,H,0,1,1,0,1.36,4.75,9
SP1-2223-2022-10-29-almeria-celta,SP1,La Liga,2223,2022/23,2022-10-29,13:00,almeria,celta,Almeria,Celta,3,1,H,0,1,0,1,3.3,3.3,2.25
SP1-2223-2022-10-30-real-madrid-girona,SP1,La Liga,2223,2022/23,2022-10-30,15:15,real madrid,girona,Real Madrid,Girona,1,1,D,0,0,1,0,1.2,6.5,13
SP1-2223-2022-10-31-elche-getafe,SP1,La Liga,2223,2022/23,2022-10-31,20:00,elche,getafe,Elche,Getafe,0,1,A,0,0,0,1,2.7,3,2.87
SP1-2223-2022-11-05-getafe-cadiz,SP1,La Liga,2223,2022/23,2022-11-05,13:00,getafe,cadiz,Getafe,Cadiz,0,0,D,0,0,2,1,2.2,3.1,3.75
SP1-2223-2022-11-06-ath-madrid-espanol,SP1,La Liga,2223,2022/23,2022-11-06,13:00,ath madrid,espanol,Ath Madrid,Espanol,1,1,D,0,0,0,1,1.44,4.5,8
SP1-2223-2022-11-06-sociedad-valencia,SP1,La Liga,2223,2022/23,2022-11-06,15:15,sociedad,valencia,Sociedad,Valencia,1,1,D,1,1,1,0,1.95,3.4,4
SP1-2223-2022-11-06-betis-sevilla,SP1,La Liga,2223,2022/23,2022-11-06,20:00,betis,sevilla,Betis,Sevilla,1,1,D,1,0,2,1,2.2,3.2,3.6
SP1-2223-2022-11-08-osasuna-barcelona,SP1,La Liga,2223,2022/23,2022-11-08,20:30,osasuna,barcelona,Osasuna,Barcelona,1,2,A,1,0,0,2,5.75,4.2,1.53
SP1-2223-2022-11-09-almeria-getafe,SP1,La Liga,2223,2022/23,2022-11-09,18:00,almeria,getafe,Almeria,Getafe,1,0,H,1,0,1,0,2.15,3.3,3.5
SP1-2223-2022-11-09-sevilla-sociedad,SP1,La Liga,2223,2022/23,2022-11-09,18:00,sevilla,sociedad,Sevilla,Sociedad,1,2,A,1,2,2,0,2.6,3.2,2.8
SP1-2223-2022-11-10-valencia-betis,SP1,La Liga,2223,2022/23,2022-11-10,19:00,valencia,betis,Valencia,Betis,3,0,H,0,0,0,1,2.1,3.4,3.6
SP1-2223-2022-12-29-betis-ath-bilbao,SP1,La Liga,2223,2022/23,2022-12-29,18:15,betis,ath bilbao,Betis,Ath Bilbao,0,0,D,0,0,1,0,2.88,3.3,2.5
SP1-2223-2022-12-29-ath-madrid-elche,SP1,La Liga,2223,2022/23,2022-12-29,20:30,ath madrid,elche,Ath Madrid,Elche,2,0,H,0,0,1,2,1.29,5.5,10
SP1-2223-2022-12-30-celta-sevilla,SP1,La Liga,2223,2022/23,2022-12-30,18:15,celta,sevilla,Celta,Sevilla,1,1,D,1,0,0,1,2.2,3.3,3.4
SP1-2223-2022-12-30-valladolid-real-madrid,SP1,La Liga,2223,2022/23,2022-12-30,20:30,valladolid,real madrid,Valladolid,Real Madrid,0,2,A,0,0,1,0,6.5,4.75,1.45
SP1-2223-2022-12-31-barcelona-espanol,SP1,La Liga,2223,2022/23,2022-12-31,13:00,barcelona,espanol,Barcelona,Espanol,1,1,D,1,0,1,1,1.25,6.5,10
SP1-2223-2023-01-06-elche-celta,SP1,La Liga,2223,2022/23,2023-01-06,17:30,elche,celta,Elche,Celta,0,1,A,0,1,1,0,4,3.25,1.95
SP1-2223-2023-01-08-ath-madrid-barcelona,SP1,La Liga,2223,2022/23,2023-01-08,20:00,ath madrid,barcelona,Ath Madrid,Barcelona,0,1,A,0,1,1,1,3.1,3.4,2.3
SP1-2223-2023-01-14-sociedad-ath-bilbao,SP1,La Liga,2223,2022/23,2023-01-14,20:00,sociedad,ath bilbao,Sociedad,Ath Bilbao,3,1,H,2,1,0,1,2.4,3.2,3.1
SP1-2223-2023-01-15-almeria-ath-madrid,SP1,La Liga,2223,2022/23,2023-01-15,15:15,almeria,ath madrid,Almeria,Ath Madrid,1,1,D,1,1,0,1,5,3.75,1.7
SP1-2223-2023-01-21-sevilla-cadiz,SP1,La Liga,2223,2022/23,2023-01-21,20:00,sevilla,cadiz,Sevilla,Cadiz,1,0,H,0,0,0,1,1.7,3.75,5
SP1-2223-2023-01-22-villarreal-girona,SP1,La Liga,2223,2022/23,2023-01-22,13:00,villarreal,girona,Villarreal,Girona,1,0,H,0,0,0,1,1.73,3.8,4.5
SP1-2223-2023-01-28-girona-barcelona,SP1,La Liga,2223,2022/23,2023-01-28,15:15,girona,barcelona,Girona,Barcelona,0,1,A,0,0,1,0,5,4.33,1.57
SP1-2223-2023-01-28-sevilla-elche,SP1,La Liga,2223,2022/23,2023-01-28,17:30,sevilla,elche,Sevilla,Elche,3,0,H,3,0,0,1,1.53,4,7
SP1-2223-2023-02-01-betis-barcelona,SP1,La Liga,2223,2022/23,2023-02-01,20:00,betis,barcelona,Betis,Barcelona,1,2,A,0,0,1,0,5,3.8,1.67
SP1-2223-2023-02-02-real-madrid-valencia,SP1,La Liga,2223,2022/23,2023-02-02,20:00,real madrid,valencia,Real Madrid,Valencia,2,0,H,0,0,0,1,1.44,4.75,6.5
SP1-2223-2023-02-03-ath-bilbao-cadiz,SP1,La Liga,2223,2022/23,2023-02-03,20:00,ath bilbao,cadiz,Ath Bilbao,Cadiz,4,1,H,3,1,1,0,1.36,4.5,9.5
SP1-2223-2023-02-04-espanol-osasuna,SP1,La Liga,2223,2022/23,2023-02-04,13:00,espanol,osasuna,Espanol,Osasuna,1,1,D,0,1,1,1,2.55,3,3
SP1-2223-2023-02-04-betis-celta,SP1,La Liga,2223,2022/23,2023-02-04,20:00,betis,celta,Betis,Celta,3,4,A,2,2,1,0,2.2,3.2,3.5
SP1-2223-2023-02-12-getafe-vallecano,SP1,La Liga,2223,2022/23,2023-02-12,13:00,getafe,vallecano,Getafe,Vallecano,1,1,D,0,1,1,0,2.8,2.9,2.88
SP1-2223-2023-02-12-celta-ath-madrid,SP1,La Liga,2223,2022/23,2023-02-12,15:15,celta,ath madrid,Celta,Ath Madrid,0,1,A,0,0,0,1,3.6,3.1,2.2
SP1-2223-2023-02-13-espanol-sociedad,SP1,La Liga,2223,2022/23,2023-02-13,20:00,espanol,sociedad,Espanol,Sociedad,2,3,A,0,1,1,0,3.5,3,2.3
SP1-2223-2023-02-18-sociedad-celta,SP1,La Liga,2223,2022/23,2023-02-18,13:00,sociedad,celta,Sociedad,Celta,1,1,D,1,0,0,1,1.8,3.3,5.25
SP1-2223-2023-02-18-mallorca-villarreal,SP1,La Liga,2223,2022/23,2023-02-18,17:30,mallorca,villarreal,Mallorca,Villarreal,4,2,H,2,1,0,1,3.2,3,2.45
SP1-2223-2023-02-19-elche-espanol,SP1,La Liga,2223,2022/23,2023-02-19,13:00,elche,espanol,Elche,Espanol,0,1,A,0,0,1,0,2.9,3.1,2.63
SP1-2223-2023-02-24-elche-betis,SP1,La Liga,2223,2022/23,2023-02-24,20:00,elche,betis,Elche,Betis,2,3,A,2,0,2,0,3.5,3.3,2.1
SP1-2223-2023-02-25-cadiz-vallecano,SP1,La Liga,2223,2022/23,2023-02-25,15:15,cadiz,vallecano,Cadiz,Vallecano,1,0,H,0,0,0,1,2.9,3,2.7
SP1-2223-2023-02-25-real-madrid-ath-madrid,SP1,La Liga,2223,2022/23,2023-02-25,17:30,real madrid,ath madrid,Real Madrid,Ath Madrid,1,1,D,0,0,0,1,1.8,3.5,5
SP1-2223-2023-02-26-celta-valladolid,SP1,La Liga,2223,2022/23,2023-02-26,15:15,celta,valladolid,Celta,Valladolid,3,0,H,2,0,0,1,1.7,3.75,5.25
SP1-2223-2023-02-26-sevilla-osasuna,SP1,La Liga,2223,2022/23,2023-02-26,20:00,sevilla,osasuna,Sevilla,Osasuna,2,3,A,0,1,1,0,1.85,3.25,4.5
SP1-2223-2023-03-04-ath-madrid-sevilla,SP1,La Liga,2223,2022/23,2023-03-04,20:00,ath madrid,sevilla,Ath Madrid,Sevilla,6,1,H,2,1,0,1,1.67,3.6,5.25
SP1-2223-2023-03-05-barcelona-valencia,SP1,La Liga,2223,2022/23,2023-03-05,15:15,barcelona,valencia,Barcelona,Valencia,1,0,H,1,0,1,0,1.53,4.5,5.75
SP1-2223-2023-03-05-vallecano-ath-bilbao,SP1,La Liga,2223,2022/23,2023-03-05,17:30,vallecano,ath bilbao,Vallecano,Ath Bilbao,0,0,D,0,0,0,1,2.9,3.1,2.6
SP1-2223-2023-03-10-cadiz-getafe,SP1,La Liga,2223,2022/23,2023-03-10,20:00,cadiz,getafe,Cadiz,Getafe,2,2,D,1,0,1,1,2.5,2.88,3.3
SP1-2223-2023-03-11-elche-valladolid,SP1,La Liga,2223,2022/23,2023-03-11,15:15,elche,valladolid,Elche,Valladolid,1,1,D,0,1,0,2,2.7,3.3,2.7
SP1-2223-2023-03-12-mallorca-sociedad,SP1,La Liga,2223,2022/23,2023-03-12,13:00,mallorca,sociedad,Mallorca,Sociedad,1,1,D,0,1,0,1,3.5,2.9,2.38
SP1-2223-2023-03-31-mallorca-osasuna,SP1,La Liga,2223,2022/23,2023-03-31,20:00,mallorca,osasuna,Mallorca,Osasuna,0,0,D,0,0,1,0,2.2,2.9,3.9
SP1-2223-2023-04-01-girona-espanol,SP1,La Liga,2223,2022/23,2023-04-01,13:00,girona,espanol,Girona,Espanol,2,1,H,0,0,0,1,1.91,3.3,4.33
SP1-2223-2023-04-02-villarreal-sociedad,SP1,La Liga,2223,2022/23,2023-04-02,17:30,villarreal,sociedad,Villarreal,Sociedad,2,0,H,0,0,1,0,2.4,3.1,3.2
SP1-2223-2023-04-07-sevilla-celta,SP1,La Liga,2223,2022/23,2023-04-07,20:00,sevilla,celta,Sevilla,Celta,2,2,D,1,0,2,0,2.1,3.4,3.5
SP1-2223-2023-04-08-espanol-ath-bilbao,SP1,La Liga,2223,2022/23,2023-04-08,15:15,espanol,ath bilbao,Espanol,Ath Bilbao,1,2,A,0,1,1,0,3.5,3.2,2.2
SP1-2223-2023-04-09-betis-cadiz,SP1,La Liga,2223,2022/23,2023-04-09,15:15,betis,cadiz,Betis,Cadiz,0,2,A,0,0,2,0,1.62,3.75,5.75
SP1-2223-2023-04-09-vallecano-ath-madrid,SP1,La Liga,2223,2022/23,2023-04-09,20:00,vallecano,ath madrid,Vallecano,Ath Madrid,1,2,A,0,2,1,0,4.33,3.5,1.85
SP1-2223-2023-04-16-girona-elche,SP1,La Liga,2223,2022/23,2023-04-16,13:00,girona,elche,Girona,Elche,2,0,H,1,0,0,1,1.53,4.33,6
SP1-2223-2023-04-16-valencia-sevilla,SP1,La Liga,2223,2022/23,2023-04-16,20:00,valencia,sevilla,Valencia,Sevilla,0,2,A,0,0,1,0,2.2,3.2,3.6
SP1-2223-2023-04-17-celta-mallorca,SP1,La Liga,2223,2022/23,2023-04-17,20:00,celta,mallorca,Celta,Mallorca,0,1,A,0,1,1,0,1.8,3.3,5.25
SP1-2223-2023-04-25-cadiz-osasuna,SP1,La Liga,2223,2022/23,2023-04-25,18:30,cadiz,osasuna,Cadiz,Osasuna,0,1,A,0,0,0,1,2.3,3.1,3.4
SP1-2223-2023-04-26-getafe-almeria,SP1,La Liga,2223,2022/23,2023-04-26,18:30,getafe,almeria,Getafe,Almeria,1,2,A,0,1,1,0,1.91,3.3,4.5
SP1-2223-2023-04-27-villarreal-espanol,SP1,La Liga,2223,2022/23,2023-04-27,18:30,villarreal,espanol,Villarreal,Espanol,4,2,H,0,1,0,1,1.57,4,6
SP1-2223-2023-04-29-elche-vallecano,SP1,La Liga,2223,2022/23,2023-04-29,15:15,elche,vallecano,Elche,Vallecano,4,0,H,1,0,0,1,4.75,3.5,1.8
SP1-2223-2023-04-29-barcelona-betis,SP1,La Liga,2223,2022/23,2023-04-29,20:00,barcelona,betis,Barcelona,Betis,4,0,H,3,0,0,1,1.33,5,9
SP1-2223-2023-05-02-barcelona-osasuna,SP1,La Liga,2223,2022/23,2023-05-02,18:30,barcelona,osasuna,Barcelona,Osasuna,1,0,H,0,0,0,1,1.14,7.5,19
SP1-2223-2023-05-02-sociedad-real-madrid,SP1,La Liga,2223,2022/23,2023-05-02,21:00,sociedad,real madrid,Sociedad,Real Madrid,2,0,H,0,0,0,1,2.55,3.4,2.8
SP1-2223-2023-05-03-getafe-celta,SP1,La Liga,2223,2022/23,2023-05-03,21:00,getafe,celta,Getafe,Celta,1,0,H,1,0,0,1,2.55,3,3.1
SP1-2223-2023-05-04-ath-bilbao-betis,SP1,La Liga,2223,2022/23,2023-05-04,21:00,ath bilbao,betis,Ath Bilbao,Betis,0,1,A,0,1,1,0,1.7,4,4.75
SP1-2223-2023-05-13-sociedad-girona,SP1,La Liga,2223,2022/23,2023-05-13,13:00,sociedad,girona,Sociedad,Girona,2,2,D,2,2,0,1,1.62,4,5.5
SP1-2223-2023-05-14-celta-valencia,SP1,La Liga,2223,2022/23,2023-05-14,13:00,celta,valencia,Celta,Valencia,1,2,A,0,1,0,1,2.2,3.3,3.4
SP1-2223-2023-05-15-betis-vallecano,SP1,La Liga,2223,2022/23,2023-05-15,20:00,betis,vallecano,Betis,Vallecano,3,1,H,2,0,0,1,1.91,3.5,4
SP1-2223-2023-05-19-cadiz-valladolid,SP1,La Liga,2223,2022/23,2023-05-19,20:00,cadiz,valladolid,Cadiz,Valladolid,2,0,H,0,0,0,1,2.2,3.4,3.3
SP1-2223-2023-05-21-valencia-real-madrid,SP1,La Liga,2223,2022/23,2023-05-21,17:30,valencia,real madrid,Valencia,Real Madrid,1,0,H,1,0,0,1,3.2,3.5,2.2
SP1-2223-2023-05-21-sevilla-betis,SP1,La Liga,2223,2022/23,2023-05-21,20:00,sevilla,betis,Sevilla,Betis,0,0,D,0,0,0,1,2.3,3.3,3.1
SP1-2223-2023-05-23-sociedad-almeria,SP1,La Liga,2223,2022/23,2023-05-23,18:30,sociedad,almeria,Sociedad,Almeria,1,0,H,1,0,0,1,1.36,5,8
SP1-2223-2023-05-24-elche-sevilla,SP1,La Liga,2223,2022/23,2023-05-24,18:30,elche,sevilla,Elche,Sevilla,1,1,D,1,1,0,1,4,3.75,1.91
SP1-2223-2023-05-24-betis-getafe,SP1,La Liga,2223,2022/23,2023-05-24,21:00,betis,getafe,Betis,Getafe,0,1,A,0,0,1,0,2,3.2,4.2
SP1-2223-2023-05-27-sevilla-real-madrid,SP1,La Liga,2223,2022/23,2023-05-27,18:00,sevilla,real madrid,Sevilla,Real Madrid,1,2,A,1,1,1,0,2.88,3.5,2.4
SP1-2223-2023-05-28-barcelona-mallorca,SP1,La Liga,2223,2022/23,2023-05-28,18:00,barcelona,mallorca,Barcelona,Mallorca,3,0,H,2,0,0,1,1.33,5,9.5
SP1-2223-2023-06-04-villarreal-ath-madrid,SP1,La Liga,2223,2022/23,2023-06-04,17:30,villarreal,ath madrid,Villarreal,Ath Madrid,2,2,D,1,1,0,1,2.7,3.5,2.5
SP1-2223-2023-06-04-betis-valencia,SP1,La Liga,2223,2022/23,2023-06-04,20:00,betis,valencia,Betis,Valencia,1,1,D,1,0,0,1,2.63,3.6,2.5
D1-2223-2022-08-06-m-gladbach-hoffenheim,D1,Bundesliga,2223,2022/23,2022-08-06,14:30,m gladbach,hoffenheim,M'gladbach,Hoffenheim,3,1,H,1,1,0,1,2.05,4.2,3
D1-2223-2022-08-06-dortmund-leverkusen,D1,Bundesliga,2223,2022/23,2022-08-06,17:30,dortmund,leverkusen,Dortmund,Leverkusen,1,0,H,1,0,0,1,2,4.2,3.2
D1-2223-2022-08-07-koln-schalke-04,D1,Bundesliga,2223,2022/23,2022-08-07,16:30,koln,schalke 04,FC Koln,Schalke 04,3,1,H,0,0,0,1,1.7,4,4.5
D1-2223-2022-08-13-rb-leipzig-koln,D1,Bundesliga,2223,2022/23,2022-08-13,14:30,rb leipzig,koln,RB Leipzig,FC Koln,2,2,D,1,1,1,0,1.44,4.75,7
D1-2223-2022-08-19-m-gladbach-hertha,D1,Bundesliga,2223,2022/23,2022-08-19,19:30,m gladbach,hertha,M'gladbach,Hertha,1,0,H,1,0,0,1,1.5,4.5,6
D1-2223-2022-08-27-mainz-leverkusen,D1,Bundesliga,2223,2022/23,2022-08-27,14:30,mainz,leverkusen,Mainz,Leverkusen,0,3,A,0,3,0,2,2.75,3.75,2.37
D1-2223-2022-08-28-koln-stuttgart,D1,Bundesliga,2223,2022/23,2022-08-28,14:30,koln,stuttgart,FC Koln,Stuttgart,0,0,D,0,0,0,1,2.05,3.75,3.4
D1-2223-2022-09-03-stuttgart-schalke-04,D1,Bundesliga,2223,2022/23,2022-09-03,14:30,stuttgart,schalke 04,Stuttgart,Schalke 04,1,1,D,1,1,1,0,1.75,4,4.33
D1-2223-2022-09-04-m-gladbach-mainz,D1,Bundesliga,2223,2022/23,2022-09-04,16:30,m gladbach,mainz,M'gladbach,Mainz,0,1,A,0,0,1,0,2.2,3.8,3
D1-2223-2022-09-10-hoffenheim-mainz,D1,Bundesliga,2223,2022/23,2022-09-10,14:30,hoffenheim,mainz,Hoffenheim,Mainz,4,1,H,0,0,0,1,2.25,3.75,2.9
D1-2223-2022-09-11-koln-union-berlin,D1,Bundesliga,2223,2022/23,2022-09-11,14:30,koln,union berlin,FC Koln,Union Berlin,0,1,A,0,1,1,0,2.37,3.4,2.9
D1-2223-2022-10-01-ein-frankfurt-union-berlin,D1,Bundesliga,2223,2022/23,2022-10-01,14:30,ein frankfurt,union berlin,Ein Frankfurt,Union Berlin,2,0,H,2,0,1,0,2.25,3.4,3.2
D1-2223-2022-10-02-schalke-04-augsburg,D1,Bundesliga,2223,2022/23,2022-10-02,16:30,schalke 04,augsburg,Schalke 04,Augsburg,2,3,A,1,2,0,1,1.95,3.8,3.6
D1-2223-2022-10-08-dortmund-bayern-munich,D1,Bundesliga,2223,2022/23,2022-10-08,17:30,dortmund,bayern munich,Dortmund,Bayern Munich,2,2,D,0,1,0,1,4.33,4.75,1.65
D1-2223-2022-10-09-m-gladbach-koln,D1,Bundesliga,2223,2022/23,2022-10-09,14:30,m gladbach,koln,M'gladbach,FC Koln,5,2,H,2,1,0,1,1.95,3.75,3.6
D1-2223-2022-10-09-stuttgart-union-berlin,D1,Bundesliga,2223,2022/23,2022-10-09,18:30,stuttgart,union berlin,Stuttgart,Union Berlin,0,1,A,0,0,1,0,2.55,3.1,2.9
D1-2223-2022-10-15-ein-frankfurt-leverkusen,D1,Bundesliga,2223,2022/23,2022-10-15,14:30,ein frankfurt,leverkusen,Ein Frankfurt,Leverkusen,5,1,H,1,0,0,1,2.75,3.6,2.45
D1-2223-2022-10-21-mainz-koln,D1,Bundesliga,2223,2022/23,2022-10-21,19:30,mainz,koln,Mainz,FC Koln,5,0,H,3,0,0,1,2.15,3.5,3.25
D1-2223-2022-10-22-augsburg-rb-leipzig,D1,Bundesliga,2223,2022/23,2022-10-22,14:30,augsburg,rb leipzig,Augsburg,RB Leipzig,3,3,D,1,0,1,0,5.5,4.33,1.57
D1-2223-2022-10-22-freiburg-werder-bremen,D1,Bundesliga,2223,2022/23,2022-10-22,14:30,freiburg,werder bremen,Freiburg,Werder Bremen,2,0,H,0,0,0,1,1.9,3.75,3.8
D1-2223-2022-10-30-koln-hoffenheim,D1,Bundesliga,2223,2022/23,2022-10-30,18:30,koln,hoffenheim,FC Koln,Hoffenheim,1,1,D,1,1,0,1,2.9,3.5,2.37
D1-2223-2022-11-13-freiburg-union-berlin,D1,Bundesliga,2223,2022/23,2022-11-13,16:30,freiburg,union berlin,Freiburg,Union Berlin,4,1,H,4,0,0,1,2,3.3,4
D1-2223-2023-01-24-hoffenheim-stuttgart,D1,Bundesliga,2223,2022/23,2023-01-24,19:30,hoffenheim,stuttgart,Hoffenheim,Stuttgart,2,2,D,1,1,0,1,2.1,3.5,3.4
D1-2223-2023-02-04-dortmund-freiburg,D1,Bundesliga,2223,2022/23,2023-02-04,14:30,dortmund,freiburg,Dortmund,Freiburg,5,1,H,1,1,0,1,1.67,4,5
D1-2223-2023-02-05-wolfsburg-bayern-munich,D1,Bundesliga,2223,2022/23,2023-02-05,16:30,wolfsburg,bayern munich,Wolfsburg,Bayern Munich,2,4,A,1,3,0,1,5.25,4.5,1.57
D1-2223-2023-02-18-bochum-freiburg,D1,Bundesliga,2223,2022/23,2023-02-18,14:30,bochum,freiburg,Bochum,Freiburg,0,2,A,0,1,1,0,3.1,3.5,2.25
D1-2223-2023-02-18-m-gladbach-bayern-munich,D1,Bundesliga,2223,2022/23,2023-02-18,14:30,m gladbach,bayern munich,M'gladbach,Bayern Munich,3,2,H,1,1,0,1,7,5.75,1.36
D1-2223-2023-02-19-leverkusen-mainz,D1,Bundesliga,2223,2022/23,2023-02-19,18:30,leverkusen,mainz,Leverkusen,Mainz,2,3,A,1,2,1,0,1.8,3.8,4.2
D1-2223-2023-03-04-m-gladbach-freiburg,D1,Bundesliga,2223,2022/23,2023-03-04,14:30,m gladbach,freiburg,M'gladbach,Freiburg,0,0,D,0,0,1,0,2.4,3.6,2.8
D1-2223-2023-03-12-freiburg-hoffenheim,D1,Bundesliga,2223,2022/23,2023-03-12,14:30,freiburg,hoffenheim,Freiburg,Hoffenheim,2,1,H,1,0,0,1,1.91,3.6,4
D1-2223-2023-03-18-augsburg-schalke-04,D1,Bundesliga,2223,2022/23,2023-03-18,14:30,augsburg,schalke 04,Augsburg,Schalke 04,1,1,D,0,0,1,0,2.3,3.4,3.1
D1-2223-2023-03-18-hoffenheim-hertha,D1,Bundesliga,2223,2022/23,2023-03-18,14:30,hoffenheim,hertha,Hoffenheim,Hertha,3,1,H,2,0,1,0,2.05,3.5,3.5
D1-2223-2023-04-15-stuttgart-dortmund,D1,Bundesliga,2223,2022/23,2023-04-15,14:30,stuttgart,dortmund,Stuttgart,Dortmund,3,3,D,0,2,1,0,3.5,3.8,1.95
D1-2223-2023-04-16-union-berlin-bochum,D1,Bundesliga,2223,2022/23,2023-04-16,16:30,union berlin,bochum,Union Berlin,Bochum,1,1,D,1,0,1,0,1.6,3.8,6
D1-2223-2023-04-23-leverkusen-rb-leipzig,D1,Bundesliga,2223,2022/23,2023-04-23,16:30,leverkusen,rb leipzig,Leverkusen,RB Leipzig,2,0,H,1,0,0,1,2.5,3.6,2.63
D1-2223-2023-04-29-stuttgart-m-gladbach,D1,Bundesliga,2223,2022/23,2023-04-29,14:30,stuttgart,m gladbach,Stuttgart,M'gladbach,2,1,H,1,0,0,1,1.8,4,4.2
D1-2223-2023-05-06-hoffenheim-ein-frankfurt,D1,Bundesliga,2223,2022/23,2023-05-06,14:30,hoffenheim,ein frankfurt,Hoffenheim,Ein Frankfurt,3,1,H,3,0,1,0,2.3,3.6,2.9
D1-2223-2023-05-19-freiburg-wolfsburg,D1,Bundesliga,2223,2022/23,2023-05-19,19:30,freiburg,wolfsburg,Freiburg,Wolfsburg,2,0,H,0,0,1,0,2,3.8,3.4
D1-2223-2023-05-21-augsburg-dortmund,D1,Bundesliga,2223,2022/23,2023-05-21,16:30,augsburg,dortmund,Augsburg,Dortmund,0,3,A,0,0,1,0,7,5.5,1.36
D1-2223-2023-05-21-leverkusen-m-gladbach,D1,Bundesliga,2223,2022/23,2023-05-21,18:30,leverkusen,m gladbach,Leverkusen,M'gladbach,2,2,D,2,0,1,0,1.45,5.25,5.75
D1-2223-2023-05-27-bochum-leverkusen,D1,Bundesliga,2223,2022/23,2023-05-27,14:30,bochum,leverkusen,Bochum,Leverkusen,3,0,H,2,0,0,1,3.25,4,2
D1-2223-2023-05-27-m-gladbach-augsburg,D1,Bundesliga,2223,2022/23,2023-05-27,14:30,m gladbach,augsburg,M'gladbach,Augsburg,2,0,H,2,0,0,1,2.2,3.8,3
I1-2223-2022-08-14-fiorentina-cremonese,I1,Serie A,2223,2022/23,2022-08-14,17:30,fiorentina,cremonese,Fiorentina,Cremonese,3,2,H,2,1,0,1,1.36,5,8.5
I1-2223-2022-08-14-lazio-bologna,I1,Serie A,2223,2022/23,2022-08-14,17:30,lazio,bologna,Lazio,Bologna,2,1,H,0,1,1,1,1.57,4.33,5.75
I1-2223-2022-08-20-udinese-salernitana,I1,Serie A,2223,2022/23,2022-08-20,17:30,udinese,salernitana,Udinese,Salernitana,0,0,D,0,0,1,0,1.75,3.8,4.5
I1-2223-2022-08-21-empoli-fiorentina,I1,Serie A,2223,2022/23,2022-08-21,17:30,empoli,fiorentina,Empoli,Fiorentina,0,0,D,0,0,1,0,3.75,3.8,1.9
I1-2223-2022-08-21-bologna-verona,I1,Serie A,2223,2022/23,2022-08-21,19:45,bologna,verona,Bologna,Verona,1,1,D,1,1,1,0,2.15,3.5,3.3
I1-2223-2022-08-27-spezia-sassuolo,I1,Serie A,2223,2022/23,2022-08-27,19:45,spezia,sassuolo,Spezia,Sassuolo,2,2,D,2,1,1,0,3,3.6,2.25
I1-2223-2022-09-10-sampdoria-milan,I1,Serie A,2223,2022/23,2022-09-10,19:45,sampdoria,milan,Sampdoria,Milan,1,2,A,0,1,0,1,6,4.5,1.5
I1-2223-2022-09-11-bologna-fiorentina,I1,Serie A,2223,2022/23,2022-09-11,14:00,bologna,fiorentina,Bologna,Fiorentina,2,1,H,0,0,0,1,2.9,3.4,2.45
I1-2223-2022-09-11-sassuolo-udinese,I1,Serie A,2223,2022/23,2022-09-11,14:00,sassuolo,udinese,Sassuolo,Udinese,1,3,A,1,0,1,0,2.7,3.5,2.55
I1-2223-2022-09-11-juventus-salernitana,I1,Serie A,2223,2022/23,2022-09-11,19:45,juventus,salernitana,Juventus,Salernitana,2,2,D,0,2,2,1,1.4,4.5,8.5
I1-2223-2022-09-12-empoli-roma,I1,Serie A,2223,2022/23,2022-09-12,19:45,empoli,roma,Empoli,Roma,1,2,A,1,1,1,0,5,3.8,1.7
I1-2223-2022-09-18-monza-juventus,I1,Serie A,2223,2022/23,2022-09-18,14:00,monza,juventus,Monza,Juventus,1,0,H,0,0,0,1,4.5,3.6,1.8
I1-2223-2022-10-09-salernitana-verona,I1,Serie A,2223,2022/23,2022-10-09,14:00,salernitana,verona,Salernitana,Verona,2,1,H,1,0,1,1,2.4,3.4,2.87
I1-2223-2022-10-09-roma-lecce,I1,Serie A,2223,2022/23,2022-10-09,19:45,roma,lecce,Roma,Lecce,2,1,H,1,1,0,1,1.33,5.25,8.5
I1-2223-2022-10-15-empoli-monza,I1,Serie A,2223,2022/23,2022-10-15,14:00,empoli,monza,Empoli,Monza,1,0,H,1,0,0,1,2.55,3.3,2.8
I1-2223-2022-10-17-lecce-fiorentina,I1,Serie A,2223,2022/23,2022-10-17,19:45,lecce,fiorentina,Lecce,Fiorentina,1,1,D,1,0,1,0,3.75,3.4,2.05
I1-2223-2022-10-23-atalanta-lazio,I1,Serie A,2223,2022/23,2022-10-23,17:00,atalanta,lazio,Atalanta,Lazio,0,2,A,0,1,1,0,1.95,3.5,4
I1-2223-2022-10-29-napoli-sassuolo,I1,Serie A,2223,2022/23,2022-10-29,14:00,napoli,sassuolo,Napoli,Sassuolo,4,0,H,3,0,0,1,1.28,6,8.5
I1-2223-2022-10-30-spezia-fiorentina,I1,Serie A,2223,2022/23,2022-10-30,14:00,spezia,fiorentina,Spezia,Fiorentina,1,2,A,1,1,1,0,4,3.6,1.9
I1-2223-2022-10-31-verona-roma,I1,Serie A,2223,2022/23,2022-10-31,17:30,verona,roma,Verona,Roma,1,3,A,1,1,1,0,4.33,3.6,1.83
I1-2223-2022-11-05-milan-spezia,I1,Serie A,2223,2022/23,2022-11-05,19:45,milan,spezia,Milan,Spezia,2,1,H,1,0,1,0,1.22,6,13
I1-2223-2022-11-06-monza-verona,I1,Serie A,2223,2022/23,2022-11-06,14:00,monza,verona,Monza,Verona,2,0,H,0,0,0,1,2.2,3.4,3.3
I1-2223-2022-11-08-napoli-empoli,I1,Serie A,2223,2022/23,2022-11-08,17:30,napoli,empoli,Napoli,Empoli,2,0,H,0,0,0,1,1.25,6.5,9.5
I1-2223-2022-11-10-verona-juventus,I1,Serie A,2223,2022/23,2022-11-10,17:30,verona,juventus,Verona,Juventus,0,1,A,0,0,0,1,5,3.8,1.66
I1-2223-2022-11-13-monza-salernitana,I1,Serie A,2223,2022/23,2022-11-13,14:00,monza,salernitana,Monza,Salernitana,3,0,H,2,0,0,1,2.15,3.25,3.6
I1-2223-2023-01-04-udinese-empoli,I1,Serie A,2223,2022/23,2023-01-04,19:45,udinese,empoli,Udinese,Empoli,1,1,D,0,1,0,1,1.6,4.2,5.75
I1-2223-2023-01-08-sampdoria-napoli,I1,Serie A,2223,2022/23,2023-01-08,17:00,sampdoria,napoli,Sampdoria,Napoli,0,2,A,0,1,1,0,8,4.75,1.4
I1-2223-2023-01-15-roma-fiorentina,I1,Serie A,2223,2022/23,2023-01-15,19:45,roma,fiorentina,Roma,Fiorentina,2,0,H,1,0,0,1,1.95,3.5,4
I1-2223-2023-01-23-inter-empoli,I1,Serie A,2223,2022/23,2023-01-23,19:45,inter,empoli,Inter,Empoli,0,1,A,0,0,1,0,1.29,6,9.5
I1-2223-2023-02-04-sassuolo-atalanta,I1,Serie A,2223,2022/23,2023-02-04,19:45,sassuolo,atalanta,Sassuolo,Atalanta,1,0,H,0,0,0,2,3.75,3.6,1.91
I1-2223-2023-02-11-empoli-spezia,I1,Serie A,2223,2022/23,2023-02-11,14:00,empoli,spezia,Empoli,Spezia,2,2,D,0,2,1,1,2,3.5,3.75
I1-2223-2023-02-19-salernitana-lazio,I1,Serie A,2223,2022/23,2023-02-19,14:00,salernitana,lazio,Salernitana,Lazio,0,2,A,0,0,1,0,5.5,3.75,1.7
I1-2223-2023-02-25-empoli-napoli,I1,Serie A,2223,2022/23,2023-02-25,17:00,empoli,napoli,Empoli,Napoli,0,2,A,0,2,0,1,7,4.75,1.44
I1-2223-2023-02-26-salernitana-monza,I1,Serie A,2223,2022/23,2023-02-26,14:00,salernitana,monza,Salernitana,Monza,3,0,H,0,0,0,1,3.6,3.3,2.05
I1-2223-2023-03-05-spezia-verona,I1,Serie A,2223,2022/23,2023-03-05,11:30,spezia,verona,Spezia,Verona,0,0,D,0,0,1,0,2.7,3.1,2.8
I1-2223-2023-03-05-roma-juventus,I1,Serie A,2223,2022/23,2023-03-05,19:45,roma,juventus,Roma,Juventus,1,0,H,0,0,0,1,2.7,3,2.88
I1-2223-2023-03-12-roma-sassuolo,I1,Serie A,2223,2022/23,2023-03-12,17:00,roma,sassuolo,Roma,Sassuolo,3,4,A,1,3,1,0,1.67,3.6,5.5
I1-2223-2023-03-19-lazio-roma,I1,Serie A,2223,2022/23,2023-03-19,17:00,lazio,roma,Lazio,Roma,1,0,H,0,0,1,2,2.75,3,2.75
I1-2223-2023-03-19-inter-juventus,I1,Serie A,2223,2022/23,2023-03-19,19:45,inter,juventus,Inter,Juventus,0,1,A,0,1,1,1,1.91,3.4,4
I1-2223-2023-04-02-roma-sampdoria,I1,Serie A,2223,2022/23,2023-04-02,17:00,roma,sampdoria,Roma,Sampdoria,3,0,H,0,0,0,1,1.44,4.2,9
I1-2223-2023-04-03-empoli-lecce,I1,Serie A,2223,2022/23,2023-04-03,17:30,empoli,lecce,Empoli,Lecce,1,0,H,0,0,1,0,2.45,3.1,3.1
I1-2223-2023-04-14-spezia-lazio,I1,Serie A,2223,2022/23,2023-04-14,19:45,spezia,lazio,Spezia,Lazio,0,3,A,0,1,1,0,5.25,3.6,1.7
I1-2223-2023-04-30-cremonese-verona,I1,Serie A,2223,2022/23,2023-04-30,14:00,cremonese,verona,Cremonese,Verona,1,1,D,1,0,1,0,3,3.3,2.45
I1-2223-2023-04-30-sassuolo-empoli,I1,Serie A,2223,2022/23,2023-04-30,14:00,sassuolo,empoli,Sassuolo,Empoli,2,1,H,0,1,1,0,1.75,3.8,4.5
I1-2223-2023-05-03-sampdoria-torino,I1,Serie A,2223,2022/23,2023-05-03,17:00,sampdoria,torino,Sampdoria,Torino,0,2,A,0,1,1,0,4.2,3.4,1.91
I1-2223-2023-05-03-milan-cremonese,I1,Serie A,2223,2022/23,2023-05-03,20:00,milan,cremonese,Milan,Cremonese,1,1,D,0,0,0,1,1.33,5,9.5
I1-2223-2023-05-03-monza-roma,I1,Serie A,2223,2022/23,2023-05-03,20:00,monza,roma,Monza,Roma,1,1,D,1,1,0,1,3.75,3.1,2.15
I1-2223-2023-05-14-fiorentina-udinese,I1,Serie A,2223,2022/23,2023-05-14,14:00,fiorentina,udinese,Fiorentina,Udinese,2,0,H,1,0,1,1,1.95,3.6,3.8
I1-2223-2023-05-19-sassuolo-monza,I1,Serie A,2223,2022/23,2023-05-19,19:45,sassuolo,monza,Sassuolo,Monza,1,2,A,1,0,1,0,2.15,3.6,3.2
I1-2223-2023-05-20-cremonese-bologna,I1,Serie A,2223,2022/23,2023-05-20,14:00,cremonese,bologna,Cremonese,Bologna,1,5,A,0,3,0,1,2.88,3.4,2.4
I1-2223-2023-05-21-napoli-inter,I1,Serie A,2223,2022/23,2023-05-21,17:00,napoli,inter,Napoli,Inter,3,1,H,0,0,0,1,2.9,3.3,2.45
I1-2223-2023-05-27-salernitana-udinese,I1,Serie A,2223,2022/23,2023-05-27,14:00,salernitana,udinese,Salernitana,Udinese,3,2,H,1,2,0,1,2.7,3.5,2.55
I1-2223-2023-05-28-lazio-cremonese,I1,Serie A,2223,2022/23,2023-05-28,17:00,lazio,cremonese,Lazio,Cremonese,3,2,H,2,0,1,0,1.22,6.5,12
I1-2223-2023-06-02-sassuolo-fiorentina,I1,Serie A,2223,2022/23,2023-06-02,19:30,sassuolo,fiorentina,Sassuolo,Fiorentina,1,3,A,0,0,2,0,2.6,3.75,2.5
I1-2223-2023-06-03-empoli-lazio,I1,Serie A,2223,2022/23,2023-06-03,20:00,empoli,lazio,Empoli,Lazio,0,2,A,0,0,1,0,3.25,3.75,2.1
I1-2223-2023-06-04-atalanta-monza,I1,Serie A,2223,2022/23,2023-06-04,20:00,atalanta,monza,Atalanta,Monza,5,2,H,2,0,0,1,1.57,4.5,5
I1-2223-2023-06-04-roma-spezia,I1,Serie A,2223,2022/23,2023-06-04,20:00,roma,spezia,Roma,Spezia,2,1,H,1,1,0,1,1.95,3.6,3.8
F1-2223-2022-08-05-lyon-ajaccio,F1,Ligue 1,2223,2022/23,2022-08-05,20:00,lyon,ajaccio,Lyon,Ajaccio,2,1,H,2,1,1,1,1.33,5.25,8.5
F1-2223-2022-08-13-monaco-rennes,F1,Ligue 1,2223,2022/23,2022-08-13,16:00,monaco,rennes,Monaco,Rennes,1,1,D,0,0,1,0,2.15,3.5,3.25
F1-2223-2022-08-14-auxerre-angers,F1,Ligue 1,2223,2022/23,2022-08-14,14:00,auxerre,angers,Auxerre,Angers,2,2,D,2,1,1,0,2.2,3.25,3.5
F1-2223-2022-08-14-reims-clermont,F1,Ligue 1,2223,2022/23,2022-08-14,14:00,reims,clermont,Reims,Clermont,2,4,A,2,0,1,0,2.15,3.2,3.6
F1-2223-2022-08-20-monaco-lens,F1,Ligue 1,2223,2022/23,2022-08-20,16:00,monaco,lens,Monaco,Lens,1,4,A,1,2,1,0,1.75,3.8,4.33
F1-2223-2022-08-20-marseille-nantes,F1,Ligue 1,2223,2022/23,2022-08-20,20:00,marseille,nantes,Marseille,Nantes,2,1,H,0,0,1,0,1.6,4.2,5.5
F1-2223-2022-08-21-angers-brest,F1,Ligue 1,2223,2022/23,2022-08-21,14:00,angers,brest,Angers,Brest,1,3,A,0,2,1,0,2.3,3.25,3.2
F1-2223-2022-08-21-clermont-nice,F1,Ligue 1,2223,2022/23,2022-08-21,14:00,clermont,nice,Clermont,Nice,1,0,H,1,0,0,2,3.75,3.4,2.05
F1-2223-2022-08-21-montpellier-auxerre,F1,Ligue 1,2223,2022/23,2022-08-21,14:00,montpellier,auxerre,Montpellier,Auxerre,1,2,A,1,0,2,2,2.1,3.4,3.5
F1-2223-2022-08-21-rennes-ajaccio,F1,Ligue 1,2223,2022/23,2022-08-21,16:05,rennes,ajaccio,Rennes,Ajaccio,2,1,H,1,0,2,0,1.4,4.75,8
F1-2223-2022-08-28-brest-montpellier,F1,Ligue 1,2223,2022/23,2022-08-28,14:00,brest,montpellier,Brest,Montpellier,0,7,A,0,5,1,0,1.9,3.6,4
F1-2223-2022-08-28-lorient-clermont,F1,Ligue 1,2223,2022/23,2022-08-28,14:00,lorient,clermont,Lorient,Clermont,2,1,H,2,0,0,1,2.05,3.4,3.8
F1-2223-2022-08-28-troyes-angers,F1,Ligue 1,2223,2022/23,2022-08-28,14:00,troyes,angers,Troyes,Angers,3,1,H,1,0,0,1,2.45,3.3,2.9
F1-2223-2022-08-28-reims-lyon,F1,Ligue 1,2223,2022/23,2022-08-28,16:05,reims,lyon,Reims,Lyon,1,1,D,1,0,1,0,4.2,4,1.75
F1-2223-2022-08-31-angers-reims,F1,Ligue 1,2223,2022/23,2022-08-31,18:00,angers,reims,Angers,Reims,2,4,A,0,2,0,1,2.45,3.3,2.87
F1-2223-2022-08-31-monaco-troyes,F1,Ligue 1,2223,2022/23,2022-08-31,18:00,monaco,troyes,Monaco,Troyes,2,4,A,1,2,1,0,1.36,5.25,8
F1-2223-2022-08-31-montpellier-ajaccio,F1,Ligue 1,2223,2022/23,2022-08-31,18:00,montpellier,ajaccio,Montpellier,Ajaccio,2,0,H,1,0,1,1,2.1,3.3,3.6
F1-2223-2022-09-03-nantes-paris-sg,F1,Ligue 1,2223,2022/23,2022-09-03,20:00,nantes,paris sg,Nantes,Paris SG,0,3,A,0,1,1,0,9.5,6.5,1.28
F1-2223-2022-09-04-montpellier-lille,F1,Ligue 1,2223,2022/23,2022-09-04,12:00,montpellier,lille,Montpellier,Lille,1,3,A,1,1,1,0,3.25,3.75,2.1
F1-2223-2022-09-04-brest-strasbourg,F1,Ligue 1,2223,2022/23,2022-09-04,14:00,brest,strasbourg,Brest,Strasbourg,1,1,D,1,1,0,1,2.8,3.4,2.45
F1-2223-2022-09-04-reims-lens,F1,Ligue 1,2223,2022/23,2022-09-04,14:00,reims,lens,Reims,Lens,1,1,D,0,0,0,1,3.2,3.5,2.25
F1-2223-2022-09-04-troyes-rennes,F1,Ligue 1,2223,2022/23,2022-09-04,16:05,troyes,rennes,Troyes,Rennes,1,1,D,1,0,1,0,4.33,4,1.75
F1-2223-2022-09-11-strasbourg-clermont,F1,Ligue 1,2223,2022/23,2022-09-11,12:00,strasbourg,clermont,Strasbourg,Clermont,0,0,D,0,0,1,0,1.66,3.75,5.5
F1-2223-2022-09-11-toulouse-reims,F1,Ligue 1,2223,2022/23,2022-09-11,14:00,toulouse,reims,Toulouse,Reims,1,0,H,1,0,0,1,2.2,3.5,3.2
F1-2223-2022-09-18-reims-monaco,F1,Ligue 1,2223,2022/23,2022-09-18,12:00,reims,monaco,Reims,Monaco,0,3,A,0,0,1,0,3.1,3.5,2.25
F1-2223-2022-09-18-nice-angers,F1,Ligue 1,2223,2022/23,2022-09-18,14:00,nice,angers,Nice,Angers,0,1,A,0,1,1,1,1.61,4,5.5
F1-2223-2022-10-01-strasbourg-rennes,F1,Ligue 1,2223,2022/23,2022-10-01,16:00,strasbourg,rennes,Strasbourg,Rennes,1,3,A,0,1,1,0,3,3.5,2.3
F1-2223-2022-10-02-lorient-lille,F1,Ligue 1,2223,2022/23,2022-10-02,12:00,lorient,lille,Lorient,Lille,2,1,H,1,0,1,0,2.87,3.6,2.37
F1-2223-2022-10-02-auxerre-brest,F1,Ligue 1,2223,2022/23,2022-10-02,14:00,auxerre,brest,Auxerre,Brest,1,1,D,0,0,1,0,2.7,3.5,2.55
F1-2223-2022-10-02-toulouse-montpellier,F1,Ligue 1,2223,2022/23,2022-10-02,14:00,toulouse,montpellier,Toulouse,Montpellier,4,2,H,3,1,1,0,1.85,3.8,3.75
F1-2223-2022-10-02-troyes-reims,F1,Ligue 1,2223,2022/23,2022-10-02,14:00,troyes,reims,Troyes,Reims,2,2,D,0,1,0,1,2.5,3.4,2.8
F1-2223-2022-10-08-reims-paris-sg,F1,Ligue 1,2223,2022/23,2022-10-08,20:00,reims,paris sg,Reims,Paris SG,0,0,D,0,0,0,1,7,5.5,1.4
F1-2223-2022-10-09-rennes-nantes,F1,Ligue 1,2223,2022/23,2022-10-09,16:05,rennes,nantes,Rennes,Nantes,3,0,H,1,0,1,0,1.5,4.33,6
F1-2223-2022-10-15-lorient-reims,F1,Ligue 1,2223,2022/23,2022-10-15,16:00,lorient,reims,Lorient,Reims,0,0,D,0,0,0,2,2.25,3.4,3.25
F1-2223-2022-10-16-monaco-clermont,F1,Ligue 1,2223,2022/23,2022-10-16,16:05,monaco,clermont,Monaco,Clermont,1,1,D,1,0,1,0,1.36,5.25,8
F1-2223-2022-10-16-paris-sg-marseille,F1,Ligue 1,2223,2022/23,2022-10-16,19:45,paris sg,marseille,Paris SG,Marseille,1,0,H,1,0,0,1,1.36,5.5,7.5
F1-2223-2022-10-22-montpellier-lyon,F1,Ligue 1,2223,2022/23,2022-10-22,16:00,montpellier,lyon,Montpellier,Lyon,1,2,A,0,1,1,1,4,3.8,1.85
F1-2223-2022-10-23-toulouse-strasbourg,F1,Ligue 1,2223,2022/23,2022-10-23,14:00,toulouse,strasbourg,Toulouse,Strasbourg,2,2,D,1,0,1,0,2.2,3.5,3.2
F1-2223-2022-10-23-nice-nantes,F1,Ligue 1,2223,2022/23,2022-10-23,16:05,nice,nantes,Nice,Nantes,1,1,D,0,0,0,2,1.85,3.5,4.33
F1-2223-2022-10-30-auxerre-ajaccio,F1,Ligue 1,2223,2022/23,2022-10-30,12:00,auxerre,ajaccio,Auxerre,Ajaccio,1,0,H,1,0,1,1,2.6,3.1,2.9
F1-2223-2022-11-05-ajaccio-strasbourg,F1,Ligue 1,2223,2022/23,2022-11-05,16:00,ajaccio,strasbourg,Ajaccio,Strasbourg,4,2,H,4,2,1,0,2.8,3.2,2.62
F1-2223-2022-11-06-reims-nantes,F1,Ligue 1,2223,2022/23,2022-11-06,14:00,reims,nantes,Reims,Nantes,1,0,H,0,0,0,1,2.05,3.5,3.4
F1-2223-2022-11-06-lille-rennes,F1,Ligue 1,2223,2022/23,2022-11-06,16:05,lille,rennes,Lille,Rennes,1,1,D,1,0,0,1,2.45,3.6,2.75
F1-2223-2022-11-13-brest-troyes,F1,Ligue 1,2223,2022/23,2022-11-13,14:00,brest,troyes,Brest,Troyes,2,1,H,0,0,0,1,2,3.6,3.5
F1-2223-2022-11-13-lille-angers,F1,Ligue 1,2223,2022/23,2022-11-13,14:00,lille,angers,Lille,Angers,1,0,H,1,0,1,0,1.33,5.5,8.5
F1-2223-2022-12-28-clermont-lille,F1,Ligue 1,2223,2022/23,2022-12-28,18:00,clermont,lille,Clermont,Lille,0,2,A,0,0,1,0,4.2,3.75,1.83
F1-2223-2022-12-28-paris-sg-strasbourg,F1,Ligue 1,2223,2022/23,2022-12-28,20:00,paris sg,strasbourg,Paris SG,Strasbourg,2,1,H,1,0,1,0,1.22,6.5,13
F1-2223-2023-01-02-montpellier-marseille,F1,Ligue 1,2223,2022/23,2023-01-02,18:00,montpellier,marseille,Montpellier,Marseille,1,2,A,0,0,0,1,4.5,4,1.73
F1-2223-2023-01-11-clermont-rennes,F1,Ligue 1,2223,2022/23,2023-01-11,18:00,clermont,rennes,Clermont,Rennes,2,1,H,1,0,0,2,4.2,3.5,1.91
F1-2223-2023-01-14-lens-auxerre,F1,Ligue 1,2223,2022/23,2023-01-14,16:00,lens,auxerre,Lens,Auxerre,1,0,H,0,0,0,1,1.36,4.75,9
F1-2223-2023-01-15-montpellier-nantes,F1,Ligue 1,2223,2022/23,2023-01-15,14:00,montpellier,nantes,Montpellier,Nantes,0,3,A,0,1,2,0,2.55,3.4,2.75
F1-2223-2023-01-29-strasbourg-toulouse,F1,Ligue 1,2223,2022/23,2023-01-29,14:00,strasbourg,toulouse,Strasbourg,Toulouse,1,2,A,1,1,1,0,2.3,3.5,3.1
F1-2223-2023-01-29-paris-sg-reims,F1,Ligue 1,2223,2022/23,2023-01-29,19:45,paris sg,reims,Paris SG,Reims,1,1,D,0,0,1,0,1.22,7,11
F1-2223-2023-02-01-angers-ajaccio,F1,Ligue 1,2223,2022/23,2023-02-01,18:00,angers,ajaccio,Angers,Ajaccio,1,2,A,1,0,1,0,2.25,3.2,3.4
F1-2223-2023-02-05-ajaccio-nantes,F1,Ligue 1,2223,2022/23,2023-02-05,14:00,ajaccio,nantes,Ajaccio,Nantes,0,2,A,0,0,1,0,2.75,3.1,2.7
F1-2223-2023-02-05-strasbourg-montpellier,F1,Ligue 1,2223,2022/23,2023-02-05,14:00,strasbourg,montpellier,Strasbourg,Montpellier,2,0,H,2,0,1,0,2.05,3.3,3.8
F1-2223-2023-02-19-troyes-montpellier,F1,Ligue 1,2223,2022/23,2023-02-19,14:00,troyes,montpellier,Troyes,Montpellier,0,1,A,0,0,1,1,2.75,3.25,2.6
F1-2223-2023-02-24-lille-brest,F1,Ligue 1,2223,2022/23,2023-02-24,20:00,lille,brest,Lille,Brest,2,1,H,0,1,0,1,1.36,5,8.5
F1-2223-2023-02-26-ajaccio-troyes,F1,Ligue 1,2223,2022/23,2023-02-26,14:00,ajaccio,troyes,Ajaccio,Troyes,2,1,H,0,1,0,1,2.2,3.1,3.5
F1-2223-2023-03-05-montpellier-angers,F1,Ligue 1,2223,2022/23,2023-03-05,14:00,montpellier,angers,Montpellier,Angers,5,0,H,3,0,0,1,1.75,3.6,4.75
F1-2223-2023-03-12-marseille-strasbourg,F1,Ligue 1,2223,2022/23,2023-03-12,19:45,marseille,strasbourg,Marseille,Strasbourg,2,2,D,0,0,1,0,1.4,4.75,8
F1-2223-2023-03-19-ajaccio-monaco,F1,Ligue 1,2223,2022/23,2023-03-19,12:00,ajaccio,monaco,Ajaccio,Monaco,0,2,A,0,1,1,0,5.25,3.5,1.7
F1-2223-2023-03-19-montpellier-clermont,F1,Ligue 1,2223,2022/23,2023-03-19,14:00,montpellier,clermont,Montpellier,Clermont,2,1,H,0,1,1,0,1.83,3.5,4.33
F1-2223-2023-03-19-nice-lorient,F1,Ligue 1,2223,2022/23,2023-03-19,14:00,nice,lorient,Nice,Lorient,1,1,D,0,1,0,1,1.62,3.8,5.25
F1-2223-2023-04-02-lille-lorient,F1,Ligue 1,2223,2022/23,2023-04-02,12:00,lille,lorient,Lille,Lorient,3,1,H,1,0,0,1,1.36,5,8
F1-2223-2023-04-02-brest-toulouse,F1,Ligue 1,2223,2022/23,2023-04-02,14:00,brest,toulouse,Brest,Toulouse,3,1,H,1,1,0,1,2.9,3.4,2.4
F1-2223-2023-04-02-clermont-ajaccio,F1,Ligue 1,2223,2022/23,2023-04-02,14:00,clermont,ajaccio,Clermont,Ajaccio,2,1,H,0,1,0,1,2.1,3.2,3.8
F1-2223-2023-04-02-monaco-strasbourg,F1,Ligue 1,2223,2022/23,2023-04-02,16:05,monaco,strasbourg,Monaco,Strasbourg,4,3,H,1,2,1,0,1.53,4.33,6
F1-2223-2023-04-07-lens-strasbourg,F1,Ligue 1,2223,2022/23,2023-04-07,20:00,lens,strasbourg,Lens,Strasbourg,2,1,H,1,0,0,1,1.5,4.33,6.5
F1-2223-2023-04-15-paris-sg-lens,F1,Ligue 1,2223,2022/23,2023-04-15,20:00,paris sg,lens,Paris SG,Lens,3,1,H,3,0,0,1,1.67,4.2,4.75
F1-2223-2023-04-16-clermont-angers,F1,Ligue 1,2223,2022/23,2023-04-16,14:00,clermont,angers,Clermont,Angers,2,1,H,2,1,2,0,1.8,3.75,4.33
F1-2223-2023-04-23-ajaccio-brest,F1,Ligue 1,2223,2022/23,2023-04-23,14:00,ajaccio,brest,Ajaccio,Brest,0,0,D,0,0,1,0,3.1,3.1,2.38
F1-2223-2023-04-23-montpellier-rennes,F1,Ligue 1,2223,2022/23,2023-04-23,16:05,montpellier,rennes,Montpellier,Rennes,1,0,H,0,0,1,0,3.3,3.25,2.3
F1-2223-2023-04-28-strasbourg-lyon,F1,Ligue 1,2223,2022/23,2023-04-28,20:00,strasbourg,lyon,Strasbourg,Lyon,1,2,A,1,2,0,1,2.63,3.5,2.6
F1-2223-2023-04-30-clermont-reims,F1,Ligue 1,2223,2022/23,2023-04-30,14:00,clermont,reims,Clermont,Reims,1,0,H,1,0,1,0,3,3.5,2.3
F1-2223-2023-04-30-paris-sg-lorient,F1,Ligue 1,2223,2022/23,2023-04-30,16:05,paris sg,lorient,Paris SG,Lorient,1,3,A,1,2,1,0,1.18,8,12
F1-2223-2023-05-07-lorient-brest,F1,Ligue 1,2223,2022/23,2023-05-07,14:00,lorient,brest,Lorient,Brest,2,1,H,1,0,1,0,2.4,3.4,2.9
F1-2223-2023-05-12-lens-reims,F1,Ligue 1,2223,2022/23,2023-05-12,20:00,lens,reims,Lens,Reims,2,1,H,1,1,1,0,1.53,4.5,5.5
F1-2223-2023-05-13-paris-sg-ajaccio,F1,Ligue 1,2223,2022/23,2023-05-13,20:00,paris sg,ajaccio,Paris SG,Ajaccio,5,0,H,2,0,1,1,1.1,11,19
F1-2223-2023-05-21-ajaccio-rennes,F1,Ligue 1,2223,2022/23,2023-05-21,12:00,ajaccio,rennes,Ajaccio,Rennes,0,5,A,0,4,1,0,7,4.2,1.5
F1-2223-2023-05-21-troyes-strasbourg,F1,Ligue 1,2223,2022/23,2023-05-21,14:00,troyes,strasbourg,Troyes,Strasbourg,1,1,D,0,1,1,1,5.5,4.33,1.57
F1-2223-2023-05-27-lyon-reims,F1,Ligue 1,2223,2022/23,2023-05-27,20:00,lyon,reims,Lyon,Reims,3,0,H,2,0,0,1,1.57,4.75,5
E0-2324-2023-08-11-burnley-man-city,E0,Premier League,2324,2023/24,2023-08-11,20:00,Burnley,Manchester City,Burnley,Man City,0,3,A,0,2,1,0,8,5.5,1.33
E0-2324-2023-08-19-fulham-brentford,E0,Premier League,2324,2023/24,2023-08-19,15:00,Fulham,Brentford,Fulham,Brentford,0,3,A,0,1,1,0,2.7,3.3,2.63
E0-2324-2023-08-19-liverpool-bournemouth,E0,Premier League,2324,2023/24,2023-08-19,15:00,Liverpool,Bournemouth,Liverpool,Bournemouth,3,1,H,2,1,1,0,1.2,7,13
E0-2324-2023-08-19-wolves-brighton,E0,Premier League,2324,2023/24,2023-08-19,15:00,Wolves,Brighton,Wolves,Brighton,1,4,A,0,1,1,0,4,3.8,1.85
E0-2324-2023-08-20-west-ham-chelsea,E0,Premier League,2324,2023/24,2023-08-20,16:30,West Ham,Chelsea,West Ham,Chelsea,3,1,H,1,1,1,0,3.75,3.5,2
E0-2324-2023-08-21-crystal-palace-arsenal,E0,Premier League,2324,2023/24,2023-08-21,20:00,Crystal Palace,Arsenal,Crystal Palace,Arsenal,0,1,A,0,0,0,1,5.5,4,1.6
E0-2324-2023-08-26-arsenal-fulham,E0,Premier League,2324,2023/24,2023-08-26,15:00,Arsenal,Fulham,Arsenal,Fulham,2,2,D,0,1,0,1,1.2,7,13
E0-2324-2023-08-26-man-united-nott-m-forest,E0,Premier League,2324,2023/24,2023-08-26,15:00,Manchester United,Nottingham Forest,Man United,Nott'm Forest,3,2,H,1,2,0,1,1.3,6,8
E0-2324-2023-08-27-newcastle-liverpool,E0,Premier League,2324,2023/24,2023-08-27,16:30,Newcastle,Liverpool,Newcastle,Liverpool,1,2,A,1,0,0,1,2.2,3.75,3
E0-2324-2023-09-16-tottenham-sheffield-united,E0,Premier League,2324,2023/24,2023-09-16,15:00,Tottenham,Sheffield United,Tottenham,Sheffield United,2,1,H,0,0,0,1,1.29,5.5,11
E0-2324-2023-09-18-nott-m-forest-burnley,E0,Premier League,2324,2023/24,2023-09-18,19:45,Nottingham Forest,Burnley,Nott'm Forest,Burnley,1,1,D,0,1,0,1,2.2,3.5,3.25
E0-2324-2023-09-23-luton-wolves,E0,Premier League,2324,2023/24,2023-09-23,15:00,Luton,Wolves,Luton,Wolves,1,1,D,0,0,0,1,3.25,3.4,2.2
E0-2324-2023-09-23-man-city-nott-m-forest,E0,Premier League,2324,2023/24,2023-09-23,15:00,Manchester City,Nottingham Forest,Man City,Nott'm Forest,2,0,H,2,0,1,0,1.14,8.5,15
E0-2324-2023-09-30-tottenham-liverpool,E0,Premier League,2324,2023/24,2023-09-30,17:30,Tottenham,Liverpool,Tottenham,Liverpool,2,1,H,1,1,0,2,2.9,4,2.15
E0-2324-2023-10-01-nott-m-forest-brentford,E0,Premier League,2324,2023/24,2023-10-01,14:00,Nottingham Forest,Brentford,Nott'm Forest,Brentford,1,1,D,0,0,1,0,2.75,3.1,2.7
E0-2324-2023-10-07-luton-tottenham,E0,Premier League,2324,2023/24,2023-10-07,12:30,Luton,Tottenham,Luton,Tottenham,0,1,A,0,0,0,1,6,4.75,1.45
E0-2324-2023-10-08-wolves-aston-villa,E0,Premier League,2324,2023/24,2023-10-08,14:00,Wolves,Aston Villa,Wolves,Aston Villa,1,1,D,0,0,1,0,3.5,3.4,2.1
E0-2324-2023-10-21-liverpool-everton,E0,Premier League,2324,2023/24,2023-10-21,12:30,Liverpool,Everton,Liverpool,Everton,2,0,H,0,0,0,1,1.33,5.75,7.5
E0-2324-2023-10-21-bournemouth-wolves,E0,Premier League,2324,2023/24,2023-10-21,15:00,Bournemouth,Wolves,Bournemouth,Wolves,1,2,A,1,0,1,0,2.38,3.4,3
E0-2324-2023-10-21-brentford-burnley,E0,Premier League,2324,2023/24,2023-10-21,15:00,Brentford,Burnley,Brentford,Burnley,3,0,H,1,0,0,1,1.83,3.75,4.2
E0-2324-2023-10-21-man-city-brighton,E0,Premier League,2324,2023/24,2023-10-21,15:00,Manchester City,Brighton,Man City,Brighton,2,1,H,2,0,1,0,1.4,5.25,6.5
E0-2324-2023-11-06-tottenham-chelsea,E0,Premier League,2324,2023/24,2023-11-06,20:00,Tottenham,Chelsea,Tottenham,Chelsea,1,4,A,1,1,2,0,2,3.75,3.5
E0-2324-2023-11-11-arsenal-burnley,E0,Premier League,2324,2023/24,2023-11-11,15:00,Arsenal,Burnley,Arsenal,Burnley,3,1,H,1,0,1,0,1.18,7,17
E0-2324-2023-11-12-brighton-sheffield-united,E0,Premier League,2324,2023/24,2023-11-12,14:00,Brighton,Sheffield United,Brighton,Sheffield United,1,1,D,1,0,1,0,1.25,5.75,13
E0-2324-2023-11-25-newcastle-chelsea,E0,Premier League,2324,2023/24,2023-11-25,15:00,Newcastle,Chelsea,Newcastle,Chelsea,4,1,H,1,1,0,1,2.55,3.5,2.63
E0-2324-2023-11-25-nott-m-forest-brighton,E0,Premier League,2324,2023/24,2023-11-25,15:00,Nottingham Forest,Brighton,Nott'm Forest,Brighton,2,3,A,1,2,0,1,3.2,3.6,2.15
E0-2324-2023-12-02-burnley-sheffield-united,E0,Premier League,2324,2023/24,2023-12-02,15:00,Burnley,Sheffield United,Burnley,Sheffield United,5,0,H,2,0,0,1,1.8,3.6,4.5
E0-2324-2023-12-03-chelsea-brighton,E0,Premier League,2324,2023/24,2023-12-03,14:00,Chelsea,Brighton,Chelsea,Brighton,3,2,H,2,1,1,0,1.73,4.2,4.2
E0-2324-2023-12-09-crystal-palace-liverpool,E0,Premier League,2324,2023/24,2023-12-09,12:30,Crystal Palace,Liverpool,Crystal Palace,Liverpool,1,2,A,0,0,1,0,6,4.5,1.5
E0-2324-2023-12-15-nott-m-forest-tottenham,E0,Premier League,2324,2023/24,2023-12-15,20:00,Nottingham Forest,Tottenham,Nott'm Forest,Tottenham,0,2,A,0,1,0,1,4.2,4.2,1.73
E0-2324-2023-12-16-newcastle-fulham,E0,Premier League,2324,2023/24,2023-12-16,15:00,Newcastle,Fulham,Newcastle,Fulham,3,0,H,0,0,0,1,1.8,3.8,4
E0-2324-2023-12-17-brentford-aston-villa,E0,Premier League,2324,2023/24,2023-12-17,14:00,Brentford,Aston Villa,Brentford,Aston Villa,1,2,A,1,0,1,1,3.2,3.75,2.1
E0-2324-2023-12-17-liverpool-man-united,E0,Premier League,2324,2023/24,2023-12-17,16:30,Liverpool,Manchester United,Liverpool,Man United,0,0,D,0,0,0,1,1.3,6,8
E0-2324-2023-12-23-nott-m-forest-bournemouth,E0,Premier League,2324,2023/24,2023-12-23,15:00,Nottingham Forest,Bournemouth,Nott'm Forest,Bournemouth,2,3,A,0,0,1,0,2.75,3.4,2.55
E0-2324-2023-12-30-aston-villa-burnley,E0,Premier League,2324,2023/24,2023-12-30,15:00,Aston Villa,Burnley,Aston Villa,Burnley,3,2,H,2,1,0,1,1.36,5.25,7.5
E0-2324-2024-01-21-sheffield-united-west-ham,E0,Premier League,2324,2023/24,2024-01-21,14:00,Sheffield United,West Ham,Sheffield United,West Ham,2,2,D,1,1,1,1,3.4,3.3,2.2
E0-2324-2024-02-04-bournemouth-nott-m-forest,E0,Premier League,2324,2023/24,2024-02-04,14:00,Bournemouth,Nottingham Forest,Bournemouth,Nott'm Forest,1,1,D,1,1,1,0,1.7,4.2,4.5
E0-2324-2024-02-04-arsenal-liverpool,E0,Premier League,2324,2023/24,2024-02-04,16:30,Arsenal,Liverpool,Arsenal,Liverpool,3,1,H,1,1,0,1,2.2,3.6,3.1
E0-2324-2024-02-17-nott-m-forest-west-ham,E0,Premier League,2324,2023/24,2024-02-17,15:00,Nottingham Forest,West Ham,Nott'm Forest,West Ham,2,0,H,1,0,0,1,2.38,3.5,2.9
E0-2324-2024-02-18-sheffield-united-brighton,E0,Premier League,2324,2023/24,2024-02-18,14:00,Sheffield United,Brighton,Sheffield United,Brighton,0,5,A,0,2,1,0,5,4.2,1.62
E0-2324-2024-02-24-brighton-everton,E0,Premier League,2324,2023/24,2024-02-24,15:00,Brighton,Everton,Brighton,Everton,1,1,D,0,0,1,0,1.83,3.8,4.2
E0-2324-2024-02-24-crystal-palace-burnley,E0,Premier League,2324,2023/24,2024-02-24,15:00,Crystal Palace,Burnley,Crystal Palace,Burnley,3,0,H,0,0,0,1,1.95,3.5,4
E0-2324-2024-03-10-aston-villa-tottenham,E0,Premier League,2324,2023/24,2024-03-10,13:00,Aston Villa,Tottenham,Aston Villa,Tottenham,0,4,A,0,0,1,0,2.38,4,2.6
E0-2324-2024-03-16-burnley-brentford,E0,Premier League,2324,2023/24,2024-03-16,15:00,Burnley,Brentford,Burnley,Brentford,2,1,H,1,0,0,1,3.25,3.6,2.15
E0-2324-2024-03-30-newcastle-west-ham,E0,Premier League,2324,2023/24,2024-03-30,12:30,Newcastle,West Ham,Newcastle,West Ham,4,3,H,1,2,1,0,1.83,4.2,3.8
E0-2324-2024-03-30-chelsea-burnley,E0,Premier League,2324,2023/24,2024-03-30,15:00,Chelsea,Burnley,Chelsea,Burnley,2,2,D,1,0,0,1,1.29,6,9.5
E0-2324-2024-04-06-everton-burnley,E0,Premier League,2324,2023/24,2024-04-06,15:00,Everton,Burnley,Everton,Burnley,1,0,H,1,0,0,1,1.65,4,5.25
E0-2324-2024-04-24-wolves-bournemouth,E0,Premier League,2324,2023/24,2024-04-24,19:45,Wolves,Bournemouth,Wolves,Bournemouth,0,1,A,0,1,0,1,2.7,3.6,2.5
E0-2324-2024-05-04-sheffield-united-nott-m-forest,E0,Premier League,2324,2023/24,2024-05-04,15:00,Sheffield United,Nottingham Forest,Sheffield United,Nott'm Forest,1,3,A,1,1,1,0,4.75,4.2,1.65
E0-2324-2024-05-11-fulham-man-city,E0,Premier League,2324,2023/24,2024-05-11,12:30,Fulham,Manchester City,Fulham,Man City,0,4,A,0,1,1,0,13,7,1.2
E0-2324-2024-05-11-wolves-crystal-palace,E0,Premier League,2324,2023/24,2024-05-11,15:00,Wolves,Crystal Palace,Wolves,Crystal Palace,1,3,A,0,2,0,1,2.88,3.5,2.38
E0-2324-2024-05-15-brighton-chelsea,E0,Premier League,2324,2023/24,2024-05-15,19:45,Brighton,Chelsea,Brighton,Chelsea,1,2,A,0,1,0,1,3.3,4,1.95
E0-2324-2024-05-19-liverpool-wolves,E0,Premier League,2324,2023/24,2024-05-19,16:00,Liverpool,Wolves,Liverpool,Wolves,2,0,H,2,0,0,1,1.17,8,15
SP1-2324-2023-08-11-sevilla-valencia,SP1,La Liga,2324,2023/24,2023-08-11,21:00,sevilla,valencia,Sevilla,Valencia,1,2,A,0,0,1,0,1.91,3.5,4.2
SP1-2324-2023-08-13-getafe-barcelona,SP1,La Liga,2324,2023/24,2023-08-13,20:30,getafe,barcelona,Getafe,Barcelona,0,0,D,0,0,1,1,6.5,3.8,1.57
SP1-2324-2023-08-14-cadiz-alaves,SP1,La Liga,2324,2023/24,2023-08-14,18:30,cadiz,alaves,Cadiz,Alaves,1,0,H,1,0,1,0,2.2,3,3.75
SP1-2324-2023-08-19-osasuna-ath-bilbao,SP1,La Liga,2324,2023/24,2023-08-19,20:30,osasuna,ath bilbao,Osasuna,Ath Bilbao,0,2,A,0,2,1,1,2.9,3,2.63
SP1-2324-2023-08-21-granada-vallecano,SP1,La Liga,2324,2023/24,2023-08-21,20:30,granada,vallecano,Granada,Vallecano,0,2,A,0,0,1,0,2.75,3,2.8
SP1-2324-2023-08-26-cadiz-almeria,SP1,La Liga,2324,2023/24,2023-08-26,18:00,cadiz,almeria,Cadiz,Almeria,1,1,D,0,0,1,1,2.25,3.2,3.3
SP1-2324-2023-09-01-cadiz-villarreal,SP1,La Liga,2324,2023/24,2023-09-01,18:30,cadiz,villarreal,Cadiz,Villarreal,3,1,H,2,1,0,1,3.4,3.4,2.15
SP1-2324-2023-09-03-osasuna-barcelona,SP1,La Liga,2324,2023/24,2023-09-03,20:00,osasuna,barcelona,Osasuna,Barcelona,1,2,A,0,1,1,0,5.25,4,1.65
SP1-2324-2023-09-24-vallecano-villarreal,SP1,La Liga,2324,2023/24,2023-09-24,15:15,vallecano,villarreal,Vallecano,Villarreal,1,1,D,1,1,0,1,2.5,3.5,2.63
SP1-2324-2023-09-24-las-palmas-granada,SP1,La Liga,2324,2023/24,2023-09-24,17:30,las palmas,granada,Las Palmas,Granada,1,0,H,0,0,1,0,1.95,3.5,3.6
SP1-2324-2023-09-26-mallorca-barcelona,SP1,La Liga,2324,2023/24,2023-09-26,20:30,mallorca,barcelona,Mallorca,Barcelona,2,2,D,2,1,1,0,7.5,4.2,1.5
SP1-2324-2023-09-27-ath-bilbao-getafe,SP1,La Liga,2324,2023/24,2023-09-27,18:00,ath bilbao,getafe,Ath Bilbao,Getafe,2,2,D,1,0,1,0,1.62,3.6,6.5
SP1-2324-2023-09-27-cadiz-vallecano,SP1,La Liga,2324,2023/24,2023-09-27,20:30,cadiz,vallecano,Cadiz,Vallecano,0,0,D,0,0,0,1,2.5,3.2,2.88
SP1-2324-2023-09-27-valencia-sociedad,SP1,La Liga,2324,2023/24,2023-09-27,20:30,valencia,sociedad,Valencia,Sociedad,0,1,A,0,1,1,0,2.63,3.1,2.8
SP1-2324-2023-09-28-celta-alaves,SP1,La Liga,2324,2023/24,2023-09-28,18:00,celta,alaves,Celta,Alaves,1,1,D,1,0,1,0,1.7,3.6,5.25
SP1-2324-2023-09-28-osasuna-ath-madrid,SP1,La Liga,2324,2023/24,2023-09-28,20:30,osasuna,ath madrid,Osasuna,Ath Madrid,0,2,A,0,1,1,1,3.4,3.4,2.15
SP1-2324-2023-09-30-getafe-villarreal,SP1,La Liga,2324,2023/24,2023-09-30,13:00,getafe,villarreal,Getafe,Villarreal,0,0,D,0,0,0,1,2.9,3.1,2.6
SP1-2324-2023-09-30-girona-real-madrid,SP1,La Liga,2324,2023/24,2023-09-30,17:30,girona,real madrid,Girona,Real Madrid,0,3,A,0,2,0,1,3.5,4,1.95
SP1-2324-2023-10-01-alaves-osasuna,SP1,La Liga,2324,2023/24,2023-10-01,15:15,alaves,osasuna,Alaves,Osasuna,0,2,A,0,1,1,0,2.75,3,2.8
SP1-2324-2023-10-07-cadiz-girona,SP1,La Liga,2324,2023/24,2023-10-07,13:00,cadiz,girona,Cadiz,Girona,0,1,A,0,0,1,0,3.25,3.4,2.25
SP1-2324-2023-10-08-alaves-betis,SP1,La Liga,2324,2023/24,2023-10-08,17:30,alaves,betis,Alaves,Betis,1,1,D,1,1,0,1,2.8,3.25,2.6
SP1-2324-2023-10-08-celta-getafe,SP1,La Liga,2324,2023/24,2023-10-08,17:30,celta,getafe,Celta,Getafe,2,2,D,2,2,0,1,2.05,3.1,4.2
SP1-2324-2023-10-20-osasuna-granada,SP1,La Liga,2324,2023/24,2023-10-20,20:00,osasuna,granada,Osasuna,Granada,2,0,H,1,0,0,1,1.73,3.8,4.75
SP1-2324-2023-10-21-celta-ath-madrid,SP1,La Liga,2324,2023/24,2023-10-21,20:00,celta,ath madrid,Celta,Ath Madrid,0,3,A,0,1,1,0,3.5,3.5,2.1
SP1-2324-2023-10-22-las-palmas-vallecano,SP1,La Liga,2324,2023/24,2023-10-22,13:00,las palmas,vallecano,Las Palmas,Vallecano,0,1,A,0,0,0,1,2.63,3.1,2.8
SP1-2324-2023-10-23-valencia-cadiz,SP1,La Liga,2324,2023/24,2023-10-23,20:00,valencia,cadiz,Valencia,Cadiz,2,0,H,2,0,0,1,1.75,3.6,5
SP1-2324-2023-11-04-betis-mallorca,SP1,La Liga,2324,2023/24,2023-11-04,15:15,betis,mallorca,Betis,Mallorca,2,0,H,1,0,0,1,1.91,3.3,4.5
SP1-2324-2023-11-04-celta-sevilla,SP1,La Liga,2324,2023/24,2023-11-04,17:30,celta,sevilla,Celta,Sevilla,1,1,D,1,0,1,0,2.6,3.4,2.7
SP1-2324-2023-11-06-getafe-cadiz,SP1,La Liga,2324,2023/24,2023-11-06,20:00,getafe,cadiz,Getafe,Cadiz,1,0,H,0,0,1,0,1.91,3.1,4.75
SP1-2324-2023-11-26-sociedad-sevilla,SP1,La Liga,2324,2023/24,2023-11-26,15:15,sociedad,sevilla,Sociedad,Sevilla,2,1,H,2,0,0,2,1.75,3.6,4.75
SP1-2324-2023-12-01-las-palmas-getafe,SP1,La Liga,2324,2023/24,2023-12-01,20:00,las palmas,getafe,Las Palmas,Getafe,2,0,H,1,0,0,1,2.38,2.9,3.4
SP1-2324-2023-12-03-almeria-betis,SP1,La Liga,2324,2023/24,2023-12-03,15:15,almeria,betis,Almeria,Betis,0,0,D,0,0,0,1,3.2,3.6,2.2
SP1-2324-2023-12-04-celta-cadiz,SP1,La Liga,2324,2023/24,2023-12-04,20:00,celta,cadiz,Celta,Cadiz,1,1,D,0,1,0,1,1.57,3.8,6.5
SP1-2324-2023-12-08-getafe-valencia,SP1,La Liga,2324,2023/24,2023-12-08,20:00,getafe,valencia,Getafe,Valencia,1,0,H,0,0,1,2,2.6,2.9,3.1
SP1-2324-2023-12-16-celta-granada,SP1,La Liga,2324,2023/24,2023-12-16,13:00,celta,granada,Celta,Granada,1,0,H,1,0,1,0,1.67,4,5
SP1-2324-2023-12-19-vallecano-valencia,SP1,La Liga,2324,2023/24,2023-12-19,18:00,vallecano,valencia,Vallecano,Valencia,0,1,A,0,0,0,1,2.2,3.2,3.5
SP1-2324-2023-12-19-ath-madrid-getafe,SP1,La Liga,2324,2023/24,2023-12-19,20:30,ath madrid,getafe,Ath Madrid,Getafe,3,3,D,1,0,1,0,1.45,4.33,7.5
SP1-2324-2023-12-21-alaves-real-madrid,SP1,La Liga,2324,2023/24,2023-12-21,20:30,alaves,real madrid,Alaves,Real Madrid,0,1,A,0,0,0,1,5.75,4,1.53
SP1-2324-2023-12-23-ath-madrid-sevilla,SP1,La Liga,2324,2023/24,2023-12-23,15:15,ath madrid,sevilla,Ath Madrid,Sevilla,1,0,H,0,0,1,0,1.53,4.33,5.75
SP1-2324-2024-01-02-getafe-vallecano,SP1,La Liga,2324,2023/24,2024-01-02,16:00,getafe,vallecano,Getafe,Vallecano,0,2,A,0,1,2,0,2.38,3,3.3
SP1-2324-2024-01-02-sociedad-alaves,SP1,La Liga,2324,2023/24,2024-01-02,18:15,sociedad,alaves,Sociedad,Alaves,1,1,D,0,0,1,0,1.6,3.75,6.5
SP1-2324-2024-01-03-granada-cadiz,SP1,La Liga,2324,2023/24,2024-01-03,16:00,granada,cadiz,Granada,Cadiz,2,0,H,1,0,0,1,2.25,3.1,3.5
SP1-2324-2024-01-04-las-palmas-barcelona,SP1,La Liga,2324,2023/24,2024-01-04,20:30,las palmas,barcelona,Las Palmas,Barcelona,1,2,A,1,0,1,0,5.5,4.33,1.57
SP1-2324-2024-01-14-almeria-girona,SP1,La Liga,2324,2023/24,2024-01-14,13:00,almeria,girona,Almeria,Girona,0,0,D,0,0,0,1,4.5,4,1.7
SP1-2324-2024-01-20-vallecano-las-palmas,SP1,La Liga,2324,2023/24,2024-01-20,13:00,vallecano,las palmas,Vallecano,Las Palmas,0,2,A,0,1,1,0,1.85,3.3,4.5
SP1-2324-2024-01-20-villarreal-mallorca,SP1,La Liga,2324,2023/24,2024-01-20,15:15,villarreal,mallorca,Villarreal,Mallorca,1,1,D,1,0,1,0,2.05,3.5,3.6
SP1-2324-2024-01-22-granada-ath-madrid,SP1,La Liga,2324,2023/24,2024-01-22,20:00,granada,ath madrid,Granada,Ath Madrid,0,1,A,0,0,1,0,4.75,3.8,1.7
SP1-2324-2024-01-28-sevilla-osasuna,SP1,La Liga,2324,2023/24,2024-01-28,17:30,sevilla,osasuna,Sevilla,Osasuna,1,1,D,1,0,1,0,2,3.4,3.75
SP1-2324-2024-01-31-barcelona-osasuna,SP1,La Liga,2324,2023/24,2024-01-31,18:00,barcelona,osasuna,Barcelona,Osasuna,1,0,H,0,0,0,1,1.33,5,10
SP1-2324-2024-02-03-granada-las-palmas,SP1,La Liga,2324,2023/24,2024-02-03,15:15,granada,las palmas,Granada,Las Palmas,1,1,D,1,0,1,1,2.3,3.2,3.3
SP1-2324-2024-02-03-alaves-barcelona,SP1,La Liga,2324,2023/24,2024-02-03,17:30,alaves,barcelona,Alaves,Barcelona,1,3,A,0,1,0,1,4.33,3.6,1.85
SP1-2324-2024-02-12-almeria-ath-bilbao,SP1,La Liga,2324,2023/24,2024-02-12,20:00,almeria,ath bilbao,Almeria,Ath Bilbao,0,0,D,0,0,1,0,4.33,4,1.73
SP1-2324-2024-02-18-vallecano-real-madrid,SP1,La Liga,2324,2023/24,2024-02-18,13:00,vallecano,real madrid,Vallecano,Real Madrid,1,1,D,1,1,0,1,6,3.75,1.62
SP1-2324-2024-02-18-mallorca-sociedad,SP1,La Liga,2324,2023/24,2024-02-18,17:30,mallorca,sociedad,Mallorca,Sociedad,1,2,A,1,1,1,0,3.4,2.8,2.5
SP1-2324-2024-02-25-betis-ath-bilbao,SP1,La Liga,2324,2023/24,2024-02-25,15:15,betis,ath bilbao,Betis,Ath Bilbao,3,1,H,2,1,0,1,3.6,3.1,2.2
SP1-2324-2024-02-26-girona-vallecano,SP1,La Liga,2324,2023/24,2024-02-26,20:00,girona,vallecano,Girona,Vallecano,3,0,H,0,0,0,1,1.65,4.2,4.75
SP1-2324-2024-03-01-celta-almeria,SP1,La Liga,2324,2023/24,2024-03-01,20:00,celta,almeria,Celta,Almeria,1,0,H,0,0,0,1,1.85,3.6,4.2
SP1-2324-2024-03-02-valencia-real-madrid,SP1,La Liga,2324,2023/24,2024-03-02,20:00,valencia,real madrid,Valencia,Real Madrid,2,2,D,2,1,0,1,5.25,3.8,1.67
SP1-2324-2024-03-10-betis-villarreal,SP1,La Liga,2324,2023/24,2024-03-10,20:00,betis,villarreal,Betis,Villarreal,2,3,A,2,1,1,1,2.05,3.5,3.4
SP1-2324-2024-03-17-ath-madrid-barcelona,SP1,La Liga,2324,2023/24,2024-03-17,20:00,ath madrid,barcelona,Ath Madrid,Barcelona,0,3,A,0,1,1,0,2.38,3.6,2.8
SP1-2324-2024-03-30-barcelona-las-palmas,SP1,La Liga,2324,2023/24,2024-03-30,20:00,barcelona,las palmas,Barcelona,Las Palmas,1,0,H,0,0,0,1,1.25,6.5,10
SP1-2324-2024-04-14-las-palmas-sevilla,SP1,La Liga,2324,2023/24,2024-04-14,13:00,las palmas,sevilla,Las Palmas,Sevilla,0,2,A,0,1,1,0,2.7,3.2,2.7
SP1-2324-2024-04-14-ath-bilbao-villarreal,SP1,La Liga,2324,2023/24,2024-04-14,17:30,ath bilbao,villarreal,Ath Bilbao,Villarreal,1,1,D,0,0,0,1,1.75,4,4.33
SP1-2324-2024-04-14-sociedad-almeria,SP1,La Liga,2324,2023/24,2024-04-14,20:00,sociedad,almeria,Sociedad,Almeria,2,2,D,1,1,1,0,1.33,5,10
SP1-2324-2024-04-21-almeria-villarreal,SP1,La Liga,2324,2023/24,2024-04-21,15:15,almeria,villarreal,Almeria,Villarreal,1,2,A,1,1,1,0,3.4,3.8,2.05
SP1-2324-2024-04-27-almeria-getafe,SP1,La Liga,2324,2023/24,2024-04-27,15:15,almeria,getafe,Almeria,Getafe,1,3,A,1,1,1,0,2.7,3.4,2.63
SP1-2324-2024-04-29-barcelona-valencia,SP1,La Liga,2324,2023/24,2024-04-29,20:00,barcelona,valencia,Barcelona,Valencia,4,2,H,1,2,0,1,1.36,5,7.5
SP1-2324-2024-05-03-getafe-ath-bilbao,SP1,La Liga,2324,2023/24,2024-05-03,20:00,getafe,ath bilbao,Getafe,Ath Bilbao,0,2,A,0,1,0,2,4,3.2,2.05
SP1-2324-2024-05-05-osasuna-betis,SP1,La Liga,2324,2023/24,2024-05-05,13:00,osasuna,betis,Osasuna,Betis,0,2,A,0,2,1,0,3.2,3.25,2.38
SP1-2324-2024-05-05-celta-villarreal,SP1,La Liga,2324,2023/24,2024-05-05,15:15,celta,villarreal,Celta,Villarreal,3,2,H,2,1,0,1,2.3,3.6,2.88
SP1-2324-2024-05-14-girona-villarreal,SP1,La Liga,2324,2023/24,2024-05-14,21:00,girona,villarreal,Girona,Villarreal,0,1,A,0,0,0,1,1.7,4.5,4.2
SP1-2324-2024-05-15-vallecano-granada,SP1,La Liga,2324,2023/24,2024-05-15,18:30,vallecano,granada,Vallecano,Granada,2,1,H,1,0,1,0,1.65,3.8,5.5
SP1-2324-2024-05-18-alaves-getafe,SP1,La Liga,2324,2023/24,2024-05-18,20:00,alaves,getafe,Alaves,Getafe,1,0,H,1,0,0,1,2,3.2,4.1
SP1-2324-2024-05-19-cadiz-las-palmas,SP1,La Liga,2324,2023/24,2024-05-19,18:00,cadiz,las palmas,Cadiz,Las Palmas,0,0,D,0,0,1,0,1.8,3.5,4.75
SP1-2324-2024-05-24-girona-granada,SP1,La Liga,2324,2023/24,2024-05-24,20:00,girona,granada,Girona,Granada,7,0,H,3,0,0,1,1.22,6.5,12
SP1-2324-2024-05-25-sociedad-ath-madrid,SP1,La Liga,2324,2023/24,2024-05-25,15:15,sociedad,ath madrid,Sociedad,Ath Madrid,0,2,A,0,1,0,1,2.4,3.3,3
D1-2324-2023-08-26-darmstadt-union-berlin,D1,Bundesliga,2324,2023/24,2023-08-26,14:30,darmstadt,union berlin,Darmstadt,Union Berlin,1,4,A,1,3,0,1,4,3.3,1.95
D1-2324-2023-08-27-mainz-ein-frankfurt,D1,Bundesliga,2324,2023/24,2023-08-27,14:30,mainz,ein frankfurt,Mainz,Ein Frankfurt,1,1,D,1,0,0,1,2.38,3.5,2.88
D1-2324-2023-09-03-union-berlin-rb-leipzig,D1,Bundesliga,2324,2023/24,2023-09-03,16:30,union berlin,rb leipzig,Union Berlin,RB Leipzig,0,3,A,0,0,1,0,3.4,3.25,2.2
D1-2324-2023-09-16-koln-hoffenheim,D1,Bundesliga,2324,2023/24,2023-09-16,14:30,koln,hoffenheim,FC Koln,Hoffenheim,1,3,A,0,2,1,0,2.25,3.6,3.1
D1-2324-2023-09-16-freiburg-dortmund,D1,Bundesliga,2324,2023/24,2023-09-16,14:30,freiburg,dortmund,Freiburg,Dortmund,2,4,A,2,1,1,0,3.1,3.8,2.1
D1-2324-2023-09-17-darmstadt-m-gladbach,D1,Bundesliga,2324,2023/24,2023-09-17,16:30,darmstadt,m gladbach,Darmstadt,M'gladbach,3,3,D,3,0,1,0,2.9,3.5,2.38
D1-2324-2023-09-23-augsburg-mainz,D1,Bundesliga,2324,2023/24,2023-09-23,14:30,augsburg,mainz,Augsburg,Mainz,2,1,H,2,1,1,0,2.55,3.5,2.63
D1-2324-2023-09-29-hoffenheim-dortmund,D1,Bundesliga,2324,2023/24,2023-09-29,19:30,hoffenheim,dortmund,Hoffenheim,Dortmund,1,3,A,1,2,0,1,3.1,4,2.05
D1-2324-2023-09-30-wolfsburg-ein-frankfurt,D1,Bundesliga,2324,2023/24,2023-09-30,14:30,wolfsburg,ein frankfurt,Wolfsburg,Ein Frankfurt,2,0,H,1,0,0,1,2.05,3.5,3.5
D1-2324-2023-10-22-koln-m-gladbach,D1,Bundesliga,2324,2023/24,2023-10-22,14:30,koln,m gladbach,FC Koln,M'gladbach,3,1,H,1,0,0,1,2.4,3.6,2.88
D1-2324-2023-10-28-augsburg-wolfsburg,D1,Bundesliga,2324,2023/24,2023-10-28,14:30,augsburg,wolfsburg,Augsburg,Wolfsburg,3,2,H,1,2,1,0,2.9,3.5,2.38
D1-2324-2023-10-28-bayern-munich-darmstadt,D1,Bundesliga,2324,2023/24,2023-10-28,14:30,bayern munich,darmstadt,Bayern Munich,Darmstadt,8,0,H,0,0,1,2,1.06,12,26
D1-2324-2023-10-28-werder-bremen-union-berlin,D1,Bundesliga,2324,2023/24,2023-10-28,14:30,werder bremen,union berlin,Werder Bremen,Union Berlin,2,0,H,1,0,0,1,2.7,3.3,2.6
D1-2324-2023-10-28-rb-leipzig-koln,D1,Bundesliga,2324,2023/24,2023-10-28,17:30,rb leipzig,koln,RB Leipzig,FC Koln,6,0,H,4,0,0,1,1.44,4.75,7
D1-2324-2023-11-03-darmstadt-bochum,D1,Bundesliga,2324,2023/24,2023-11-03,19:30,darmstadt,bochum,Darmstadt,Bochum,1,2,A,1,1,1,0,2.3,3.75,2.88
D1-2324-2023-11-05-wolfsburg-werder-bremen,D1,Bundesliga,2324,2023/24,2023-11-05,14:30,wolfsburg,werder bremen,Wolfsburg,Werder Bremen,2,2,D,1,1,1,0,1.7,4.33,4.33
D1-2324-2023-12-09-dortmund-rb-leipzig,D1,Bundesliga,2324,2023/24,2023-12-09,17:30,dortmund,rb leipzig,Dortmund,RB Leipzig,2,3,A,1,1,1,0,2.6,3.6,2.55
D1-2324-2023-12-16-darmstadt-wolfsburg,D1,Bundesliga,2324,2023/24,2023-12-16,14:30,darmstadt,wolfsburg,Darmstadt,Wolfsburg,0,1,A,0,0,0,1,3.1,3.6,2.2
D1-2324-2023-12-17-freiburg-koln,D1,Bundesliga,2324,2023/24,2023-12-17,14:30,freiburg,koln,Freiburg,FC Koln,2,0,H,0,0,0,1,1.8,3.8,4.2
D1-2324-2023-12-20-ein-frankfurt-m-gladbach,D1,Bundesliga,2324,2023/24,2023-12-20,19:30,ein frankfurt,m gladbach,Ein Frankfurt,M'gladbach,2,1,H,0,1,0,1,1.83,4,3.8
D1-2324-2024-01-12-bayern-munich-hoffenheim,D1,Bundesliga,2324,2023/24,2024-01-12,19:30,bayern munich,hoffenheim,Bayern Munich,Hoffenheim,3,0,H,1,0,0,1,1.14,9,12
D1-2324-2024-01-20-freiburg-hoffenheim,D1,Bundesliga,2324,2023/24,2024-01-20,14:30,freiburg,hoffenheim,Freiburg,Hoffenheim,3,2,H,1,0,1,0,2,3.8,3.4
D1-2324-2024-02-03-freiburg-stuttgart,D1,Bundesliga,2324,2023/24,2024-02-03,14:30,freiburg,stuttgart,Freiburg,Stuttgart,1,3,A,1,2,1,0,3.1,3.6,2.2
D1-2324-2024-02-03-koln-ein-frankfurt,D1,Bundesliga,2324,2023/24,2024-02-03,17:30,koln,ein frankfurt,FC Koln,Ein Frankfurt,2,0,H,0,0,0,2,3.25,3.4,2.2
D1-2324-2024-02-04-rb-leipzig-union-berlin,D1,Bundesliga,2324,2023/24,2024-02-04,16:30,rb leipzig,union berlin,RB Leipzig,Union Berlin,2,0,H,1,0,0,1,1.4,5,7.5
D1-2324-2024-02-17-darmstadt-stuttgart,D1,Bundesliga,2324,2023/24,2024-02-17,14:30,darmstadt,stuttgart,Darmstadt,Stuttgart,1,2,A,0,1,0,1,6.5,4.75,1.44
D1-2324-2024-02-17-hoffenheim-union-berlin,D1,Bundesliga,2324,2023/24,2024-02-17,14:30,hoffenheim,union berlin,Hoffenheim,Union Berlin,0,1,A,0,0,1,1,2,3.6,3.6
D1-2324-2024-02-17-mainz-augsburg,D1,Bundesliga,2324,2023/24,2024-02-17,14:30,mainz,augsburg,Mainz,Augsburg,1,0,H,1,0,0,1,2,3.5,3.8
D1-2324-2024-02-18-bochum-bayern-munich,D1,Bundesliga,2324,2023/24,2024-02-18,16:30,bochum,bayern munich,Bochum,Bayern Munich,3,2,H,2,1,0,1,8,5.75,1.33
D1-2324-2024-02-23-leverkusen-mainz,D1,Bundesliga,2324,2023/24,2024-02-23,19:30,leverkusen,mainz,Leverkusen,Mainz,2,1,H,1,1,0,1,1.22,6.5,13
D1-2324-2024-03-02-bochum-rb-leipzig,D1,Bundesliga,2324,2023/24,2024-03-02,14:30,bochum,rb leipzig,Bochum,RB Leipzig,1,4,A,1,1,1,0,5,4.2,1.62
D1-2324-2024-03-02-mainz-m-gladbach,D1,Bundesliga,2324,2023/24,2024-03-02,14:30,mainz,m gladbach,Mainz,M'gladbach,1,1,D,1,0,1,0,1.91,3.75,3.75
D1-2324-2024-03-03-koln-leverkusen,D1,Bundesliga,2324,2023/24,2024-03-03,14:30,koln,leverkusen,FC Koln,Leverkusen,0,2,A,0,1,1,0,9,4.75,1.36
D1-2324-2024-03-03-hoffenheim-werder-bremen,D1,Bundesliga,2324,2023/24,2024-03-03,16:30,hoffenheim,werder bremen,Hoffenheim,Werder Bremen,2,1,H,2,0,1,0,1.91,4,3.6
D1-2324-2024-03-08-stuttgart-union-berlin,D1,Bundesliga,2324,2023/24,2024-03-08,19:30,stuttgart,union berlin,Stuttgart,Union Berlin,2,0,H,1,0,0,1,1.45,4.5,7
D1-2324-2024-03-09-werder-bremen-dortmund,D1,Bundesliga,2324,2023/24,2024-03-09,17:30,werder bremen,dortmund,Werder Bremen,Dortmund,1,2,A,0,2,0,1,3.5,4.33,1.85
D1-2324-2024-03-10-ein-frankfurt-hoffenheim,D1,Bundesliga,2324,2023/24,2024-03-10,16:30,ein frankfurt,hoffenheim,Ein Frankfurt,Hoffenheim,3,1,H,1,1,0,2,2,4,3.3
D1-2324-2024-03-10-leverkusen-wolfsburg,D1,Bundesliga,2324,2023/24,2024-03-10,18:30,leverkusen,wolfsburg,Leverkusen,Wolfsburg,2,0,H,1,0,0,1,1.33,5.75,8.5
D1-2324-2024-03-16-wolfsburg-augsburg,D1,Bundesliga,2324,2023/24,2024-03-16,14:30,wolfsburg,augsburg,Wolfsburg,Augsburg,1,3,A,1,1,1,0,2.05,3.5,3.5
D1-2324-2024-03-30-werder-bremen-wolfsburg,D1,Bundesliga,2324,2023/24,2024-03-30,14:30,werder bremen,wolfsburg,Werder Bremen,Wolfsburg,0,2,A,0,1,1,1,2.88,3.5,2.4
D1-2324-2024-03-31-stuttgart-heidenheim,D1,Bundesliga,2324,2023/24,2024-03-31,16:30,stuttgart,heidenheim,Stuttgart,Heidenheim,3,3,D,1,0,0,1,1.25,6,10
D1-2324-2024-04-05-ein-frankfurt-werder-bremen,D1,Bundesliga,2324,2023/24,2024-04-05,19:30,ein frankfurt,werder bremen,Ein Frankfurt,Werder Bremen,1,1,D,0,0,1,1,1.75,3.8,4.5
D1-2324-2024-04-06-union-berlin-leverkusen,D1,Bundesliga,2324,2023/24,2024-04-06,14:30,union berlin,leverkusen,Union Berlin,Leverkusen,0,1,A,0,1,1,0,5.75,4.33,1.55
D1-2324-2024-04-13-m-gladbach-dortmund,D1,Bundesliga,2324,2023/24,2024-04-13,14:30,m gladbach,dortmund,M'gladbach,Dortmund,1,2,A,1,2,0,1,3.25,4,2
D1-2324-2024-04-27-freiburg-wolfsburg,D1,Bundesliga,2324,2023/24,2024-04-27,14:30,freiburg,wolfsburg,Freiburg,Wolfsburg,1,2,A,1,0,1,0,2.3,3.6,2.88
D1-2324-2024-04-28-mainz-koln,D1,Bundesliga,2324,2023/24,2024-04-28,16:30,mainz,koln,Mainz,FC Koln,1,1,D,1,0,1,0,1.55,4.33,6
D1-2324-2024-05-03-hoffenheim-rb-leipzig,D1,Bundesliga,2324,2023/24,2024-05-03,19:30,hoffenheim,rb leipzig,Hoffenheim,RB Leipzig,1,1,D,0,1,0,1,5.25,5,1.5
D1-2324-2024-05-12-bochum-leverkusen,D1,Bundesliga,2324,2023/24,2024-05-12,18:30,bochum,leverkusen,Bochum,Leverkusen,0,5,A,0,2,1,0,4.2,4.33,1.7
I1-2324-2023-08-26-verona-roma,I1,Serie A,2324,2023/24,2023-08-26,19:45,verona,roma,Verona,Roma,2,1,H,2,0,1,0,4.33,3.5,1.83
I1-2324-2023-08-27-napoli-sassuolo,I1,Serie A,2324,2023/24,2023-08-27,19:45,napoli,sassuolo,Napoli,Sassuolo,2,0,H,1,0,0,1,1.33,5.5,8.5
I1-2324-2023-09-01-roma-milan,I1,Serie A,2324,2023/24,2023-09-01,19:45,roma,milan,Roma,Milan,1,2,A,0,1,0,1,2.8,3.1,2.63
I1-2324-2023-09-17-cagliari-udinese,I1,Serie A,2324,2023/24,2023-09-17,11:30,cagliari,udinese,Cagliari,Udinese,0,0,D,0,0,1,0,2.88,3.3,2.5
I1-2324-2023-09-17-monza-lecce,I1,Serie A,2324,2023/24,2023-09-17,14:00,monza,lecce,Monza,Lecce,1,1,D,1,1,1,1,2.1,3.4,3.5
I1-2324-2023-09-22-lecce-genoa,I1,Serie A,2324,2023/24,2023-09-22,19:45,lecce,genoa,Lecce,Genoa,1,0,H,0,0,0,1,2.45,3.2,3.1
I1-2324-2023-09-26-juventus-lecce,I1,Serie A,2324,2023/24,2023-09-26,19:45,juventus,lecce,Juventus,Lecce,1,0,H,0,0,0,1,1.5,4.2,7
I1-2324-2023-09-28-monza-bologna,I1,Serie A,2324,2023/24,2023-09-28,17:30,monza,bologna,Monza,Bologna,0,0,D,0,0,0,1,2.38,3.3,3
I1-2324-2023-10-01-udinese-genoa,I1,Serie A,2324,2023/24,2023-10-01,14:00,udinese,genoa,Udinese,Genoa,2,2,D,1,2,1,0,2.38,3.1,3.2
I1-2324-2023-10-07-genoa-milan,I1,Serie A,2324,2023/24,2023-10-07,19:45,genoa,milan,Genoa,Milan,0,1,A,0,0,1,1,4.2,3.5,1.91
I1-2324-2023-10-22-roma-monza,I1,Serie A,2324,2023/24,2023-10-22,11:30,roma,monza,Roma,Monza,1,0,H,0,0,0,1,1.7,3.6,5.25
I1-2324-2023-10-22-bologna-frosinone,I1,Serie A,2324,2023/24,2023-10-22,14:00,bologna,frosinone,Bologna,Frosinone,2,1,H,2,0,0,1,1.73,3.75,5
I1-2324-2023-10-22-milan-juventus,I1,Serie A,2324,2023/24,2023-10-22,19:45,milan,juventus,Milan,Juventus,0,1,A,0,0,1,0,2.25,3.4,3.2
I1-2324-2023-10-29-napoli-milan,I1,Serie A,2324,2023/24,2023-10-29,19:45,napoli,milan,Napoli,Milan,2,2,D,0,2,1,0,2.2,3.4,3.3
I1-2324-2023-11-04-atalanta-inter,I1,Serie A,2324,2023/24,2023-11-04,17:00,atalanta,inter,Atalanta,Inter,1,2,A,0,1,1,0,3.3,3.5,2.15
I1-2324-2023-11-11-lecce-milan,I1,Serie A,2324,2023/24,2023-11-11,14:00,lecce,milan,Lecce,Milan,2,2,D,0,2,0,1,5,3.6,1.75
I1-2324-2023-12-02-lazio-cagliari,I1,Serie A,2324,2023/24,2023-12-02,17:00,lazio,cagliari,Lazio,Cagliari,1,0,H,1,0,0,1,1.62,4,5.25
I1-2324-2023-12-03-sassuolo-roma,I1,Serie A,2324,2023/24,2023-12-03,17:00,sassuolo,roma,Sassuolo,Roma,1,2,A,1,0,1,0,3.8,3.75,1.91
I1-2324-2023-12-09-verona-lazio,I1,Serie A,2324,2023/24,2023-12-09,14:00,verona,lazio,Verona,Lazio,1,1,D,0,1,1,0,4.2,3.4,1.95
I1-2324-2023-12-09-atalanta-milan,I1,Serie A,2324,2023/24,2023-12-09,17:00,atalanta,milan,Atalanta,Milan,3,2,H,1,1,0,1,2.5,3.2,3
I1-2324-2023-12-10-roma-fiorentina,I1,Serie A,2324,2023/24,2023-12-10,19:45,roma,fiorentina,Roma,Fiorentina,1,1,D,1,0,2,1,2.1,3.3,3.5
I1-2324-2023-12-11-cagliari-sassuolo,I1,Serie A,2324,2023/24,2023-12-11,19:45,cagliari,sassuolo,Cagliari,Sassuolo,2,1,H,0,1,0,1,2.3,3.5,3
I1-2324-2023-12-17-udinese-sassuolo,I1,Serie A,2324,2023/24,2023-12-17,14:00,udinese,sassuolo,Udinese,Sassuolo,2,2,D,1,0,1,0,2.25,3.5,3.1
I1-2324-2023-12-17-lazio-inter,I1,Serie A,2324,2023/24,2023-12-17,19:45,lazio,inter,Lazio,Inter,0,2,A,0,1,1,0,4.75,3.8,1.73
I1-2324-2023-12-22-salernitana-milan,I1,Serie A,2324,2023/24,2023-12-22,19:45,salernitana,milan,Salernitana,Milan,2,2,D,1,1,1,0,8,4.5,1.44
I1-2324-2023-12-23-inter-lecce,I1,Serie A,2324,2023/24,2023-12-23,17:00,inter,lecce,Inter,Lecce,2,0,H,1,0,0,1,1.22,7,11
I1-2324-2023-12-23-verona-cagliari,I1,Serie A,2324,2023/24,2023-12-23,17:00,verona,cagliari,Verona,Cagliari,2,0,H,0,0,0,1,2.38,3.25,3.1
I1-2324-2023-12-23-roma-napoli,I1,Serie A,2324,2023/24,2023-12-23,19:45,roma,napoli,Roma,Napoli,2,0,H,0,0,0,2,3,3.1,2.5
I1-2324-2024-01-06-inter-verona,I1,Serie A,2324,2023/24,2024-01-06,11:30,inter,verona,Inter,Verona,2,1,H,1,0,0,1,1.17,8,13
I1-2324-2024-01-07-torino-napoli,I1,Serie A,2324,2023/24,2024-01-07,14:00,torino,napoli,Torino,Napoli,3,0,H,1,0,0,1,2.9,3.2,2.5
I1-2324-2024-01-07-salernitana-juventus,I1,Serie A,2324,2023/24,2024-01-07,17:00,salernitana,juventus,Salernitana,Juventus,1,2,A,1,0,1,0,7.5,4.5,1.4
I1-2324-2024-01-13-verona-empoli,I1,Serie A,2324,2023/24,2024-01-13,17:00,verona,empoli,Verona,Empoli,2,1,H,1,0,1,0,2.15,3.25,3.5
I1-2324-2024-01-27-juventus-empoli,I1,Serie A,2324,2023/24,2024-01-27,17:00,juventus,empoli,Juventus,Empoli,1,1,D,0,0,1,0,1.29,5.5,10
I1-2324-2024-02-03-empoli-genoa,I1,Serie A,2324,2023/24,2024-02-03,14:00,empoli,genoa,Empoli,Genoa,0,0,D,0,0,0,1,3,3,2.6
I1-2324-2024-02-16-torino-lecce,I1,Serie A,2324,2023/24,2024-02-16,18:00,torino,lecce,Torino,Lecce,2,0,H,0,0,0,1,1.8,3.4,4.75
I1-2324-2024-02-18-monza-milan,I1,Serie A,2324,2023/24,2024-02-18,19:45,monza,milan,Monza,Milan,4,2,H,2,0,0,1,4.75,3.5,1.8
I1-2324-2024-02-22-torino-lazio,I1,Serie A,2324,2023/24,2024-02-22,19:45,torino,lazio,Torino,Lazio,0,2,A,0,0,0,1,2.4,2.9,3.25
I1-2324-2024-02-24-genoa-udinese,I1,Serie A,2324,2023/24,2024-02-24,19:45,genoa,udinese,Genoa,Udinese,2,0,H,2,0,0,1,2.25,3,3.6
I1-2324-2024-03-01-lazio-milan,I1,Serie A,2324,2023/24,2024-03-01,19:45,lazio,milan,Lazio,Milan,0,1,A,0,0,3,0,3.5,3.2,2.2
I1-2324-2024-03-02-udinese-salernitana,I1,Serie A,2324,2023/24,2024-03-02,14:00,udinese,salernitana,Udinese,Salernitana,1,1,D,1,1,1,0,1.65,3.8,5.75
I1-2324-2024-03-02-torino-fiorentina,I1,Serie A,2324,2023/24,2024-03-02,19:45,torino,fiorentina,Torino,Fiorentina,0,0,D,0,0,1,0,2.63,3,2.9
I1-2324-2024-03-10-lecce-verona,I1,Serie A,2324,2023/24,2024-03-10,11:30,lecce,verona,Lecce,Verona,0,1,A,0,1,0,1,2.2,3.25,3.4
I1-2324-2024-03-11-lazio-udinese,I1,Serie A,2324,2023/24,2024-03-11,19:45,lazio,udinese,Lazio,Udinese,1,2,A,0,0,0,1,1.91,3.5,4
I1-2324-2024-03-17-juventus-genoa,I1,Serie A,2324,2023/24,2024-03-17,11:30,juventus,genoa,Juventus,Genoa,0,0,D,0,0,1,0,1.5,4,7
I1-2324-2024-03-30-torino-monza,I1,Serie A,2324,2023/24,2024-03-30,14:00,torino,monza,Torino,Monza,1,0,H,0,0,0,1,1.83,3.4,4.75
I1-2324-2024-04-06-milan-lecce,I1,Serie A,2324,2023/24,2024-04-06,14:00,milan,lecce,Milan,Lecce,3,0,H,2,0,0,1,1.36,4.75,8.5
I1-2324-2024-04-13-torino-juventus,I1,Serie A,2324,2023/24,2024-04-13,17:00,torino,juventus,Torino,Juventus,0,0,D,0,0,1,0,3.75,3,2.2
I1-2324-2024-04-14-napoli-frosinone,I1,Serie A,2324,2023/24,2024-04-14,11:30,napoli,frosinone,Napoli,Frosinone,2,2,D,1,0,1,0,1.33,5.5,8
I1-2324-2024-04-22-milan-inter,I1,Serie A,2324,2023/24,2024-04-22,19:45,milan,inter,Milan,Inter,1,2,A,0,1,2,1,3.75,3.6,2
I1-2324-2024-04-28-inter-torino,I1,Serie A,2324,2023/24,2024-04-28,11:30,inter,torino,Inter,Torino,2,0,H,0,0,0,1,1.53,3.8,7
I1-2324-2024-04-28-bologna-udinese,I1,Serie A,2324,2023/24,2024-04-28,14:00,bologna,udinese,Bologna,Udinese,1,1,D,0,1,1,0,1.6,3.8,6
I1-2324-2024-05-05-cagliari-lecce,I1,Serie A,2324,2023/24,2024-05-05,11:30,cagliari,lecce,Cagliari,Lecce,1,1,D,1,0,1,0,2.15,3.2,3.75
I1-2324-2024-05-12-verona-torino,I1,Serie A,2324,2023/24,2024-05-12,14:00,verona,torino,Verona,Torino,1,2,A,0,0,1,0,3,3,2.55
I1-2324-2024-05-19-sassuolo-cagliari,I1,Serie A,2324,2023/24,2024-05-19,11:30,sassuolo,cagliari,Sassuolo,Cagliari,0,2,A,0,0,1,0,2.35,3.3,3.1
I1-2324-2024-05-19-udinese-empoli,I1,Serie A,2324,2023/24,2024-05-19,14:00,udinese,empoli,Udinese,Empoli,1,1,D,0,0,0,1,2,3.4,3.8
I1-2324-2024-05-19-roma-genoa,I1,Serie A,2324,2023/24,2024-05-19,19:45,roma,genoa,Roma,Genoa,1,0,H,0,0,1,0,1.48,4.2,7
I1-2324-2024-05-25-juventus-monza,I1,Serie A,2324,2023/24,2024-05-25,17:00,juventus,monza,Juventus,Monza,2,0,H,2,0,0,1,1.33,5.5,8.5
F1-2324-2023-08-13-brest-lens,F1,Ligue 1,2324,2023/24,2023-08-13,12:00,brest,lens,Brest,Lens,3,2,H,1,2,0,1,4,3.5,1.91
F1-2324-2023-08-18-metz-marseille,F1,Ligue 1,2324,2023/24,2023-08-18,20:00,metz,marseille,Metz,Marseille,2,2,D,0,1,1,0,5,4,1.67
F1-2324-2023-08-19-lyon-montpellier,F1,Ligue 1,2324,2023/24,2023-08-19,18:00,lyon,montpellier,Lyon,Montpellier,1,4,A,0,2,1,0,1.7,4.2,4.33
F1-2324-2023-08-20-lille-nantes,F1,Ligue 1,2324,2023/24,2023-08-20,12:00,lille,nantes,Lille,Nantes,2,0,H,0,0,1,0,1.4,5,7
F1-2324-2023-08-27-rennes-le-havre,F1,Ligue 1,2324,2023/24,2023-08-27,12:00,rennes,le havre,Rennes,Le Havre,2,2,D,2,1,0,1,1.4,4.5,7.5
F1-2324-2023-09-01-nantes-marseille,F1,Ligue 1,2324,2023/24,2023-09-01,20:00,nantes,marseille,Nantes,Marseille,1,1,D,1,1,1,0,5,3.8,1.7
F1-2324-2023-10-01-rennes-nantes,F1,Ligue 1,2324,2023/24,2023-10-01,19:45,rennes,nantes,Rennes,Nantes,3,1,H,1,1,0,1,1.53,4.5,5.75
F1-2324-2023-10-08-marseille-le-havre,F1,Ligue 1,2324,2023/24,2023-10-08,12:00,marseille,le havre,Marseille,Le Havre,3,0,H,2,0,0,1,1.45,4.75,6
F1-2324-2023-10-21-nice-marseille,F1,Ligue 1,2324,2023/24,2023-10-21,20:00,nice,marseille,Nice,Marseille,1,0,H,0,0,0,1,2.4,3.3,3
F1-2324-2023-11-05-strasbourg-clermont,F1,Ligue 1,2324,2023/24,2023-11-05,14:00,strasbourg,clermont,Strasbourg,Clermont,0,0,D,0,0,1,0,2.38,3.2,3.1
F1-2324-2023-11-05-monaco-brest,F1,Ligue 1,2324,2023/24,2023-11-05,16:05,monaco,brest,Monaco,Brest,2,0,H,1,0,0,1,1.7,4,4.75
F1-2324-2023-11-05-nice-rennes,F1,Ligue 1,2324,2023/24,2023-11-05,19:45,nice,rennes,Nice,Rennes,2,0,H,1,0,1,1,2.05,3.4,3.6
F1-2324-2023-11-12-rennes-lyon,F1,Ligue 1,2324,2023/24,2023-11-12,16:05,rennes,lyon,Rennes,Lyon,0,1,A,0,0,1,0,1.73,4.2,4.33
F1-2324-2023-11-25-clermont-lens,F1,Ligue 1,2324,2023/24,2023-11-25,16:00,clermont,lens,Clermont,Lens,0,3,A,0,1,1,1,3.75,3.5,2
F1-2324-2023-11-26-nantes-le-havre,F1,Ligue 1,2324,2023/24,2023-11-26,14:00,nantes,le havre,Nantes,Le Havre,0,0,D,0,0,0,1,2.1,3.5,3.6
F1-2324-2023-12-02-lens-lyon,F1,Ligue 1,2324,2023/24,2023-12-02,16:00,lens,lyon,Lens,Lyon,3,2,H,1,1,1,0,1.7,4,4.75
F1-2324-2023-12-03-le-havre-paris-sg,F1,Ligue 1,2324,2023/24,2023-12-03,12:00,le havre,paris sg,Le Havre,Paris SG,0,2,A,0,1,0,1,11,5.25,1.3
F1-2324-2023-12-03-monaco-montpellier,F1,Ligue 1,2324,2023/24,2023-12-03,14:00,monaco,montpellier,Monaco,Montpellier,2,0,H,1,0,0,1,1.62,4.2,5
F1-2324-2023-12-03-marseille-rennes,F1,Ligue 1,2324,2023/24,2023-12-03,19:45,marseille,rennes,Marseille,Rennes,2,0,H,1,0,1,1,1.91,3.8,3.8
F1-2324-2023-12-09-rennes-monaco,F1,Ligue 1,2324,2023/24,2023-12-09,16:00,rennes,monaco,Rennes,Monaco,1,2,A,0,0,0,1,2.55,3.5,2.7
F1-2324-2023-12-10-lorient-marseille,F1,Ligue 1,2324,2023/24,2023-12-10,19:45,lorient,marseille,Lorient,Marseille,2,4,A,1,4,0,1,4.75,3.6,1.8
F1-2324-2023-12-16-le-havre-nice,F1,Ligue 1,2324,2023/24,2023-12-16,16:00,le havre,nice,Le Havre,Nice,3,1,H,2,0,1,1,4.5,3.3,1.91
F1-2324-2023-12-20-clermont-rennes,F1,Ligue 1,2324,2023/24,2023-12-20,20:00,clermont,rennes,Clermont,Rennes,1,3,A,1,0,1,0,3.3,3.4,2.2
F1-2324-2023-12-20-lyon-nantes,F1,Ligue 1,2324,2023/24,2023-12-20,20:00,lyon,nantes,Lyon,Nantes,1,0,H,0,0,1,0,1.67,4.33,4.5
F1-2324-2023-12-20-reims-le-havre,F1,Ligue 1,2324,2023/24,2023-12-20,20:00,reims,le havre,Reims,Le Havre,1,0,H,1,0,0,1,1.7,4,4.75
F1-2324-2023-12-20-toulouse-monaco,F1,Ligue 1,2324,2023/24,2023-12-20,20:00,toulouse,monaco,Toulouse,Monaco,1,2,A,1,2,0,1,4.33,3.75,1.8
F1-2324-2024-01-14-metz-toulouse,F1,Ligue 1,2324,2023/24,2024-01-14,14:00,metz,toulouse,Metz,Toulouse,0,1,A,0,1,1,0,2.9,3.2,2.45
F1-2324-2024-01-14-nantes-clermont,F1,Ligue 1,2324,2023/24,2024-01-14,14:00,nantes,clermont,Nantes,Clermont,1,2,A,0,1,1,0,1.95,3.5,3.8
F1-2324-2024-01-14-le-havre-lyon,F1,Ligue 1,2324,2023/24,2024-01-14,16:05,le havre,lyon,Le Havre,Lyon,3,1,H,1,0,0,2,3.25,3.25,2.25
F1-2324-2024-01-14-lens-paris-sg,F1,Ligue 1,2324,2023/24,2024-01-14,19:45,lens,paris sg,Lens,Paris SG,0,2,A,0,1,1,0,3.6,4,1.85
F1-2324-2024-01-27-marseille-monaco,F1,Ligue 1,2324,2023/24,2024-01-27,20:00,marseille,monaco,Marseille,Monaco,2,2,D,1,2,0,2,2.4,3.6,2.75
F1-2324-2024-01-28-montpellier-lille,F1,Ligue 1,2324,2023/24,2024-01-28,12:00,montpellier,lille,Montpellier,Lille,0,0,D,0,0,0,1,3.6,3.6,2
F1-2324-2024-01-28-paris-sg-brest,F1,Ligue 1,2324,2023/24,2024-01-28,19:45,paris sg,brest,Paris SG,Brest,2,2,D,2,0,1,0,1.36,5.5,7.5
F1-2324-2024-02-09-marseille-metz,F1,Ligue 1,2324,2023/24,2024-02-09,20:00,marseille,metz,Marseille,Metz,1,1,D,0,0,1,0,1.4,4.75,7
F1-2324-2024-02-11-clermont-brest,F1,Ligue 1,2324,2023/24,2024-02-11,14:00,clermont,brest,Clermont,Brest,1,1,D,0,0,1,1,3.8,3.3,2.05
F1-2324-2024-02-11-nice-monaco,F1,Ligue 1,2324,2023/24,2024-02-11,19:45,nice,monaco,Nice,Monaco,2,3,A,1,1,1,0,2.3,3.4,3.1
F1-2324-2024-02-18-strasbourg-lorient,F1,Ligue 1,2324,2023/24,2024-02-18,12:00,strasbourg,lorient,Strasbourg,Lorient,1,3,A,0,2,1,0,1.7,3.8,5
F1-2324-2024-02-18-rennes-clermont,F1,Ligue 1,2324,2023/24,2024-02-18,14:00,rennes,clermont,Rennes,Clermont,3,1,H,1,0,0,1,1.53,4.2,6.5
F1-2324-2024-02-18-brest-marseille,F1,Ligue 1,2324,2023/24,2024-02-18,19:45,brest,marseille,Brest,Marseille,1,0,H,0,0,1,0,2.55,3,3.1
F1-2324-2024-02-25-le-havre-reims,F1,Ligue 1,2324,2023/24,2024-02-25,14:00,le havre,reims,Le Havre,Reims,1,2,A,0,0,0,1,3.1,3.25,2.38
F1-2324-2024-03-03-lyon-lens,F1,Ligue 1,2324,2023/24,2024-03-03,19:45,lyon,lens,Lyon,Lens,0,3,A,0,1,1,0,2.55,3.4,2.75
F1-2324-2024-03-17-clermont-le-havre,F1,Ligue 1,2324,2023/24,2024-03-17,14:00,clermont,le havre,Clermont,Le Havre,2,1,H,2,1,1,1,2.6,3.25,2.8
F1-2324-2024-03-17-monaco-lorient,F1,Ligue 1,2324,2023/24,2024-03-17,14:00,monaco,lorient,Monaco,Lorient,2,2,D,1,1,1,1,1.36,5,9
F1-2324-2024-03-31-lorient-brest,F1,Ligue 1,2324,2023/24,2024-03-31,12:00,lorient,brest,Lorient,Brest,0,1,A,0,0,0,1,4.2,3.3,1.95
F1-2324-2024-03-31-marseille-paris-sg,F1,Ligue 1,2324,2023/24,2024-03-31,19:45,marseille,paris sg,Marseille,Paris SG,0,2,A,0,0,0,1,3.25,3.8,2.05
F1-2324-2024-04-07-monaco-rennes,F1,Ligue 1,2324,2023/24,2024-04-07,16:05,monaco,rennes,Monaco,Rennes,1,0,H,1,0,1,1,1.8,4,4
F1-2324-2024-04-13-strasbourg-reims,F1,Ligue 1,2324,2023/24,2024-04-13,16:00,strasbourg,reims,Strasbourg,Reims,3,1,H,1,1,0,1,2.55,3.25,2.8
F1-2324-2024-04-14-lyon-brest,F1,Ligue 1,2324,2023/24,2024-04-14,19:45,lyon,brest,Lyon,Brest,4,3,H,1,0,1,1,2.2,3.25,3.4
F1-2324-2024-04-21-brest-monaco,F1,Ligue 1,2324,2023/24,2024-04-21,16:05,brest,monaco,Brest,Monaco,0,2,A,0,1,0,2,2.7,3.5,2.55
F1-2324-2024-04-24-marseille-nice,F1,Ligue 1,2324,2023/24,2024-04-24,20:00,marseille,nice,Marseille,Nice,2,2,D,1,1,1,0,2.25,3.4,3.25
F1-2324-2024-04-26-montpellier-nantes,F1,Ligue 1,2324,2023/24,2024-04-26,20:00,montpellier,nantes,Montpellier,Nantes,1,1,D,1,1,2,0,1.95,3.6,3.75
F1-2324-2024-04-28-clermont-reims,F1,Ligue 1,2324,2023/24,2024-04-28,14:00,clermont,reims,Clermont,Reims,4,1,H,1,1,0,1,3.75,3.5,2
F1-2324-2024-05-03-toulouse-montpellier,F1,Ligue 1,2324,2023/24,2024-05-03,18:00,toulouse,montpellier,Toulouse,Montpellier,1,2,A,1,1,1,1,2.05,3.8,3.3
F1-2324-2024-05-04-metz-rennes,F1,Ligue 1,2324,2023/24,2024-05-04,18:00,metz,rennes,Metz,Rennes,2,3,A,2,1,1,0,3.5,3.6,2.05
F1-2324-2024-05-15-nice-paris-sg,F1,Ligue 1,2324,2023/24,2024-05-15,20:00,nice,paris sg,Nice,Paris SG,1,2,A,1,2,1,0,2.5,3.6,2.63
F1-2324-2024-05-19-lille-nice,F1,Ligue 1,2324,2023/24,2024-05-19,20:00,lille,nice,Lille,Nice,2,2,D,0,1,1,0,1.65,4,5
