match_id,league,season,date,home_team,away_team,red_minute,red_extra,red_side,red_team,opponent_team,goals_for_at_red,goals_against_at_red,is_first_red,own_reds_before,opp_reds_before,final_home_goals,final_away_goals,score_check,source
F1-1516-2015-08-07-lille-paris-sg,F1,1516,2015-08-07,lille,paris sg,28,0,away,paris sg,lille,0,0,1,0,0,0,1,ok,espn
E0-1516-2015-08-08-chelsea-swansea,E0,1516,2015-08-08,Chelsea,swansea,52,0,home,Chelsea,swansea,2,1,1,0,0,2,2,ok,espn
F1-1516-2015-08-08-bastia-rennes,F1,1516,2015-08-08,bastia,rennes,78,0,home,bastia,rennes,2,1,1,0,0,2,1,ok,espn
F1-1516-2015-08-08-nice-monaco,F1,1516,2015-08-08,nice,monaco,44,0,home,nice,monaco,1,0,1,0,0,1,2,ok,espn
F1-1516-2015-08-09-toulouse-st-etienne,F1,1516,2015-08-09,toulouse,st etienne,87,0,home,toulouse,st etienne,2,1,1,0,0,2,1,ok,espn
D1-1516-2015-08-15-augsburg-hertha,D1,1516,2015-08-15,augsburg,hertha,45,2,home,augsburg,hertha,0,0,1,0,0,0,1,ok,espn
D1-1516-2015-08-15-augsburg-hertha,D1,1516,2015-08-15,augsburg,hertha,66,0,away,hertha,augsburg,1,0,0,0,1,0,1,ok,espn
E0-1516-2015-08-15-swansea-newcastle,E0,1516,2015-08-15,swansea,Newcastle,41,0,away,Newcastle,swansea,0,1,1,0,0,2,0,ok,espn
E0-1516-2015-08-15-west-ham-leicester,E0,1516,2015-08-15,West Ham,Leicester,90,2,home,West Ham,Leicester,1,2,1,0,0,1,2,ok,espn
F1-1516-2015-08-15-caen-toulouse,F1,1516,2015-08-15,caen,toulouse,90,0,away,toulouse,caen,0,1,1,0,0,1,0,ok,espn
F1-1516-2015-08-15-troyes-nice,F1,1516,2015-08-15,troyes,nice,31,0,home,troyes,nice,1,2,1,0,0,3,3,ok,espn
F1-1516-2015-08-16-reims-marseille,F1,1516,2015-08-16,reims,marseille,74,0,away,marseille,reims,0,1,1,0,0,1,0,ok,espn
SP1-1516-2015-08-21-malaga-sevilla,SP1,1516,2015-08-21,malaga,sevilla,69,0,away,sevilla,malaga,0,0,1,0,0,0,0,ok,espn
D1-1516-2015-08-22-hamburg-stuttgart,D1,1516,2015-08-22,hamburg,stuttgart,53,0,away,stuttgart,hamburg,2,1,1,0,0,3,2,ok,espn
E0-1516-2015-08-22-west-ham-bournemouth,E0,1516,2015-08-22,West Ham,Bournemouth,79,0,home,West Ham,Bournemouth,2,4,1,0,0,3,4,ok,espn
SP1-1516-2015-08-22-espanol-getafe,SP1,1516,2015-08-22,espanol,getafe,82,0,away,getafe,espanol,0,1,1,0,0,1,0,ok,espn
E0-1516-2015-08-23-west-brom-chelsea,E0,1516,2015-08-23,west brom,Chelsea,54,0,away,Chelsea,west brom,3,1,1,0,0,2,3,ok,espn
F1-1516-2015-08-23-lorient-st-etienne,F1,1516,2015-08-23,lorient,st etienne,1,0,home,lorient,st etienne,0,0,1,0,0,0,1,ok,espn
I1-1516-2015-08-23-fiorentina-milan,I1,1516,2015-08-23,fiorentina,milan,36,0,away,milan,fiorentina,0,0,1,0,0,2,0,ok,espn
I1-1516-2015-08-23-inter-atalanta,I1,1516,2015-08-23,inter,atalanta,71,0,away,atalanta,inter,0,0,1,0,0,1,0,ok,espn
I1-1516-2015-08-23-sampdoria-carpi,I1,1516,2015-08-23,sampdoria,carpi,81,0,home,sampdoria,carpi,5,1,1,0,0,5,2,ok,espn
SP1-1516-2015-08-23-betis-villarreal,SP1,1516,2015-08-23,betis,villarreal,90,2,away,villarreal,betis,1,1,1,0,0,1,1,ok,espn
SP1-1516-2015-08-23-levante-celta,SP1,1516,2015-08-23,levante,celta,5,0,home,levante,celta,0,0,1,0,0,1,2,ok,espn
SP1-1516-2015-08-24-granada-eibar,SP1,1516,2015-08-24,granada,eibar,56,0,home,granada,eibar,1,2,1,0,0,1,3,ok,espn
D1-1516-2015-08-29-koln-hamburg,D1,1516,2015-08-29,koln,hamburg,79,0,away,hamburg,koln,1,1,1,0,0,2,1,ok,espn
D1-1516-2015-08-29-stuttgart-ein-frankfurt,D1,1516,2015-08-29,stuttgart,ein frankfurt,67,0,home,stuttgart,ein frankfurt,1,2,1,0,0,1,4,ok,espn
E0-1516-2015-08-29-liverpool-west-ham,E0,1516,2015-08-29,Liverpool,West Ham,52,0,home,Liverpool,West Ham,0,2,1,0,0,0,3,ok,espn
E0-1516-2015-08-29-liverpool-west-ham,E0,1516,2015-08-29,Liverpool,West Ham,78,0,away,West Ham,Liverpool,2,0,0,0,1,0,3,ok,espn
E0-1516-2015-08-29-newcastle-arsenal,E0,1516,2015-08-29,Newcastle,Arsenal,16,0,home,Newcastle,Arsenal,0,0,1,0,0,0,1,ok,espn
E0-1516-2015-08-29-stoke-west-brom,E0,1516,2015-08-29,stoke,west brom,25,0,home,stoke,west brom,0,0,1,0,0,0,1,ok,espn
E0-1516-2015-08-29-stoke-west-brom,E0,1516,2015-08-29,stoke,west brom,31,0,home,stoke,west brom,0,0,0,1,0,0,1,ok,espn
F1-1516-2015-08-29-caen-lyon,F1,1516,2015-08-29,caen,lyon,73,0,home,caen,lyon,0,3,1,0,0,0,4,ok,espn
SP1-1516-2015-08-29-celta-vallecano,SP1,1516,2015-08-29,celta,vallecano,9,0,away,vallecano,celta,0,0,1,0,0,3,0,ok,espn
D1-1516-2015-08-30-werder-bremen-m-gladbach,D1,1516,2015-08-30,werder bremen,m gladbach,87,0,away,m gladbach,werder bremen,1,2,1,0,0,2,1,ok,espn
E0-1516-2015-08-30-southampton-norwich,E0,1516,2015-08-30,Southampton,norwich,31,0,away,norwich,Southampton,0,0,1,0,0,3,0,ok,espn
F1-1516-2015-08-30-bordeaux-nantes,F1,1516,2015-08-30,bordeaux,nantes,51,0,away,nantes,bordeaux,0,1,1,0,0,2,0,ok,espn
F1-1516-2015-08-30-st-etienne-bastia,F1,1516,2015-08-30,st etienne,bastia,4,0,away,bastia,st etienne,0,0,1,0,0,2,1,ok,espn
F1-1516-2015-08-30-st-etienne-bastia,F1,1516,2015-08-30,st etienne,bastia,73,0,away,bastia,st etienne,1,2,0,1,0,2,1,ok,espn
I1-1516-2015-08-30-roma-juventus,I1,1516,2015-08-30,roma,juventus,66,0,away,juventus,roma,0,1,1,0,0,2,1,ok,espn
I1-1516-2015-08-30-roma-juventus,I1,1516,2015-08-30,roma,juventus,78,0,away,juventus,roma,0,1,0,1,0,2,1,ok,espn
I1-1516-2015-08-30-udinese-palermo,I1,1516,2015-08-30,udinese,palermo,70,0,away,palermo,udinese,1,0,1,0,0,0,1,ok,espn
SP1-1516-2015-08-30-valencia-la-coruna,SP1,1516,2015-08-30,valencia,la coruna,84,0,home,valencia,la coruna,1,1,1,0,0,1,1,ok,espn
F1-1516-2015-09-11-paris-sg-bordeaux,F1,1516,2015-09-11,paris sg,bordeaux,77,0,away,bordeaux,paris sg,1,2,1,0,0,2,2,ok,espn
E0-1516-2015-09-12-watford-swansea,E0,1516,2015-09-12,watford,swansea,64,0,home,watford,swansea,1,0,1,0,0,1,0,ok,espn
F1-1516-2015-09-12-troyes-caen,F1,1516,2015-09-12,troyes,caen,57,0,away,caen,troyes,2,0,1,0,0,1,3,ok,espn
I1-1516-2015-09-12-fiorentina-genoa,I1,1516,2015-09-12,fiorentina,genoa,63,0,home,fiorentina,genoa,1,0,1,0,0,1,0,ok,espn
SP1-1516-2015-09-12-betis-sociedad,SP1,1516,2015-09-12,betis,sociedad,45,1,home,betis,sociedad,1,0,1,0,0,1,0,ok,espn
F1-1516-2015-09-13-nantes-rennes,F1,1516,2015-09-13,nantes,rennes,52,0,home,nantes,rennes,0,0,1,0,0,0,2,ok,espn
F1-1516-2015-09-13-nantes-rennes,F1,1516,2015-09-13,nantes,rennes,78,0,home,nantes,rennes,0,1,0,1,0,0,2,ok,espn
I1-1516-2015-09-13-sassuolo-atalanta,I1,1516,2015-09-13,sassuolo,atalanta,48,0,away,atalanta,sassuolo,2,2,1,0,0,2,2,ok,espn
I1-1516-2015-09-13-sassuolo-atalanta,I1,1516,2015-09-13,sassuolo,atalanta,84,0,home,sassuolo,atalanta,2,2,0,0,1,2,2,ok,espn
SP1-1516-2015-09-13-celta-las-palmas,SP1,1516,2015-09-13,celta,las palmas,11,0,away,las palmas,celta,0,0,1,0,0,3,3,ok,espn
I1-1516-2015-09-14-sampdoria-bologna,I1,1516,2015-09-14,sampdoria,bologna,62,0,away,bologna,sampdoria,0,0,1,0,0,2,0,ok,espn
SP1-1516-2015-09-14-vallecano-la-coruna,SP1,1516,2015-09-14,vallecano,la coruna,77,0,home,vallecano,la coruna,1,3,1,0,0,1,3,ok,espn
F1-1516-2015-09-18-rennes-lille,F1,1516,2015-09-18,rennes,lille,69,0,away,lille,rennes,1,0,1,0,0,1,1,ok,espn
D1-1516-2015-09-19-werder-bremen-ingolstadt,D1,1516,2015-09-19,werder bremen,ingolstadt,90,4,home,werder bremen,ingolstadt,0,1,1,0,0,0,1,ok,espn
E0-1516-2015-09-19-bournemouth-sunderland,E0,1516,2015-09-19,Bournemouth,Sunderland,74,0,away,Sunderland,Bournemouth,0,2,1,0,0,2,0,ok,espn
E0-1516-2015-09-19-chelsea-arsenal,E0,1516,2015-09-19,Chelsea,Arsenal,45,1,away,Arsenal,Chelsea,0,0,1,0,0,2,0,ok,espn
E0-1516-2015-09-19-chelsea-arsenal,E0,1516,2015-09-19,Chelsea,Arsenal,79,0,away,Arsenal,Chelsea,0,1,0,1,0,2,0,ok,espn
E0-1516-2015-09-19-swansea-everton,E0,1516,2015-09-19,swansea,Everton,90,4,away,Everton,swansea,0,0,1,0,0,0,0,ok,espn
F1-1516-2015-09-19-angers-troyes,F1,1516,2015-09-19,angers,troyes,33,0,home,angers,troyes,0,0,1,0,0,1,0,ok,espn
F1-1516-2015-09-19-guingamp-ajaccio-gfco,F1,1516,2015-09-19,guingamp,ajaccio gfco,39,0,away,ajaccio gfco,guingamp,1,1,1,0,0,2,1,ok,espn
I1-1516-2015-09-19-udinese-empoli,I1,1516,2015-09-19,udinese,empoli,72,0,home,udinese,empoli,1,0,1,0,0,1,2,ok,espn
SP1-1516-2015-09-19-sociedad-espanol,SP1,1516,2015-09-19,sociedad,espanol,42,0,home,sociedad,espanol,1,0,1,0,0,2,3,ok,espn
SP1-1516-2015-09-19-valencia-betis,SP1,1516,2015-09-19,valencia,betis,48,0,away,betis,valencia,0,0,1,0,0,0,0,ok,espn
F1-1516-2015-09-20-bordeaux-toulouse,F1,1516,2015-09-20,bordeaux,toulouse,76,0,away,toulouse,bordeaux,1,0,1,0,0,1,1,ok,espn
F1-1516-2015-09-20-marseille-lyon,F1,1516,2015-09-20,marseille,lyon,44,0,home,marseille,lyon,0,1,1,0,0,1,1,ok,espn
I1-1516-2015-09-20-atalanta-verona,I1,1516,2015-09-20,atalanta,verona,79,0,away,verona,atalanta,0,0,1,0,0,1,1,ok,espn
I1-1516-2015-09-20-genoa-juventus,I1,1516,2015-09-20,genoa,juventus,43,0,home,genoa,juventus,0,1,1,0,0,0,2,ok,espn
SP1-1516-2015-09-20-sevilla-celta,SP1,1516,2015-09-20,sevilla,celta,90,1,away,celta,sevilla,2,1,1,0,0,1,2,ok,espn
D1-1516-2015-09-22-darmstadt-werder-bremen,D1,1516,2015-09-22,darmstadt,werder bremen,88,0,away,werder bremen,darmstadt,1,2,1,0,0,2,1,ok,espn
I1-1516-2015-09-22-udinese-milan,I1,1516,2015-09-22,udinese,milan,90,2,home,udinese,milan,2,3,1,0,0,2,3,ok,espn
F1-1516-2015-09-23-lyon-bastia,F1,1516,2015-09-23,lyon,bastia,45,0,away,bastia,lyon,0,1,1,0,0,2,0,ok,espn
F1-1516-2015-09-23-nice-bordeaux,F1,1516,2015-09-23,nice,bordeaux,50,0,away,bordeaux,nice,1,2,1,0,0,6,1,ok,espn
F1-1516-2015-09-23-toulouse-marseille,F1,1516,2015-09-23,toulouse,marseille,77,0,away,marseille,toulouse,0,1,1,0,0,1,1,ok,espn
F1-1516-2015-09-23-toulouse-marseille,F1,1516,2015-09-23,toulouse,marseille,84,0,home,toulouse,marseille,1,0,0,0,1,1,1,ok,espn
F1-1516-2015-09-23-toulouse-marseille,F1,1516,2015-09-23,toulouse,marseille,87,0,home,toulouse,marseille,1,0,0,1,1,1,1,ok,espn
I1-1516-2015-09-23-lazio-genoa,I1,1516,2015-09-23,lazio,genoa,56,0,away,genoa,lazio,0,1,1,0,0,2,0,ok,espn
I1-1516-2015-09-23-lazio-genoa,I1,1516,2015-09-23,lazio,genoa,85,0,away,genoa,lazio,0,2,0,1,0,2,0,ok,espn
I1-1516-2015-09-23-palermo-sassuolo,I1,1516,2015-09-23,palermo,sassuolo,85,0,home,palermo,sassuolo,0,1,1,0,0,0,1,ok,espn
SP1-1516-2015-09-23-vallecano-sp-gijon,SP1,1516,2015-09-23,vallecano,sp gijon,39,0,away,sp gijon,vallecano,0,0,1,0,0,2,1,ok,espn
F1-1516-2015-09-26-rennes-troyes,F1,1516,2015-09-26,rennes,troyes,90,2,home,rennes,troyes,1,1,1,0,0,1,1,ok,espn
SP1-1516-2015-09-26-real-madrid-malaga,SP1,1516,2015-09-26,real madrid,malaga,77,0,away,malaga,real madrid,0,0,1,0,0,0,0,ok,espn
SP1-1516-2015-09-26-sevilla-vallecano,SP1,1516,2015-09-26,sevilla,vallecano,83,0,away,vallecano,sevilla,2,2,1,0,0,3,2,ok,espn
F1-1516-2015-09-27-montpellier-lorient,F1,1516,2015-09-27,montpellier,lorient,90,2,away,lorient,montpellier,1,2,1,0,0,2,1,ok,espn
F1-1516-2015-09-27-st-etienne-nice,F1,1516,2015-09-27,st etienne,nice,62,0,away,nice,st etienne,4,1,1,0,0,1,4,ok,espn
F1-1516-2015-09-27-st-etienne-nice,F1,1516,2015-09-27,st etienne,nice,81,0,away,nice,st etienne,4,1,0,1,0,1,4,ok,espn
I1-1516-2015-09-27-genoa-milan,I1,1516,2015-09-27,genoa,milan,42,0,away,milan,genoa,0,1,1,0,0,1,0,ok,espn
I1-1516-2015-09-27-inter-fiorentina,I1,1516,2015-09-27,inter,fiorentina,31,0,home,inter,fiorentina,0,3,1,0,0,1,4,ok,espn
I1-1516-2015-09-27-torino-palermo,I1,1516,2015-09-27,torino,palermo,61,0,home,torino,palermo,2,0,1,0,0,2,1,ok,espn
I1-1516-2015-09-27-torino-palermo,I1,1516,2015-09-27,torino,palermo,89,0,home,torino,palermo,2,1,0,1,0,2,1,ok,espn
I1-1516-2015-09-27-verona-lazio,I1,1516,2015-09-27,verona,lazio,81,0,away,lazio,verona,1,1,1,0,0,1,2,ok,espn
SP1-1516-2015-09-27-la-coruna-espanol,SP1,1516,2015-09-27,la coruna,espanol,79,0,away,espanol,la coruna,0,3,1,0,0,3,0,ok,espn
I1-1516-2015-09-28-frosinone-empoli,I1,1516,2015-09-28,frosinone,empoli,76,0,away,empoli,frosinone,0,2,1,0,0,2,0,ok,espn
E0-1516-2015-10-03-sunderland-west-ham,E0,1516,2015-10-03,Sunderland,West Ham,57,0,home,Sunderland,West Ham,2,1,1,0,0,2,2,ok,espn
F1-1516-2015-10-03-troyes-guingamp,F1,1516,2015-10-03,troyes,guingamp,85,0,home,troyes,guingamp,0,1,1,0,0,0,1,ok,espn
SP1-1516-2015-10-03-malaga-sociedad,SP1,1516,2015-10-03,malaga,sociedad,71,0,home,malaga,sociedad,2,1,1,0,0,3,1,ok,espn
F1-1516-2015-10-04-lorient-bordeaux,F1,1516,2015-10-04,lorient,bordeaux,82,0,away,bordeaux,lorient,1,3,1,0,0,3,2,ok,espn
F1-1516-2015-10-04-lorient-bordeaux,F1,1516,2015-10-04,lorient,bordeaux,82,0,home,lorient,bordeaux,3,1,0,0,1,3,2,ok,espn
I1-1516-2015-10-04-empoli-sassuolo,I1,1516,2015-10-04,empoli,sassuolo,90,0,home,empoli,sassuolo,1,0,1,0,0,1,0,ok,espn
I1-1516-2015-10-04-fiorentina-atalanta,I1,1516,2015-10-04,fiorentina,atalanta,5,0,away,atalanta,fiorentina,0,0,1,0,0,3,0,ok,espn
SP1-1516-2015-10-04-levante-villarreal,SP1,1516,2015-10-04,levante,villarreal,36,0,away,villarreal,levante,0,0,1,0,0,1,0,ok,espn
F1-1516-2015-10-16-monaco-lyon,F1,1516,2015-10-16,monaco,lyon,66,0,home,monaco,lyon,1,0,1,0,0,1,1,ok,espn
D1-1516-2015-10-17-schalke-04-hertha,D1,1516,2015-10-17,schalke 04,hertha,18,0,away,hertha,schalke 04,0,0,1,0,0,2,1,ok,espn
E0-1516-2015-10-17-crystal-palace-west-ham,E0,1516,2015-10-17,Crystal Palace,West Ham,44,0,home,Crystal Palace,West Ham,1,1,1,0,0,1,3,ok,espn
F1-1516-2015-10-17-guingamp-lille,F1,1516,2015-10-17,guingamp,lille,89,0,away,lille,guingamp,1,1,1,0,0,1,1,ok,espn
D1-1516-2015-10-18-stuttgart-ingolstadt,D1,1516,2015-10-18,stuttgart,ingolstadt,86,0,home,stuttgart,ingolstadt,1,0,1,0,0,1,0,ok,espn
I1-1516-2015-10-18-genoa-chievo,I1,1516,2015-10-18,genoa,chievo,54,0,home,genoa,chievo,2,1,1,0,0,3,2,ok,espn
I1-1516-2015-10-18-sassuolo-lazio,I1,1516,2015-10-18,sassuolo,lazio,90,2,away,lazio,sassuolo,1,2,1,0,0,2,1,ok,espn
SP1-1516-2015-10-18-getafe-las-palmas,SP1,1516,2015-10-18,getafe,las palmas,80,0,away,las palmas,getafe,0,2,1,0,0,4,0,ok,espn
SP1-1516-2015-10-18-sociedad-ath-madrid,SP1,1516,2015-10-18,sociedad,ath madrid,89,0,home,sociedad,ath madrid,0,1,1,0,0,0,2,ok,espn
SP1-1516-2015-10-18-sociedad-ath-madrid,SP1,1516,2015-10-18,sociedad,ath madrid,90,2,home,sociedad,ath madrid,0,2,0,1,0,0,2,ok,espn
SP1-1516-2015-10-18-villarreal-celta,SP1,1516,2015-10-18,villarreal,celta,47,0,home,villarreal,celta,0,1,1,0,0,1,2,ok,espn
SP1-1516-2015-10-19-sp-gijon-granada,SP1,1516,2015-10-19,sp gijon,granada,81,0,away,granada,sp gijon,3,1,1,0,0,3,3,ok,espn
SP1-1516-2015-10-19-sp-gijon-granada,SP1,1516,2015-10-19,sp gijon,granada,90,2,away,granada,sp gijon,3,2,0,1,0,3,3,ok,espn
D1-1516-2015-10-23-hoffenheim-hamburg,D1,1516,2015-10-23,hoffenheim,hamburg,68,0,home,hoffenheim,hamburg,0,0,1,0,0,0,1,ok,espn
SP1-1516-2015-10-23-vallecano-espanol,SP1,1516,2015-10-23,vallecano,espanol,66,0,away,espanol,vallecano,0,1,1,0,0,3,0,ok,espn
SP1-1516-2015-10-23-vallecano-espanol,SP1,1516,2015-10-23,vallecano,espanol,90,2,home,vallecano,espanol,3,0,0,0,1,3,0,ok,espn
E0-1516-2015-10-24-arsenal-everton,E0,1516,2015-10-24,Arsenal,Everton,90,4,away,Everton,Arsenal,1,2,1,0,0,2,1,ok,espn
E0-1516-2015-10-24-west-ham-chelsea,E0,1516,2015-10-24,West Ham,Chelsea,44,0,away,Chelsea,West Ham,0,1,1,0,0,2,1,ok,espn
F1-1516-2015-10-24-ajaccio-gfco-nice,F1,1516,2015-10-24,ajaccio gfco,nice,88,0,home,ajaccio gfco,nice,3,1,1,0,0,3,1,ok,espn
F1-1516-2015-10-24-angers-guingamp,F1,1516,2015-10-24,angers,guingamp,81,0,home,angers,guingamp,0,0,1,0,0,0,0,ok,espn
F1-1516-2015-10-24-lorient-rennes,F1,1516,2015-10-24,lorient,rennes,67,0,home,lorient,rennes,1,0,1,0,0,1,1,ok,espn
F1-1516-2015-10-24-lorient-rennes,F1,1516,2015-10-24,lorient,rennes,84,0,away,rennes,lorient,1,1,0,0,1,1,1,ok,espn
I1-1516-2015-10-24-carpi-bologna,I1,1516,2015-10-24,carpi,bologna,38,0,home,carpi,bologna,1,0,1,0,0,1,2,ok,espn
I1-1516-2015-10-24-palermo-inter,I1,1516,2015-10-24,palermo,inter,79,0,away,inter,palermo,1,1,1,0,0,1,1,ok,espn
SP1-1516-2015-10-24-celta-real-madrid,SP1,1516,2015-10-24,celta,real madrid,57,0,home,celta,real madrid,0,2,1,0,0,1,3,ok,espn
SP1-1516-2015-10-24-sevilla-getafe,SP1,1516,2015-10-24,sevilla,getafe,59,0,away,getafe,sevilla,0,3,1,0,0,5,0,ok,espn
D1-1516-2015-10-25-m-gladbach-schalke-04,D1,1516,2015-10-25,m gladbach,schalke 04,80,0,away,schalke 04,m gladbach,1,2,1,0,0,3,1,ok,espn
E0-1516-2015-10-25-liverpool-southampton,E0,1516,2015-10-25,Liverpool,Southampton,90,4,away,Southampton,Liverpool,1,1,1,0,0,1,1,ok,espn
E0-1516-2015-10-25-sunderland-newcastle,E0,1516,2015-10-25,Sunderland,Newcastle,45,1,away,Newcastle,Sunderland,0,0,1,0,0,3,0,ok,espn
F1-1516-2015-10-25-reims-monaco,F1,1516,2015-10-25,reims,monaco,69,0,home,reims,monaco,0,1,1,0,0,0,1,ok,espn
I1-1516-2015-10-25-fiorentina-roma,I1,1516,2015-10-25,fiorentina,roma,87,0,away,roma,fiorentina,2,0,1,0,0,1,2,ok,espn
I1-1516-2015-10-25-juventus-atalanta,I1,1516,2015-10-25,juventus,atalanta,73,0,away,atalanta,juventus,0,2,1,0,0,2,0,ok,espn
I1-1516-2015-10-25-milan-sassuolo,I1,1516,2015-10-25,milan,sassuolo,29,0,away,sassuolo,milan,0,0,1,0,0,2,1,ok,espn
SP1-1516-2015-10-25-barcelona-eibar,SP1,1516,2015-10-25,barcelona,eibar,83,0,home,barcelona,eibar,2,1,1,0,0,3,1,ok,espn
SP1-1516-2015-10-25-levante-sociedad,SP1,1516,2015-10-25,levante,sociedad,90,0,home,levante,sociedad,0,4,1,0,0,0,4,ok,espn
I1-1516-2015-10-27-bologna-inter,I1,1516,2015-10-27,bologna,inter,60,0,away,inter,bologna,0,0,1,0,0,0,1,ok,espn
I1-1516-2015-10-28-frosinone-carpi,I1,1516,2015-10-28,frosinone,carpi,72,0,away,carpi,frosinone,1,1,1,0,0,2,1,ok,espn
I1-1516-2015-10-28-frosinone-carpi,I1,1516,2015-10-28,frosinone,carpi,72,0,home,frosinone,carpi,1,1,0,0,1,2,1,ok,espn
I1-1516-2015-10-28-sassuolo-juventus,I1,1516,2015-10-28,sassuolo,juventus,39,0,away,juventus,sassuolo,0,1,1,0,0,1,0,ok,espn
I1-1516-2015-10-29-sampdoria-empoli,I1,1516,2015-10-29,sampdoria,empoli,88,0,away,empoli,sampdoria,1,1,1,0,0,1,1,ok,espn
E0-1516-2015-10-31-man-city-norwich,E0,1516,2015-10-31,Manchester City,norwich,88,0,away,norwich,Manchester City,1,1,1,0,0,2,1,ok,espn
E0-1516-2015-10-31-watford-west-ham,E0,1516,2015-10-31,watford,West Ham,84,0,away,West Ham,watford,0,2,1,0,0,2,0,ok,espn
F1-1516-2015-10-31-ajaccio-gfco-bordeaux,F1,1516,2015-10-31,ajaccio gfco,bordeaux,64,0,home,ajaccio gfco,bordeaux,1,0,1,0,0,2,0,ok,espn
F1-1516-2015-10-31-guingamp-lorient,F1,1516,2015-10-31,guingamp,lorient,43,0,away,lorient,guingamp,0,1,1,0,0,2,2,ok,espn
F1-1516-2015-10-31-guingamp-lorient,F1,1516,2015-10-31,guingamp,lorient,45,0,home,guingamp,lorient,1,0,0,0,1,2,2,ok,espn
F1-1516-2015-10-31-troyes-lyon,F1,1516,2015-10-31,troyes,lyon,36,0,home,troyes,lyon,0,0,1,0,0,0,1,ok,espn
I1-1516-2015-10-31-inter-roma,I1,1516,2015-10-31,inter,roma,73,0,away,roma,inter,0,1,1,0,0,1,0,ok,espn
E0-1516-2015-11-01-southampton-bournemouth,E0,1516,2015-11-01,Southampton,Bournemouth,78,0,home,Southampton,Bournemouth,2,0,1,0,0,2,0,ok,espn
SP1-1516-2015-11-01-espanol-granada,SP1,1516,2015-11-01,espanol,granada,68,0,home,espanol,granada,0,1,1,0,0,1,1,ok,espn
D1-1516-2015-11-07-leverkusen-koln,D1,1516,2015-11-07,leverkusen,koln,53,0,home,leverkusen,koln,1,1,1,0,0,1,2,ok,espn
D1-1516-2015-11-07-m-gladbach-ingolstadt,D1,1516,2015-11-07,m gladbach,ingolstadt,86,0,home,m gladbach,ingolstadt,0,0,1,0,0,0,0,ok,espn
D1-1516-2015-11-07-mainz-wolfsburg,D1,1516,2015-11-07,mainz,wolfsburg,13,0,away,wolfsburg,mainz,0,0,1,0,0,2,0,ok,espn
E0-1516-2015-11-07-man-united-west-brom,E0,1516,2015-11-07,Manchester United,west brom,90,1,away,west brom,Manchester United,0,2,1,0,0,2,0,ok,espn
F1-1516-2015-11-07-lille-bastia,F1,1516,2015-11-07,lille,bastia,82,0,home,lille,bastia,0,1,1,0,0,1,1,ok,espn
SP1-1516-2015-11-07-eibar-getafe,SP1,1516,2015-11-07,eibar,getafe,60,0,away,getafe,eibar,1,2,1,0,0,3,1,ok,espn
SP1-1516-2015-11-07-vallecano-granada,SP1,1516,2015-11-07,vallecano,granada,19,0,home,vallecano,granada,2,0,1,0,0,2,1,ok,espn
I1-1516-2015-11-08-frosinone-genoa,I1,1516,2015-11-08,frosinone,genoa,36,0,away,genoa,frosinone,1,1,1,0,0,2,2,ok,espn
F1-1516-2015-11-21-guingamp-toulouse,F1,1516,2015-11-21,guingamp,toulouse,86,0,away,toulouse,guingamp,0,2,1,0,0,2,0,ok,espn
SP1-1516-2015-11-21-real-madrid-barcelona,SP1,1516,2015-11-21,real madrid,barcelona,84,0,home,real madrid,barcelona,0,4,1,0,0,0,4,ok,espn
F1-1516-2015-11-22-caen-angers,F1,1516,2015-11-22,caen,angers,32,0,home,caen,angers,0,0,1,0,0,0,0,ok,espn
F1-1516-2015-11-22-rennes-bordeaux,F1,1516,2015-11-22,rennes,bordeaux,90,5,away,bordeaux,rennes,2,2,1,0,0,2,2,ok,espn
I1-1516-2015-11-22-genoa-sassuolo,I1,1516,2015-11-22,genoa,sassuolo,41,0,home,genoa,sassuolo,0,0,1,0,0,2,1,ok,espn
I1-1516-2015-11-22-genoa-sassuolo,I1,1516,2015-11-22,genoa,sassuolo,41,0,away,sassuolo,genoa,0,0,0,0,1,2,1,ok,espn
I1-1516-2015-11-22-udinese-sampdoria,I1,1516,2015-11-22,udinese,sampdoria,90,0,away,sampdoria,udinese,0,1,1,0,0,1,0,ok,espn
SP1-1516-2015-11-22-villarreal-eibar,SP1,1516,2015-11-22,villarreal,eibar,76,0,away,eibar,villarreal,1,0,1,0,0,1,1,ok,espn
SP1-1516-2015-11-27-levante-betis,SP1,1516,2015-11-27,levante,betis,79,0,away,betis,levante,1,0,1,0,0,0,1,ok,espn
SP1-1516-2015-11-27-levante-betis,SP1,1516,2015-11-27,levante,betis,81,0,home,levante,betis,0,1,0,0,1,0,1,ok,espn
D1-1516-2015-11-28-mainz-ein-frankfurt,D1,1516,2015-11-28,mainz,ein frankfurt,40,0,away,ein frankfurt,mainz,0,1,1,0,0,2,1,ok,espn
E0-1516-2015-11-28-sunderland-stoke,E0,1516,2015-11-28,Sunderland,stoke,47,0,away,stoke,Sunderland,0,0,1,0,0,2,0,ok,espn
F1-1516-2015-11-28-angers-lille,F1,1516,2015-11-28,angers,lille,68,0,away,lille,angers,0,2,1,0,0,2,0,ok,espn
F1-1516-2015-11-28-nantes-bastia,F1,1516,2015-11-28,nantes,bastia,90,1,home,nantes,bastia,0,0,1,0,0,0,0,ok,espn
F1-1516-2015-11-28-reims-rennes,F1,1516,2015-11-28,reims,rennes,64,0,home,reims,rennes,1,1,1,0,0,2,2,ok,espn
F1-1516-2015-11-28-toulouse-nice,F1,1516,2015-11-28,toulouse,nice,29,0,away,nice,toulouse,0,0,1,0,0,2,0,ok,espn
SP1-1516-2015-11-28-malaga-granada,SP1,1516,2015-11-28,malaga,granada,53,0,home,malaga,granada,1,0,1,0,0,2,2,ok,espn
D1-1516-2015-11-29-augsburg-wolfsburg,D1,1516,2015-11-29,augsburg,wolfsburg,85,0,away,wolfsburg,augsburg,0,0,1,0,0,0,0,ok,espn
F1-1516-2015-11-29-bordeaux-caen,F1,1516,2015-11-29,bordeaux,caen,81,0,home,bordeaux,caen,0,4,1,0,0,1,4,ok,espn
F1-1516-2015-11-29-st-etienne-guingamp,F1,1516,2015-11-29,st etienne,guingamp,90,0,home,st etienne,guingamp,2,0,1,0,0,3,0,ok,espn
I1-1516-2015-11-29-frosinone-verona,I1,1516,2015-11-29,frosinone,verona,19,0,away,verona,frosinone,0,0,1,0,0,3,2,ok,espn
I1-1516-2015-11-29-genoa-carpi,I1,1516,2015-11-29,genoa,carpi,6,0,home,genoa,carpi,0,0,1,0,0,1,2,ok,espn
I1-1516-2015-11-29-roma-atalanta,I1,1516,2015-11-29,roma,atalanta,81,0,home,roma,atalanta,0,1,1,0,0,0,2,ok,espn
I1-1516-2015-11-29-roma-atalanta,I1,1516,2015-11-29,roma,atalanta,87,0,away,atalanta,roma,2,0,0,0,1,0,2,ok,espn
I1-1516-2015-11-29-roma-atalanta,I1,1516,2015-11-29,roma,atalanta,90,3,away,atalanta,roma,2,0,0,1,1,0,2,ok,espn
SP1-1516-2015-11-29-sevilla-valencia,SP1,1516,2015-11-29,sevilla,valencia,35,0,away,valencia,sevilla,0,0,1,0,0,1,0,ok,espn
SP1-1516-2015-11-29-sevilla-valencia,SP1,1516,2015-11-29,sevilla,valencia,78,0,away,valencia,sevilla,0,1,0,1,0,1,0,ok,espn
SP1-1516-2015-11-29-vallecano-ath-bilbao,SP1,1516,2015-11-29,vallecano,ath bilbao,64,0,away,ath bilbao,vallecano,3,0,1,0,0,0,3,ok,espn
I1-1516-2015-11-30-napoli-inter,I1,1516,2015-11-30,napoli,inter,44,0,away,inter,napoli,0,1,1,0,0,2,1,ok,espn
F1-1516-2015-12-02-guingamp-reims,F1,1516,2015-12-02,guingamp,reims,52,0,home,guingamp,reims,1,1,1,0,0,1,2,ok,espn
F1-1516-2015-12-02-guingamp-reims,F1,1516,2015-12-02,guingamp,reims,90,0,away,reims,guingamp,2,1,0,0,1,1,2,ok,espn
F1-1516-2015-12-02-troyes-toulouse,F1,1516,2015-12-02,troyes,toulouse,66,0,away,toulouse,troyes,2,0,1,0,0,0,3,ok,espn
F1-1516-2015-12-02-troyes-toulouse,F1,1516,2015-12-02,troyes,toulouse,79,0,home,troyes,toulouse,0,2,0,0,1,0,3,ok,espn
F1-1516-2015-12-04-nice-paris-sg,F1,1516,2015-12-04,nice,paris sg,43,0,home,nice,paris sg,0,1,1,0,0,0,3,ok,espn
D1-1516-2015-12-05-hertha-leverkusen,D1,1516,2015-12-05,hertha,leverkusen,17,0,away,leverkusen,hertha,0,1,1,0,0,2,1,ok,espn
I1-1516-2015-12-05-inter-genoa,I1,1516,2015-12-05,inter,genoa,86,0,home,inter,genoa,1,0,1,0,0,1,0,ok,espn
SP1-1516-2015-12-05-betis-celta,SP1,1516,2015-12-05,betis,celta,48,0,away,celta,betis,1,0,1,0,0,1,1,ok,espn
I1-1516-2015-12-06-atalanta-palermo,I1,1516,2015-12-06,atalanta,palermo,76,0,home,atalanta,palermo,2,0,1,0,0,3,0,ok,espn
I1-1516-2015-12-06-frosinone-chievo,I1,1516,2015-12-06,frosinone,chievo,90,2,away,chievo,frosinone,1,0,1,0,0,0,2,ok,espn
SP1-1516-2015-12-06-ath-bilbao-malaga,SP1,1516,2015-12-06,ath bilbao,malaga,19,0,home,ath bilbao,malaga,0,0,1,0,0,0,0,ok,espn
SP1-1516-2015-12-06-sp-gijon-las-palmas,SP1,1516,2015-12-06,sp gijon,las palmas,71,0,away,las palmas,sp gijon,1,1,1,0,0,3,1,ok,espn
F1-1516-2015-12-11-rennes-caen,F1,1516,2015-12-11,rennes,caen,36,0,away,caen,rennes,0,0,1,0,0,1,1,ok,espn
F1-1516-2015-12-12-montpellier-guingamp,F1,1516,2015-12-12,montpellier,guingamp,34,0,away,guingamp,montpellier,1,0,1,0,0,2,1,ok,espn
F1-1516-2015-12-12-nantes-toulouse,F1,1516,2015-12-12,nantes,toulouse,90,1,away,toulouse,nantes,1,1,1,0,0,1,1,ok,espn
F1-1516-2015-12-12-reims-nice,F1,1516,2015-12-12,reims,nice,90,4,home,reims,nice,1,1,1,0,0,1,1,ok,espn
I1-1516-2015-12-12-genoa-bologna,I1,1516,2015-12-12,genoa,bologna,80,0,home,genoa,bologna,0,0,1,0,0,0,1,ok,espn
I1-1516-2015-12-12-genoa-bologna,I1,1516,2015-12-12,genoa,bologna,90,2,away,bologna,genoa,1,0,0,0,1,0,1,ok,espn
SP1-1516-2015-12-12-celta-espanol,SP1,1516,2015-12-12,celta,espanol,47,0,home,celta,espanol,1,0,1,0,0,1,0,ok,espn
SP1-1516-2015-12-12-sevilla-sp-gijon,SP1,1516,2015-12-12,sevilla,sp gijon,74,0,away,sp gijon,sevilla,0,0,1,0,0,2,0,ok,espn
D1-1516-2015-12-13-dortmund-ein-frankfurt,D1,1516,2015-12-13,dortmund,ein frankfurt,44,0,away,ein frankfurt,dortmund,1,1,1,0,0,4,1,ok,espn
F1-1516-2015-12-13-marseille-ajaccio-gfco,F1,1516,2015-12-13,marseille,ajaccio gfco,51,0,home,marseille,ajaccio gfco,1,1,1,0,0,1,1,ok,espn
F1-1516-2015-12-13-monaco-st-etienne,F1,1516,2015-12-13,monaco,st etienne,64,0,away,st etienne,monaco,0,0,1,0,0,1,0,ok,espn
I1-1516-2015-12-13-chievo-atalanta,I1,1516,2015-12-13,chievo,atalanta,66,0,away,atalanta,chievo,0,0,1,0,0,1,0,ok,espn
I1-1516-2015-12-13-chievo-atalanta,I1,1516,2015-12-13,chievo,atalanta,90,1,away,atalanta,chievo,0,1,0,1,0,1,0,ok,espn
I1-1516-2015-12-13-milan-verona,I1,1516,2015-12-13,milan,verona,56,0,home,milan,verona,1,0,1,0,0,1,1,ok,espn
SP1-1516-2015-12-13-eibar-valencia,SP1,1516,2015-12-13,eibar,valencia,63,0,away,valencia,eibar,0,1,1,0,0,1,1,ok,espn
SP1-1516-2015-12-13-eibar-valencia,SP1,1516,2015-12-13,eibar,valencia,90,2,home,eibar,valencia,1,1,0,0,1,1,1,ok,espn
D1-1516-2015-12-19-stuttgart-wolfsburg,D1,1516,2015-12-19,stuttgart,wolfsburg,70,0,home,stuttgart,wolfsburg,3,1,1,0,0,3,1,ok,espn
E0-1516-2015-12-19-west-brom-bournemouth,E0,1516,2015-12-19,west brom,Bournemouth,34,0,home,west brom,Bournemouth,0,0,1,0,0,1,2,ok,espn
E0-1516-2015-12-19-west-brom-bournemouth,E0,1516,2015-12-19,west brom,Bournemouth,90,5,home,west brom,Bournemouth,1,2,0,1,0,1,2,ok,espn
F1-1516-2015-12-19-toulouse-lille,F1,1516,2015-12-19,toulouse,lille,68,0,home,toulouse,lille,1,0,1,0,0,1,1,ok,espn
F1-1516-2015-12-19-troyes-monaco,F1,1516,2015-12-19,troyes,monaco,3,0,home,troyes,monaco,0,0,1,0,0,0,0,ok,espn
SP1-1516-2015-12-19-la-coruna-eibar,SP1,1516,2015-12-19,la coruna,eibar,68,0,home,la coruna,eibar,1,0,1,0,0,2,0,ok,espn
D1-1516-2015-12-20-m-gladbach-darmstadt,D1,1516,2015-12-20,m gladbach,darmstadt,38,0,home,m gladbach,darmstadt,0,1,1,0,0,3,2,ok,espn
I1-1516-2015-12-20-atalanta-napoli,I1,1516,2015-12-20,atalanta,napoli,73,0,away,napoli,atalanta,2,1,1,0,0,1,3,ok,espn
I1-1516-2015-12-20-atalanta-napoli,I1,1516,2015-12-20,atalanta,napoli,90,0,home,atalanta,napoli,1,3,0,0,1,1,3,ok,espn
I1-1516-2015-12-20-inter-lazio,I1,1516,2015-12-20,inter,lazio,90,0,home,inter,lazio,1,2,1,0,0,1,2,ok,espn
I1-1516-2015-12-20-inter-lazio,I1,1516,2015-12-20,inter,lazio,90,3,away,lazio,inter,2,1,0,0,1,1,2,ok,espn
I1-1516-2015-12-20-roma-genoa,I1,1516,2015-12-20,roma,genoa,74,0,home,roma,genoa,1,0,1,0,0,2,0,ok,espn
I1-1516-2015-12-20-torino-udinese,I1,1516,2015-12-20,torino,udinese,64,0,away,udinese,torino,1,0,1,0,0,0,1,ok,espn
SP1-1516-2015-12-20-malaga-ath-madrid,SP1,1516,2015-12-20,malaga,ath madrid,56,0,away,ath madrid,malaga,0,0,1,0,0,1,0,ok,espn
SP1-1516-2015-12-20-real-madrid-vallecano,SP1,1516,2015-12-20,real madrid,vallecano,14,0,away,vallecano,real madrid,2,1,1,0,0,10,2,ok,espn
SP1-1516-2015-12-20-real-madrid-vallecano,SP1,1516,2015-12-20,real madrid,vallecano,28,0,away,vallecano,real madrid,2,2,0,1,0,10,2,ok,espn
E0-1516-2015-12-28-watford-tottenham,E0,1516,2015-12-28,watford,Tottenham,63,0,home,watford,Tottenham,1,1,1,0,0,1,2,ok,espn
SP1-1516-2015-12-30-las-palmas-granada,SP1,1516,2015-12-30,las palmas,granada,86,0,away,granada,las palmas,1,3,1,0,0,4,1,ok,espn
E0-1516-2016-01-02-leicester-bournemouth,E0,1516,2016-01-02,Leicester,Bournemouth,57,0,away,Bournemouth,Leicester,0,0,1,0,0,0,0,ok,espn
E0-1516-2016-01-02-norwich-southampton,E0,1516,2016-01-02,norwich,Southampton,73,0,away,Southampton,norwich,0,0,1,0,0,1,0,ok,espn
E0-1516-2016-01-02-west-brom-stoke,E0,1516,2016-01-02,west brom,stoke,83,0,away,stoke,west brom,1,1,1,0,0,2,1,ok,espn
SP1-1516-2016-01-02-malaga-celta,SP1,1516,2016-01-02,malaga,celta,64,0,away,celta,malaga,0,2,1,0,0,2,0,ok,espn
SP1-1516-2016-01-03-granada-sevilla,SP1,1516,2016-01-03,granada,sevilla,86,0,away,sevilla,granada,1,2,1,0,0,2,1,ok,espn
SP1-1516-2016-01-03-valencia-real-madrid,SP1,1516,2016-01-03,valencia,real madrid,68,0,away,real madrid,valencia,1,1,1,0,0,2,2,ok,espn
I1-1516-2016-01-06-sassuolo-frosinone,I1,1516,2016-01-06,sassuolo,frosinone,90,3,home,sassuolo,frosinone,2,2,1,0,0,2,2,ok,espn
F1-1516-2016-01-09-reims-toulouse,F1,1516,2016-01-09,reims,toulouse,79,0,home,reims,toulouse,1,2,1,0,0,1,3,ok,espn
I1-1516-2016-01-10-sampdoria-juventus,I1,1516,2016-01-10,sampdoria,juventus,90,4,home,sampdoria,juventus,1,2,1,0,0,1,2,ok,espn
E0-1516-2016-01-13-stoke-norwich,E0,1516,2016-01-13,stoke,norwich,31,0,away,norwich,stoke,0,0,1,0,0,3,1,ok,espn
E0-1516-2016-01-13-swansea-sunderland,E0,1516,2016-01-13,swansea,Sunderland,37,0,home,swansea,Sunderland,1,1,1,0,0,2,4,ok,espn
F1-1516-2016-01-16-bastia-montpellier,F1,1516,2016-01-16,bastia,montpellier,65,0,home,bastia,montpellier,1,0,1,0,0,1,0,ok,espn
F1-1516-2016-01-16-bastia-montpellier,F1,1516,2016-01-16,bastia,montpellier,68,0,away,montpellier,bastia,0,1,0,0,1,1,0,ok,espn
F1-1516-2016-01-16-guingamp-nantes,F1,1516,2016-01-16,guingamp,nantes,90,5,home,guingamp,nantes,2,2,1,0,0,2,2,ok,espn
SP1-1516-2016-01-16-sevilla-malaga,SP1,1516,2016-01-16,sevilla,malaga,83,0,home,sevilla,malaga,2,1,1,0,0,2,1,ok,espn
SP1-1516-2016-01-16-sevilla-malaga,SP1,1516,2016-01-16,sevilla,malaga,90,2,away,malaga,sevilla,1,2,0,0,1,2,1,ok,espn
I1-1516-2016-01-17-bologna-lazio,I1,1516,2016-01-17,bologna,lazio,69,0,home,bologna,lazio,2,0,1,0,0,2,2,ok,espn
I1-1516-2016-01-17-carpi-sampdoria,I1,1516,2016-01-17,carpi,sampdoria,86,0,home,carpi,sampdoria,2,1,1,0,0,2,1,ok,espn
I1-1516-2016-01-17-genoa-palermo,I1,1516,2016-01-17,genoa,palermo,65,0,away,palermo,genoa,0,1,1,0,0,4,0,ok,espn
I1-1516-2016-01-17-udinese-juventus,I1,1516,2016-01-17,udinese,juventus,25,0,home,udinese,juventus,0,2,1,0,0,0,4,ok,espn
SP1-1516-2016-01-17-barcelona-ath-bilbao,SP1,1516,2016-01-17,barcelona,ath bilbao,4,0,away,ath bilbao,barcelona,0,0,1,0,0,6,0,ok,espn
F1-1516-2016-01-23-guingamp-bastia,F1,1516,2016-01-23,guingamp,bastia,68,0,away,bastia,guingamp,0,0,1,0,0,1,0,ok,espn
F1-1516-2016-01-23-guingamp-bastia,F1,1516,2016-01-23,guingamp,bastia,90,2,away,bastia,guingamp,0,0,0,1,0,1,0,ok,espn
SP1-1516-2016-01-23-espanol-villarreal,SP1,1516,2016-01-23,espanol,villarreal,89,0,home,espanol,villarreal,2,2,1,0,0,2,2,ok,espn
E0-1516-2016-01-24-arsenal-chelsea,E0,1516,2016-01-24,Arsenal,Chelsea,18,0,home,Arsenal,Chelsea,0,0,1,0,0,0,1,ok,espn
I1-1516-2016-01-24-inter-carpi,I1,1516,2016-01-24,inter,carpi,83,0,away,carpi,inter,0,1,1,0,0,1,1,ok,espn
I1-1516-2016-01-24-lazio-chievo,I1,1516,2016-01-24,lazio,chievo,47,0,away,chievo,lazio,1,0,1,0,0,4,1,ok,espn
I1-1516-2016-01-24-lazio-chievo,I1,1516,2016-01-24,lazio,chievo,82,0,home,lazio,chievo,3,1,0,0,1,4,1,ok,espn
I1-1516-2016-01-24-sampdoria-napoli,I1,1516,2016-01-24,sampdoria,napoli,59,0,home,sampdoria,napoli,1,2,1,0,0,2,4,ok,espn
SP1-1516-2016-01-24-ath-madrid-sevilla,SP1,1516,2016-01-24,ath madrid,sevilla,61,0,away,sevilla,ath madrid,0,0,1,0,0,0,0,ok,espn
SP1-1516-2016-01-25-levante-las-palmas,SP1,1516,2016-01-25,levante,las palmas,90,3,home,levante,las palmas,3,2,1,0,0,3,2,ok,espn
F1-1516-2016-01-29-marseille-lille,F1,1516,2016-01-29,marseille,lille,83,0,home,marseille,lille,0,1,1,0,0,1,1,ok,espn
F1-1516-2016-01-30-bastia-lyon,F1,1516,2016-01-30,bastia,lyon,88,0,home,bastia,lyon,1,0,1,0,0,1,0,ok,espn
F1-1516-2016-01-30-toulouse-guingamp,F1,1516,2016-01-30,toulouse,guingamp,90,2,home,toulouse,guingamp,1,2,1,0,0,1,2,ok,espn
SP1-1516-2016-01-30-barcelona-ath-madrid,SP1,1516,2016-01-30,barcelona,ath madrid,44,0,away,ath madrid,barcelona,1,2,1,0,0,2,1,ok,espn
SP1-1516-2016-01-30-barcelona-ath-madrid,SP1,1516,2016-01-30,barcelona,ath madrid,65,0,away,ath madrid,barcelona,1,2,0,1,0,2,1,ok,espn
SP1-1516-2016-01-30-getafe-ath-bilbao,SP1,1516,2016-01-30,getafe,ath bilbao,90,2,home,getafe,ath bilbao,0,1,1,0,0,0,1,ok,espn
I1-1516-2016-01-31-udinese-lazio,I1,1516,2016-01-31,udinese,lazio,42,0,home,udinese,lazio,0,0,1,0,0,0,0,ok,espn
I1-1516-2016-01-31-udinese-lazio,I1,1516,2016-01-31,udinese,lazio,85,0,away,lazio,udinese,0,0,0,0,1,0,0,ok,espn
SP1-1516-2016-01-31-las-palmas-celta,SP1,1516,2016-01-31,las palmas,celta,74,0,away,celta,las palmas,1,1,1,0,0,2,1,ok,espn
E0-1516-2016-02-02-west-ham-aston-villa,E0,1516,2016-02-02,West Ham,Aston Villa,17,0,away,Aston Villa,West Ham,0,0,1,0,0,2,0,ok,espn
F1-1516-2016-02-02-montpellier-marseille,F1,1516,2016-02-02,montpellier,marseille,69,0,away,marseille,montpellier,1,0,1,0,0,0,1,ok,espn
I1-1516-2016-02-02-sassuolo-roma,I1,1516,2016-02-02,sassuolo,roma,87,0,away,roma,sassuolo,1,0,1,0,0,0,2,ok,espn
E0-1516-2016-02-03-everton-newcastle,E0,1516,2016-02-03,Everton,Newcastle,90,3,away,Newcastle,Everton,0,2,1,0,0,3,0,ok,espn
F1-1516-2016-02-03-lille-caen,F1,1516,2016-02-03,lille,caen,85,0,away,caen,lille,0,1,1,0,0,1,0,ok,espn
F1-1516-2016-02-03-nantes-ajaccio-gfco,F1,1516,2016-02-03,nantes,ajaccio gfco,51,0,away,ajaccio gfco,nantes,1,2,1,0,0,3,1,ok,espn
F1-1516-2016-02-03-reims-angers,F1,1516,2016-02-03,reims,angers,90,1,away,angers,reims,1,2,1,0,0,2,1,ok,espn
I1-1516-2016-02-03-frosinone-bologna,I1,1516,2016-02-03,frosinone,bologna,64,0,away,bologna,frosinone,0,0,1,0,0,1,0,ok,espn
I1-1516-2016-02-03-juventus-genoa,I1,1516,2016-02-03,juventus,genoa,90,1,home,juventus,genoa,1,0,1,0,0,1,0,ok,espn
I1-1516-2016-02-03-verona-atalanta,I1,1516,2016-02-03,verona,atalanta,54,0,away,atalanta,verona,1,1,1,0,0,2,1,ok,espn
D1-1516-2016-02-06-ein-frankfurt-stuttgart,D1,1516,2016-02-06,ein frankfurt,stuttgart,67,0,away,stuttgart,ein frankfurt,3,1,1,0,0,2,4,ok,espn
D1-1516-2016-02-06-ein-frankfurt-stuttgart,D1,1516,2016-02-06,ein frankfurt,stuttgart,75,0,home,ein frankfurt,stuttgart,1,3,0,0,1,2,4,ok,espn
D1-1516-2016-02-06-leverkusen-bayern-munich,D1,1516,2016-02-06,leverkusen,bayern munich,84,0,away,bayern munich,leverkusen,0,0,1,0,0,0,0,ok,espn
E0-1516-2016-02-06-southampton-west-ham,E0,1516,2016-02-06,Southampton,West Ham,54,0,home,Southampton,West Ham,1,0,1,0,0,1,0,ok,espn
F1-1516-2016-02-06-ajaccio-gfco-guingamp,F1,1516,2016-02-06,ajaccio gfco,guingamp,6,0,away,guingamp,ajaccio gfco,0,0,1,0,0,0,0,ok,espn
F1-1516-2016-02-06-angers-lyon,F1,1516,2016-02-06,angers,lyon,16,0,home,angers,lyon,0,1,1,0,0,0,3,ok,espn
F1-1516-2016-02-06-bastia-troyes,F1,1516,2016-02-06,bastia,troyes,48,0,home,bastia,troyes,1,0,1,0,0,2,0,ok,espn
F1-1516-2016-02-06-bastia-troyes,F1,1516,2016-02-06,bastia,troyes,59,0,away,troyes,bastia,0,1,0,0,1,2,0,ok,espn
F1-1516-2016-02-06-bastia-troyes,F1,1516,2016-02-06,bastia,troyes,82,0,away,troyes,bastia,0,1,0,1,1,2,0,ok,espn
F1-1516-2016-02-06-lorient-montpellier,F1,1516,2016-02-06,lorient,montpellier,37,0,home,lorient,montpellier,0,0,1,0,0,1,1,ok,espn
F1-1516-2016-02-06-monaco-nice,F1,1516,2016-02-06,monaco,nice,48,0,home,monaco,nice,0,0,1,0,0,1,0,ok,espn
I1-1516-2016-02-06-bologna-fiorentina,I1,1516,2016-02-06,bologna,fiorentina,57,0,away,fiorentina,bologna,0,0,1,0,0,1,1,ok,espn
SP1-1516-2016-02-06-ath-bilbao-villarreal,SP1,1516,2016-02-06,ath bilbao,villarreal,90,0,home,ath bilbao,villarreal,0,0,1,0,0,0,0,ok,espn
SP1-1516-2016-02-06-ath-bilbao-villarreal,SP1,1516,2016-02-06,ath bilbao,villarreal,90,4,away,villarreal,ath bilbao,0,0,0,0,1,0,0,ok,espn
F1-1516-2016-02-07-bordeaux-st-etienne,F1,1516,2016-02-07,bordeaux,st etienne,90,2,home,bordeaux,st etienne,1,4,1,0,0,1,4,ok,espn
F1-1516-2016-02-07-lille-rennes,F1,1516,2016-02-07,lille,rennes,70,0,home,lille,rennes,1,0,1,0,0,1,1,ok,espn
I1-1516-2016-02-07-napoli-carpi,I1,1516,2016-02-07,napoli,carpi,56,0,away,carpi,napoli,0,0,1,0,0,1,0,ok,espn
I1-1516-2016-02-07-sassuolo-palermo,I1,1516,2016-02-07,sassuolo,palermo,75,0,away,palermo,sassuolo,2,2,1,0,0,2,2,ok,espn
SP1-1516-2016-02-07-betis-valencia,SP1,1516,2016-02-07,betis,valencia,85,0,away,valencia,betis,0,1,1,0,0,1,0,ok,espn
SP1-1516-2016-02-07-celta-sevilla,SP1,1516,2016-02-07,celta,sevilla,25,0,away,sevilla,celta,0,0,1,0,0,1,1,ok,espn
D1-1516-2016-02-13-werder-bremen-hoffenheim,D1,1516,2016-02-13,werder bremen,hoffenheim,77,0,away,hoffenheim,werder bremen,1,1,1,0,0,1,1,ok,espn
F1-1516-2016-02-13-nantes-lorient,F1,1516,2016-02-13,nantes,lorient,85,0,away,lorient,nantes,1,2,1,0,0,2,1,ok,espn
SP1-1516-2016-02-13-real-madrid-ath-bilbao,SP1,1516,2016-02-13,real madrid,ath bilbao,83,0,home,real madrid,ath bilbao,3,1,1,0,0,4,2,ok,espn
E0-1516-2016-02-14-arsenal-leicester,E0,1516,2016-02-14,Arsenal,Leicester,54,0,away,Leicester,Arsenal,1,0,1,0,0,2,1,ok,espn
I1-1516-2016-02-14-fiorentina-inter,I1,1516,2016-02-14,fiorentina,inter,82,0,away,inter,fiorentina,1,1,1,0,0,2,1,ok,espn
I1-1516-2016-02-14-fiorentina-inter,I1,1516,2016-02-14,fiorentina,inter,90,5,home,fiorentina,inter,2,1,0,0,1,2,1,ok,espn
I1-1516-2016-02-14-fiorentina-inter,I1,1516,2016-02-14,fiorentina,inter,90,7,away,inter,fiorentina,1,2,0,1,1,2,1,ok,espn
F1-1516-2016-02-20-toulouse-ajaccio-gfco,F1,1516,2016-02-20,toulouse,ajaccio gfco,79,0,away,ajaccio gfco,toulouse,1,0,1,0,0,1,1,ok,espn
I1-1516-2016-02-20-verona-chievo,I1,1516,2016-02-20,verona,chievo,70,0,home,verona,chievo,2,0,1,0,0,3,1,ok,espn
I1-1516-2016-02-20-verona-chievo,I1,1516,2016-02-20,verona,chievo,79,0,away,chievo,verona,1,2,0,0,1,3,1,ok,espn
F1-1516-2016-02-21-lille-lyon,F1,1516,2016-02-21,lille,lyon,60,0,away,lyon,lille,0,1,1,0,0,1,0,ok,espn
F1-1516-2016-02-21-lille-lyon,F1,1516,2016-02-21,lille,lyon,87,0,away,lyon,lille,0,1,0,1,0,1,0,ok,espn
F1-1516-2016-02-21-marseille-st-etienne,F1,1516,2016-02-21,marseille,st etienne,60,0,home,marseille,st etienne,0,0,1,0,0,1,1,ok,espn
I1-1516-2016-02-21-atalanta-fiorentina,I1,1516,2016-02-21,atalanta,fiorentina,90,2,home,atalanta,fiorentina,2,3,1,0,0,2,3,ok,espn
I1-1516-2016-02-21-sassuolo-empoli,I1,1516,2016-02-21,sassuolo,empoli,31,0,home,sassuolo,empoli,0,0,1,0,0,3,2,ok,espn
I1-1516-2016-02-21-sassuolo-empoli,I1,1516,2016-02-21,sassuolo,empoli,38,0,away,empoli,sassuolo,1,0,0,0,1,3,2,ok,espn
F1-1516-2016-02-26-nice-bastia,F1,1516,2016-02-26,nice,bastia,58,0,home,nice,bastia,0,0,1,0,0,0,2,ok,espn
F1-1516-2016-02-27-guingamp-angers,F1,1516,2016-02-27,guingamp,angers,42,0,away,angers,guingamp,1,1,1,0,0,2,2,ok,espn
F1-1516-2016-02-27-troyes-lorient,F1,1516,2016-02-27,troyes,lorient,90,0,home,troyes,lorient,0,1,1,0,0,0,1,ok,espn
I1-1516-2016-02-27-empoli-roma,I1,1516,2016-02-27,empoli,roma,90,4,home,empoli,roma,1,3,1,0,0,1,3,ok,espn
SP1-1516-2016-02-27-sp-gijon-espanol,SP1,1516,2016-02-27,sp gijon,espanol,83,0,home,sp gijon,espanol,2,4,1,0,0,2,4,ok,espn
D1-1516-2016-02-28-dortmund-hoffenheim,D1,1516,2016-02-28,dortmund,hoffenheim,58,0,away,hoffenheim,dortmund,1,0,1,0,0,3,1,ok,espn
SP1-1516-2016-02-28-la-coruna-granada,SP1,1516,2016-02-28,la coruna,granada,90,3,home,la coruna,granada,0,1,1,0,0,0,1,ok,espn
SP1-1516-2016-02-28-villarreal-levante,SP1,1516,2016-02-28,villarreal,levante,56,0,away,levante,villarreal,0,3,1,0,0,3,0,ok,espn
SP1-1516-2016-03-01-las-palmas-getafe,SP1,1516,2016-03-01,las palmas,getafe,65,0,away,getafe,las palmas,0,3,1,0,0,4,0,ok,espn
D1-1516-2016-03-02-schalke-04-hamburg,D1,1516,2016-03-02,schalke 04,hamburg,45,0,away,hamburg,schalke 04,1,1,1,0,0,3,2,ok,espn
SP1-1516-2016-03-02-sevilla-eibar,SP1,1516,2016-03-02,sevilla,eibar,88,0,away,eibar,sevilla,0,1,1,0,0,1,0,ok,espn
SP1-1516-2016-03-03-granada-sp-gijon,SP1,1516,2016-03-03,granada,sp gijon,84,0,away,sp gijon,granada,0,1,1,0,0,2,0,ok,espn
SP1-1516-2016-03-03-vallecano-barcelona,SP1,1516,2016-03-03,vallecano,barcelona,42,0,home,vallecano,barcelona,0,2,1,0,0,1,5,ok,espn
SP1-1516-2016-03-03-vallecano-barcelona,SP1,1516,2016-03-03,vallecano,barcelona,67,0,home,vallecano,barcelona,1,3,0,1,0,1,5,ok,espn
D1-1516-2016-03-05-augsburg-leverkusen,D1,1516,2016-03-05,augsburg,leverkusen,90,2,home,augsburg,leverkusen,3,2,1,0,0,3,3,ok,espn
D1-1516-2016-03-05-ein-frankfurt-ingolstadt,D1,1516,2016-03-05,ein frankfurt,ingolstadt,74,0,away,ingolstadt,ein frankfurt,1,1,1,0,0,1,1,ok,espn
E0-1516-2016-03-05-everton-west-ham,E0,1516,2016-03-05,Everton,West Ham,34,0,home,Everton,West Ham,1,0,1,0,0,2,3,ok,espn
E0-1516-2016-03-05-southampton-sunderland,E0,1516,2016-03-05,Southampton,Sunderland,79,0,home,Southampton,Sunderland,0,0,1,0,0,1,1,ok,espn
E0-1516-2016-03-05-tottenham-arsenal,E0,1516,2016-03-05,Tottenham,Arsenal,55,0,away,Arsenal,Tottenham,1,0,1,0,0,2,2,ok,espn
F1-1516-2016-03-05-lille-reims,F1,1516,2016-03-05,lille,reims,85,0,away,reims,lille,0,1,1,0,0,2,0,ok,espn
SP1-1516-2016-03-05-la-coruna-malaga,SP1,1516,2016-03-05,la coruna,malaga,90,3,away,malaga,la coruna,3,3,1,0,0,3,3,ok,espn
D1-1516-2016-03-06-mainz-darmstadt,D1,1516,2016-03-06,mainz,darmstadt,57,0,home,mainz,darmstadt,0,0,1,0,0,0,0,ok,espn
E0-1516-2016-03-06-crystal-palace-liverpool,E0,1516,2016-03-06,Crystal Palace,Liverpool,62,0,away,Liverpool,Crystal Palace,0,1,1,0,0,1,2,ok,espn
E0-1516-2016-03-06-west-brom-man-united,E0,1516,2016-03-06,west brom,Manchester United,26,0,away,Manchester United,west brom,0,0,1,0,0,1,0,ok,espn
F1-1516-2016-03-06-rennes-nantes,F1,1516,2016-03-06,rennes,nantes,67,0,home,rennes,nantes,4,1,1,0,0,4,1,ok,espn
I1-1516-2016-03-06-sassuolo-milan,I1,1516,2016-03-06,sassuolo,milan,76,0,home,sassuolo,milan,2,0,1,0,0,2,0,ok,espn
SP1-1516-2016-03-06-betis-granada,SP1,1516,2016-03-06,betis,granada,53,0,home,betis,granada,0,0,1,0,0,2,0,ok,espn
SP1-1516-2016-03-06-betis-granada,SP1,1516,2016-03-06,betis,granada,90,3,away,granada,betis,0,1,0,0,1,2,0,ok,espn
SP1-1516-2016-03-06-sp-gijon-ath-bilbao,SP1,1516,2016-03-06,sp gijon,ath bilbao,74,0,away,ath bilbao,sp gijon,2,0,1,0,0,0,2,ok,espn
SP1-1516-2016-03-06-valencia-ath-madrid,SP1,1516,2016-03-06,valencia,ath madrid,80,0,home,valencia,ath madrid,1,2,1,0,0,1,3,ok,espn
SP1-1516-2016-03-07-espanol-vallecano,SP1,1516,2016-03-07,espanol,vallecano,89,0,home,espanol,vallecano,2,1,1,0,0,2,1,ok,espn
E0-1516-2016-03-12-stoke-southampton,E0,1516,2016-03-12,stoke,Southampton,90,1,away,Southampton,stoke,2,1,1,0,0,1,2,ok,espn
F1-1516-2016-03-12-toulouse-bordeaux,F1,1516,2016-03-12,toulouse,bordeaux,49,0,away,bordeaux,toulouse,0,1,1,0,0,4,0,ok,espn
SP1-1516-2016-03-12-vallecano-eibar,SP1,1516,2016-03-12,vallecano,eibar,85,0,away,eibar,vallecano,1,1,1,0,0,1,1,ok,espn
D1-1516-2016-03-13-leverkusen-hamburg,D1,1516,2016-03-13,leverkusen,hamburg,90,6,home,leverkusen,hamburg,1,0,1,0,0,1,0,ok,espn
F1-1516-2016-03-13-troyes-paris-sg,F1,1516,2016-03-13,troyes,paris sg,74,0,home,troyes,paris sg,0,7,1,0,0,0,9,ok,espn
SP1-1516-2016-03-13-las-palmas-real-madrid,SP1,1516,2016-03-13,las palmas,real madrid,90,1,away,real madrid,las palmas,2,1,1,0,0,1,2,ok,espn
SP1-1516-2016-03-13-sevilla-villarreal,SP1,1516,2016-03-13,sevilla,villarreal,79,0,home,sevilla,villarreal,3,2,1,0,0,4,2,ok,espn
SP1-1516-2016-03-14-granada-espanol,SP1,1516,2016-03-14,granada,espanol,28,0,home,granada,espanol,0,0,1,0,0,1,1,ok,espn
SP1-1516-2016-03-19-granada-vallecano,SP1,1516,2016-03-19,granada,vallecano,70,0,home,granada,vallecano,2,1,1,0,0,2,2,ok,espn
I1-1516-2016-03-20-atalanta-bologna,I1,1516,2016-03-20,atalanta,bologna,78,0,away,bologna,atalanta,0,2,1,0,0,2,0,ok,espn
I1-1516-2016-03-20-atalanta-bologna,I1,1516,2016-03-20,atalanta,bologna,85,0,away,bologna,atalanta,0,2,0,1,0,2,0,ok,espn
I1-1516-2016-03-20-milan-lazio,I1,1516,2016-03-20,milan,lazio,84,0,away,lazio,milan,1,1,1,0,0,1,1,ok,espn
I1-1516-2016-03-20-torino-juventus,I1,1516,2016-03-20,torino,juventus,87,0,away,juventus,torino,4,1,1,0,0,1,4,ok,espn
I1-1516-2016-03-20-verona-carpi,I1,1516,2016-03-20,verona,carpi,90,0,home,verona,carpi,1,2,1,0,0,1,2,ok,espn
SP1-1516-2016-04-01-vallecano-getafe,SP1,1516,2016-04-01,vallecano,getafe,15,0,home,vallecano,getafe,1,0,1,0,0,2,0,ok,espn
E0-1516-2016-04-02-aston-villa-chelsea,E0,1516,2016-04-02,Aston Villa,Chelsea,85,0,home,Aston Villa,Chelsea,0,4,1,0,0,0,4,ok,espn
E0-1516-2016-04-02-west-ham-crystal-palace,E0,1516,2016-04-02,West Ham,Crystal Palace,67,0,home,West Ham,Crystal Palace,2,1,1,0,0,2,2,ok,espn
SP1-1516-2016-04-02-barcelona-real-madrid,SP1,1516,2016-04-02,barcelona,real madrid,83,0,away,real madrid,barcelona,1,1,1,0,0,1,2,ok,espn
SP1-1516-2016-04-02-celta-la-coruna,SP1,1516,2016-04-02,celta,la coruna,68,0,away,la coruna,celta,1,1,1,0,0,1,1,ok,espn
F1-1516-2016-04-03-bastia-marseille,F1,1516,2016-04-03,bastia,marseille,86,0,away,marseille,bastia,1,2,1,0,0,2,1,ok,espn
I1-1516-2016-04-03-fiorentina-sampdoria,I1,1516,2016-04-03,fiorentina,sampdoria,71,0,away,sampdoria,fiorentina,1,1,1,0,0,1,1,ok,espn
I1-1516-2016-04-03-inter-torino,I1,1516,2016-04-03,inter,torino,57,0,home,inter,torino,1,1,1,0,0,1,2,ok,espn
I1-1516-2016-04-03-inter-torino,I1,1516,2016-04-03,inter,torino,72,0,home,inter,torino,1,1,0,1,0,1,2,ok,espn
I1-1516-2016-04-03-lazio-roma,I1,1516,2016-04-03,lazio,roma,90,4,home,lazio,roma,1,4,1,0,0,1,4,ok,espn
I1-1516-2016-04-03-udinese-napoli,I1,1516,2016-04-03,udinese,napoli,75,0,away,napoli,udinese,1,3,1,0,0,3,1,ok,espn
SP1-1516-2016-04-03-sevilla-sociedad,SP1,1516,2016-04-03,sevilla,sociedad,68,0,away,sociedad,sevilla,2,1,1,0,0,1,2,ok,espn
SP1-1516-2016-04-04-levante-sp-gijon,SP1,1516,2016-04-04,levante,sp gijon,90,4,home,levante,sp gijon,0,0,1,0,0,0,0,ok,espn
D1-1516-2016-04-09-wolfsburg-mainz,D1,1516,2016-04-09,wolfsburg,mainz,90,1,home,wolfsburg,mainz,1,1,1,0,0,1,1,ok,espn
F1-1516-2016-04-09-reims-nantes,F1,1516,2016-04-09,reims,nantes,85,0,away,nantes,reims,1,2,1,0,0,2,1,ok,espn
F1-1516-2016-04-09-toulouse-bastia,F1,1516,2016-04-09,toulouse,bastia,67,0,away,bastia,toulouse,0,2,1,0,0,4,0,ok,espn
I1-1516-2016-04-09-frosinone-inter,I1,1516,2016-04-09,frosinone,inter,80,0,home,frosinone,inter,0,1,1,0,0,0,1,ok,espn
D1-1516-2016-04-10-koln-leverkusen,D1,1516,2016-04-10,koln,leverkusen,90,6,home,koln,leverkusen,0,2,1,0,0,0,2,ok,espn
D1-1516-2016-04-10-koln-leverkusen,D1,1516,2016-04-10,koln,leverkusen,90,6,away,leverkusen,koln,2,0,0,0,1,0,2,ok,espn
F1-1516-2016-04-10-lille-monaco,F1,1516,2016-04-10,lille,monaco,54,0,home,lille,monaco,1,0,1,0,0,4,1,ok,espn
F1-1516-2016-04-10-lille-monaco,F1,1516,2016-04-10,lille,monaco,64,0,away,monaco,lille,0,1,0,0,1,4,1,ok,espn
I1-1516-2016-04-10-napoli-verona,I1,1516,2016-04-10,napoli,verona,45,0,away,verona,napoli,0,1,1,0,0,3,0,ok,espn
I1-1516-2016-04-10-torino-atalanta,I1,1516,2016-04-10,torino,atalanta,90,1,away,atalanta,torino,1,2,1,0,0,2,1,ok,espn
E0-1516-2016-04-13-crystal-palace-everton,E0,1516,2016-04-13,Crystal Palace,Everton,52,0,away,Everton,Crystal Palace,0,0,1,0,0,0,0,ok,espn
F1-1516-2016-04-15-lyon-nice,F1,1516,2016-04-15,lyon,nice,25,0,home,lyon,nice,0,1,1,0,0,1,1,ok,espn
E0-1516-2016-04-16-chelsea-man-city,E0,1516,2016-04-16,Chelsea,Manchester City,78,0,home,Chelsea,Manchester City,0,2,1,0,0,0,3,ok,espn
F1-1516-2016-04-16-ajaccio-gfco-lille,F1,1516,2016-04-16,ajaccio gfco,lille,67,0,home,ajaccio gfco,lille,1,1,1,0,0,2,4,ok,espn
F1-1516-2016-04-16-bordeaux-angers,F1,1516,2016-04-16,bordeaux,angers,34,0,away,angers,bordeaux,0,0,1,0,0,1,3,ok,espn
I1-1516-2016-04-16-carpi-genoa,I1,1516,2016-04-16,carpi,genoa,45,1,away,genoa,carpi,1,0,1,0,0,4,1,ok,espn
D1-1516-2016-04-17-dortmund-hamburg,D1,1516,2016-04-17,dortmund,hamburg,52,0,away,hamburg,dortmund,0,2,1,0,0,3,0,ok,espn
E0-1516-2016-04-17-leicester-west-ham,E0,1516,2016-04-17,Leicester,West Ham,56,0,home,Leicester,West Ham,1,0,1,0,0,2,2,ok,espn
I1-1516-2016-04-17-udinese-chievo,I1,1516,2016-04-17,udinese,chievo,77,0,home,udinese,chievo,0,0,1,0,0,0,0,ok,espn
I1-1516-2016-04-17-udinese-chievo,I1,1516,2016-04-17,udinese,chievo,85,0,away,chievo,udinese,0,0,0,0,1,0,0,ok,espn
SP1-1516-2016-04-19-betis-las-palmas,SP1,1516,2016-04-19,betis,las palmas,41,0,away,las palmas,betis,0,0,1,0,0,1,0,ok,espn
E0-1516-2016-04-20-liverpool-everton,E0,1516,2016-04-20,Liverpool,Everton,50,0,away,Everton,Liverpool,0,2,1,0,0,4,0,ok,espn
E0-1516-2016-04-20-west-ham-watford,E0,1516,2016-04-20,West Ham,watford,90,3,away,watford,West Ham,1,3,1,0,0,3,1,ok,espn
I1-1516-2016-04-20-chievo-frosinone,I1,1516,2016-04-20,chievo,frosinone,17,0,away,frosinone,chievo,1,0,1,0,0,5,1,ok,espn
I1-1516-2016-04-20-chievo-frosinone,I1,1516,2016-04-20,chievo,frosinone,52,0,away,frosinone,chievo,1,2,0,1,0,5,1,ok,espn
I1-1516-2016-04-20-empoli-verona,I1,1516,2016-04-20,empoli,verona,90,0,away,verona,empoli,0,1,1,0,0,1,0,ok,espn
I1-1516-2016-04-20-juventus-lazio,I1,1516,2016-04-20,juventus,lazio,48,0,away,lazio,juventus,0,1,1,0,0,3,0,ok,espn
I1-1516-2016-04-20-palermo-atalanta,I1,1516,2016-04-20,palermo,atalanta,89,0,home,palermo,atalanta,2,2,1,0,0,2,2,ok,espn
I1-1516-2016-04-20-sassuolo-sampdoria,I1,1516,2016-04-20,sassuolo,sampdoria,27,0,away,sampdoria,sassuolo,0,0,1,0,0,0,0,ok,espn
SP1-1516-2016-04-21-granada-levante,SP1,1516,2016-04-21,granada,levante,90,1,away,levante,granada,1,4,1,0,0,5,1,ok,espn
D1-1516-2016-04-23-ingolstadt-hannover,D1,1516,2016-04-23,ingolstadt,hannover,20,0,home,ingolstadt,hannover,1,0,1,0,0,2,2,ok,espn
SP1-1516-2016-04-23-barcelona-sp-gijon,SP1,1516,2016-04-23,barcelona,sp gijon,84,0,away,sp gijon,barcelona,0,4,1,0,0,6,0,ok,espn
F1-1516-2016-04-24-guingamp-caen,F1,1516,2016-04-24,guingamp,caen,79,0,home,guingamp,caen,0,1,1,0,0,1,1,ok,espn
F1-1516-2016-04-24-guingamp-caen,F1,1516,2016-04-24,guingamp,caen,90,2,away,caen,guingamp,1,1,0,0,1,1,1,ok,espn
F1-1516-2016-04-24-marseille-nantes,F1,1516,2016-04-24,marseille,nantes,56,0,home,marseille,nantes,1,1,1,0,0,1,1,ok,espn
F1-1516-2016-04-24-montpellier-troyes,F1,1516,2016-04-24,montpellier,troyes,41,0,home,montpellier,troyes,3,1,1,0,0,4,1,ok,espn
I1-1516-2016-04-24-atalanta-chievo,I1,1516,2016-04-24,atalanta,chievo,75,0,home,atalanta,chievo,1,0,1,0,0,1,0,ok,espn
I1-1516-2016-04-25-carpi-empoli,I1,1516,2016-04-25,carpi,empoli,25,0,away,empoli,carpi,0,0,1,0,0,1,0,ok,espn
I1-1516-2016-04-25-carpi-empoli,I1,1516,2016-04-25,carpi,empoli,90,0,home,carpi,empoli,1,0,0,0,1,1,0,ok,espn
D1-1516-2016-04-29-augsburg-koln,D1,1516,2016-04-29,augsburg,koln,57,0,away,koln,augsburg,0,0,1,0,0,0,0,ok,espn
E0-1516-2016-04-30-watford-aston-villa,E0,1516,2016-04-30,watford,Aston Villa,73,0,away,Aston Villa,watford,2,1,1,0,0,3,2,ok,espn
F1-1516-2016-04-30-st-etienne-toulouse,F1,1516,2016-04-30,st etienne,toulouse,77,0,home,st etienne,toulouse,0,0,1,0,0,0,0,ok,espn
SP1-1516-2016-04-30-betis-barcelona,SP1,1516,2016-04-30,betis,barcelona,35,0,home,betis,barcelona,0,0,1,0,0,0,2,ok,espn
E0-1516-2016-05-01-man-united-leicester,E0,1516,2016-05-01,Manchester United,Leicester,86,0,away,Leicester,Manchester United,1,1,1,0,0,1,1,ok,espn
E0-1516-2016-05-01-swansea-liverpool,E0,1516,2016-05-01,swansea,Liverpool,76,0,away,Liverpool,swansea,1,3,1,0,0,3,1,ok,espn
I1-1516-2016-05-01-lazio-inter,I1,1516,2016-05-01,lazio,inter,83,0,away,inter,lazio,0,1,1,0,0,2,0,ok,espn
SP1-1516-2016-05-01-ath-bilbao-celta,SP1,1516,2016-05-01,ath bilbao,celta,40,0,away,celta,ath bilbao,1,1,1,0,0,2,1,ok,espn
SP1-1516-2016-05-01-la-coruna-getafe,SP1,1516,2016-05-01,la coruna,getafe,64,0,home,la coruna,getafe,0,1,1,0,0,0,2,ok,espn
D1-1516-2016-05-07-hertha-darmstadt,D1,1516,2016-05-07,hertha,darmstadt,87,0,away,darmstadt,hertha,2,1,1,0,0,1,2,ok,espn
E0-1516-2016-05-07-sunderland-chelsea,E0,1516,2016-05-07,Sunderland,Chelsea,90,5,away,Chelsea,Sunderland,2,3,1,0,0,3,2,ok,espn
F1-1516-2016-05-07-lyon-monaco,F1,1516,2016-05-07,lyon,monaco,23,0,away,monaco,lyon,0,2,1,0,0,6,1,ok,espn
F1-1516-2016-05-07-nice-st-etienne,F1,1516,2016-05-07,nice,st etienne,55,0,away,st etienne,nice,0,0,1,0,0,2,0,ok,espn
F1-1516-2016-05-07-nice-st-etienne,F1,1516,2016-05-07,nice,st etienne,72,0,away,st etienne,nice,0,0,0,1,0,2,0,ok,espn
I1-1516-2016-05-07-bologna-milan,I1,1516,2016-05-07,bologna,milan,12,0,home,bologna,milan,0,0,1,0,0,0,1,ok,espn
I1-1516-2016-05-08-carpi-lazio,I1,1516,2016-05-08,carpi,lazio,83,0,away,lazio,carpi,3,0,1,0,0,1,3,ok,espn
I1-1516-2016-05-08-carpi-lazio,I1,1516,2016-05-08,carpi,lazio,90,0,away,lazio,carpi,3,1,0,1,0,1,3,ok,espn
I1-1516-2016-05-08-torino-napoli,I1,1516,2016-05-08,torino,napoli,90,2,home,torino,napoli,1,2,1,0,0,1,2,ok,espn
I1-1516-2016-05-08-verona-juventus,I1,1516,2016-05-08,verona,juventus,90,2,away,juventus,verona,0,2,1,0,0,2,1,ok,espn
SP1-1516-2016-05-08-getafe-sp-gijon,SP1,1516,2016-05-08,getafe,sp gijon,56,0,away,sp gijon,getafe,1,0,1,0,0,1,1,ok,espn
SP1-1516-2016-05-08-real-madrid-valencia,SP1,1516,2016-05-08,real madrid,valencia,83,0,away,valencia,real madrid,2,3,1,0,0,3,2,ok,espn
SP1-1516-2016-05-08-sociedad-vallecano,SP1,1516,2016-05-08,sociedad,vallecano,76,0,home,sociedad,vallecano,2,1,1,0,0,2,1,ok,espn
D1-1516-2016-05-14-mainz-hertha,D1,1516,2016-05-14,mainz,hertha,87,0,away,hertha,mainz,0,0,1,0,0,0,0,ok,espn
I1-1516-2016-05-14-juventus-sampdoria,I1,1516,2016-05-14,juventus,sampdoria,14,0,away,sampdoria,juventus,0,1,1,0,0,5,0,ok,espn
I1-1516-2016-05-14-napoli-frosinone,I1,1516,2016-05-14,napoli,frosinone,13,0,away,frosinone,napoli,0,0,1,0,0,4,0,ok,espn
I1-1516-2016-05-14-sassuolo-inter,I1,1516,2016-05-14,sassuolo,inter,59,0,away,inter,sassuolo,1,3,1,0,0,3,1,ok,espn
SP1-1516-2016-05-14-ath-bilbao-sevilla,SP1,1516,2016-05-14,ath bilbao,sevilla,34,0,away,sevilla,ath bilbao,0,2,1,0,0,3,1,ok,espn
SP1-1516-2016-05-14-ath-bilbao-sevilla,SP1,1516,2016-05-14,ath bilbao,sevilla,58,0,away,sevilla,ath bilbao,1,2,0,1,0,3,1,ok,espn
SP1-1516-2016-05-14-ath-bilbao-sevilla,SP1,1516,2016-05-14,ath bilbao,sevilla,90,0,home,ath bilbao,sevilla,3,1,0,0,2,3,1,ok,espn
E0-1516-2016-05-15-newcastle-tottenham,E0,1516,2016-05-15,Newcastle,Tottenham,67,0,home,Newcastle,Tottenham,2,1,1,0,0,5,1,ok,espn
I1-1516-2016-05-15-palermo-verona,I1,1516,2016-05-15,palermo,verona,34,0,away,verona,palermo,0,1,1,0,0,3,2,ok,espn
I1-1516-2016-05-15-palermo-verona,I1,1516,2016-05-15,palermo,verona,34,0,home,palermo,verona,1,0,0,0,1,3,2,ok,espn
I1-1516-2016-05-15-udinese-carpi,I1,1516,2016-05-15,udinese,carpi,37,0,home,udinese,carpi,0,1,1,0,0,1,2,ok,espn
SP1-1516-2016-05-15-betis-getafe,SP1,1516,2016-05-15,betis,getafe,75,0,away,getafe,betis,0,2,1,0,0,2,1,ok,espn
E0-1617-2016-08-13-southampton-watford,E0,1617,2016-08-13,Southampton,watford,76,0,away,watford,Southampton,1,1,1,0,0,1,1,ok,espn
F1-1617-2016-08-13-caen-lorient,F1,1617,2016-08-13,caen,lorient,26,0,away,lorient,caen,2,0,1,0,0,3,2,ok,espn
F1-1617-2016-08-20-lorient-bastia,F1,1617,2016-08-20,lorient,bastia,30,0,home,lorient,bastia,0,1,1,0,0,0,3,ok,espn
F1-1617-2016-08-20-lorient-bastia,F1,1617,2016-08-20,lorient,bastia,77,0,home,lorient,bastia,0,2,0,1,0,0,3,ok,espn
F1-1617-2016-08-20-toulouse-bordeaux,F1,1617,2016-08-20,toulouse,bordeaux,90,3,away,bordeaux,toulouse,1,4,1,0,0,4,1,ok,espn
E0-1617-2016-08-21-west-ham-bournemouth,E0,1617,2016-08-21,West Ham,Bournemouth,77,0,away,Bournemouth,West Ham,0,0,1,0,0,1,0,ok,espn
I1-1617-2016-08-21-empoli-sampdoria,I1,1617,2016-08-21,empoli,sampdoria,84,0,home,empoli,sampdoria,0,1,1,0,0,0,1,ok,espn
I1-1617-2016-08-21-milan-torino,I1,1617,2016-08-21,milan,torino,90,4,home,milan,torino,3,2,1,0,0,3,2,ok,espn
I1-1617-2016-08-21-palermo-sassuolo,I1,1617,2016-08-21,palermo,sassuolo,90,1,home,palermo,sassuolo,0,1,1,0,0,0,1,ok,espn
SP1-1617-2016-08-22-celta-leganes,SP1,1617,2016-08-22,celta,leganes,90,0,away,leganes,celta,1,0,1,0,0,0,1,ok,espn
D1-1617-2016-08-27-ein-frankfurt-schalke-04,D1,1617,2016-08-27,ein frankfurt,schalke 04,79,0,home,ein frankfurt,schalke 04,1,0,1,0,0,1,0,ok,espn
I1-1617-2016-08-27-napoli-milan,I1,1617,2016-08-27,napoli,milan,75,0,away,milan,napoli,2,3,1,0,0,4,2,ok,espn
I1-1617-2016-08-27-napoli-milan,I1,1617,2016-08-27,napoli,milan,87,0,away,milan,napoli,2,3,0,1,0,4,2,ok,espn
I1-1617-2016-08-28-sampdoria-atalanta,I1,1617,2016-08-28,sampdoria,atalanta,42,0,away,atalanta,sampdoria,1,1,1,0,0,2,1,ok,espn
I1-1617-2016-08-28-udinese-empoli,I1,1617,2016-08-28,udinese,empoli,73,0,away,empoli,udinese,0,1,1,0,0,2,0,ok,espn
SP1-1617-2016-09-09-sociedad-espanol,SP1,1617,2016-09-09,sociedad,espanol,90,2,away,espanol,sociedad,1,1,1,0,0,1,1,ok,espn
F1-1617-2016-09-10-angers-dijon,F1,1617,2016-09-10,angers,dijon,34,0,home,angers,dijon,1,1,1,0,0,3,1,ok,espn
F1-1617-2016-09-10-angers-dijon,F1,1617,2016-09-10,angers,dijon,50,0,away,dijon,angers,1,1,0,0,1,3,1,ok,espn
F1-1617-2016-09-10-lyon-bordeaux,F1,1617,2016-09-10,lyon,bordeaux,67,0,home,lyon,bordeaux,1,1,1,0,0,1,3,ok,espn
SP1-1617-2016-09-10-real-madrid-osasuna,SP1,1617,2016-09-10,real madrid,osasuna,79,0,away,osasuna,real madrid,2,5,1,0,0,5,2,ok,espn
SP1-1617-2016-09-10-sevilla-las-palmas,SP1,1617,2016-09-10,sevilla,las palmas,88,0,away,las palmas,sevilla,1,0,1,0,0,2,1,ok,espn
D1-1617-2016-09-11-mainz-hoffenheim,D1,1617,2016-09-11,mainz,hoffenheim,57,0,home,mainz,hoffenheim,4,1,1,0,0,4,4,ok,espn
I1-1617-2016-09-11-bologna-cagliari,I1,1617,2016-09-11,bologna,cagliari,54,0,away,cagliari,bologna,0,1,1,0,0,2,1,ok,espn
SP1-1617-2016-09-11-granada-eibar,SP1,1617,2016-09-11,granada,eibar,32,0,away,eibar,granada,0,0,1,0,0,1,2,ok,espn
SP1-1617-2016-09-11-valencia-betis,SP1,1617,2016-09-11,valencia,betis,50,0,home,valencia,betis,0,1,1,0,0,2,3,ok,espn
I1-1617-2016-09-12-empoli-crotone,I1,1617,2016-09-12,empoli,crotone,80,0,away,crotone,empoli,1,2,1,0,0,2,1,ok,espn
SP1-1617-2016-09-16-betis-granada,SP1,1617,2016-09-16,betis,granada,54,0,away,granada,betis,2,1,1,0,0,2,2,ok,espn
SP1-1617-2016-09-16-betis-granada,SP1,1617,2016-09-16,betis,granada,85,0,home,betis,granada,2,2,0,0,1,2,2,ok,espn
D1-1617-2016-09-17-dortmund-darmstadt,D1,1617,2016-09-17,dortmund,darmstadt,57,0,away,darmstadt,dortmund,0,3,1,0,0,6,0,ok,espn
D1-1617-2016-09-17-m-gladbach-werder-bremen,D1,1617,2016-09-17,m gladbach,werder bremen,80,0,away,werder bremen,m gladbach,1,4,1,0,0,4,1,ok,espn
E0-1617-2016-09-17-hull-arsenal,E0,1617,2016-09-17,hull,Arsenal,40,0,home,hull,Arsenal,0,1,1,0,0,1,4,ok,espn
E0-1617-2016-09-17-man-city-bournemouth,E0,1617,2016-09-17,Manchester City,Bournemouth,86,0,home,Manchester City,Bournemouth,4,0,1,0,0,4,0,ok,espn
F1-1617-2016-09-17-bordeaux-angers,F1,1617,2016-09-17,bordeaux,angers,85,0,home,bordeaux,angers,0,1,1,0,0,0,1,ok,espn
F1-1617-2016-09-17-dijon-metz,F1,1617,2016-09-17,dijon,metz,58,0,away,metz,dijon,0,0,1,0,0,0,0,ok,espn
F1-1617-2016-09-17-toulouse-guingamp,F1,1617,2016-09-17,toulouse,guingamp,39,0,away,guingamp,toulouse,0,0,1,0,0,2,1,ok,espn
I1-1617-2016-09-17-napoli-bologna,I1,1617,2016-09-17,napoli,bologna,81,0,away,bologna,napoli,1,3,1,0,0,3,1,ok,espn
SP1-1617-2016-09-17-eibar-sevilla,SP1,1617,2016-09-17,eibar,sevilla,45,0,home,eibar,sevilla,0,1,1,0,0,1,1,ok,espn
SP1-1617-2016-09-17-eibar-sevilla,SP1,1617,2016-09-17,eibar,sevilla,86,0,home,eibar,sevilla,1,1,0,1,0,1,1,ok,espn
D1-1617-2016-09-18-augsburg-mainz,D1,1617,2016-09-18,augsburg,mainz,90,3,away,mainz,augsburg,3,1,1,0,0,1,3,ok,espn
E0-1617-2016-09-18-tottenham-sunderland,E0,1617,2016-09-18,Tottenham,Sunderland,90,0,away,Sunderland,Tottenham,0,1,1,0,0,1,0,ok,espn
I1-1617-2016-09-18-inter-juventus,I1,1617,2016-09-18,inter,juventus,90,0,home,inter,juventus,2,1,1,0,0,2,1,ok,espn
I1-1617-2016-09-18-sassuolo-genoa,I1,1617,2016-09-18,sassuolo,genoa,86,0,away,genoa,sassuolo,0,2,1,0,0,2,0,ok,espn
SP1-1617-2016-09-18-villarreal-sociedad,SP1,1617,2016-09-18,villarreal,sociedad,90,2,away,sociedad,villarreal,1,2,1,0,0,2,1,ok,espn
F1-1617-2016-09-21-lyon-montpellier,F1,1617,2016-09-21,lyon,montpellier,8,0,away,montpellier,lyon,1,0,1,0,0,5,1,ok,espn
F1-1617-2016-09-21-nantes-st-etienne,F1,1617,2016-09-21,nantes,st etienne,16,0,away,st etienne,nantes,0,0,1,0,0,0,0,ok,espn
F1-1617-2016-09-21-nice-monaco,F1,1617,2016-09-21,nice,monaco,83,0,away,monaco,nice,0,3,1,0,0,4,0,ok,espn
F1-1617-2016-09-21-rennes-marseille,F1,1617,2016-09-21,rennes,marseille,65,0,away,marseille,rennes,2,1,1,0,0,3,2,ok,espn
I1-1617-2016-09-21-bologna-sampdoria,I1,1617,2016-09-21,bologna,sampdoria,69,0,away,sampdoria,bologna,0,2,1,0,0,2,0,ok,espn
I1-1617-2016-09-21-bologna-sampdoria,I1,1617,2016-09-21,bologna,sampdoria,90,2,home,bologna,sampdoria,2,0,0,0,1,2,0,ok,espn
I1-1617-2016-09-21-pescara-torino,I1,1617,2016-09-21,pescara,torino,45,0,away,torino,pescara,0,0,1,0,0,0,0,ok,espn
I1-1617-2016-09-21-pescara-torino,I1,1617,2016-09-21,pescara,torino,78,0,away,torino,pescara,0,0,0,1,0,0,0,ok,espn
SP1-1617-2016-09-21-sociedad-las-palmas,SP1,1617,2016-09-21,sociedad,las palmas,21,0,away,las palmas,sociedad,0,1,1,0,0,4,1,ok,espn
F1-1617-2016-09-23-toulouse-paris-sg,F1,1617,2016-09-23,toulouse,paris sg,46,0,away,paris sg,toulouse,0,0,1,0,0,2,0,ok,espn
D1-1617-2016-09-24-augsburg-darmstadt,D1,1617,2016-09-24,augsburg,darmstadt,45,3,away,darmstadt,augsburg,0,0,1,0,0,1,0,ok,espn
E0-1617-2016-09-24-liverpool-hull,E0,1617,2016-09-24,Liverpool,hull,29,0,away,hull,Liverpool,0,1,1,0,0,5,1,ok,espn
F1-1617-2016-09-24-bastia-guingamp,F1,1617,2016-09-24,bastia,guingamp,38,0,away,guingamp,bastia,0,0,1,0,0,1,0,ok,espn
F1-1617-2016-09-24-bastia-guingamp,F1,1617,2016-09-24,bastia,guingamp,79,0,home,bastia,guingamp,1,0,0,0,1,1,0,ok,espn
SP1-1617-2016-09-24-ath-bilbao-sevilla,SP1,1617,2016-09-24,ath bilbao,sevilla,88,0,away,sevilla,ath bilbao,1,2,1,0,0,3,1,ok,espn
SP1-1617-2016-09-24-eibar-sociedad,SP1,1617,2016-09-24,eibar,sociedad,24,0,away,sociedad,eibar,0,0,1,0,0,2,0,ok,espn
SP1-1617-2016-09-24-sp-gijon-barcelona,SP1,1617,2016-09-24,sp gijon,barcelona,74,0,home,sp gijon,barcelona,0,2,1,0,0,0,5,ok,espn
F1-1617-2016-09-25-st-etienne-lille,F1,1617,2016-09-25,st etienne,lille,43,0,away,lille,st etienne,0,0,1,0,0,3,1,ok,espn
I1-1617-2016-09-25-genoa-pescara,I1,1617,2016-09-25,genoa,pescara,74,0,home,genoa,pescara,1,0,1,0,0,1,1,ok,espn
I1-1617-2016-09-25-genoa-pescara,I1,1617,2016-09-25,genoa,pescara,79,0,home,genoa,pescara,1,0,0,1,0,1,1,ok,espn
SP1-1617-2016-09-25-ath-madrid-la-coruna,SP1,1617,2016-09-25,ath madrid,la coruna,45,2,away,la coruna,ath madrid,0,0,1,0,0,1,0,ok,espn
I1-1617-2016-09-26-crotone-atalanta,I1,1617,2016-09-26,crotone,atalanta,62,0,away,atalanta,crotone,3,0,1,0,0,1,3,ok,espn
F1-1617-2016-09-30-rennes-guingamp,F1,1617,2016-09-30,rennes,guingamp,64,0,away,guingamp,rennes,0,0,1,0,0,1,0,ok,espn
F1-1617-2016-10-01-metz-monaco,F1,1617,2016-10-01,metz,monaco,60,0,home,metz,monaco,0,3,1,0,0,0,7,ok,espn
F1-1617-2016-10-02-nice-lorient,F1,1617,2016-10-02,nice,lorient,90,2,home,nice,lorient,2,1,1,0,0,2,1,ok,espn
I1-1617-2016-10-02-bologna-genoa,I1,1617,2016-10-02,bologna,genoa,44,0,home,bologna,genoa,0,0,1,0,0,0,1,ok,espn
I1-1617-2016-10-02-bologna-genoa,I1,1617,2016-10-02,bologna,genoa,85,0,away,genoa,bologna,1,0,0,0,1,0,1,ok,espn
I1-1617-2016-10-02-bologna-genoa,I1,1617,2016-10-02,bologna,genoa,87,0,home,bologna,genoa,0,1,0,1,1,0,1,ok,espn
I1-1617-2016-10-02-sampdoria-palermo,I1,1617,2016-10-02,sampdoria,palermo,90,2,away,palermo,sampdoria,1,0,1,0,0,1,1,ok,espn
SP1-1617-2016-10-02-malaga-ath-bilbao,SP1,1617,2016-10-02,malaga,ath bilbao,36,0,away,ath bilbao,malaga,1,0,1,0,0,2,1,ok,espn
SP1-1617-2016-10-02-malaga-ath-bilbao,SP1,1617,2016-10-02,malaga,ath bilbao,90,4,home,malaga,ath bilbao,2,1,0,0,1,2,1,ok,espn
D1-1617-2016-10-14-dortmund-hertha,D1,1617,2016-10-14,dortmund,hertha,84,0,home,dortmund,hertha,1,1,1,0,0,1,1,ok,espn
D1-1617-2016-10-14-dortmund-hertha,D1,1617,2016-10-14,dortmund,hertha,90,0,away,hertha,dortmund,1,1,0,0,1,1,1,ok,espn
F1-1617-2016-10-14-nice-lyon,F1,1617,2016-10-14,nice,lyon,28,0,away,lyon,nice,0,1,1,0,0,2,0,ok,espn
D1-1617-2016-10-15-ein-frankfurt-bayern-munich,D1,1617,2016-10-15,ein frankfurt,bayern munich,65,0,home,ein frankfurt,bayern munich,1,2,1,0,0,2,2,ok,espn
D1-1617-2016-10-15-m-gladbach-hamburg,D1,1617,2016-10-15,m gladbach,hamburg,25,0,away,hamburg,m gladbach,0,0,1,0,0,0,0,ok,espn
E0-1617-2016-10-15-arsenal-swansea,E0,1617,2016-10-15,Arsenal,swansea,70,0,home,Arsenal,swansea,3,2,1,0,0,3,2,ok,espn
E0-1617-2016-10-15-crystal-palace-west-ham,E0,1617,2016-10-15,Crystal Palace,West Ham,75,0,away,West Ham,Crystal Palace,1,0,1,0,0,0,1,ok,espn
F1-1617-2016-10-15-montpellier-caen,F1,1617,2016-10-15,montpellier,caen,71,0,home,montpellier,caen,2,2,1,0,0,3,2,ok,espn
I1-1617-2016-10-15-pescara-sampdoria,I1,1617,2016-10-15,pescara,sampdoria,45,0,home,pescara,sampdoria,1,1,1,0,0,1,1,ok,espn
SP1-1617-2016-10-15-barcelona-la-coruna,SP1,1617,2016-10-15,barcelona,la coruna,65,0,away,la coruna,barcelona,0,4,1,0,0,4,0,ok,espn
F1-1617-2016-10-16-st-etienne-dijon,F1,1617,2016-10-16,st etienne,dijon,90,4,away,dijon,st etienne,1,0,1,0,0,1,1,ok,espn
I1-1617-2016-10-16-genoa-empoli,I1,1617,2016-10-16,genoa,empoli,34,0,home,genoa,empoli,0,0,1,0,0,0,0,ok,espn
SP1-1617-2016-10-16-alaves-malaga,SP1,1617,2016-10-16,alaves,malaga,90,0,home,alaves,malaga,1,1,1,0,0,1,1,ok,espn
SP1-1617-2016-10-16-alaves-malaga,SP1,1617,2016-10-16,alaves,malaga,90,4,away,malaga,alaves,1,1,0,0,1,1,1,ok,espn
SP1-1617-2016-10-16-villarreal-celta,SP1,1617,2016-10-16,villarreal,celta,87,0,away,celta,villarreal,0,4,1,0,0,5,0,ok,espn
D1-1617-2016-10-21-hamburg-ein-frankfurt,D1,1617,2016-10-21,hamburg,ein frankfurt,57,0,home,hamburg,ein frankfurt,0,1,1,0,0,0,3,ok,espn
SP1-1617-2016-10-21-osasuna-betis,SP1,1617,2016-10-21,osasuna,betis,87,0,home,osasuna,betis,1,1,1,0,0,1,2,ok,espn
D1-1617-2016-10-22-darmstadt-wolfsburg,D1,1617,2016-10-22,darmstadt,wolfsburg,23,0,away,wolfsburg,darmstadt,0,0,1,0,0,3,1,ok,espn
D1-1617-2016-10-22-leverkusen-hoffenheim,D1,1617,2016-10-22,leverkusen,hoffenheim,6,0,home,leverkusen,hoffenheim,0,0,1,0,0,0,3,ok,espn
SP1-1617-2016-10-22-espanol-eibar,SP1,1617,2016-10-22,espanol,eibar,84,0,home,espanol,eibar,2,3,1,0,0,3,3,ok,espn
I1-1617-2016-10-23-crotone-napoli,I1,1617,2016-10-23,crotone,napoli,31,0,away,napoli,crotone,1,0,1,0,0,1,2,ok,espn
I1-1617-2016-10-23-empoli-chievo,I1,1617,2016-10-23,empoli,chievo,80,0,away,chievo,empoli,0,0,1,0,0,0,0,ok,espn
SP1-1617-2016-10-23-sevilla-ath-madrid,SP1,1617,2016-10-23,sevilla,ath madrid,77,0,away,ath madrid,sevilla,0,1,1,0,0,1,0,ok,espn
I1-1617-2016-10-25-genoa-milan,I1,1617,2016-10-25,genoa,milan,56,0,away,milan,genoa,0,1,1,0,0,3,0,ok,espn
I1-1617-2016-10-27-palermo-udinese,I1,1617,2016-10-27,palermo,udinese,82,0,home,palermo,udinese,1,3,1,0,0,1,3,ok,espn
D1-1617-2016-10-29-mainz-ingolstadt,D1,1617,2016-10-29,mainz,ingolstadt,86,0,away,ingolstadt,mainz,0,2,1,0,0,2,0,ok,espn
E0-1617-2016-10-29-man-united-burnley,E0,1617,2016-10-29,Manchester United,Burnley,68,0,home,Manchester United,Burnley,0,0,1,0,0,0,0,ok,espn
F1-1617-2016-10-29-toulouse-lyon,F1,1617,2016-10-29,toulouse,lyon,56,0,away,lyon,toulouse,2,1,1,0,0,1,2,ok,espn
I1-1617-2016-10-29-bologna-fiorentina,I1,1617,2016-10-29,bologna,fiorentina,29,0,home,bologna,fiorentina,0,0,1,0,0,0,1,ok,espn
SP1-1617-2016-10-29-ath-madrid-malaga,SP1,1617,2016-10-29,ath madrid,malaga,60,0,home,ath madrid,malaga,3,1,1,0,0,4,2,ok,espn
SP1-1617-2016-10-29-ath-madrid-malaga,SP1,1617,2016-10-29,ath madrid,malaga,88,0,away,malaga,ath madrid,2,4,0,0,1,4,2,ok,espn
D1-1617-2016-10-30-koln-hamburg,D1,1617,2016-10-30,koln,hamburg,58,0,away,hamburg,koln,0,0,1,0,0,3,0,ok,espn
SP1-1617-2016-10-30-las-palmas-celta,SP1,1617,2016-10-30,las palmas,celta,65,0,away,celta,las palmas,3,1,1,0,0,3,3,ok,espn
D1-1617-2016-11-04-hertha-m-gladbach,D1,1617,2016-11-04,hertha,m gladbach,39,0,away,m gladbach,hertha,0,2,1,0,0,3,0,ok,espn
SP1-1617-2016-11-04-malaga-sp-gijon,SP1,1617,2016-11-04,malaga,sp gijon,71,0,away,sp gijon,malaga,2,2,1,0,0,3,2,ok,espn
D1-1617-2016-11-05-freiburg-wolfsburg,D1,1617,2016-11-05,freiburg,wolfsburg,85,0,home,freiburg,wolfsburg,0,2,1,0,0,0,3,ok,espn
D1-1617-2016-11-05-ingolstadt-augsburg,D1,1617,2016-11-05,ingolstadt,augsburg,88,0,home,ingolstadt,augsburg,0,1,1,0,0,0,2,ok,espn
E0-1617-2016-11-05-bournemouth-sunderland,E0,1617,2016-11-05,Bournemouth,Sunderland,59,0,away,Sunderland,Bournemouth,1,1,1,0,0,1,2,ok,espn
F1-1617-2016-11-05-bordeaux-lorient,F1,1617,2016-11-05,bordeaux,lorient,86,0,away,lorient,bordeaux,1,2,1,0,0,2,1,ok,espn
F1-1617-2016-11-05-lyon-bastia,F1,1617,2016-11-05,lyon,bastia,47,0,away,bastia,lyon,0,1,1,0,0,2,1,ok,espn
F1-1617-2016-11-05-lyon-bastia,F1,1617,2016-11-05,lyon,bastia,73,0,away,bastia,lyon,0,1,0,1,0,2,1,ok,espn
I1-1617-2016-11-05-torino-cagliari,I1,1617,2016-11-05,torino,cagliari,58,0,away,cagliari,torino,1,4,1,0,0,5,1,ok,espn
F1-1617-2016-11-06-metz-st-etienne,F1,1617,2016-11-06,metz,st etienne,36,0,away,st etienne,metz,0,0,1,0,0,0,0,ok,espn
F1-1617-2016-11-18-lille-lyon,F1,1617,2016-11-18,lille,lyon,55,0,home,lille,lyon,0,1,1,0,0,0,1,ok,espn
E0-1617-2016-11-19-sunderland-hull,E0,1617,2016-11-19,Sunderland,hull,89,0,home,Sunderland,hull,3,0,1,0,0,3,0,ok,espn
E0-1617-2016-11-19-tottenham-west-ham,E0,1617,2016-11-19,Tottenham,West Ham,90,6,away,West Ham,Tottenham,2,3,1,0,0,3,2,ok,espn
F1-1617-2016-11-19-rennes-angers,F1,1617,2016-11-19,rennes,angers,58,0,away,angers,rennes,0,1,1,0,0,1,1,ok,espn
F1-1617-2016-11-19-rennes-angers,F1,1617,2016-11-19,rennes,angers,90,2,away,angers,rennes,1,1,0,1,0,1,1,ok,espn
SP1-1617-2016-11-19-barcelona-malaga,SP1,1617,2016-11-19,barcelona,malaga,68,0,away,malaga,barcelona,0,0,1,0,0,0,0,ok,espn
SP1-1617-2016-11-19-barcelona-malaga,SP1,1617,2016-11-19,barcelona,malaga,90,7,away,malaga,barcelona,0,0,0,1,0,0,0,ok,espn
SP1-1617-2016-11-19-eibar-celta,SP1,1617,2016-11-19,eibar,celta,90,0,away,celta,eibar,0,1,1,0,0,1,0,ok,espn
SP1-1617-2016-11-19-eibar-celta,SP1,1617,2016-11-19,eibar,celta,90,4,away,celta,eibar,0,1,0,1,0,1,0,ok,espn
I1-1617-2016-11-20-lazio-genoa,I1,1617,2016-11-20,lazio,genoa,90,1,away,genoa,lazio,1,3,1,0,0,3,1,ok,espn
F1-1617-2016-11-25-rennes-toulouse,F1,1617,2016-11-25,rennes,toulouse,90,1,away,toulouse,rennes,0,1,1,0,0,1,0,ok,espn
SP1-1617-2016-11-25-eibar-betis,SP1,1617,2016-11-25,eibar,betis,17,0,away,betis,eibar,0,0,1,0,0,3,1,ok,espn
F1-1617-2016-11-26-montpellier-nancy,F1,1617,2016-11-26,montpellier,nancy,82,0,home,montpellier,nancy,0,0,1,0,0,0,0,ok,espn
I1-1617-2016-11-26-torino-chievo,I1,1617,2016-11-26,torino,chievo,89,0,away,chievo,torino,1,2,1,0,0,2,1,ok,espn
D1-1617-2016-11-27-hertha-mainz,D1,1617,2016-11-27,hertha,mainz,62,0,away,mainz,hertha,1,1,1,0,0,2,1,ok,espn
D1-1617-2016-11-27-hertha-mainz,D1,1617,2016-11-27,hertha,mainz,74,0,home,hertha,mainz,2,1,0,0,1,2,1,ok,espn
E0-1617-2016-11-27-watford-stoke,E0,1617,2016-11-27,watford,stoke,90,0,home,watford,stoke,0,1,1,0,0,0,1,ok,espn
F1-1617-2016-11-27-angers-st-etienne,F1,1617,2016-11-27,angers,st etienne,90,6,away,st etienne,angers,2,1,1,0,0,1,2,ok,espn
I1-1617-2016-11-27-palermo-lazio,I1,1617,2016-11-27,palermo,lazio,86,0,home,palermo,lazio,0,1,1,0,0,0,1,ok,espn
I1-1617-2016-11-28-inter-fiorentina,I1,1617,2016-11-28,inter,fiorentina,45,1,away,fiorentina,inter,1,3,1,0,0,4,2,ok,espn
SP1-1617-2016-11-28-las-palmas-ath-bilbao,SP1,1617,2016-11-28,las palmas,ath bilbao,74,0,away,ath bilbao,las palmas,0,2,1,0,0,3,1,ok,espn
F1-1617-2016-11-30-bastia-bordeaux,F1,1617,2016-11-30,bastia,bordeaux,82,0,home,bastia,bordeaux,1,1,1,0,0,1,1,ok,espn
F1-1617-2016-11-30-nancy-metz,F1,1617,2016-11-30,nancy,metz,83,0,away,metz,nancy,0,3,1,0,0,4,0,ok,espn
F1-1617-2016-12-02-caen-dijon,F1,1617,2016-12-02,caen,dijon,31,0,away,dijon,caen,1,1,1,0,0,3,3,ok,espn
D1-1617-2016-12-03-wolfsburg-hertha,D1,1617,2016-12-03,wolfsburg,hertha,87,0,home,wolfsburg,hertha,2,2,1,0,0,2,3,ok,espn
E0-1617-2016-12-03-man-city-chelsea,E0,1617,2016-12-03,Manchester City,Chelsea,90,6,home,Manchester City,Chelsea,1,3,1,0,0,1,3,ok,espn
E0-1617-2016-12-03-man-city-chelsea,E0,1617,2016-12-03,Manchester City,Chelsea,90,7,home,Manchester City,Chelsea,1,3,0,1,0,1,3,ok,espn
E0-1617-2016-12-03-west-brom-watford,E0,1617,2016-12-03,west brom,watford,84,0,away,watford,west brom,1,2,1,0,0,3,1,ok,espn
F1-1617-2016-12-03-guingamp-nantes,F1,1617,2016-12-03,guingamp,nantes,71,0,away,nantes,guingamp,0,2,1,0,0,2,0,ok,espn
F1-1617-2016-12-04-marseille-nancy,F1,1617,2016-12-04,marseille,nancy,82,0,away,nancy,marseille,0,2,1,0,0,3,0,ok,espn
I1-1617-2016-12-04-lazio-roma,I1,1617,2016-12-04,lazio,roma,66,0,home,lazio,roma,0,1,1,0,0,0,2,ok,espn
I1-1617-2016-12-04-pescara-cagliari,I1,1617,2016-12-04,pescara,cagliari,33,0,away,cagliari,pescara,1,0,1,0,0,1,1,ok,espn
SP1-1617-2016-12-04-betis-celta,SP1,1617,2016-12-04,betis,celta,90,2,home,betis,celta,3,3,1,0,0,3,3,ok,espn
I1-1617-2016-12-05-udinese-bologna,I1,1617,2016-12-05,udinese,bologna,68,0,away,bologna,udinese,0,0,1,0,0,1,0,ok,espn
D1-1617-2016-12-09-ein-frankfurt-hoffenheim,D1,1617,2016-12-09,ein frankfurt,hoffenheim,82,0,home,ein frankfurt,hoffenheim,0,0,1,0,0,0,0,ok,espn
D1-1617-2016-12-10-hamburg-augsburg,D1,1617,2016-12-10,hamburg,augsburg,44,0,home,hamburg,augsburg,0,0,1,0,0,1,0,ok,espn
D1-1617-2016-12-10-hamburg-augsburg,D1,1617,2016-12-10,hamburg,augsburg,66,0,away,augsburg,hamburg,0,0,0,0,1,1,0,ok,espn
D1-1617-2016-12-10-ingolstadt-rb-leipzig,D1,1617,2016-12-10,ingolstadt,rb leipzig,90,4,home,ingolstadt,rb leipzig,1,0,1,0,0,1,0,ok,espn
D1-1617-2016-12-10-koln-dortmund,D1,1617,2016-12-10,koln,dortmund,90,4,home,koln,dortmund,1,1,1,0,0,1,1,ok,espn
F1-1617-2016-12-10-bordeaux-monaco,F1,1617,2016-12-10,bordeaux,monaco,68,0,home,bordeaux,monaco,0,4,1,0,0,0,4,ok,espn
I1-1617-2016-12-10-crotone-pescara,I1,1617,2016-12-10,crotone,pescara,73,0,away,pescara,crotone,0,1,1,0,0,2,1,ok,espn
I1-1617-2016-12-10-crotone-pescara,I1,1617,2016-12-10,crotone,pescara,80,0,home,crotone,pescara,1,0,0,0,1,2,1,ok,espn
SP1-1617-2016-12-10-sociedad-valencia,SP1,1617,2016-12-10,sociedad,valencia,82,0,away,valencia,sociedad,1,2,1,0,0,3,2,ok,espn
D1-1617-2016-12-11-m-gladbach-mainz,D1,1617,2016-12-11,m gladbach,mainz,90,0,away,mainz,m gladbach,0,1,1,0,0,1,0,ok,espn
D1-1617-2016-12-11-schalke-04-leverkusen,D1,1617,2016-12-11,schalke 04,leverkusen,4,0,home,schalke 04,leverkusen,0,0,1,0,0,0,1,ok,espn
F1-1617-2016-12-11-lyon-rennes,F1,1617,2016-12-11,lyon,rennes,74,0,away,rennes,lyon,0,1,1,0,0,1,0,ok,espn
E0-1617-2016-12-13-everton-arsenal,E0,1617,2016-12-13,Everton,Arsenal,90,3,home,Everton,Arsenal,2,1,1,0,0,2,1,ok,espn
E0-1617-2016-12-14-stoke-southampton,E0,1617,2016-12-14,stoke,Southampton,23,0,home,stoke,Southampton,0,0,1,0,0,0,0,ok,espn
D1-1617-2016-12-16-hoffenheim-dortmund,D1,1617,2016-12-16,hoffenheim,dortmund,41,0,away,dortmund,hoffenheim,1,2,1,0,0,2,2,ok,espn
E0-1617-2016-12-17-stoke-leicester,E0,1617,2016-12-17,stoke,Leicester,28,0,away,Leicester,stoke,0,0,1,0,0,2,2,ok,espn
F1-1617-2016-12-17-lorient-st-etienne,F1,1617,2016-12-17,lorient,st etienne,10,0,away,st etienne,lorient,0,0,1,0,0,2,1,ok,espn
F1-1617-2016-12-17-montpellier-bordeaux,F1,1617,2016-12-17,montpellier,bordeaux,38,0,away,bordeaux,montpellier,0,2,1,0,0,4,0,ok,espn
SP1-1617-2016-12-17-sevilla-malaga,SP1,1617,2016-12-17,sevilla,malaga,61,0,home,sevilla,malaga,4,0,1,0,0,4,1,ok,espn
D1-1617-2016-12-18-leverkusen-ingolstadt,D1,1617,2016-12-18,leverkusen,ingolstadt,49,0,home,leverkusen,ingolstadt,0,1,1,0,0,1,2,ok,espn
F1-1617-2016-12-18-caen-metz,F1,1617,2016-12-18,caen,metz,57,0,away,metz,caen,0,1,1,0,0,3,0,ok,espn
F1-1617-2016-12-18-monaco-lyon,F1,1617,2016-12-18,monaco,lyon,39,0,home,monaco,lyon,0,1,1,0,0,1,3,ok,espn
F1-1617-2016-12-18-nice-dijon,F1,1617,2016-12-18,nice,dijon,88,0,away,dijon,nice,1,2,1,0,0,2,1,ok,espn
I1-1617-2016-12-18-genoa-palermo,I1,1617,2016-12-18,genoa,palermo,90,3,home,genoa,palermo,3,4,1,0,0,3,4,ok,espn
I1-1617-2016-12-18-pescara-bologna,I1,1617,2016-12-18,pescara,bologna,16,0,home,pescara,bologna,0,1,1,0,0,0,3,ok,espn
I1-1617-2016-12-18-sassuolo-inter,I1,1617,2016-12-18,sassuolo,inter,90,2,away,inter,sassuolo,1,0,1,0,0,0,1,ok,espn
I1-1617-2016-12-18-udinese-crotone,I1,1617,2016-12-18,udinese,crotone,86,0,away,crotone,udinese,0,2,1,0,0,2,0,ok,espn
SP1-1617-2016-12-18-leganes-eibar,SP1,1617,2016-12-18,leganes,eibar,26,0,home,leganes,eibar,1,0,1,0,0,1,1,ok,espn
SP1-1617-2016-12-19-ath-bilbao-celta,SP1,1617,2016-12-19,ath bilbao,celta,80,0,away,celta,ath bilbao,1,0,1,0,0,2,1,ok,espn
D1-1617-2016-12-20-ein-frankfurt-mainz,D1,1617,2016-12-20,ein frankfurt,mainz,55,0,away,mainz,ein frankfurt,0,1,1,0,0,3,0,ok,espn
D1-1617-2016-12-21-bayern-munich-rb-leipzig,D1,1617,2016-12-21,bayern munich,rb leipzig,30,0,away,rb leipzig,bayern munich,0,2,1,0,0,3,0,ok,espn
F1-1617-2016-12-21-bordeaux-nice,F1,1617,2016-12-21,bordeaux,nice,90,1,away,nice,bordeaux,0,0,1,0,0,0,0,ok,espn
F1-1617-2016-12-21-bordeaux-nice,F1,1617,2016-12-21,bordeaux,nice,90,5,away,nice,bordeaux,0,0,0,1,0,0,0,ok,espn
F1-1617-2016-12-21-monaco-caen,F1,1617,2016-12-21,monaco,caen,51,0,away,caen,monaco,0,1,1,0,0,2,1,ok,espn
F1-1617-2016-12-21-st-etienne-nancy,F1,1617,2016-12-21,st etienne,nancy,60,0,away,nancy,st etienne,0,0,1,0,0,0,0,ok,espn
I1-1617-2016-12-22-cagliari-sassuolo,I1,1617,2016-12-22,cagliari,sassuolo,34,0,away,sassuolo,cagliari,2,1,1,0,0,4,3,ok,espn
E0-1617-2016-12-28-southampton-tottenham,E0,1617,2016-12-28,Southampton,Tottenham,57,0,home,Southampton,Tottenham,1,2,1,0,0,1,4,ok,espn
E0-1617-2016-12-31-southampton-west-brom,E0,1617,2016-12-31,Southampton,west brom,89,0,home,Southampton,west brom,1,2,1,0,0,1,2,ok,espn
E0-1617-2017-01-02-man-city-burnley,E0,1617,2017-01-02,Manchester City,Burnley,32,0,home,Manchester City,Burnley,0,0,1,0,0,2,1,ok,espn
E0-1617-2017-01-02-west-ham-man-united,E0,1617,2017-01-02,West Ham,Manchester United,15,0,home,West Ham,Manchester United,0,0,1,0,0,0,2,ok,espn
E0-1617-2017-01-03-bournemouth-arsenal,E0,1617,2017-01-03,Bournemouth,Arsenal,82,0,home,Bournemouth,Arsenal,3,2,1,0,0,3,3,ok,espn
SP1-1617-2017-01-06-espanol-la-coruna,SP1,1617,2017-01-06,espanol,la coruna,90,0,away,la coruna,espanol,1,1,1,0,0,1,1,ok,espn
I1-1617-2017-01-07-napoli-sampdoria,I1,1617,2017-01-07,napoli,sampdoria,61,0,away,sampdoria,napoli,1,0,1,0,0,2,1,ok,espn
I1-1617-2017-01-08-milan-cagliari,I1,1617,2017-01-08,milan,cagliari,90,4,away,cagliari,milan,0,1,1,0,0,1,0,ok,espn
SP1-1617-2017-01-08-villarreal-barcelona,SP1,1617,2017-01-08,villarreal,barcelona,90,4,home,villarreal,barcelona,1,1,1,0,0,1,1,ok,espn
F1-1617-2017-01-14-nancy-bastia,F1,1617,2017-01-14,nancy,bastia,86,0,away,bastia,nancy,0,1,1,0,0,1,0,ok,espn
I1-1617-2017-01-15-cagliari-genoa,I1,1617,2017-01-15,cagliari,genoa,79,0,home,cagliari,genoa,4,1,1,0,0,4,1,ok,espn
SP1-1617-2017-01-15-celta-alaves,SP1,1617,2017-01-15,celta,alaves,46,0,away,alaves,celta,0,0,1,0,0,1,0,ok,espn
SP1-1617-2017-01-15-granada-osasuna,SP1,1617,2017-01-15,granada,osasuna,73,0,home,granada,osasuna,1,1,1,0,0,1,1,ok,espn
SP1-1617-2017-01-15-granada-osasuna,SP1,1617,2017-01-15,granada,osasuna,90,5,home,granada,osasuna,1,1,0,1,0,1,1,ok,espn
I1-1617-2017-01-16-torino-milan,I1,1617,2017-01-16,torino,milan,89,0,away,milan,torino,2,2,1,0,0,2,2,ok,espn
F1-1617-2017-01-20-bastia-nice,F1,1617,2017-01-20,bastia,nice,64,0,home,bastia,nice,1,1,1,0,0,1,1,ok,espn
SP1-1617-2017-01-20-las-palmas-la-coruna,SP1,1617,2017-01-20,las palmas,la coruna,77,0,home,las palmas,la coruna,1,1,1,0,0,1,1,ok,espn
D1-1617-2017-01-21-rb-leipzig-ein-frankfurt,D1,1617,2017-01-21,rb leipzig,ein frankfurt,3,0,away,ein frankfurt,rb leipzig,0,0,1,0,0,3,0,ok,espn
D1-1617-2017-01-21-werder-bremen-dortmund,D1,1617,2017-01-21,werder bremen,dortmund,39,0,home,werder bremen,dortmund,0,1,1,0,0,1,2,ok,espn
D1-1617-2017-01-21-wolfsburg-hamburg,D1,1617,2017-01-21,wolfsburg,hamburg,33,0,away,hamburg,wolfsburg,0,0,1,0,0,1,0,ok,espn
F1-1617-2017-01-21-bordeaux-toulouse,F1,1617,2017-01-21,bordeaux,toulouse,43,0,away,toulouse,bordeaux,0,1,1,0,0,1,0,ok,espn
F1-1617-2017-01-21-guingamp-rennes,F1,1617,2017-01-21,guingamp,rennes,45,2,away,rennes,guingamp,0,1,1,0,0,1,1,ok,espn
E0-1617-2017-01-22-arsenal-burnley,E0,1617,2017-01-22,Arsenal,Burnley,65,0,home,Arsenal,Burnley,1,0,1,0,0,2,1,ok,espn
I1-1617-2017-01-22-palermo-inter,I1,1617,2017-01-22,palermo,inter,79,0,away,inter,palermo,1,0,1,0,0,0,1,ok,espn
I1-1617-2017-01-22-palermo-inter,I1,1617,2017-01-22,palermo,inter,90,5,home,palermo,inter,0,1,0,0,1,0,1,ok,espn
I1-1617-2017-01-22-roma-cagliari,I1,1617,2017-01-22,roma,cagliari,90,3,away,cagliari,roma,0,1,1,0,0,1,0,ok,espn
F1-1617-2017-01-27-marseille-montpellier,F1,1617,2017-01-27,marseille,montpellier,87,0,away,montpellier,marseille,1,4,1,0,0,5,1,ok,espn
D1-1617-2017-01-28-rb-leipzig-hoffenheim,D1,1617,2017-01-28,rb leipzig,hoffenheim,60,0,away,hoffenheim,rb leipzig,1,1,1,0,0,2,1,ok,espn
F1-1617-2017-01-28-angers-metz,F1,1617,2017-01-28,angers,metz,39,0,away,metz,angers,1,2,1,0,0,2,1,ok,espn
F1-1617-2017-01-28-angers-metz,F1,1617,2017-01-28,angers,metz,66,0,away,metz,angers,1,2,0,1,0,2,1,ok,espn
F1-1617-2017-01-29-toulouse-st-etienne,F1,1617,2017-01-29,toulouse,st etienne,47,0,home,toulouse,st etienne,0,1,1,0,0,0,3,ok,espn
I1-1617-2017-01-29-cagliari-bologna,I1,1617,2017-01-29,cagliari,bologna,88,0,away,bologna,cagliari,1,0,1,0,0,1,1,ok,espn
I1-1617-2017-01-29-cagliari-bologna,I1,1617,2017-01-29,cagliari,bologna,90,1,away,bologna,cagliari,1,0,0,1,0,1,1,ok,espn
I1-1617-2017-01-29-fiorentina-genoa,I1,1617,2017-01-29,fiorentina,genoa,85,0,home,fiorentina,genoa,3,2,1,0,0,3,3,ok,espn
I1-1617-2017-01-29-napoli-palermo,I1,1617,2017-01-29,napoli,palermo,89,0,away,palermo,napoli,1,1,1,0,0,1,1,ok,espn
SP1-1617-2017-01-29-espanol-sevilla,SP1,1617,2017-01-29,espanol,sevilla,2,0,away,sevilla,espanol,0,0,1,0,0,3,1,ok,espn
SP1-1617-2017-01-29-real-madrid-sociedad,SP1,1617,2017-01-29,real madrid,sociedad,74,0,away,sociedad,real madrid,0,2,1,0,0,3,0,ok,espn
SP1-1617-2017-01-30-las-palmas-valencia,SP1,1617,2017-01-30,las palmas,valencia,51,0,away,valencia,las palmas,1,1,1,0,0,3,1,ok,espn
E0-1617-2017-02-04-watford-burnley,E0,1617,2017-02-04,watford,Burnley,6,0,away,Burnley,watford,0,0,1,0,0,2,1,ok,espn
F1-1617-2017-02-04-montpellier-bastia,F1,1617,2017-02-04,montpellier,bastia,90,3,away,bastia,montpellier,1,2,1,0,0,2,1,ok,espn
I1-1617-2017-02-04-bologna-napoli,I1,1617,2017-02-04,bologna,napoli,26,0,away,napoli,bologna,2,0,1,0,0,1,7,ok,espn
I1-1617-2017-02-04-bologna-napoli,I1,1617,2017-02-04,bologna,napoli,32,0,home,bologna,napoli,0,2,0,0,1,1,7,ok,espn
SP1-1617-2017-02-04-valencia-eibar,SP1,1617,2017-02-04,valencia,eibar,45,1,home,valencia,eibar,0,1,1,0,0,0,4,ok,espn
F1-1617-2017-02-05-nantes-nancy,F1,1617,2017-02-05,nantes,nancy,90,2,away,nancy,nantes,2,0,1,0,0,0,2,ok,espn
F1-1617-2017-02-05-nantes-nancy,F1,1617,2017-02-05,nantes,nancy,90,2,home,nantes,nancy,0,2,0,0,1,0,2,ok,espn
F1-1617-2017-02-05-st-etienne-lyon,F1,1617,2017-02-05,st etienne,lyon,90,2,away,lyon,st etienne,0,2,1,0,0,2,0,ok,espn
F1-1617-2017-02-05-st-etienne-lyon,F1,1617,2017-02-05,st etienne,lyon,90,3,away,lyon,st etienne,0,2,0,1,0,2,0,ok,espn
I1-1617-2017-02-05-chievo-udinese,I1,1617,2017-02-05,chievo,udinese,81,0,home,chievo,udinese,0,0,1,0,0,0,0,ok,espn
I1-1617-2017-02-05-juventus-inter,I1,1617,2017-02-05,juventus,inter,90,4,away,inter,juventus,0,1,1,0,0,1,0,ok,espn
I1-1617-2017-02-05-milan-sampdoria,I1,1617,2017-02-05,milan,sampdoria,90,0,home,milan,sampdoria,0,1,1,0,0,0,1,ok,espn
I1-1617-2017-02-05-palermo-crotone,I1,1617,2017-02-05,palermo,crotone,69,0,away,crotone,palermo,0,1,1,0,0,1,0,ok,espn
F1-1617-2017-02-07-montpellier-monaco,F1,1617,2017-02-07,montpellier,monaco,88,0,away,monaco,montpellier,2,1,1,0,0,1,2,ok,espn
F1-1617-2017-02-08-angers-rennes,F1,1617,2017-02-08,angers,rennes,85,0,away,rennes,angers,0,0,1,0,0,0,0,ok,espn
F1-1617-2017-02-08-metz-dijon,F1,1617,2017-02-08,metz,dijon,60,0,away,dijon,metz,0,1,1,0,0,2,1,ok,espn
I1-1617-2017-02-08-bologna-milan,I1,1617,2017-02-08,bologna,milan,36,0,away,milan,bologna,0,0,1,0,0,0,1,ok,espn
I1-1617-2017-02-08-bologna-milan,I1,1617,2017-02-08,bologna,milan,59,0,away,milan,bologna,0,0,0,1,0,0,1,ok,espn
E0-1617-2017-02-11-arsenal-hull,E0,1617,2017-02-11,Arsenal,hull,90,1,away,hull,Arsenal,0,1,1,0,0,2,0,ok,espn
F1-1617-2017-02-11-lille-angers,F1,1617,2017-02-11,lille,angers,83,0,home,lille,angers,1,2,1,0,0,1,2,ok,espn
F1-1617-2017-02-11-toulouse-bastia,F1,1617,2017-02-11,toulouse,bastia,61,0,away,bastia,toulouse,1,2,1,0,0,4,1,ok,espn
F1-1617-2017-02-11-toulouse-bastia,F1,1617,2017-02-11,toulouse,bastia,75,0,away,bastia,toulouse,1,2,0,1,0,4,1,ok,espn
I1-1617-2017-02-12-cagliari-juventus,I1,1617,2017-02-12,cagliari,juventus,67,0,home,cagliari,juventus,0,2,1,0,0,0,2,ok,espn
I1-1617-2017-02-12-sassuolo-chievo,I1,1617,2017-02-12,sassuolo,chievo,3,0,home,sassuolo,chievo,0,0,1,0,0,1,3,ok,espn
SP1-1617-2017-02-12-leganes-sp-gijon,SP1,1617,2017-02-12,leganes,sp gijon,70,0,away,sp gijon,leganes,1,0,1,0,0,0,2,ok,espn
SP1-1617-2017-02-12-villarreal-malaga,SP1,1617,2017-02-12,villarreal,malaga,71,0,home,villarreal,malaga,1,1,1,0,0,1,1,ok,espn
SP1-1617-2017-02-17-granada-betis,SP1,1617,2017-02-17,granada,betis,66,0,away,betis,granada,0,4,1,0,0,4,1,ok,espn
SP1-1617-2017-02-17-granada-betis,SP1,1617,2017-02-17,granada,betis,66,0,home,granada,betis,4,0,0,0,1,4,1,ok,espn
D1-1617-2017-02-18-ein-frankfurt-ingolstadt,D1,1617,2017-02-18,ein frankfurt,ingolstadt,34,0,home,ein frankfurt,ingolstadt,0,1,1,0,0,0,2,ok,espn
D1-1617-2017-02-18-ein-frankfurt-ingolstadt,D1,1617,2017-02-18,ein frankfurt,ingolstadt,81,0,away,ingolstadt,ein frankfurt,2,0,0,0,1,0,2,ok,espn
F1-1617-2017-02-18-caen-lille,F1,1617,2017-02-18,caen,lille,63,0,away,lille,caen,0,0,1,0,0,0,1,ok,espn
F1-1617-2017-02-18-lorient-nice,F1,1617,2017-02-18,lorient,nice,68,0,away,nice,lorient,1,0,1,0,0,0,1,ok,espn
F1-1617-2017-02-19-bordeaux-guingamp,F1,1617,2017-02-19,bordeaux,guingamp,59,0,away,guingamp,bordeaux,0,2,1,0,0,3,0,ok,espn
F1-1617-2017-02-19-montpellier-st-etienne,F1,1617,2017-02-19,montpellier,st etienne,51,0,away,st etienne,montpellier,1,1,1,0,0,2,1,ok,espn
SP1-1617-2017-02-20-malaga-las-palmas,SP1,1617,2017-02-20,malaga,las palmas,70,0,home,malaga,las palmas,2,1,1,0,0,2,1,ok,espn
F1-1617-2017-02-21-caen-nancy,F1,1617,2017-02-21,caen,nancy,78,0,away,nancy,caen,0,1,1,0,0,1,0,ok,espn
F1-1617-2017-02-24-nantes-dijon,F1,1617,2017-02-24,nantes,dijon,85,0,away,dijon,nantes,1,3,1,0,0,3,1,ok,espn
D1-1617-2017-02-25-hertha-ein-frankfurt,D1,1617,2017-02-25,hertha,ein frankfurt,78,0,away,ein frankfurt,hertha,0,1,1,0,0,2,0,ok,espn
E0-1617-2017-02-25-hull-burnley,E0,1617,2017-02-25,hull,Burnley,90,2,away,Burnley,hull,1,1,1,0,0,1,1,ok,espn
E0-1617-2017-02-25-watford-west-ham,E0,1617,2017-02-25,watford,West Ham,86,0,away,West Ham,watford,1,1,1,0,0,1,1,ok,espn
F1-1617-2017-02-25-angers-bastia,F1,1617,2017-02-25,angers,bastia,74,0,away,bastia,angers,0,2,1,0,0,3,0,ok,espn
F1-1617-2017-02-25-lille-bordeaux,F1,1617,2017-02-25,lille,bordeaux,80,0,home,lille,bordeaux,2,2,1,0,0,2,3,ok,espn
F1-1617-2017-02-25-lille-bordeaux,F1,1617,2017-02-25,lille,bordeaux,90,2,home,lille,bordeaux,2,3,0,1,0,2,3,ok,espn
I1-1617-2017-02-25-napoli-atalanta,I1,1617,2017-02-25,napoli,atalanta,67,0,away,atalanta,napoli,1,0,1,0,0,0,2,ok,espn
SP1-1617-2017-02-25-alaves-valencia,SP1,1617,2017-02-25,alaves,valencia,88,0,away,valencia,alaves,1,2,1,0,0,2,1,ok,espn
SP1-1617-2017-02-25-eibar-malaga,SP1,1617,2017-02-25,eibar,malaga,71,0,away,malaga,eibar,0,3,1,0,0,3,0,ok,espn
SP1-1617-2017-02-25-leganes-la-coruna,SP1,1617,2017-02-25,leganes,la coruna,62,0,away,la coruna,leganes,0,2,1,0,0,4,0,ok,espn
I1-1617-2017-02-26-genoa-bologna,I1,1617,2017-02-26,genoa,bologna,75,0,away,bologna,genoa,1,0,1,0,0,1,1,ok,espn
SP1-1617-2017-02-26-espanol-osasuna,SP1,1617,2017-02-26,espanol,osasuna,27,0,away,osasuna,espanol,0,1,1,0,0,3,0,ok,espn
SP1-1617-2017-02-26-sp-gijon-celta,SP1,1617,2017-02-26,sp gijon,celta,74,0,home,sp gijon,celta,1,0,1,0,0,1,1,ok,espn
SP1-1617-2017-02-28-sociedad-eibar,SP1,1617,2017-02-28,sociedad,eibar,46,0,away,eibar,sociedad,1,1,1,0,0,2,2,ok,espn
SP1-1617-2017-02-28-sociedad-eibar,SP1,1617,2017-02-28,sociedad,eibar,59,0,home,sociedad,eibar,1,1,0,0,1,2,2,ok,espn
SP1-1617-2017-02-28-valencia-leganes,SP1,1617,2017-02-28,valencia,leganes,80,0,away,leganes,valencia,0,1,1,0,0,1,0,ok,espn
F1-1617-2017-03-01-bastia-nantes,F1,1617,2017-03-01,bastia,nantes,10,0,home,bastia,nantes,0,0,1,0,0,2,2,ok,espn
SP1-1617-2017-03-01-celta-espanol,SP1,1617,2017-03-01,celta,espanol,43,0,home,celta,espanol,2,2,1,0,0,2,2,ok,espn
SP1-1617-2017-03-01-granada-alaves,SP1,1617,2017-03-01,granada,alaves,90,3,away,alaves,granada,1,2,1,0,0,2,1,ok,espn
SP1-1617-2017-03-01-granada-alaves,SP1,1617,2017-03-01,granada,alaves,90,4,away,alaves,granada,1,2,0,1,0,2,1,ok,espn
SP1-1617-2017-03-01-real-madrid-las-palmas,SP1,1617,2017-03-01,real madrid,las palmas,47,0,home,real madrid,las palmas,1,1,1,0,0,3,3,ok,espn
E0-1617-2017-03-04-man-united-bournemouth,E0,1617,2017-03-04,Manchester United,Bournemouth,45,0,away,Bournemouth,Manchester United,1,1,1,0,0,1,1,ok,espn
F1-1617-2017-03-04-bastia-st-etienne,F1,1617,2017-03-04,bastia,st etienne,44,0,home,bastia,st etienne,0,0,1,0,0,0,0,ok,espn
F1-1617-2017-03-04-bastia-st-etienne,F1,1617,2017-03-04,bastia,st etienne,65,0,away,st etienne,bastia,0,0,0,0,1,0,0,ok,espn
I1-1617-2017-03-05-torino-palermo,I1,1617,2017-03-05,torino,palermo,78,0,away,palermo,torino,1,2,1,0,0,3,1,ok,espn
D1-1617-2017-03-10-leverkusen-werder-bremen,D1,1617,2017-03-10,leverkusen,werder bremen,90,0,home,leverkusen,werder bremen,1,1,1,0,0,1,1,ok,espn
I1-1617-2017-03-10-juventus-milan,I1,1617,2017-03-10,juventus,milan,90,3,away,milan,juventus,1,1,1,0,0,2,1,ok,espn
D1-1617-2017-03-11-darmstadt-mainz,D1,1617,2017-03-11,darmstadt,mainz,59,0,home,darmstadt,mainz,2,1,1,0,0,2,1,ok,espn
D1-1617-2017-03-11-darmstadt-mainz,D1,1617,2017-03-11,darmstadt,mainz,89,0,away,mainz,darmstadt,1,2,0,0,1,2,1,ok,espn
F1-1617-2017-03-11-guingamp-bastia,F1,1617,2017-03-11,guingamp,bastia,60,0,away,bastia,guingamp,0,2,1,0,0,5,0,ok,espn
SP1-1617-2017-03-11-granada-ath-madrid,SP1,1617,2017-03-11,granada,ath madrid,90,4,home,granada,ath madrid,0,1,1,0,0,0,1,ok,espn
SP1-1617-2017-03-11-malaga-alaves,SP1,1617,2017-03-11,malaga,alaves,72,0,away,alaves,malaga,1,1,1,0,0,1,2,ok,espn
SP1-1617-2017-03-12-real-madrid-betis,SP1,1617,2017-03-12,real madrid,betis,78,0,away,betis,real madrid,1,1,1,0,0,2,1,ok,espn
SP1-1617-2017-03-17-las-palmas-villarreal,SP1,1617,2017-03-17,las palmas,villarreal,19,0,away,villarreal,las palmas,0,1,1,0,0,1,0,ok,espn
E0-1617-2017-03-18-everton-hull,E0,1617,2017-03-18,Everton,hull,73,0,away,hull,Everton,0,1,1,0,0,4,0,ok,espn
E0-1617-2017-03-18-stoke-chelsea,E0,1617,2017-03-18,stoke,Chelsea,90,5,home,stoke,Chelsea,1,2,1,0,0,1,2,ok,espn
F1-1617-2017-03-18-bordeaux-montpellier,F1,1617,2017-03-18,bordeaux,montpellier,81,0,away,montpellier,bordeaux,1,4,1,0,0,5,1,ok,espn
F1-1617-2017-03-18-toulouse-rennes,F1,1617,2017-03-18,toulouse,rennes,62,0,home,toulouse,rennes,0,0,1,0,0,0,0,ok,espn
SP1-1617-2017-03-18-alaves-sociedad,SP1,1617,2017-03-18,alaves,sociedad,67,0,away,sociedad,alaves,0,1,1,0,0,1,0,ok,espn
I1-1617-2017-03-19-udinese-palermo,I1,1617,2017-03-19,udinese,palermo,74,0,away,palermo,udinese,1,3,1,0,0,4,1,ok,espn
SP1-1617-2017-03-19-barcelona-valencia,SP1,1617,2017-03-19,barcelona,valencia,44,0,away,valencia,barcelona,1,1,1,0,0,4,2,ok,espn
D1-1617-2017-03-31-hertha-hoffenheim,D1,1617,2017-03-31,hertha,hoffenheim,58,0,home,hertha,hoffenheim,1,1,1,0,0,1,3,ok,espn
F1-1617-2017-03-31-guingamp-nancy,F1,1617,2017-03-31,guingamp,nancy,27,0,away,nancy,guingamp,0,0,1,0,0,1,0,ok,espn
D1-1617-2017-04-01-ein-frankfurt-m-gladbach,D1,1617,2017-04-01,ein frankfurt,m gladbach,85,0,away,m gladbach,ein frankfurt,0,0,1,0,0,0,0,ok,espn
D1-1617-2017-04-01-rb-leipzig-darmstadt,D1,1617,2017-04-01,rb leipzig,darmstadt,72,0,away,darmstadt,rb leipzig,0,2,1,0,0,4,0,ok,espn
F1-1617-2017-04-02-lorient-caen,F1,1617,2017-04-02,lorient,caen,49,0,home,lorient,caen,1,0,1,0,0,1,0,ok,espn
F1-1617-2017-04-02-lorient-caen,F1,1617,2017-04-02,lorient,caen,81,0,away,caen,lorient,0,1,0,0,1,1,0,ok,espn
F1-1617-2017-04-02-nantes-angers,F1,1617,2017-04-02,nantes,angers,86,0,away,angers,nantes,1,2,1,0,0,2,1,ok,espn
F1-1617-2017-04-02-rennes-lyon,F1,1617,2017-04-02,rennes,lyon,5,0,home,rennes,lyon,0,0,1,0,0,1,1,ok,espn
I1-1617-2017-04-02-genoa-atalanta,I1,1617,2017-04-02,genoa,atalanta,60,0,home,genoa,atalanta,0,2,1,0,0,0,5,ok,espn
SP1-1617-2017-04-02-granada-barcelona,SP1,1617,2017-04-02,granada,barcelona,82,0,home,granada,barcelona,1,2,1,0,0,1,4,ok,espn
E0-1617-2017-04-04-man-united-everton,E0,1617,2017-04-04,Manchester United,Everton,90,3,away,Everton,Manchester United,1,0,1,0,0,1,1,ok,espn
E0-1617-2017-04-04-watford-west-brom,E0,1617,2017-04-04,watford,west brom,65,0,home,watford,west brom,2,0,1,0,0,2,0,ok,espn
D1-1617-2017-04-05-mainz-rb-leipzig,D1,1617,2017-04-05,mainz,rb leipzig,89,0,home,mainz,rb leipzig,1,3,1,0,0,2,3,ok,espn
SP1-1617-2017-04-05-barcelona-sevilla,SP1,1617,2017-04-05,barcelona,sevilla,90,1,away,sevilla,barcelona,0,3,1,0,0,3,0,ok,espn
SP1-1617-2017-04-07-villarreal-ath-bilbao,SP1,1617,2017-04-07,villarreal,ath bilbao,74,0,home,villarreal,ath bilbao,3,1,1,0,0,3,1,ok,espn
D1-1617-2017-04-08-rb-leipzig-leverkusen,D1,1617,2017-04-08,rb leipzig,leverkusen,88,0,home,rb leipzig,leverkusen,0,0,1,0,0,1,0,ok,espn
F1-1617-2017-04-08-bordeaux-metz,F1,1617,2017-04-08,bordeaux,metz,90,4,away,metz,bordeaux,0,3,1,0,0,3,0,ok,espn
SP1-1617-2017-04-08-malaga-barcelona,SP1,1617,2017-04-08,malaga,barcelona,65,0,away,barcelona,malaga,0,1,1,0,0,2,0,ok,espn
D1-1617-2017-04-09-ingolstadt-darmstadt,D1,1617,2017-04-09,ingolstadt,darmstadt,87,0,home,ingolstadt,darmstadt,3,2,1,0,0,3,2,ok,espn
D1-1617-2017-04-09-ingolstadt-darmstadt,D1,1617,2017-04-09,ingolstadt,darmstadt,87,0,away,darmstadt,ingolstadt,2,3,0,0,1,3,2,ok,espn
E0-1617-2017-04-09-sunderland-man-united,E0,1617,2017-04-09,Sunderland,Manchester United,43,0,home,Sunderland,Manchester United,0,1,1,0,0,0,3,ok,espn
I1-1617-2017-04-09-cagliari-torino,I1,1617,2017-04-09,cagliari,torino,90,1,away,torino,cagliari,3,1,1,0,0,2,3,ok,espn
I1-1617-2017-04-09-milan-palermo,I1,1617,2017-04-09,milan,palermo,83,0,away,palermo,milan,0,4,1,0,0,4,0,ok,espn
D1-1617-2017-04-15-augsburg-koln,D1,1617,2017-04-15,augsburg,koln,89,0,home,augsburg,koln,2,1,1,0,0,2,1,ok,espn
D1-1617-2017-04-15-augsburg-koln,D1,1617,2017-04-15,augsburg,koln,90,2,home,augsburg,koln,2,1,0,1,0,2,1,ok,espn
D1-1617-2017-04-15-leverkusen-bayern-munich,D1,1617,2017-04-15,leverkusen,bayern munich,59,0,home,leverkusen,bayern munich,0,0,1,0,0,0,0,ok,espn
E0-1617-2017-04-15-sunderland-west-ham,E0,1617,2017-04-15,Sunderland,West Ham,90,5,away,West Ham,Sunderland,2,2,1,0,0,2,2,ok,espn
I1-1617-2017-04-15-fiorentina-empoli,I1,1617,2017-04-15,fiorentina,empoli,90,5,home,fiorentina,empoli,1,2,1,0,0,1,2,ok,espn
I1-1617-2017-04-15-palermo-bologna,I1,1617,2017-04-15,palermo,bologna,24,0,away,bologna,palermo,0,0,1,0,0,0,0,ok,espn
D1-1617-2017-04-16-darmstadt-schalke-04,D1,1617,2017-04-16,darmstadt,schalke 04,81,0,away,schalke 04,darmstadt,1,1,1,0,0,2,1,ok,espn
E0-1617-2017-04-22-bournemouth-middlesbrough,E0,1617,2017-04-22,Bournemouth,middlesbrough,20,0,away,middlesbrough,Bournemouth,0,2,1,0,0,4,0,ok,espn
E0-1617-2017-04-22-hull-watford,E0,1617,2017-04-22,hull,watford,25,0,home,hull,watford,0,0,1,0,0,2,0,ok,espn
F1-1617-2017-04-22-bordeaux-bastia,F1,1617,2017-04-22,bordeaux,bastia,75,0,away,bastia,bordeaux,0,2,1,0,0,2,0,ok,espn
SP1-1617-2017-04-23-las-palmas-alaves,SP1,1617,2017-04-23,las palmas,alaves,86,0,home,las palmas,alaves,1,1,1,0,0,1,1,ok,espn
SP1-1617-2017-04-23-real-madrid-barcelona,SP1,1617,2017-04-23,real madrid,barcelona,77,0,home,real madrid,barcelona,1,2,1,0,0,2,3,ok,espn
SP1-1617-2017-04-24-eibar-ath-bilbao,SP1,1617,2017-04-24,eibar,ath bilbao,56,0,home,eibar,ath bilbao,0,0,1,0,0,0,1,ok,espn
E0-1617-2017-04-27-man-city-man-united,E0,1617,2017-04-27,Manchester City,Manchester United,84,0,away,Manchester United,Manchester City,0,0,1,0,0,0,0,ok,espn
SP1-1617-2017-04-27-alaves-eibar,SP1,1617,2017-04-27,alaves,eibar,26,0,away,eibar,alaves,0,0,1,0,0,0,0,ok,espn
SP1-1617-2017-04-27-sevilla-celta,SP1,1617,2017-04-27,sevilla,celta,56,0,away,celta,sevilla,1,1,1,0,0,2,1,ok,espn
F1-1617-2017-04-28-angers-lyon,F1,1617,2017-04-28,angers,lyon,76,0,home,angers,lyon,1,2,1,0,0,1,2,ok,espn
D1-1617-2017-04-29-rb-leipzig-ingolstadt,D1,1617,2017-04-29,rb leipzig,ingolstadt,86,0,away,ingolstadt,rb leipzig,0,0,1,0,0,0,0,ok,espn
D1-1617-2017-04-29-wolfsburg-bayern-munich,D1,1617,2017-04-29,wolfsburg,bayern munich,78,0,home,wolfsburg,bayern munich,0,4,1,0,0,0,6,ok,espn
SP1-1617-2017-04-29-las-palmas-ath-madrid,SP1,1617,2017-04-29,las palmas,ath madrid,65,0,home,las palmas,ath madrid,0,3,1,0,0,0,5,ok,espn
F1-1617-2017-04-30-nice-paris-sg,F1,1617,2017-04-30,nice,paris sg,90,0,away,paris sg,nice,1,2,1,0,0,3,1,ok,espn
F1-1617-2017-04-30-nice-paris-sg,F1,1617,2017-04-30,nice,paris sg,90,3,away,paris sg,nice,1,3,0,1,0,3,1,ok,espn
I1-1617-2017-04-30-crotone-milan,I1,1617,2017-04-30,crotone,milan,90,6,away,milan,crotone,1,1,1,0,0,1,1,ok,espn
I1-1617-2017-04-30-genoa-chievo,I1,1617,2017-04-30,genoa,chievo,90,1,away,chievo,genoa,2,1,1,0,0,1,2,ok,espn
I1-1617-2017-04-30-palermo-fiorentina,I1,1617,2017-04-30,palermo,fiorentina,87,0,away,fiorentina,palermo,0,1,1,0,0,2,0,ok,espn
I1-1617-2017-04-30-roma-lazio,I1,1617,2017-04-30,roma,lazio,90,3,home,roma,lazio,1,3,1,0,0,1,3,ok,espn
F1-1617-2017-05-05-st-etienne-bordeaux,F1,1617,2017-05-05,st etienne,bordeaux,90,2,away,bordeaux,st etienne,2,2,1,0,0,2,2,ok,espn
SP1-1617-2017-05-05-sevilla-sociedad,SP1,1617,2017-05-05,sevilla,sociedad,79,0,away,sociedad,sevilla,1,1,1,0,0,1,1,ok,espn
I1-1617-2017-05-06-juventus-torino,I1,1617,2017-05-06,juventus,torino,57,0,away,torino,juventus,1,0,1,0,0,1,1,ok,espn
SP1-1617-2017-05-06-ath-madrid-eibar,SP1,1617,2017-05-06,ath madrid,eibar,90,2,home,ath madrid,eibar,1,0,1,0,0,1,0,ok,espn
I1-1617-2017-05-07-genoa-inter,I1,1617,2017-05-07,genoa,inter,88,0,away,inter,genoa,0,1,1,0,0,1,0,ok,espn
I1-1617-2017-05-07-lazio-sampdoria,I1,1617,2017-05-07,lazio,sampdoria,18,0,away,sampdoria,lazio,0,1,1,0,0,7,3,ok,espn
I1-1617-2017-05-07-milan-roma,I1,1617,2017-05-07,milan,roma,86,0,home,milan,roma,1,3,1,0,0,1,4,ok,espn
I1-1617-2017-05-07-pescara-crotone,I1,1617,2017-05-07,pescara,crotone,76,0,home,pescara,crotone,0,1,1,0,0,0,1,ok,espn
I1-1617-2017-05-07-sassuolo-fiorentina,I1,1617,2017-05-07,sassuolo,fiorentina,72,0,away,fiorentina,sassuolo,1,0,1,0,0,2,2,ok,espn
E0-1617-2017-05-15-chelsea-watford,E0,1617,2017-05-15,Chelsea,watford,90,2,away,watford,Chelsea,3,4,1,0,0,4,3,ok,espn
SP1-1617-2017-05-17-celta-real-madrid,SP1,1617,2017-05-17,celta,real madrid,62,0,home,celta,real madrid,0,2,1,0,0,1,4,ok,espn
D1-1617-2017-05-20-ingolstadt-schalke-04,D1,1617,2017-05-20,ingolstadt,schalke 04,63,0,away,schalke 04,ingolstadt,1,1,1,0,0,1,1,ok,espn
F1-1617-2017-05-20-lille-nantes,F1,1617,2017-05-20,lille,nantes,52,0,away,nantes,lille,0,2,1,0,0,3,0,ok,espn
SP1-1617-2017-05-20-la-coruna-las-palmas,SP1,1617,2017-05-20,la coruna,las palmas,79,0,away,las palmas,la coruna,0,3,1,0,0,3,0,ok,espn
E0-1617-2017-05-21-arsenal-everton,E0,1617,2017-05-21,Arsenal,Everton,14,0,home,Arsenal,Everton,1,0,1,0,0,3,1,ok,espn
I1-1617-2017-05-21-lazio-inter,I1,1617,2017-05-21,lazio,inter,66,0,home,lazio,inter,1,2,1,0,0,1,3,ok,espn
I1-1617-2017-05-21-lazio-inter,I1,1617,2017-05-21,lazio,inter,78,0,home,lazio,inter,1,3,0,1,0,1,3,ok,espn
I1-1617-2017-05-21-udinese-sampdoria,I1,1617,2017-05-21,udinese,sampdoria,47,0,home,udinese,sampdoria,1,0,1,0,0,1,1,ok,espn
I1-1617-2017-05-21-udinese-sampdoria,I1,1617,2017-05-21,udinese,sampdoria,65,0,home,udinese,sampdoria,1,1,0,1,0,1,1,ok,espn
I1-1617-2017-05-21-udinese-sampdoria,I1,1617,2017-05-21,udinese,sampdoria,65,0,away,sampdoria,udinese,1,1,0,0,2,1,1,ok,espn
SP1-1617-2017-05-21-barcelona-eibar,SP1,1617,2017-05-21,barcelona,eibar,74,0,away,eibar,barcelona,2,2,1,0,0,4,2,ok,espn
I1-1617-2017-05-28-cagliari-milan,I1,1617,2017-05-28,cagliari,milan,75,0,away,milan,cagliari,1,1,1,0,0,2,1,ok,espn
I1-1617-2017-05-28-crotone-lazio,I1,1617,2017-05-28,crotone,lazio,42,0,away,lazio,crotone,1,2,1,0,0,3,1,ok,espn
I1-1617-2017-05-28-fiorentina-pescara,I1,1617,2017-05-28,fiorentina,pescara,38,0,home,fiorentina,pescara,0,1,1,0,0,2,2,ok,espn
E0-1718-2017-08-12-chelsea-burnley,E0,1718,2017-08-12,Chelsea,Burnley,14,0,home,Chelsea,Burnley,0,0,1,0,0,2,3,ok,espn
E0-1718-2017-08-12-chelsea-burnley,E0,1718,2017-08-12,Chelsea,Burnley,81,0,home,Chelsea,Burnley,1,3,0,1,0,2,3,ok,espn
E0-1718-2017-08-13-newcastle-tottenham,E0,1718,2017-08-13,Newcastle,Tottenham,48,0,home,Newcastle,Tottenham,0,0,1,0,0,0,2,ok,espn
F1-1718-2017-08-13-strasbourg-lille,F1,1718,2017-08-13,strasbourg,lille,63,0,away,lille,strasbourg,0,0,1,0,0,3,0,ok,espn
SP1-1718-2017-08-18-valencia-las-palmas,SP1,1718,2017-08-18,valencia,las palmas,33,0,away,las palmas,valencia,0,1,1,0,0,1,0,ok,espn
E0-1718-2017-08-19-burnley-west-brom,E0,1718,2017-08-19,Burnley,west brom,83,0,away,west brom,Burnley,1,0,1,0,0,0,1,ok,espn
E0-1718-2017-08-19-southampton-west-ham,E0,1718,2017-08-19,Southampton,West Ham,33,0,away,West Ham,Southampton,0,1,1,0,0,3,2,ok,espn
F1-1718-2017-08-19-lyon-bordeaux,F1,1718,2017-08-19,lyon,bordeaux,36,0,home,lyon,bordeaux,2,0,1,0,0,3,3,ok,espn
F1-1718-2017-08-19-troyes-nantes,F1,1718,2017-08-19,troyes,nantes,34,0,away,nantes,troyes,0,0,1,0,0,0,1,ok,espn
I1-1718-2017-08-19-verona-napoli,I1,1718,2017-08-19,verona,napoli,82,0,away,napoli,verona,3,0,1,0,0,1,3,ok,espn
SP1-1718-2017-08-19-girona-ath-madrid,SP1,1718,2017-08-19,girona,ath madrid,67,0,away,ath madrid,girona,0,2,1,0,0,2,2,ok,espn
SP1-1718-2017-08-19-sevilla-espanol,SP1,1718,2017-08-19,sevilla,espanol,84,0,home,sevilla,espanol,1,1,1,0,0,1,1,ok,espn
F1-1718-2017-08-20-marseille-angers,F1,1718,2017-08-20,marseille,angers,90,4,home,marseille,angers,1,1,1,0,0,1,1,ok,espn
F1-1718-2017-08-20-paris-sg-toulouse,F1,1718,2017-08-20,paris sg,toulouse,69,0,home,paris sg,toulouse,2,1,1,0,0,6,2,ok,espn
I1-1718-2017-08-20-crotone-milan,I1,1718,2017-08-20,crotone,milan,5,0,home,crotone,milan,0,0,1,0,0,0,3,ok,espn
SP1-1718-2017-08-20-ath-bilbao-getafe,SP1,1718,2017-08-20,ath bilbao,getafe,66,0,away,getafe,ath bilbao,0,0,1,0,0,0,0,ok,espn
SP1-1718-2017-08-20-la-coruna-real-madrid,SP1,1718,2017-08-20,la coruna,real madrid,90,2,away,real madrid,la coruna,3,0,1,0,0,0,3,ok,espn
E0-1718-2017-08-21-man-city-everton,E0,1718,2017-08-21,Manchester City,Everton,44,0,home,Manchester City,Everton,0,1,1,0,0,1,1,ok,espn
E0-1718-2017-08-21-man-city-everton,E0,1718,2017-08-21,Manchester City,Everton,88,0,away,Everton,Manchester City,1,1,0,0,1,1,1,ok,espn
D1-1718-2017-08-25-koln-hamburg,D1,1718,2017-08-25,koln,hamburg,59,0,away,hamburg,koln,2,0,1,0,0,1,3,ok,espn
E0-1718-2017-08-26-bournemouth-man-city,E0,1718,2017-08-26,Bournemouth,Manchester City,90,9,away,Manchester City,Bournemouth,2,1,1,0,0,1,2,ok,espn
E0-1718-2017-08-26-watford-brighton,E0,1718,2017-08-26,watford,Brighton,24,0,home,watford,Brighton,0,0,1,0,0,0,0,ok,espn
F1-1718-2017-08-26-toulouse-rennes,F1,1718,2017-08-26,toulouse,rennes,70,0,away,rennes,toulouse,2,2,1,0,0,3,2,ok,espn
SP1-1718-2017-08-26-levante-la-coruna,SP1,1718,2017-08-26,levante,la coruna,76,0,home,levante,la coruna,1,2,1,0,0,2,2,ok,espn
D1-1718-2017-08-27-rb-leipzig-freiburg,D1,1718,2017-08-27,rb leipzig,freiburg,81,0,away,freiburg,rb leipzig,1,4,1,0,0,4,1,ok,espn
SP1-1718-2017-08-27-eibar-ath-bilbao,SP1,1718,2017-08-27,eibar,ath bilbao,90,1,home,eibar,ath bilbao,0,1,1,0,0,0,1,ok,espn
F1-1718-2017-09-08-lille-bordeaux,F1,1718,2017-09-08,lille,bordeaux,32,0,home,lille,bordeaux,0,0,1,0,0,0,0,ok,espn
F1-1718-2017-09-08-metz-paris-sg,F1,1718,2017-09-08,metz,paris sg,55,0,home,metz,paris sg,1,1,1,0,0,1,5,ok,espn
D1-1718-2017-09-09-freiburg-dortmund,D1,1718,2017-09-09,freiburg,dortmund,29,0,home,freiburg,dortmund,0,0,1,0,0,0,0,ok,espn
E0-1718-2017-09-09-man-city-liverpool,E0,1718,2017-09-09,Manchester City,Liverpool,37,0,away,Liverpool,Manchester City,0,1,1,0,0,5,0,ok,espn
F1-1718-2017-09-09-caen-dijon,F1,1718,2017-09-09,caen,dijon,79,0,home,caen,dijon,1,1,1,0,0,2,1,ok,espn
F1-1718-2017-09-09-montpellier-nantes,F1,1718,2017-09-09,montpellier,nantes,84,0,home,montpellier,nantes,0,1,1,0,0,0,1,ok,espn
F1-1718-2017-09-09-strasbourg-amiens,F1,1718,2017-09-09,strasbourg,amiens,78,0,home,strasbourg,amiens,0,1,1,0,0,0,1,ok,espn
SP1-1718-2017-09-09-real-madrid-levante,SP1,1718,2017-09-09,real madrid,levante,89,0,home,real madrid,levante,1,1,1,0,0,1,1,ok,espn
F1-1718-2017-09-10-st-etienne-angers,F1,1718,2017-09-10,st etienne,angers,49,0,home,st etienne,angers,1,1,1,0,0,1,1,ok,espn
F1-1718-2017-09-10-st-etienne-angers,F1,1718,2017-09-10,st etienne,angers,83,0,away,angers,st etienne,1,1,0,0,1,1,1,ok,espn
I1-1718-2017-09-10-udinese-genoa,I1,1718,2017-09-10,udinese,genoa,36,0,away,genoa,udinese,0,1,1,0,0,1,0,ok,espn
I1-1718-2017-09-10-udinese-genoa,I1,1718,2017-09-10,udinese,genoa,79,0,home,udinese,genoa,1,0,0,0,1,1,0,ok,espn
D1-1718-2017-09-16-rb-leipzig-m-gladbach,D1,1718,2017-09-16,rb leipzig,m gladbach,83,0,home,rb leipzig,m gladbach,2,2,1,0,0,2,2,ok,espn
F1-1718-2017-09-16-troyes-montpellier,F1,1718,2017-09-16,troyes,montpellier,90,5,home,troyes,montpellier,0,1,1,0,0,0,1,ok,espn
I1-1718-2017-09-16-roma-verona,I1,1718,2017-09-16,roma,verona,66,0,away,verona,roma,0,3,1,0,0,3,0,ok,espn
E0-1718-2017-09-17-chelsea-arsenal,E0,1718,2017-09-17,Chelsea,Arsenal,87,0,home,Chelsea,Arsenal,0,0,1,0,0,0,0,ok,espn
I1-1718-2017-09-20-juventus-fiorentina,I1,1718,2017-09-20,juventus,fiorentina,66,0,away,fiorentina,juventus,0,1,1,0,0,1,0,ok,espn
SP1-1718-2017-09-21-levante-sociedad,SP1,1718,2017-09-21,levante,sociedad,88,0,away,sociedad,levante,0,2,1,0,0,3,0,ok,espn
D1-1718-2017-09-23-mainz-hertha,D1,1718,2017-09-23,mainz,hertha,89,0,away,hertha,mainz,0,1,1,0,0,1,0,ok,espn
E0-1718-2017-09-23-west-ham-tottenham,E0,1718,2017-09-23,West Ham,Tottenham,70,0,away,Tottenham,West Ham,3,1,1,0,0,2,3,ok,espn
F1-1718-2017-09-23-metz-troyes,F1,1718,2017-09-23,metz,troyes,67,0,away,troyes,metz,0,0,1,0,0,0,1,ok,espn
I1-1718-2017-09-23-juventus-torino,I1,1718,2017-09-23,juventus,torino,24,0,away,torino,juventus,0,1,1,0,0,4,0,ok,espn
SP1-1718-2017-09-23-malaga-ath-bilbao,SP1,1718,2017-09-23,malaga,ath bilbao,52,0,home,malaga,ath bilbao,1,2,1,0,0,3,3,ok,espn
F1-1718-2017-09-24-st-etienne-rennes,F1,1718,2017-09-24,st etienne,rennes,90,4,home,st etienne,rennes,2,2,1,0,0,2,2,ok,espn
I1-1718-2017-09-24-cagliari-chievo,I1,1718,2017-09-24,cagliari,chievo,83,0,home,cagliari,chievo,0,1,1,0,0,0,2,ok,espn
I1-1718-2017-09-24-inter-genoa,I1,1718,2017-09-24,inter,genoa,90,1,away,genoa,inter,0,1,1,0,0,1,0,ok,espn
I1-1718-2017-09-24-inter-genoa,I1,1718,2017-09-24,inter,genoa,90,3,away,genoa,inter,0,1,0,1,0,1,0,ok,espn
I1-1718-2017-09-24-sassuolo-bologna,I1,1718,2017-09-24,sassuolo,bologna,80,0,home,sassuolo,bologna,0,0,1,0,0,0,1,ok,espn
SP1-1718-2017-09-24-sociedad-valencia,SP1,1718,2017-09-24,sociedad,valencia,68,0,home,sociedad,valencia,2,2,1,0,0,2,3,ok,espn
SP1-1718-2017-09-24-sociedad-valencia,SP1,1718,2017-09-24,sociedad,valencia,79,0,away,valencia,sociedad,2,2,0,0,1,2,3,ok,espn
D1-1718-2017-09-30-ein-frankfurt-stuttgart,D1,1718,2017-09-30,ein frankfurt,stuttgart,64,0,home,ein frankfurt,stuttgart,1,1,1,0,0,2,1,ok,espn
D1-1718-2017-09-30-wolfsburg-mainz,D1,1718,2017-09-30,wolfsburg,mainz,90,2,home,wolfsburg,mainz,1,1,1,0,0,1,1,ok,espn
F1-1718-2017-09-30-dijon-strasbourg,F1,1718,2017-09-30,dijon,strasbourg,85,0,home,dijon,strasbourg,1,0,1,0,0,1,1,ok,espn
F1-1718-2017-09-30-nantes-metz,F1,1718,2017-09-30,nantes,metz,52,0,away,metz,nantes,0,1,1,0,0,1,0,ok,espn
I1-1718-2017-09-30-udinese-sampdoria,I1,1718,2017-09-30,udinese,sampdoria,40,0,away,sampdoria,udinese,0,1,1,0,0,4,0,ok,espn
F1-1718-2017-10-01-angers-lyon,F1,1718,2017-10-01,angers,lyon,50,0,away,lyon,angers,3,1,1,0,0,3,3,ok,espn
F1-1718-2017-10-01-nice-marseille,F1,1718,2017-10-01,nice,marseille,66,0,away,marseille,nice,4,2,1,0,0,2,4,ok,espn
F1-1718-2017-10-01-troyes-st-etienne,F1,1718,2017-10-01,troyes,st etienne,33,0,home,troyes,st etienne,0,0,1,0,0,2,1,ok,espn
F1-1718-2017-10-01-troyes-st-etienne,F1,1718,2017-10-01,troyes,st etienne,84,0,away,st etienne,troyes,1,2,0,0,1,2,1,ok,espn
I1-1718-2017-10-01-milan-roma,I1,1718,2017-10-01,milan,roma,80,0,home,milan,roma,0,2,1,0,0,0,2,ok,espn
I1-1718-2017-10-01-torino-verona,I1,1718,2017-10-01,torino,verona,90,7,away,verona,torino,2,2,1,0,0,2,2,ok,espn
D1-1718-2017-10-14-dortmund-rb-leipzig,D1,1718,2017-10-14,dortmund,rb leipzig,47,0,home,dortmund,rb leipzig,1,2,1,0,0,2,3,ok,espn
D1-1718-2017-10-14-dortmund-rb-leipzig,D1,1718,2017-10-14,dortmund,rb leipzig,56,0,away,rb leipzig,dortmund,3,1,0,0,1,2,3,ok,espn
D1-1718-2017-10-14-hertha-schalke-04,D1,1718,2017-10-14,hertha,schalke 04,44,0,home,hertha,schalke 04,0,0,1,0,0,0,2,ok,espn
E0-1718-2017-10-14-burnley-west-ham,E0,1718,2017-10-14,Burnley,West Ham,27,0,away,West Ham,Burnley,1,0,1,0,0,1,1,ok,espn
F1-1718-2017-10-14-guingamp-rennes,F1,1718,2017-10-14,guingamp,rennes,66,0,away,rennes,guingamp,0,1,1,0,0,2,0,ok,espn
F1-1718-2017-10-14-lille-troyes,F1,1718,2017-10-14,lille,troyes,90,1,home,lille,troyes,2,1,1,0,0,2,2,ok,espn
F1-1718-2017-10-14-toulouse-amiens,F1,1718,2017-10-14,toulouse,amiens,90,4,away,amiens,toulouse,0,1,1,0,0,1,0,ok,espn
SP1-1718-2017-10-15-malaga-leganes,SP1,1718,2017-10-15,malaga,leganes,81,0,home,malaga,leganes,0,2,1,0,0,0,2,ok,espn
I1-1718-2017-10-16-verona-benevento,I1,1718,2017-10-16,verona,benevento,37,0,away,benevento,verona,0,0,1,0,0,1,0,ok,espn
SP1-1718-2017-10-16-las-palmas-celta,SP1,1718,2017-10-16,las palmas,celta,52,0,away,celta,las palmas,3,0,1,0,0,2,5,ok,espn
D1-1718-2017-10-21-hamburg-bayern-munich,D1,1718,2017-10-21,hamburg,bayern munich,39,0,home,hamburg,bayern munich,0,0,1,0,0,0,1,ok,espn
F1-1718-2017-10-21-metz-dijon,F1,1718,2017-10-21,metz,dijon,69,0,home,metz,dijon,1,2,1,0,0,1,2,ok,espn
F1-1718-2017-10-21-rennes-lille,F1,1718,2017-10-21,rennes,lille,85,0,away,lille,rennes,0,1,1,0,0,1,0,ok,espn
E0-1718-2017-10-22-everton-arsenal,E0,1718,2017-10-22,Everton,Arsenal,68,0,home,Everton,Arsenal,1,2,1,0,0,2,5,ok,espn
F1-1718-2017-10-22-marseille-paris-sg,F1,1718,2017-10-22,marseille,paris sg,87,0,away,paris sg,marseille,1,2,1,0,0,2,2,ok,espn
F1-1718-2017-10-22-nice-strasbourg,F1,1718,2017-10-22,nice,strasbourg,53,0,away,strasbourg,nice,2,0,1,0,0,1,2,ok,espn
F1-1718-2017-10-22-troyes-lyon,F1,1718,2017-10-22,troyes,lyon,69,0,home,troyes,lyon,0,3,1,0,0,0,5,ok,espn
I1-1718-2017-10-22-atalanta-bologna,I1,1718,2017-10-22,atalanta,bologna,80,0,away,bologna,atalanta,0,1,1,0,0,1,0,ok,espn
I1-1718-2017-10-22-chievo-verona,I1,1718,2017-10-22,chievo,verona,40,0,away,verona,chievo,1,2,1,0,0,3,2,ok,espn
I1-1718-2017-10-22-milan-genoa,I1,1718,2017-10-22,milan,genoa,25,0,home,milan,genoa,0,0,1,0,0,0,0,ok,espn
I1-1718-2017-10-22-spal-sassuolo,I1,1718,2017-10-22,spal,sassuolo,89,0,away,sassuolo,spal,1,0,1,0,0,0,1,ok,espn
I1-1718-2017-10-22-udinese-juventus,I1,1718,2017-10-22,udinese,juventus,26,0,away,juventus,udinese,2,1,1,0,0,2,6,ok,espn
SP1-1718-2017-10-23-sociedad-espanol,SP1,1718,2017-10-23,sociedad,espanol,90,2,home,sociedad,espanol,1,1,1,0,0,1,1,ok,espn
I1-1718-2017-10-25-fiorentina-torino,I1,1718,2017-10-25,fiorentina,torino,73,0,away,torino,fiorentina,0,2,1,0,0,3,0,ok,espn
D1-1718-2017-10-28-bayern-munich-rb-leipzig,D1,1718,2017-10-28,bayern munich,rb leipzig,13,0,away,rb leipzig,bayern munich,0,0,1,0,0,2,0,ok,espn
D1-1718-2017-10-28-hannover-dortmund,D1,1718,2017-10-28,hannover,dortmund,59,0,away,dortmund,hannover,2,2,1,0,0,4,2,ok,espn
F1-1718-2017-10-28-guingamp-amiens,F1,1718,2017-10-28,guingamp,amiens,58,0,away,amiens,guingamp,1,1,1,0,0,1,1,ok,espn
D1-1718-2017-10-29-stuttgart-freiburg,D1,1718,2017-10-29,stuttgart,freiburg,12,0,away,freiburg,stuttgart,0,0,1,0,0,3,0,ok,espn
D1-1718-2017-11-04-hamburg-stuttgart,D1,1718,2017-11-04,hamburg,stuttgart,13,0,away,stuttgart,hamburg,0,0,1,0,0,3,1,ok,espn
E0-1718-2017-11-04-huddersfield-west-brom,E0,1718,2017-11-04,huddersfield,west brom,57,0,home,huddersfield,west brom,1,0,1,0,0,1,0,ok,espn
F1-1718-2017-11-04-troyes-strasbourg,F1,1718,2017-11-04,troyes,strasbourg,31,0,away,strasbourg,troyes,0,0,1,0,0,3,0,ok,espn
SP1-1718-2017-11-04-alaves-espanol,SP1,1718,2017-11-04,alaves,espanol,39,0,away,espanol,alaves,0,1,1,0,0,1,0,ok,espn
F1-1718-2017-11-05-nice-dijon,F1,1718,2017-11-05,nice,dijon,89,0,home,nice,dijon,1,0,1,0,0,1,0,ok,espn
F1-1718-2017-11-05-st-etienne-lyon,F1,1718,2017-11-05,st etienne,lyon,47,0,home,st etienne,lyon,0,2,1,0,0,0,5,ok,espn
I1-1718-2017-11-05-atalanta-spal,I1,1718,2017-11-05,atalanta,spal,69,0,home,atalanta,spal,1,1,1,0,0,1,1,ok,espn
D1-1718-2017-11-18-leverkusen-rb-leipzig,D1,1718,2017-11-18,leverkusen,rb leipzig,52,0,home,leverkusen,rb leipzig,1,1,1,0,0,2,2,ok,espn
D1-1718-2017-11-18-mainz-koln,D1,1718,2017-11-18,mainz,koln,71,0,home,mainz,koln,1,0,1,0,0,1,0,ok,espn
E0-1718-2017-11-18-bournemouth-huddersfield,E0,1718,2017-11-18,Bournemouth,huddersfield,45,3,home,Bournemouth,huddersfield,2,0,1,0,0,4,0,ok,espn
F1-1718-2017-11-18-guingamp-angers,F1,1718,2017-11-18,guingamp,angers,61,0,home,guingamp,angers,1,1,1,0,0,1,1,ok,espn
F1-1718-2017-11-18-strasbourg-rennes,F1,1718,2017-11-18,strasbourg,rennes,63,0,away,rennes,strasbourg,0,1,1,0,0,2,1,ok,espn
F1-1718-2017-11-18-toulouse-metz,F1,1718,2017-11-18,toulouse,metz,23,0,away,metz,toulouse,0,0,1,0,0,0,0,ok,espn
I1-1718-2017-11-19-benevento-sassuolo,I1,1718,2017-11-19,benevento,sassuolo,67,0,home,benevento,sassuolo,1,1,1,0,0,1,2,ok,espn
I1-1718-2017-11-19-spal-fiorentina,I1,1718,2017-11-19,spal,fiorentina,90,1,home,spal,fiorentina,1,1,1,0,0,1,1,ok,espn
I1-1718-2017-11-19-torino-chievo,I1,1718,2017-11-19,torino,chievo,88,0,away,chievo,torino,1,1,1,0,0,1,1,ok,espn
I1-1718-2017-11-19-udinese-cagliari,I1,1718,2017-11-19,udinese,cagliari,90,9,home,udinese,cagliari,0,1,1,0,0,0,1,ok,espn
SP1-1718-2017-11-20-eibar-betis,SP1,1718,2017-11-20,eibar,betis,55,0,away,betis,eibar,0,2,1,0,0,5,0,ok,espn
D1-1718-2017-11-25-augsburg-wolfsburg,D1,1718,2017-11-25,augsburg,wolfsburg,11,0,away,wolfsburg,augsburg,0,0,1,0,0,2,1,ok,espn
D1-1718-2017-11-25-dortmund-schalke-04,D1,1718,2017-11-25,dortmund,schalke 04,72,0,home,dortmund,schalke 04,4,2,1,0,0,4,4,ok,espn
F1-1718-2017-11-25-rennes-nantes,F1,1718,2017-11-25,rennes,nantes,57,0,away,nantes,rennes,0,1,1,0,0,2,1,ok,espn
I1-1718-2017-11-25-bologna-sampdoria,I1,1718,2017-11-25,bologna,sampdoria,45,2,home,bologna,sampdoria,2,0,1,0,0,3,0,ok,espn
I1-1718-2017-11-25-sassuolo-verona,I1,1718,2017-11-25,sassuolo,verona,66,0,away,verona,sassuolo,2,0,1,0,0,0,2,ok,espn
SP1-1718-2017-11-25-alaves-eibar,SP1,1718,2017-11-25,alaves,eibar,45,0,home,alaves,eibar,0,1,1,0,0,1,2,ok,espn
SP1-1718-2017-11-25-alaves-eibar,SP1,1718,2017-11-25,alaves,eibar,83,0,away,eibar,alaves,2,0,0,0,1,1,2,ok,espn
E0-1718-2017-11-26-huddersfield-man-city,E0,1718,2017-11-26,huddersfield,Manchester City,90,6,home,huddersfield,Manchester City,1,2,1,0,0,1,2,ok,espn
F1-1718-2017-11-26-nice-lyon,F1,1718,2017-11-26,nice,lyon,70,0,home,nice,lyon,0,4,1,0,0,0,5,ok,espn
I1-1718-2017-11-26-genoa-roma,I1,1718,2017-11-26,genoa,roma,69,0,away,roma,genoa,1,0,1,0,0,1,1,ok,espn
SP1-1718-2017-11-26-sociedad-las-palmas,SP1,1718,2017-11-26,sociedad,las palmas,90,4,home,sociedad,las palmas,2,2,1,0,0,2,2,ok,espn
SP1-1718-2017-11-26-villarreal-sevilla,SP1,1718,2017-11-26,villarreal,sevilla,77,0,home,villarreal,sevilla,2,2,1,0,0,2,3,ok,espn
F1-1718-2017-11-29-toulouse-nice,F1,1718,2017-11-29,toulouse,nice,40,0,away,nice,toulouse,0,1,1,0,0,1,2,ok,espn
F1-1718-2017-11-29-toulouse-nice,F1,1718,2017-11-29,toulouse,nice,79,0,home,toulouse,nice,1,0,0,0,1,1,2,ok,espn
I1-1718-2017-12-01-roma-spal,I1,1718,2017-12-01,roma,spal,9,0,away,spal,roma,0,0,1,0,0,3,1,ok,espn
D1-1718-2017-12-02-leverkusen-dortmund,D1,1718,2017-12-02,leverkusen,dortmund,41,0,home,leverkusen,dortmund,1,0,1,0,0,1,1,ok,espn
D1-1718-2017-12-02-schalke-04-koln,D1,1718,2017-12-02,schalke 04,koln,90,3,away,koln,schalke 04,2,2,1,0,0,2,2,ok,espn
E0-1718-2017-12-02-arsenal-man-united,E0,1718,2017-12-02,Arsenal,Manchester United,74,0,away,Manchester United,Arsenal,3,1,1,0,0,1,3,ok,espn
E0-1718-2017-12-02-watford-tottenham,E0,1718,2017-12-02,watford,Tottenham,52,0,away,Tottenham,watford,1,1,1,0,0,1,1,ok,espn
F1-1718-2017-12-02-troyes-guingamp,F1,1718,2017-12-02,troyes,guingamp,45,1,home,troyes,guingamp,0,1,1,0,0,0,1,ok,espn
F1-1718-2017-12-02-troyes-guingamp,F1,1718,2017-12-02,troyes,guingamp,62,0,away,guingamp,troyes,1,0,0,0,1,0,1,ok,espn
SP1-1718-2017-12-02-ath-bilbao-real-madrid,SP1,1718,2017-12-02,ath bilbao,real madrid,86,0,away,real madrid,ath bilbao,0,0,1,0,0,0,0,ok,espn
I1-1718-2017-12-03-benevento-milan,I1,1718,2017-12-03,benevento,milan,75,0,away,milan,benevento,2,1,1,0,0,2,2,ok,espn
SP1-1718-2017-12-03-getafe-valencia,SP1,1718,2017-12-03,getafe,valencia,25,0,home,getafe,valencia,0,0,1,0,0,1,0,ok,espn
SP1-1718-2017-12-03-las-palmas-betis,SP1,1718,2017-12-03,las palmas,betis,90,2,away,betis,las palmas,0,1,1,0,0,1,0,ok,espn
E0-1718-2017-12-09-burnley-watford,E0,1718,2017-12-09,Burnley,watford,39,0,away,watford,Burnley,0,0,1,0,0,1,0,ok,espn
F1-1718-2017-12-09-guingamp-dijon,F1,1718,2017-12-09,guingamp,dijon,12,0,away,dijon,guingamp,0,0,1,0,0,4,0,ok,espn
F1-1718-2017-12-10-marseille-st-etienne,F1,1718,2017-12-10,marseille,st etienne,51,0,away,st etienne,marseille,0,1,1,0,0,3,0,ok,espn
SP1-1718-2017-12-10-villarreal-barcelona,SP1,1718,2017-12-10,villarreal,barcelona,60,0,home,villarreal,barcelona,0,0,1,0,0,0,2,ok,espn
I1-1718-2017-12-11-lazio-torino,I1,1718,2017-12-11,lazio,torino,45,1,home,lazio,torino,0,0,1,0,0,1,3,ok,espn
D1-1718-2017-12-12-wolfsburg-rb-leipzig,D1,1718,2017-12-12,wolfsburg,rb leipzig,90,2,away,rb leipzig,wolfsburg,1,1,1,0,0,1,1,ok,espn
E0-1718-2017-12-12-crystal-palace-watford,E0,1718,2017-12-12,Crystal Palace,watford,87,0,away,watford,Crystal Palace,1,0,1,0,0,2,1,ok,espn
E0-1718-2017-12-13-newcastle-everton,E0,1718,2017-12-13,Newcastle,Everton,90,4,home,Newcastle,Everton,0,1,1,0,0,0,1,ok,espn
F1-1718-2017-12-15-st-etienne-monaco,F1,1718,2017-12-15,st etienne,monaco,53,0,home,st etienne,monaco,0,3,1,0,0,0,4,ok,espn
E0-1718-2017-12-16-leicester-crystal-palace,E0,1718,2017-12-16,Leicester,Crystal Palace,61,0,home,Leicester,Crystal Palace,0,2,1,0,0,0,3,ok,espn
E0-1718-2017-12-16-watford-huddersfield,E0,1718,2017-12-16,watford,huddersfield,33,0,home,watford,huddersfield,0,2,1,0,0,1,4,ok,espn
E0-1718-2017-12-16-watford-huddersfield,E0,1718,2017-12-16,watford,huddersfield,61,0,away,huddersfield,watford,3,0,0,0,1,1,4,ok,espn
F1-1718-2017-12-16-rennes-paris-sg,F1,1718,2017-12-16,rennes,paris sg,63,0,home,rennes,paris sg,1,2,1,0,0,1,4,ok,espn
F1-1718-2017-12-16-rennes-paris-sg,F1,1718,2017-12-16,rennes,paris sg,89,0,away,paris sg,rennes,4,1,0,0,1,1,4,ok,espn
D1-1718-2017-12-17-rb-leipzig-hertha,D1,1718,2017-12-17,rb leipzig,hertha,7,0,away,hertha,rb leipzig,1,0,1,0,0,2,3,ok,espn
F1-1718-2017-12-17-nantes-angers,F1,1718,2017-12-17,nantes,angers,65,0,home,nantes,angers,1,0,1,0,0,1,0,ok,espn
I1-1718-2017-12-17-verona-milan,I1,1718,2017-12-17,verona,milan,90,1,away,milan,verona,0,3,1,0,0,3,0,ok,espn
SP1-1718-2017-12-18-malaga-betis,SP1,1718,2017-12-18,malaga,betis,61,0,home,malaga,betis,0,2,1,0,0,0,2,ok,espn
SP1-1718-2017-12-19-levante-leganes,SP1,1718,2017-12-19,levante,leganes,68,0,away,leganes,levante,0,0,1,0,0,0,0,ok,espn
SP1-1718-2017-12-19-levante-leganes,SP1,1718,2017-12-19,levante,leganes,90,4,home,levante,leganes,0,0,0,0,1,0,0,ok,espn
F1-1718-2017-12-20-angers-dijon,F1,1718,2017-12-20,angers,dijon,90,2,away,dijon,angers,1,2,1,0,0,2,1,ok,espn
F1-1718-2017-12-20-guingamp-st-etienne,F1,1718,2017-12-20,guingamp,st etienne,24,0,away,st etienne,guingamp,0,0,1,0,0,2,1,ok,espn
I1-1718-2017-12-22-cagliari-fiorentina,I1,1718,2017-12-22,cagliari,fiorentina,90,3,home,cagliari,fiorentina,0,1,1,0,0,0,1,ok,espn
I1-1718-2017-12-22-chievo-bologna,I1,1718,2017-12-22,chievo,bologna,81,0,away,bologna,chievo,2,1,1,0,0,2,3,ok,espn
SP1-1718-2017-12-22-betis-ath-bilbao,SP1,1718,2017-12-22,betis,ath bilbao,34,0,home,betis,ath bilbao,0,0,1,0,0,0,2,ok,espn
E0-1718-2017-12-23-leicester-man-united,E0,1718,2017-12-23,Leicester,Manchester United,73,0,home,Leicester,Manchester United,1,2,1,0,0,2,2,ok,espn
I1-1718-2017-12-23-napoli-sampdoria,I1,1718,2017-12-23,napoli,sampdoria,77,0,home,napoli,sampdoria,3,2,1,0,0,3,2,ok,espn
SP1-1718-2017-12-23-real-madrid-barcelona,SP1,1718,2017-12-23,real madrid,barcelona,63,0,home,real madrid,barcelona,0,1,1,0,0,0,3,ok,espn
SP1-1718-2017-12-23-valencia-villarreal,SP1,1718,2017-12-23,valencia,villarreal,60,0,home,valencia,villarreal,0,1,1,0,0,0,1,ok,espn
SP1-1718-2017-12-23-valencia-villarreal,SP1,1718,2017-12-23,valencia,villarreal,83,0,away,villarreal,valencia,1,0,0,0,1,0,1,ok,espn
I1-1718-2017-12-30-atalanta-cagliari,I1,1718,2017-12-30,atalanta,cagliari,90,5,away,cagliari,atalanta,2,1,1,0,0,1,2,ok,espn
I1-1718-2018-01-06-benevento-sampdoria,I1,1718,2018-01-06,benevento,sampdoria,82,0,away,sampdoria,benevento,1,1,1,0,0,3,2,ok,espn
I1-1718-2018-01-06-roma-atalanta,I1,1718,2018-01-06,roma,atalanta,45,0,away,atalanta,roma,2,0,1,0,0,1,2,ok,espn
SP1-1718-2018-01-06-ath-madrid-getafe,SP1,1718,2018-01-06,ath madrid,getafe,68,0,home,ath madrid,getafe,2,0,1,0,0,2,0,ok,espn
E0-1718-2018-01-13-chelsea-leicester,E0,1718,2018-01-13,Chelsea,Leicester,68,0,away,Leicester,Chelsea,0,0,1,0,0,0,0,ok,espn
F1-1718-2018-01-13-caen-lille,F1,1718,2018-01-13,caen,lille,44,0,home,caen,lille,0,1,1,0,0,0,1,ok,espn
F1-1718-2018-01-13-caen-lille,F1,1718,2018-01-13,caen,lille,52,0,away,lille,caen,1,0,0,0,1,0,1,ok,espn
F1-1718-2018-01-13-dijon-metz,F1,1718,2018-01-13,dijon,metz,90,3,home,dijon,metz,1,1,1,0,0,1,1,ok,espn
F1-1718-2018-01-14-lyon-angers,F1,1718,2018-01-14,lyon,angers,84,0,away,angers,lyon,1,1,1,0,0,1,1,ok,espn
F1-1718-2018-01-14-nantes-paris-sg,F1,1718,2018-01-14,nantes,paris sg,90,1,home,nantes,paris sg,0,1,1,0,0,0,1,ok,espn
SP1-1718-2018-01-14-alaves-sevilla,SP1,1718,2018-01-14,alaves,sevilla,83,0,home,alaves,sevilla,1,0,1,0,0,1,0,ok,espn
F1-1718-2018-01-16-bordeaux-caen,F1,1718,2018-01-16,bordeaux,caen,86,0,home,bordeaux,caen,0,0,1,0,0,0,2,ok,espn
F1-1718-2018-01-17-metz-st-etienne,F1,1718,2018-01-17,metz,st etienne,85,0,away,st etienne,metz,0,3,1,0,0,3,0,ok,espn
D1-1718-2018-01-20-wolfsburg-ein-frankfurt,D1,1718,2018-01-20,wolfsburg,ein frankfurt,67,0,home,wolfsburg,ein frankfurt,1,2,1,0,0,1,3,ok,espn
F1-1718-2018-01-20-montpellier-toulouse,F1,1718,2018-01-20,montpellier,toulouse,41,0,away,toulouse,montpellier,1,0,1,0,0,2,1,ok,espn
F1-1718-2018-01-20-rennes-angers,F1,1718,2018-01-20,rennes,angers,39,0,away,angers,rennes,0,0,1,0,0,1,0,ok,espn
SP1-1718-2018-01-20-las-palmas-valencia,SP1,1718,2018-01-20,las palmas,valencia,52,0,away,valencia,las palmas,1,1,1,0,0,2,1,ok,espn
SP1-1718-2018-01-20-las-palmas-valencia,SP1,1718,2018-01-20,las palmas,valencia,87,0,away,valencia,las palmas,1,2,0,1,0,2,1,ok,espn
F1-1718-2018-01-21-lyon-paris-sg,F1,1718,2018-01-21,lyon,paris sg,57,0,away,paris sg,lyon,1,1,1,0,0,2,1,ok,espn
F1-1718-2018-01-21-monaco-metz,F1,1718,2018-01-21,monaco,metz,50,0,away,metz,monaco,0,1,1,0,0,3,1,ok,espn
I1-1718-2018-01-21-cagliari-milan,I1,1718,2018-01-21,cagliari,milan,80,0,away,milan,cagliari,2,1,1,0,0,1,2,ok,espn
I1-1718-2018-01-21-cagliari-milan,I1,1718,2018-01-21,cagliari,milan,88,0,home,cagliari,milan,1,2,0,0,1,1,2,ok,espn
I1-1718-2018-01-21-verona-crotone,I1,1718,2018-01-21,verona,crotone,61,0,home,verona,crotone,0,2,1,0,0,0,3,ok,espn
SP1-1718-2018-01-21-alaves-leganes,SP1,1718,2018-01-21,alaves,leganes,87,0,home,alaves,leganes,2,1,1,0,0,2,2,ok,espn
SP1-1718-2018-01-22-eibar-malaga,SP1,1718,2018-01-22,eibar,malaga,90,2,away,malaga,eibar,1,1,1,0,0,1,1,ok,espn
F1-1718-2018-01-27-metz-nice,F1,1718,2018-01-27,metz,nice,38,0,away,nice,metz,0,0,1,0,0,2,1,ok,espn
F1-1718-2018-01-27-toulouse-troyes,F1,1718,2018-01-27,toulouse,troyes,3,0,away,troyes,toulouse,0,0,1,0,0,1,0,ok,espn
I1-1718-2018-01-27-chievo-juventus,I1,1718,2018-01-27,chievo,juventus,37,0,home,chievo,juventus,0,0,1,0,0,0,2,ok,espn
I1-1718-2018-01-27-chievo-juventus,I1,1718,2018-01-27,chievo,juventus,61,0,home,chievo,juventus,0,0,0,1,0,0,2,ok,espn
I1-1718-2018-01-27-sassuolo-atalanta,I1,1718,2018-01-27,sassuolo,atalanta,90,7,home,sassuolo,atalanta,0,3,1,0,0,0,3,ok,espn
SP1-1718-2018-01-27-la-coruna-levante,SP1,1718,2018-01-27,la coruna,levante,34,0,home,la coruna,levante,1,0,1,0,0,2,2,ok,espn
SP1-1718-2018-01-27-malaga-girona,SP1,1718,2018-01-27,malaga,girona,78,0,home,malaga,girona,0,0,1,0,0,0,0,ok,espn
F1-1718-2018-01-28-bordeaux-lyon,F1,1718,2018-01-28,bordeaux,lyon,76,0,home,bordeaux,lyon,3,1,1,0,0,3,1,ok,espn
I1-1718-2018-01-28-crotone-cagliari,I1,1718,2018-01-28,crotone,cagliari,45,2,away,cagliari,crotone,0,1,1,0,0,1,1,ok,espn
I1-1718-2018-01-28-genoa-udinese,I1,1718,2018-01-28,genoa,udinese,64,0,away,udinese,genoa,1,0,1,0,0,0,1,ok,espn
I1-1718-2018-01-28-torino-benevento,I1,1718,2018-01-28,torino,benevento,34,0,away,benevento,torino,0,1,1,0,0,3,0,ok,espn
D1-1718-2018-02-03-schalke-04-werder-bremen,D1,1718,2018-02-03,schalke 04,werder bremen,78,0,home,schalke 04,werder bremen,1,0,1,0,0,1,2,ok,espn
I1-1718-2018-02-03-sampdoria-torino,I1,1718,2018-02-03,sampdoria,torino,73,0,away,torino,sampdoria,1,1,1,0,0,1,1,ok,espn
SP1-1718-2018-02-03-betis-villarreal,SP1,1718,2018-02-03,betis,villarreal,31,0,away,villarreal,betis,0,0,1,0,0,2,1,ok,espn
D1-1718-2018-02-04-hamburg-hannover,D1,1718,2018-02-04,hamburg,hannover,90,4,home,hamburg,hannover,1,1,1,0,0,1,1,ok,espn
F1-1718-2018-02-04-monaco-lyon,F1,1718,2018-02-04,monaco,lyon,44,0,home,monaco,lyon,2,2,1,0,0,3,2,ok,espn
I1-1718-2018-02-04-udinese-milan,I1,1718,2018-02-04,udinese,milan,68,0,away,milan,udinese,1,0,1,0,0,1,1,ok,espn
I1-1718-2018-02-04-verona-roma,I1,1718,2018-02-04,verona,roma,51,0,away,roma,verona,1,0,1,0,0,0,1,ok,espn
E0-1718-2018-02-05-watford-chelsea,E0,1718,2018-02-05,watford,Chelsea,30,0,away,Chelsea,watford,0,0,1,0,0,4,1,ok,espn
SP1-1718-2018-02-10-leganes-eibar,SP1,1718,2018-02-10,leganes,eibar,84,0,home,leganes,eibar,0,0,1,0,0,0,1,ok,espn
I1-1718-2018-02-11-inter-bologna,I1,1718,2018-02-11,inter,bologna,68,0,away,bologna,inter,1,2,1,0,0,2,1,ok,espn
I1-1718-2018-02-11-inter-bologna,I1,1718,2018-02-11,inter,bologna,90,5,away,bologna,inter,1,2,0,1,0,2,1,ok,espn
F1-1718-2018-02-17-amiens-toulouse,F1,1718,2018-02-17,amiens,toulouse,76,0,home,amiens,toulouse,0,0,1,0,0,0,0,ok,espn
SP1-1718-2018-02-17-eibar-barcelona,SP1,1718,2018-02-17,eibar,barcelona,66,0,home,eibar,barcelona,0,1,1,0,0,0,2,ok,espn
SP1-1718-2018-02-17-malaga-valencia,SP1,1718,2018-02-17,malaga,valencia,84,0,home,malaga,valencia,1,1,1,0,0,1,2,ok,espn
I1-1718-2018-02-18-atalanta-fiorentina,I1,1718,2018-02-18,atalanta,fiorentina,84,0,away,fiorentina,atalanta,1,1,1,0,0,1,1,ok,espn
I1-1718-2018-02-18-bologna-sassuolo,I1,1718,2018-02-18,bologna,sassuolo,86,0,away,sassuolo,bologna,1,1,1,0,0,2,1,ok,espn
F1-1718-2018-02-24-rennes-troyes,F1,1718,2018-02-24,rennes,troyes,90,5,away,troyes,rennes,0,2,1,0,0,2,0,ok,espn
I1-1718-2018-02-24-inter-benevento,I1,1718,2018-02-24,inter,benevento,81,0,away,benevento,inter,0,2,1,0,0,2,0,ok,espn
D1-1718-2018-02-25-leverkusen-schalke-04,D1,1718,2018-02-25,leverkusen,schalke 04,38,0,home,leverkusen,schalke 04,0,1,1,0,0,0,2,ok,espn
I1-1718-2018-02-25-sassuolo-lazio,I1,1718,2018-02-25,sassuolo,lazio,54,0,home,sassuolo,lazio,0,3,1,0,0,0,3,ok,espn
I1-1718-2018-02-25-sassuolo-lazio,I1,1718,2018-02-25,sassuolo,lazio,62,0,away,lazio,sassuolo,3,0,0,0,1,0,3,ok,espn
SP1-1718-2018-02-25-ath-bilbao-malaga,SP1,1718,2018-02-25,ath bilbao,malaga,84,0,away,malaga,ath bilbao,1,2,1,0,0,2,1,ok,espn
SP1-1718-2018-03-01-alaves-levante,SP1,1718,2018-03-01,alaves,levante,29,0,away,levante,alaves,0,0,1,0,0,1,0,ok,espn
SP1-1718-2018-03-01-alaves-levante,SP1,1718,2018-03-01,alaves,levante,77,0,home,alaves,levante,0,0,0,0,1,1,0,ok,espn
D1-1718-2018-03-03-hamburg-mainz,D1,1718,2018-03-03,hamburg,mainz,61,0,away,mainz,hamburg,0,0,1,0,0,0,0,ok,espn
D1-1718-2018-03-03-wolfsburg-leverkusen,D1,1718,2018-03-03,wolfsburg,leverkusen,90,1,home,wolfsburg,leverkusen,1,2,1,0,0,1,2,ok,espn
E0-1718-2018-03-03-burnley-everton,E0,1718,2018-03-03,Burnley,Everton,86,0,away,Everton,Burnley,1,2,1,0,0,2,1,ok,espn
F1-1718-2018-03-03-metz-toulouse,F1,1718,2018-03-03,metz,toulouse,42,0,home,metz,toulouse,1,0,1,0,0,1,1,ok,espn
I1-1718-2018-03-03-spal-bologna,I1,1718,2018-03-03,spal,bologna,10,0,away,bologna,spal,0,0,1,0,0,1,0,ok,espn
I1-1718-2018-03-03-spal-bologna,I1,1718,2018-03-03,spal,bologna,90,3,home,spal,bologna,1,0,0,0,1,1,0,ok,espn
SP1-1718-2018-03-03-la-coruna-eibar,SP1,1718,2018-03-03,la coruna,eibar,39,0,home,la coruna,eibar,1,1,1,0,0,1,1,ok,espn
SP1-1718-2018-03-03-real-madrid-getafe,SP1,1718,2018-03-03,real madrid,getafe,47,0,away,getafe,real madrid,0,2,1,0,0,3,1,ok,espn
F1-1718-2018-03-04-marseille-nantes,F1,1718,2018-03-04,marseille,nantes,90,5,away,nantes,marseille,1,1,1,0,0,1,1,ok,espn
E0-1718-2018-03-10-everton-brighton,E0,1718,2018-03-10,Everton,Brighton,80,0,away,Brighton,Everton,0,2,1,0,0,2,0,ok,espn
E0-1718-2018-03-10-huddersfield-swansea,E0,1718,2018-03-10,huddersfield,swansea,11,0,away,swansea,huddersfield,0,0,1,0,0,0,0,ok,espn
SP1-1718-2018-03-10-getafe-levante,SP1,1718,2018-03-10,getafe,levante,83,0,away,levante,getafe,1,0,1,0,0,0,1,ok,espn
SP1-1718-2018-03-10-malaga-barcelona,SP1,1718,2018-03-10,malaga,barcelona,30,0,home,malaga,barcelona,0,2,1,0,0,0,2,ok,espn
SP1-1718-2018-03-11-las-palmas-villarreal,SP1,1718,2018-03-11,las palmas,villarreal,90,1,home,las palmas,villarreal,0,1,1,0,0,0,2,ok,espn
F1-1718-2018-03-14-paris-sg-angers,F1,1718,2018-03-14,paris sg,angers,16,0,home,paris sg,angers,1,0,1,0,0,2,1,ok,espn
I1-1718-2018-03-14-juventus-atalanta,I1,1718,2018-03-14,juventus,atalanta,79,0,away,atalanta,juventus,0,1,1,0,0,2,0,ok,espn
E0-1718-2018-03-17-stoke-everton,E0,1718,2018-03-17,stoke,Everton,30,0,home,stoke,Everton,0,0,1,0,0,1,2,ok,espn
D1-1718-2018-03-18-koln-leverkusen,D1,1718,2018-03-18,koln,leverkusen,33,0,away,leverkusen,koln,0,1,1,0,0,2,0,ok,espn
SP1-1718-2018-03-18-leganes-sevilla,SP1,1718,2018-03-18,leganes,sevilla,84,0,away,sevilla,leganes,0,2,1,0,0,2,1,ok,espn
SP1-1718-2018-03-18-villarreal-ath-madrid,SP1,1718,2018-03-18,villarreal,ath madrid,90,3,away,ath madrid,villarreal,1,2,1,0,0,2,1,ok,espn
D1-1718-2018-03-31-hertha-wolfsburg,D1,1718,2018-03-31,hertha,wolfsburg,90,1,away,wolfsburg,hertha,0,0,1,0,0,0,0,ok,espn
D1-1718-2018-03-31-schalke-04-freiburg,D1,1718,2018-03-31,schalke 04,freiburg,65,0,away,freiburg,schalke 04,0,1,1,0,0,2,0,ok,espn
E0-1718-2018-03-31-brighton-leicester,E0,1718,2018-03-31,Brighton,Leicester,87,0,away,Leicester,Brighton,1,0,1,0,0,0,2,ok,espn
F1-1718-2018-03-31-dijon-marseille,F1,1718,2018-03-31,dijon,marseille,90,2,home,dijon,marseille,1,2,1,0,0,1,3,ok,espn
I1-1718-2018-03-31-fiorentina-crotone,I1,1718,2018-03-31,fiorentina,crotone,57,0,away,crotone,fiorentina,0,1,1,0,0,2,0,ok,espn
I1-1718-2018-03-31-genoa-spal,I1,1718,2018-03-31,genoa,spal,28,0,away,spal,genoa,0,0,1,0,0,1,1,ok,espn
I1-1718-2018-03-31-inter-verona,I1,1718,2018-03-31,inter,verona,90,0,away,verona,inter,0,3,1,0,0,3,0,ok,espn
I1-1718-2018-03-31-lazio-benevento,I1,1718,2018-03-31,lazio,benevento,7,0,away,benevento,lazio,0,0,1,0,0,6,2,ok,espn
F1-1718-2018-04-01-strasbourg-metz,F1,1718,2018-04-01,strasbourg,metz,64,0,home,strasbourg,metz,1,2,1,0,0,2,2,ok,espn
F1-1718-2018-04-01-strasbourg-metz,F1,1718,2018-04-01,strasbourg,metz,77,0,away,metz,strasbourg,2,1,0,0,1,2,2,ok,espn
I1-1718-2018-04-04-chievo-sassuolo,I1,1718,2018-04-04,chievo,sassuolo,29,0,away,sassuolo,chievo,0,0,1,0,0,1,1,ok,espn
I1-1718-2018-04-04-chievo-sassuolo,I1,1718,2018-04-04,chievo,sassuolo,84,0,away,sassuolo,chievo,0,1,0,1,0,1,1,ok,espn
F1-1718-2018-04-06-st-etienne-paris-sg,F1,1718,2018-04-06,st etienne,paris sg,41,0,away,paris sg,st etienne,0,1,1,0,0,1,1,ok,espn
D1-1718-2018-04-07-koln-mainz,D1,1718,2018-04-07,koln,mainz,90,2,away,mainz,koln,1,1,1,0,0,1,1,ok,espn
E0-1718-2018-04-07-brighton-huddersfield,E0,1718,2018-04-07,Brighton,huddersfield,74,0,home,Brighton,huddersfield,1,1,1,0,0,1,1,ok,espn
F1-1718-2018-04-07-bordeaux-lille,F1,1718,2018-04-07,bordeaux,lille,63,0,away,lille,bordeaux,1,2,1,0,0,2,1,ok,espn
E0-1718-2018-04-08-arsenal-southampton,E0,1718,2018-04-08,Arsenal,Southampton,90,2,away,Southampton,Arsenal,2,3,1,0,0,3,2,ok,espn
E0-1718-2018-04-08-arsenal-southampton,E0,1718,2018-04-08,Arsenal,Southampton,90,3,home,Arsenal,Southampton,3,2,0,0,1,3,2,ok,espn
SP1-1718-2018-04-08-levante-las-palmas,SP1,1718,2018-04-08,levante,las palmas,86,0,home,levante,las palmas,1,1,1,0,0,2,1,ok,espn
SP1-1718-2018-04-08-levante-las-palmas,SP1,1718,2018-04-08,levante,las palmas,90,3,home,levante,las palmas,2,1,0,1,0,2,1,ok,espn
SP1-1718-2018-04-09-villarreal-ath-bilbao,SP1,1718,2018-04-09,villarreal,ath bilbao,89,0,home,villarreal,ath bilbao,1,3,1,0,0,1,3,ok,espn
D1-1718-2018-04-13-wolfsburg-augsburg,D1,1718,2018-04-13,wolfsburg,augsburg,54,0,away,augsburg,wolfsburg,0,0,1,0,0,0,0,ok,espn
D1-1718-2018-04-13-wolfsburg-augsburg,D1,1718,2018-04-13,wolfsburg,augsburg,86,0,home,wolfsburg,augsburg,0,0,0,0,1,0,0,ok,espn
I1-1718-2018-04-14-chievo-torino,I1,1718,2018-04-14,chievo,torino,88,0,home,chievo,torino,0,0,1,0,0,0,0,ok,espn
SP1-1718-2018-04-14-sevilla-villarreal,SP1,1718,2018-04-14,sevilla,villarreal,62,0,home,sevilla,villarreal,0,1,1,0,0,2,2,ok,espn
SP1-1718-2018-04-14-sevilla-villarreal,SP1,1718,2018-04-14,sevilla,villarreal,76,0,away,villarreal,sevilla,2,0,0,0,1,2,2,ok,espn
I1-1718-2018-04-15-lazio-roma,I1,1718,2018-04-15,lazio,roma,80,0,home,lazio,roma,0,0,1,0,0,0,0,ok,espn
SP1-1718-2018-04-15-getafe-espanol,SP1,1718,2018-04-15,getafe,espanol,61,0,home,getafe,espanol,1,0,1,0,0,1,0,ok,espn
SP1-1718-2018-04-17-celta-barcelona,SP1,1718,2018-04-17,celta,barcelona,71,0,away,barcelona,celta,2,1,1,0,0,2,2,ok,espn
I1-1718-2018-04-18-fiorentina-lazio,I1,1718,2018-04-18,fiorentina,lazio,7,0,home,fiorentina,lazio,0,0,1,0,0,3,4,ok,espn
I1-1718-2018-04-18-fiorentina-lazio,I1,1718,2018-04-18,fiorentina,lazio,14,0,away,lazio,fiorentina,0,0,0,0,1,3,4,ok,espn
I1-1718-2018-04-18-torino-milan,I1,1718,2018-04-18,torino,milan,90,3,home,torino,milan,1,1,1,0,0,1,1,ok,espn
SP1-1718-2018-04-18-valencia-getafe,SP1,1718,2018-04-18,valencia,getafe,86,0,home,valencia,getafe,1,2,1,0,0,1,2,ok,espn
SP1-1718-2018-04-19-betis-las-palmas,SP1,1718,2018-04-19,betis,las palmas,86,0,away,las palmas,betis,0,0,1,0,0,1,0,ok,espn
F1-1718-2018-04-20-nantes-rennes,F1,1718,2018-04-20,nantes,rennes,46,0,home,nantes,rennes,1,0,1,0,0,1,1,ok,espn
D1-1718-2018-04-21-ein-frankfurt-hertha,D1,1718,2018-04-21,ein frankfurt,hertha,79,0,home,ein frankfurt,hertha,0,2,1,0,0,0,3,ok,espn
D1-1718-2018-04-21-hamburg-freiburg,D1,1718,2018-04-21,hamburg,freiburg,71,0,away,freiburg,hamburg,0,1,1,0,0,1,0,ok,espn
D1-1718-2018-04-21-rb-leipzig-hoffenheim,D1,1718,2018-04-21,rb leipzig,hoffenheim,47,0,home,rb leipzig,hoffenheim,0,3,1,0,0,2,5,ok,espn
F1-1718-2018-04-21-guingamp-monaco,F1,1718,2018-04-21,guingamp,monaco,21,0,away,monaco,guingamp,0,0,1,0,0,3,1,ok,espn
I1-1718-2018-04-21-milan-benevento,I1,1718,2018-04-21,milan,benevento,80,0,away,benevento,milan,1,0,1,0,0,0,1,ok,espn
I1-1718-2018-04-21-sassuolo-fiorentina,I1,1718,2018-04-21,sassuolo,fiorentina,30,0,away,fiorentina,sassuolo,0,0,1,0,0,1,0,ok,espn
D1-1718-2018-04-28-hertha-augsburg,D1,1718,2018-04-28,hertha,augsburg,90,0,away,augsburg,hertha,2,2,1,0,0,2,2,ok,espn
D1-1718-2018-04-28-schalke-04-m-gladbach,D1,1718,2018-04-28,schalke 04,m gladbach,12,0,home,schalke 04,m gladbach,0,0,1,0,0,1,1,ok,espn
E0-1718-2018-04-28-crystal-palace-leicester,E0,1718,2018-04-28,Crystal Palace,Leicester,56,0,away,Leicester,Crystal Palace,0,2,1,0,0,5,0,ok,espn
F1-1718-2018-04-28-monaco-amiens,F1,1718,2018-04-28,monaco,amiens,90,1,home,monaco,amiens,0,0,1,0,0,0,0,ok,espn
F1-1718-2018-04-28-monaco-amiens,F1,1718,2018-04-28,monaco,amiens,90,1,away,amiens,monaco,0,0,0,0,1,0,0,ok,espn
I1-1718-2018-04-28-inter-juventus,I1,1718,2018-04-28,inter,juventus,18,0,home,inter,juventus,0,1,1,0,0,2,3,ok,espn
I1-1718-2018-04-28-roma-chievo,I1,1718,2018-04-28,roma,chievo,56,0,home,roma,chievo,2,0,1,0,0,4,1,ok,espn
SP1-1718-2018-04-28-real-madrid-leganes,SP1,1718,2018-04-28,real madrid,leganes,90,3,away,leganes,real madrid,1,2,1,0,0,2,1,ok,espn
SP1-1718-2018-04-28-sociedad-ath-bilbao,SP1,1718,2018-04-28,sociedad,ath bilbao,85,0,home,sociedad,ath bilbao,3,1,1,0,0,3,1,ok,espn
D1-1718-2018-04-29-mainz-rb-leipzig,D1,1718,2018-04-29,mainz,rb leipzig,90,5,away,rb leipzig,mainz,0,3,1,0,0,3,0,ok,espn
F1-1718-2018-04-29-rennes-toulouse,F1,1718,2018-04-29,rennes,toulouse,70,0,home,rennes,toulouse,2,1,1,0,0,2,1,ok,espn
I1-1718-2018-04-29-benevento-udinese,I1,1718,2018-04-29,benevento,udinese,57,0,home,benevento,udinese,1,1,1,0,0,3,3,ok,espn
I1-1718-2018-04-29-fiorentina-napoli,I1,1718,2018-04-29,fiorentina,napoli,6,0,away,napoli,fiorentina,0,0,1,0,0,3,0,ok,espn
I1-1718-2018-04-29-sampdoria-cagliari,I1,1718,2018-04-29,sampdoria,cagliari,77,0,away,cagliari,sampdoria,1,2,1,0,0,4,1,ok,espn
SP1-1718-2018-04-29-alaves-ath-madrid,SP1,1718,2018-04-29,alaves,ath madrid,90,5,away,ath madrid,alaves,1,0,1,0,0,0,1,ok,espn
SP1-1718-2018-04-29-getafe-girona,SP1,1718,2018-04-29,getafe,girona,43,0,home,getafe,girona,1,0,1,0,0,1,1,ok,espn
D1-1718-2018-05-05-stuttgart-hoffenheim,D1,1718,2018-05-05,stuttgart,hoffenheim,65,0,home,stuttgart,hoffenheim,1,0,1,0,0,2,0,ok,espn
E0-1718-2018-05-05-everton-southampton,E0,1718,2018-05-05,Everton,Southampton,85,0,away,Southampton,Everton,1,0,1,0,0,1,1,ok,espn
F1-1718-2018-05-06-caen-monaco,F1,1718,2018-05-06,caen,monaco,76,0,home,caen,monaco,1,1,1,0,0,1,2,ok,espn
F1-1718-2018-05-06-toulouse-lille,F1,1718,2018-05-06,toulouse,lille,90,3,home,toulouse,lille,2,3,1,0,0,2,3,ok,espn
I1-1718-2018-05-06-genoa-fiorentina,I1,1718,2018-05-06,genoa,fiorentina,71,0,home,genoa,fiorentina,2,1,1,0,0,2,3,ok,espn
I1-1718-2018-05-06-genoa-fiorentina,I1,1718,2018-05-06,genoa,fiorentina,83,0,home,genoa,fiorentina,2,3,0,1,0,2,3,ok,espn
I1-1718-2018-05-06-udinese-inter,I1,1718,2018-05-06,udinese,inter,49,0,home,udinese,inter,0,3,1,0,0,0,4,ok,espn
SP1-1718-2018-05-06-barcelona-real-madrid,SP1,1718,2018-05-06,barcelona,real madrid,45,3,home,barcelona,real madrid,1,1,1,0,0,2,2,ok,espn
SP1-1718-2018-05-07-leganes-levante,SP1,1718,2018-05-07,leganes,levante,57,0,home,leganes,levante,0,1,1,0,0,0,3,ok,espn
E0-1718-2018-05-09-leicester-arsenal,E0,1718,2018-05-09,Leicester,Arsenal,15,0,away,Arsenal,Leicester,0,1,1,0,0,3,1,ok,espn
F1-1718-2018-05-11-guingamp-marseille,F1,1718,2018-05-11,guingamp,marseille,66,0,away,marseille,guingamp,2,2,1,0,0,3,3,ok,espn
D1-1718-2018-05-12-hamburg-m-gladbach,D1,1718,2018-05-12,hamburg,m gladbach,71,0,home,hamburg,m gladbach,2,1,1,0,0,2,1,ok,espn
F1-1718-2018-05-12-monaco-st-etienne,F1,1718,2018-05-12,monaco,st etienne,90,5,home,monaco,st etienne,1,0,1,0,0,1,0,ok,espn
F1-1718-2018-05-12-nice-caen,F1,1718,2018-05-12,nice,caen,54,0,away,caen,nice,0,3,1,0,0,4,1,ok,espn
I1-1718-2018-05-13-atalanta-milan,I1,1718,2018-05-13,atalanta,milan,64,0,home,atalanta,milan,0,1,1,0,0,1,1,ok,espn
I1-1718-2018-05-13-atalanta-milan,I1,1718,2018-05-13,atalanta,milan,75,0,away,milan,atalanta,1,0,0,0,1,1,1,ok,espn
I1-1718-2018-05-13-fiorentina-cagliari,I1,1718,2018-05-13,fiorentina,cagliari,90,5,home,fiorentina,cagliari,0,1,1,0,0,0,1,ok,espn
I1-1718-2018-05-13-roma-juventus,I1,1718,2018-05-13,roma,juventus,68,0,home,roma,juventus,0,0,1,0,0,0,0,ok,espn
SP1-1718-2018-05-19-leganes-betis,SP1,1718,2018-05-19,leganes,betis,23,0,home,leganes,betis,0,1,1,0,0,3,2,ok,espn
I1-1718-2018-05-20-lazio-inter,I1,1718,2018-05-20,lazio,inter,79,0,home,lazio,inter,2,2,1,0,0,2,3,ok,espn
I1-1718-2018-05-20-lazio-inter,I1,1718,2018-05-20,lazio,inter,90,3,home,lazio,inter,2,3,0,1,0,2,3,ok,espn
SP1-1718-2018-05-20-ath-madrid-eibar,SP1,1718,2018-05-20,ath madrid,eibar,63,0,home,ath madrid,eibar,2,1,1,0,0,2,2,ok,espn
E0-1819-2018-08-11-wolves-everton,E0,1819,2018-08-11,Wolves,Everton,40,0,away,Everton,Wolves,1,0,1,0,0,2,2,ok,espn
F1-1819-2018-08-11-angers-nimes,F1,1819,2018-08-11,angers,nimes,79,0,away,nimes,angers,2,3,1,0,0,3,4,ok,espn
F1-1819-2018-08-12-bordeaux-strasbourg,F1,1819,2018-08-12,bordeaux,strasbourg,13,0,home,bordeaux,strasbourg,0,0,1,0,0,0,2,ok,espn
E0-1819-2018-08-18-cardiff-newcastle,E0,1819,2018-08-18,cardiff,Newcastle,66,0,away,Newcastle,cardiff,0,0,1,0,0,0,0,ok,espn
E0-1819-2018-08-18-leicester-wolves,E0,1819,2018-08-18,Leicester,Wolves,66,0,home,Leicester,Wolves,2,0,1,0,0,2,0,ok,espn
F1-1819-2018-08-18-dijon-nantes,F1,1819,2018-08-18,dijon,nantes,78,0,away,nantes,dijon,0,2,1,0,0,2,0,ok,espn
F1-1819-2018-08-19-strasbourg-st-etienne,F1,1819,2018-08-19,strasbourg,st etienne,18,0,away,st etienne,strasbourg,0,0,1,0,0,1,1,ok,espn
I1-1819-2018-08-19-bologna-spal,I1,1819,2018-08-19,bologna,spal,89,0,home,bologna,spal,0,1,1,0,0,0,1,ok,espn
E0-1819-2018-08-20-crystal-palace-liverpool,E0,1819,2018-08-20,Crystal Palace,Liverpool,75,0,home,Crystal Palace,Liverpool,0,1,1,0,0,0,2,ok,espn
D1-1819-2018-08-25-wolfsburg-schalke-04,D1,1819,2018-08-25,wolfsburg,schalke 04,65,0,away,schalke 04,wolfsburg,0,1,1,0,0,2,1,ok,espn
E0-1819-2018-08-25-bournemouth-everton,E0,1819,2018-08-25,Bournemouth,Everton,41,0,away,Everton,Bournemouth,0,0,1,0,0,2,2,ok,espn
E0-1819-2018-08-25-bournemouth-everton,E0,1819,2018-08-25,Bournemouth,Everton,61,0,home,Bournemouth,Everton,0,1,0,0,1,2,2,ok,espn
E0-1819-2018-08-25-huddersfield-cardiff,E0,1819,2018-08-25,huddersfield,cardiff,63,0,home,huddersfield,cardiff,0,0,1,0,0,0,0,ok,espn
E0-1819-2018-08-25-southampton-leicester,E0,1819,2018-08-25,Southampton,Leicester,77,0,home,Southampton,Leicester,1,1,1,0,0,1,2,ok,espn
F1-1819-2018-08-25-amiens-reims,F1,1819,2018-08-25,amiens,reims,36,0,away,reims,amiens,0,1,1,0,0,4,1,ok,espn
F1-1819-2018-08-25-nantes-caen,F1,1819,2018-08-25,nantes,caen,79,0,away,caen,nantes,1,0,1,0,0,1,1,ok,espn
F1-1819-2018-08-26-lille-guingamp,F1,1819,2018-08-26,lille,guingamp,81,0,away,guingamp,lille,0,3,1,0,0,3,0,ok,espn
I1-1819-2018-08-26-cagliari-sassuolo,I1,1819,2018-08-26,cagliari,sassuolo,90,2,away,sassuolo,cagliari,1,2,1,0,0,2,2,ok,espn
D1-1819-2018-09-01-ein-frankfurt-werder-bremen,D1,1819,2018-09-01,ein frankfurt,werder bremen,32,0,home,ein frankfurt,werder bremen,0,1,1,0,0,1,2,ok,espn
F1-1819-2018-09-01-angers-lille,F1,1819,2018-09-01,angers,lille,64,0,home,angers,lille,1,0,1,0,0,1,0,ok,espn
F1-1819-2018-09-01-guingamp-toulouse,F1,1819,2018-09-01,guingamp,toulouse,26,0,away,toulouse,guingamp,2,0,1,0,0,1,2,ok,espn
F1-1819-2018-09-01-nimes-paris-sg,F1,1819,2018-09-01,nimes,paris sg,90,4,away,paris sg,nimes,4,2,1,0,0,2,4,ok,espn
F1-1819-2018-09-01-nimes-paris-sg,F1,1819,2018-09-01,nimes,paris sg,90,5,home,nimes,paris sg,2,4,0,0,1,2,4,ok,espn
SP1-1819-2018-09-01-celta-ath-madrid,SP1,1819,2018-09-01,celta,ath madrid,70,0,away,ath madrid,celta,0,2,1,0,0,2,0,ok,espn
D1-1819-2018-09-02-schalke-04-hertha,D1,1819,2018-09-02,schalke 04,hertha,90,5,home,schalke 04,hertha,0,1,1,0,0,0,2,ok,espn
E0-1819-2018-09-02-burnley-man-united,E0,1819,2018-09-02,Burnley,Manchester United,71,0,away,Manchester United,Burnley,2,0,1,0,0,0,2,ok,espn
SP1-1819-2018-09-02-betis-sevilla,SP1,1819,2018-09-02,betis,sevilla,66,0,away,sevilla,betis,0,0,1,0,0,1,0,ok,espn
SP1-1819-2018-09-02-levante-valencia,SP1,1819,2018-09-02,levante,valencia,76,0,home,levante,valencia,2,2,1,0,0,2,2,ok,espn
D1-1819-2018-09-15-bayern-munich-leverkusen,D1,1819,2018-09-15,bayern munich,leverkusen,80,0,away,leverkusen,bayern munich,1,2,1,0,0,3,1,ok,espn
E0-1819-2018-09-15-bournemouth-leicester,E0,1819,2018-09-15,Bournemouth,Leicester,69,0,away,Leicester,Bournemouth,0,3,1,0,0,4,2,ok,espn
E0-1819-2018-09-15-watford-man-united,E0,1819,2018-09-15,watford,Manchester United,90,3,away,Manchester United,watford,2,1,1,0,0,1,2,ok,espn
F1-1819-2018-09-15-caen-lyon,F1,1819,2018-09-15,caen,lyon,55,0,home,caen,lyon,1,1,1,0,0,2,2,ok,espn
F1-1819-2018-09-15-caen-lyon,F1,1819,2018-09-15,caen,lyon,90,5,home,caen,lyon,2,2,0,1,0,2,2,ok,espn
D1-1819-2018-09-16-freiburg-stuttgart,D1,1819,2018-09-16,freiburg,stuttgart,83,0,home,freiburg,stuttgart,3,3,1,0,0,3,3,ok,espn
I1-1819-2018-09-16-genoa-bologna,I1,1819,2018-09-16,genoa,bologna,90,7,away,bologna,genoa,0,1,1,0,0,1,0,ok,espn
I1-1819-2018-09-16-juventus-sassuolo,I1,1819,2018-09-16,juventus,sassuolo,90,3,home,juventus,sassuolo,2,1,1,0,0,2,1,ok,espn
SP1-1819-2018-09-17-girona-celta,SP1,1819,2018-09-17,girona,celta,90,2,away,celta,girona,2,3,1,0,0,3,2,ok,espn
I1-1819-2018-09-21-sassuolo-empoli,I1,1819,2018-09-21,sassuolo,empoli,71,0,away,empoli,sassuolo,1,2,1,0,0,3,1,ok,espn
SP1-1819-2018-09-21-huesca-sociedad,SP1,1819,2018-09-21,huesca,sociedad,71,0,away,sociedad,huesca,1,0,1,0,0,0,1,ok,espn
SP1-1819-2018-09-21-huesca-sociedad,SP1,1819,2018-09-21,huesca,sociedad,82,0,away,sociedad,huesca,1,0,0,1,0,0,1,ok,espn
D1-1819-2018-09-22-hoffenheim-dortmund,D1,1819,2018-09-22,hoffenheim,dortmund,75,0,away,dortmund,hoffenheim,0,1,1,0,0,1,1,ok,espn
D1-1819-2018-09-22-nurnberg-hannover,D1,1819,2018-09-22,nurnberg,hannover,29,0,away,hannover,nurnberg,0,0,1,0,0,2,0,ok,espn
SP1-1819-2018-09-22-getafe-ath-madrid,SP1,1819,2018-09-22,getafe,ath madrid,67,0,home,getafe,ath madrid,0,2,1,0,0,0,2,ok,espn
SP1-1819-2018-09-22-vallecano-alaves,SP1,1819,2018-09-22,vallecano,alaves,35,0,home,vallecano,alaves,1,2,1,0,0,1,5,ok,espn
F1-1819-2018-09-23-lyon-marseille,F1,1819,2018-09-23,lyon,marseille,83,0,away,marseille,lyon,2,4,1,0,0,4,2,ok,espn
SP1-1819-2018-09-23-barcelona-girona,SP1,1819,2018-09-23,barcelona,girona,35,0,home,barcelona,girona,1,0,1,0,0,2,2,ok,espn
SP1-1819-2018-09-23-betis-ath-bilbao,SP1,1819,2018-09-23,betis,ath bilbao,45,0,away,ath bilbao,betis,2,0,1,0,0,2,2,ok,espn
SP1-1819-2018-09-23-villarreal-valencia,SP1,1819,2018-09-23,villarreal,valencia,58,0,away,valencia,villarreal,0,0,1,0,0,0,0,ok,espn
F1-1819-2018-09-26-amiens-rennes,F1,1819,2018-09-26,amiens,rennes,61,0,away,rennes,amiens,0,1,1,0,0,2,1,ok,espn
F1-1819-2018-09-26-bordeaux-lille,F1,1819,2018-09-26,bordeaux,lille,89,0,away,lille,bordeaux,0,1,1,0,0,1,0,ok,espn
F1-1819-2018-09-26-caen-montpellier,F1,1819,2018-09-26,caen,montpellier,83,0,away,montpellier,caen,2,2,1,0,0,2,2,ok,espn
F1-1819-2018-09-26-dijon-lyon,F1,1819,2018-09-26,dijon,lyon,66,0,away,lyon,dijon,3,0,1,0,0,0,3,ok,espn
F1-1819-2018-09-26-dijon-lyon,F1,1819,2018-09-26,dijon,lyon,90,2,home,dijon,lyon,0,3,0,0,1,0,3,ok,espn
F1-1819-2018-09-26-marseille-strasbourg,F1,1819,2018-09-26,marseille,strasbourg,52,0,home,marseille,strasbourg,2,1,1,0,0,3,2,ok,espn
SP1-1819-2018-09-27-valladolid-levante,SP1,1819,2018-09-27,valladolid,levante,54,0,away,levante,valladolid,1,1,1,0,0,2,1,ok,espn
D1-1819-2018-09-29-stuttgart-werder-bremen,D1,1819,2018-09-29,stuttgart,werder bremen,36,0,away,werder bremen,stuttgart,0,1,1,0,0,2,1,ok,espn
F1-1819-2018-09-29-caen-amiens,F1,1819,2018-09-29,caen,amiens,69,0,away,amiens,caen,0,1,1,0,0,1,0,ok,espn
F1-1819-2018-09-29-nice-paris-sg,F1,1819,2018-09-29,nice,paris sg,59,0,home,nice,paris sg,0,2,1,0,0,0,3,ok,espn
I1-1819-2018-09-29-juventus-napoli,I1,1819,2018-09-29,juventus,napoli,58,0,away,napoli,juventus,1,2,1,0,0,3,1,ok,espn
F1-1819-2018-09-30-rennes-toulouse,F1,1819,2018-09-30,rennes,toulouse,43,0,away,toulouse,rennes,0,0,1,0,0,1,1,ok,espn
E0-1819-2018-10-06-leicester-everton,E0,1819,2018-10-06,Leicester,Everton,63,0,home,Leicester,Everton,1,1,1,0,0,1,2,ok,espn
E0-1819-2018-10-06-tottenham-cardiff,E0,1819,2018-10-06,Tottenham,cardiff,58,0,away,cardiff,Tottenham,0,1,1,0,0,1,0,ok,espn
E0-1819-2018-10-06-watford-bournemouth,E0,1819,2018-10-06,watford,Bournemouth,32,0,home,watford,Bournemouth,0,1,1,0,0,0,4,ok,espn
F1-1819-2018-10-06-guingamp-montpellier,F1,1819,2018-10-06,guingamp,montpellier,7,0,home,guingamp,montpellier,0,0,1,0,0,1,1,ok,espn
F1-1819-2018-10-06-guingamp-montpellier,F1,1819,2018-10-06,guingamp,montpellier,39,0,away,montpellier,guingamp,1,0,0,0,1,1,1,ok,espn
SP1-1819-2018-10-06-getafe-levante,SP1,1819,2018-10-06,getafe,levante,90,1,home,getafe,levante,0,1,1,0,0,0,1,ok,espn
SP1-1819-2018-10-06-leganes-vallecano,SP1,1819,2018-10-06,leganes,vallecano,82,0,away,vallecano,leganes,0,1,1,0,0,1,0,ok,espn
D1-1819-2018-10-07-hoffenheim-ein-frankfurt,D1,1819,2018-10-07,hoffenheim,ein frankfurt,64,0,away,ein frankfurt,hoffenheim,2,0,1,0,0,1,2,ok,espn
D1-1819-2018-10-07-rb-leipzig-nurnberg,D1,1819,2018-10-07,rb leipzig,nurnberg,62,0,away,nurnberg,rb leipzig,0,6,1,0,0,6,0,ok,espn
F1-1819-2018-10-07-monaco-rennes,F1,1819,2018-10-07,monaco,rennes,45,1,home,monaco,rennes,0,1,1,0,0,1,2,ok,espn
F1-1819-2018-10-07-paris-sg-lyon,F1,1819,2018-10-07,paris sg,lyon,32,0,home,paris sg,lyon,1,0,1,0,0,5,0,ok,espn
F1-1819-2018-10-07-paris-sg-lyon,F1,1819,2018-10-07,paris sg,lyon,45,1,away,lyon,paris sg,0,1,0,0,1,5,0,ok,espn
I1-1819-2018-10-07-napoli-sassuolo,I1,1819,2018-10-07,napoli,sassuolo,87,0,away,sassuolo,napoli,0,2,1,0,0,2,0,ok,espn
SP1-1819-2018-10-07-sevilla-celta,SP1,1819,2018-10-07,sevilla,celta,58,0,away,celta,sevilla,0,1,1,0,0,2,1,ok,espn
D1-1819-2018-10-20-leverkusen-hannover,D1,1819,2018-10-20,leverkusen,hannover,57,0,away,hannover,leverkusen,2,1,1,0,0,2,2,ok,espn
D1-1819-2018-10-20-wolfsburg-bayern-munich,D1,1819,2018-10-20,wolfsburg,bayern munich,57,0,away,bayern munich,wolfsburg,2,0,1,0,0,1,3,ok,espn
F1-1819-2018-10-20-strasbourg-monaco,F1,1819,2018-10-20,strasbourg,monaco,66,0,away,monaco,strasbourg,0,1,1,0,0,2,1,ok,espn
I1-1819-2018-10-20-roma-spal,I1,1819,2018-10-20,roma,spal,75,0,away,spal,roma,2,0,1,0,0,0,2,ok,espn
I1-1819-2018-10-21-chievo-atalanta,I1,1819,2018-10-21,chievo,atalanta,40,0,home,chievo,atalanta,0,2,1,0,0,1,5,ok,espn
SP1-1819-2018-10-21-vallecano-getafe,SP1,1819,2018-10-21,vallecano,getafe,90,3,home,vallecano,getafe,1,2,1,0,0,1,2,ok,espn
D1-1819-2018-10-27-hoffenheim-stuttgart,D1,1819,2018-10-27,hoffenheim,stuttgart,8,0,away,stuttgart,hoffenheim,0,0,1,0,0,4,0,ok,espn
E0-1819-2018-10-27-fulham-bournemouth,E0,1819,2018-10-27,Fulham,Bournemouth,73,0,home,Fulham,Bournemouth,0,2,1,0,0,0,3,ok,espn
E0-1819-2018-10-27-leicester-west-ham,E0,1819,2018-10-27,Leicester,West Ham,38,0,away,West Ham,Leicester,1,0,1,0,0,1,1,ok,espn
F1-1819-2018-10-27-angers-lyon,F1,1819,2018-10-27,angers,lyon,34,0,home,angers,lyon,0,0,1,0,0,1,2,ok,espn
SP1-1819-2018-10-27-girona-vallecano,SP1,1819,2018-10-27,girona,vallecano,88,0,home,girona,vallecano,2,1,1,0,0,2,1,ok,espn
I1-1819-2018-10-28-genoa-udinese,I1,1819,2018-10-28,genoa,udinese,74,0,home,genoa,udinese,2,2,1,0,0,2,2,ok,espn
F1-1819-2018-11-03-reims-monaco,F1,1819,2018-11-03,reims,monaco,49,0,home,reims,monaco,1,0,1,0,0,1,0,ok,espn
F1-1819-2018-11-03-reims-monaco,F1,1819,2018-11-03,reims,monaco,71,0,away,monaco,reims,0,1,0,0,1,1,0,ok,espn
I1-1819-2018-11-04-chievo-sassuolo,I1,1819,2018-11-04,chievo,sassuolo,88,0,home,chievo,sassuolo,0,1,1,0,0,0,2,ok,espn
I1-1819-2018-11-04-parma-frosinone,I1,1819,2018-11-04,parma,frosinone,61,0,home,parma,frosinone,0,0,1,0,0,0,0,ok,espn
I1-1819-2018-11-04-udinese-milan,I1,1819,2018-11-04,udinese,milan,90,5,home,udinese,milan,0,0,1,0,0,0,1,ok,espn
SP1-1819-2018-11-04-eibar-alaves,SP1,1819,2018-11-04,eibar,alaves,24,0,away,alaves,eibar,1,0,1,0,0,2,1,ok,espn
SP1-1819-2018-11-04-eibar-alaves,SP1,1819,2018-11-04,eibar,alaves,62,0,home,eibar,alaves,0,1,0,0,1,2,1,ok,espn
D1-1819-2018-11-10-fortuna-dusseldorf-hertha,D1,1819,2018-11-10,fortuna dusseldorf,hertha,41,0,away,hertha,fortuna dusseldorf,0,0,1,0,0,4,1,ok,espn
E0-1819-2018-11-10-cardiff-brighton,E0,1819,2018-11-10,cardiff,Brighton,34,0,away,Brighton,cardiff,1,1,1,0,0,2,1,ok,espn
F1-1819-2018-11-10-nimes-nice,F1,1819,2018-11-10,nimes,nice,20,0,home,nimes,nice,0,0,1,0,0,0,1,ok,espn
F1-1819-2018-11-10-nimes-nice,F1,1819,2018-11-10,nimes,nice,45,2,home,nimes,nice,0,0,0,1,0,0,1,ok,espn
SP1-1819-2018-11-10-ath-madrid-ath-bilbao,SP1,1819,2018-11-10,ath madrid,ath bilbao,90,5,away,ath bilbao,ath madrid,2,3,1,0,0,3,2,ok,espn
SP1-1819-2018-11-10-getafe-valencia,SP1,1819,2018-11-10,getafe,valencia,79,0,home,getafe,valencia,0,0,1,0,0,0,1,ok,espn
SP1-1819-2018-11-10-valladolid-eibar,SP1,1819,2018-11-10,valladolid,eibar,72,0,away,eibar,valladolid,0,0,1,0,0,0,0,ok,espn
I1-1819-2018-11-11-atalanta-inter,I1,1819,2018-11-11,atalanta,inter,90,2,away,inter,atalanta,1,3,1,0,0,4,1,ok,espn
I1-1819-2018-11-11-milan-juventus,I1,1819,2018-11-11,milan,juventus,83,0,home,milan,juventus,0,2,1,0,0,0,2,ok,espn
SP1-1819-2018-11-11-barcelona-betis,SP1,1819,2018-11-11,barcelona,betis,81,0,home,barcelona,betis,2,3,1,0,0,3,4,ok,espn
SP1-1819-2018-11-11-celta-real-madrid,SP1,1819,2018-11-11,celta,real madrid,87,0,home,celta,real madrid,1,3,1,0,0,2,4,ok,espn
SP1-1819-2018-11-11-vallecano-villarreal,SP1,1819,2018-11-11,vallecano,villarreal,90,2,away,villarreal,vallecano,2,2,1,0,0,2,2,ok,espn
F1-1819-2018-11-23-lyon-st-etienne,F1,1819,2018-11-23,lyon,st etienne,70,0,home,lyon,st etienne,1,0,1,0,0,1,0,ok,espn
D1-1819-2018-11-24-schalke-04-nurnberg,D1,1819,2018-11-24,schalke 04,nurnberg,67,0,away,nurnberg,schalke 04,1,2,1,0,0,5,2,ok,espn
E0-1819-2018-11-24-brighton-leicester,E0,1819,2018-11-24,Brighton,Leicester,28,0,away,Leicester,Brighton,0,1,1,0,0,1,1,ok,espn
E0-1819-2018-11-24-watford-liverpool,E0,1819,2018-11-24,watford,Liverpool,82,0,away,Liverpool,watford,2,0,1,0,0,0,3,ok,espn
F1-1819-2018-11-24-strasbourg-nimes,F1,1819,2018-11-24,strasbourg,nimes,79,0,home,strasbourg,nimes,0,1,1,0,0,0,1,ok,espn
SP1-1819-2018-11-24-huesca-levante,SP1,1819,2018-11-24,huesca,levante,90,6,home,huesca,levante,2,2,1,0,0,2,2,ok,espn
SP1-1819-2018-11-24-valencia-vallecano,SP1,1819,2018-11-24,valencia,vallecano,87,0,away,vallecano,valencia,0,3,1,0,0,3,0,ok,espn
I1-1819-2018-11-25-empoli-atalanta,I1,1819,2018-11-25,empoli,atalanta,84,0,away,atalanta,empoli,2,2,1,0,0,3,2,ok,espn
D1-1819-2018-12-01-werder-bremen-bayern-munich,D1,1819,2018-12-01,werder bremen,bayern munich,90,2,home,werder bremen,bayern munich,1,2,1,0,0,1,2,ok,espn
E0-1819-2018-12-01-huddersfield-brighton,E0,1819,2018-12-01,huddersfield,Brighton,32,0,home,huddersfield,Brighton,1,0,1,0,0,1,2,ok,espn
E0-1819-2018-12-01-leicester-watford,E0,1819,2018-12-01,Leicester,watford,90,0,away,watford,Leicester,0,2,1,0,0,2,0,ok,espn
I1-1819-2018-12-01-spal-empoli,I1,1819,2018-12-01,spal,empoli,49,0,home,spal,empoli,1,2,1,0,0,2,2,ok,espn
E0-1819-2018-12-02-arsenal-tottenham,E0,1819,2018-12-02,Arsenal,Tottenham,85,0,away,Tottenham,Arsenal,2,4,1,0,0,4,2,ok,espn
F1-1819-2018-12-02-toulouse-dijon,F1,1819,2018-12-02,toulouse,dijon,5,0,home,toulouse,dijon,0,0,1,0,0,2,2,ok,espn
I1-1819-2018-12-02-frosinone-cagliari,I1,1819,2018-12-02,frosinone,cagliari,85,0,away,cagliari,frosinone,1,1,1,0,0,1,1,ok,espn
I1-1819-2018-12-02-torino-genoa,I1,1819,2018-12-02,torino,genoa,28,0,away,genoa,torino,0,0,1,0,0,2,1,ok,espn
SP1-1819-2018-12-03-levante-ath-bilbao,SP1,1819,2018-12-03,levante,ath bilbao,75,0,away,ath bilbao,levante,0,3,1,0,0,3,0,ok,espn
E0-1819-2018-12-04-brighton-crystal-palace,E0,1819,2018-12-04,Brighton,Crystal Palace,28,0,home,Brighton,Crystal Palace,1,0,1,0,0,3,1,ok,espn
F1-1819-2018-12-04-amiens-monaco,F1,1819,2018-12-04,amiens,monaco,90,3,home,amiens,monaco,0,1,1,0,0,0,2,ok,espn
F1-1819-2018-12-04-nice-angers,F1,1819,2018-12-04,nice,angers,90,4,away,angers,nice,0,0,1,0,0,0,0,ok,espn
F1-1819-2018-12-05-dijon-guingamp,F1,1819,2018-12-05,dijon,guingamp,71,0,home,dijon,guingamp,1,0,1,0,0,2,1,ok,espn
F1-1819-2018-12-05-reims-toulouse,F1,1819,2018-12-05,reims,toulouse,90,6,away,toulouse,reims,1,0,1,0,0,0,1,ok,espn
SP1-1819-2018-12-07-leganes-getafe,SP1,1819,2018-12-07,leganes,getafe,90,3,home,leganes,getafe,1,1,1,0,0,1,1,ok,espn
E0-1819-2018-12-08-man-united-fulham,E0,1819,2018-12-08,Manchester United,Fulham,68,0,away,Fulham,Manchester United,1,3,1,0,0,4,1,ok,espn
F1-1819-2018-12-08-guingamp-amiens,F1,1819,2018-12-08,guingamp,amiens,90,5,home,guingamp,amiens,1,2,1,0,0,1,2,ok,espn
I1-1819-2018-12-08-cagliari-roma,I1,1819,2018-12-08,cagliari,roma,90,3,home,cagliari,roma,1,2,1,0,0,2,2,ok,espn
I1-1819-2018-12-08-cagliari-roma,I1,1819,2018-12-08,cagliari,roma,90,3,home,cagliari,roma,1,2,0,1,0,2,2,ok,espn
I1-1819-2018-12-08-lazio-sampdoria,I1,1819,2018-12-08,lazio,sampdoria,90,2,away,sampdoria,lazio,1,1,1,0,0,2,2,ok,espn
D1-1819-2018-12-09-m-gladbach-stuttgart,D1,1819,2018-12-09,m gladbach,stuttgart,83,0,away,stuttgart,m gladbach,0,2,1,0,0,3,0,ok,espn
D1-1819-2018-12-09-mainz-hannover,D1,1819,2018-12-09,mainz,hannover,90,5,away,hannover,mainz,1,1,1,0,0,1,1,ok,espn
E0-1819-2018-12-09-newcastle-wolves,E0,1819,2018-12-09,Newcastle,Wolves,57,0,home,Newcastle,Wolves,1,1,1,0,0,1,2,ok,espn
I1-1819-2018-12-09-genoa-spal,I1,1819,2018-12-09,genoa,spal,11,0,home,genoa,spal,0,0,1,0,0,1,1,ok,espn
I1-1819-2018-12-09-parma-chievo,I1,1819,2018-12-09,parma,chievo,73,0,away,chievo,parma,1,1,1,0,0,1,1,ok,espn
I1-1819-2018-12-09-sassuolo-fiorentina,I1,1819,2018-12-09,sassuolo,fiorentina,86,0,home,sassuolo,fiorentina,3,1,1,0,0,3,3,ok,espn
I1-1819-2018-12-09-sassuolo-fiorentina,I1,1819,2018-12-09,sassuolo,fiorentina,90,1,away,fiorentina,sassuolo,2,3,0,0,1,3,3,ok,espn
F1-1819-2018-12-16-lyon-monaco,F1,1819,2018-12-16,lyon,monaco,47,0,away,monaco,lyon,0,2,1,0,0,3,0,ok,espn
F1-1819-2018-12-16-nice-st-etienne,F1,1819,2018-12-16,nice,st etienne,58,0,home,nice,st etienne,0,1,1,0,0,1,1,ok,espn
F1-1819-2018-12-16-nice-st-etienne,F1,1819,2018-12-16,nice,st etienne,62,0,away,st etienne,nice,1,0,0,0,1,1,1,ok,espn
F1-1819-2018-12-16-nimes-lille,F1,1819,2018-12-16,nimes,lille,16,0,away,lille,nimes,1,0,1,0,0,2,3,ok,espn
SP1-1819-2018-12-16-huesca-villarreal,SP1,1819,2018-12-16,huesca,villarreal,65,0,away,villarreal,huesca,1,1,1,0,0,2,2,ok,espn
SP1-1819-2018-12-16-levante-barcelona,SP1,1819,2018-12-16,levante,barcelona,76,0,home,levante,barcelona,0,4,1,0,0,0,5,ok,espn
I1-1819-2018-12-18-bologna-milan,I1,1819,2018-12-18,bologna,milan,76,0,away,milan,bologna,0,0,1,0,0,0,0,ok,espn
D1-1819-2018-12-19-bayern-munich-rb-leipzig,D1,1819,2018-12-19,bayern munich,rb leipzig,90,1,away,rb leipzig,bayern munich,0,1,1,0,0,1,0,ok,espn
D1-1819-2018-12-19-bayern-munich-rb-leipzig,D1,1819,2018-12-19,bayern munich,rb leipzig,90,2,home,bayern munich,rb leipzig,1,0,0,0,1,1,0,ok,espn
E0-1819-2018-12-22-bournemouth-brighton,E0,1819,2018-12-22,Bournemouth,Brighton,73,0,away,Brighton,Bournemouth,0,1,1,0,0,2,0,ok,espn
I1-1819-2018-12-22-genoa-atalanta,I1,1819,2018-12-22,genoa,atalanta,81,0,away,atalanta,genoa,1,2,1,0,0,3,1,ok,espn
I1-1819-2018-12-22-genoa-atalanta,I1,1819,2018-12-22,genoa,atalanta,90,3,away,atalanta,genoa,1,3,0,1,0,3,1,ok,espn
SP1-1819-2018-12-23-leganes-sevilla,SP1,1819,2018-12-23,leganes,sevilla,45,2,away,sevilla,leganes,0,1,1,0,0,1,1,ok,espn
E0-1819-2018-12-26-leicester-man-city,E0,1819,2018-12-26,Leicester,Manchester City,89,0,away,Manchester City,Leicester,1,2,1,0,0,2,1,ok,espn
I1-1819-2018-12-26-atalanta-juventus,I1,1819,2018-12-26,atalanta,juventus,53,0,away,juventus,atalanta,1,1,1,0,0,2,2,ok,espn
I1-1819-2018-12-26-fiorentina-parma,I1,1819,2018-12-26,fiorentina,parma,65,0,home,fiorentina,parma,0,1,1,0,0,0,1,ok,espn
I1-1819-2018-12-26-inter-napoli,I1,1819,2018-12-26,inter,napoli,80,0,away,napoli,inter,0,0,1,0,0,1,0,ok,espn
I1-1819-2018-12-26-inter-napoli,I1,1819,2018-12-26,inter,napoli,90,4,away,napoli,inter,0,1,0,1,0,1,0,ok,espn
I1-1819-2018-12-26-torino-empoli,I1,1819,2018-12-26,torino,empoli,89,0,away,empoli,torino,0,3,1,0,0,3,0,ok,espn
I1-1819-2018-12-29-chievo-frosinone,I1,1819,2018-12-29,chievo,frosinone,58,0,away,frosinone,chievo,0,0,1,0,0,1,0,ok,espn
I1-1819-2018-12-29-lazio-torino,I1,1819,2018-12-29,lazio,torino,86,0,home,lazio,torino,1,1,1,0,0,1,1,ok,espn
I1-1819-2018-12-29-lazio-torino,I1,1819,2018-12-29,lazio,torino,90,0,away,torino,lazio,1,1,0,0,1,1,1,ok,espn
I1-1819-2018-12-29-milan-spal,I1,1819,2018-12-29,milan,spal,89,0,home,milan,spal,2,1,1,0,0,2,1,ok,espn
I1-1819-2018-12-29-udinese-cagliari,I1,1819,2018-12-29,udinese,cagliari,50,0,away,cagliari,udinese,0,1,1,0,0,2,0,ok,espn
I1-1819-2018-12-29-udinese-cagliari,I1,1819,2018-12-29,udinese,cagliari,78,0,home,udinese,cagliari,2,0,0,0,1,2,0,ok,espn
E0-1819-2018-12-30-man-united-bournemouth,E0,1819,2018-12-30,Manchester United,Bournemouth,79,0,home,Manchester United,Bournemouth,4,1,1,0,0,4,1,ok,espn
E0-1819-2018-12-30-southampton-man-city,E0,1819,2018-12-30,Southampton,Manchester City,85,0,home,Southampton,Manchester City,1,3,1,0,0,1,3,ok,espn
E0-1819-2019-01-02-huddersfield-burnley,E0,1819,2019-01-02,huddersfield,Burnley,41,0,home,huddersfield,Burnley,1,1,1,0,0,1,2,ok,espn
E0-1819-2019-01-02-huddersfield-burnley,E0,1819,2019-01-02,huddersfield,Burnley,90,0,away,Burnley,huddersfield,2,1,0,0,1,1,2,ok,espn
SP1-1819-2019-01-04-espanol-leganes,SP1,1819,2019-01-04,espanol,leganes,90,1,away,leganes,espanol,0,1,1,0,0,1,0,ok,espn
SP1-1819-2019-01-04-levante-girona,SP1,1819,2019-01-04,levante,girona,69,0,home,levante,girona,1,1,1,0,0,2,2,ok,espn
SP1-1819-2019-01-06-real-madrid-sociedad,SP1,1819,2019-01-06,real madrid,sociedad,61,0,home,real madrid,sociedad,0,1,1,0,0,0,2,ok,espn
F1-1819-2019-01-08-nantes-montpellier,F1,1819,2019-01-08,nantes,montpellier,19,0,away,montpellier,nantes,0,0,1,0,0,2,0,ok,espn
F1-1819-2019-01-11-caen-lille,F1,1819,2019-01-11,caen,lille,84,0,away,lille,caen,2,0,1,0,0,1,3,ok,espn
E0-1819-2019-01-12-leicester-southampton,E0,1819,2019-01-12,Leicester,Southampton,45,0,away,Southampton,Leicester,1,0,1,0,0,1,2,ok,espn
F1-1819-2019-01-12-amiens-paris-sg,F1,1819,2019-01-12,amiens,paris sg,66,0,home,amiens,paris sg,0,1,1,0,0,0,3,ok,espn
E0-1819-2019-01-14-man-city-wolves,E0,1819,2019-01-14,Manchester City,Wolves,19,0,away,Wolves,Manchester City,0,1,1,0,0,3,0,ok,espn
SP1-1819-2019-01-14-sociedad-espanol,SP1,1819,2019-01-14,sociedad,espanol,75,0,home,sociedad,espanol,3,2,1,0,0,3,2,ok,espn
F1-1819-2019-01-16-monaco-nice,F1,1819,2019-01-16,monaco,nice,45,3,away,nice,monaco,1,0,1,0,0,1,1,ok,espn
E0-1819-2019-01-19-liverpool-crystal-palace,E0,1819,2019-01-19,Liverpool,Crystal Palace,89,0,home,Liverpool,Crystal Palace,3,2,1,0,0,4,3,ok,espn
F1-1819-2019-01-19-monaco-strasbourg,F1,1819,2019-01-19,monaco,strasbourg,7,0,home,monaco,strasbourg,0,0,1,0,0,1,5,ok,espn
F1-1819-2019-01-19-monaco-strasbourg,F1,1819,2019-01-19,monaco,strasbourg,69,0,away,strasbourg,monaco,4,1,0,0,1,1,5,ok,espn
F1-1819-2019-01-20-bordeaux-dijon,F1,1819,2019-01-20,bordeaux,dijon,34,0,away,dijon,bordeaux,0,0,1,0,0,1,0,ok,espn
F1-1819-2019-01-20-caen-marseille,F1,1819,2019-01-20,caen,marseille,51,0,home,caen,marseille,0,1,1,0,0,0,1,ok,espn
I1-1819-2019-01-20-fiorentina-sampdoria,I1,1819,2019-01-20,fiorentina,sampdoria,39,0,home,fiorentina,sampdoria,1,0,1,0,0,3,3,ok,espn
I1-1819-2019-01-20-napoli-lazio,I1,1819,2019-01-20,napoli,lazio,70,0,away,lazio,napoli,1,2,1,0,0,2,1,ok,espn
F1-1819-2019-01-25-marseille-lille,F1,1819,2019-01-25,marseille,lille,67,0,home,marseille,lille,0,1,1,0,0,1,2,ok,espn
F1-1819-2019-01-26-dijon-monaco,F1,1819,2019-01-26,dijon,monaco,60,0,away,monaco,dijon,0,1,1,0,0,2,0,ok,espn
F1-1819-2019-01-26-guingamp-reims,F1,1819,2019-01-26,guingamp,reims,59,0,home,guingamp,reims,0,1,1,0,0,0,1,ok,espn
I1-1819-2019-01-26-milan-napoli,I1,1819,2019-01-26,milan,napoli,90,3,away,napoli,milan,0,0,1,0,0,0,0,ok,espn
SP1-1819-2019-01-26-ath-madrid-getafe,SP1,1819,2019-01-26,ath madrid,getafe,88,0,away,getafe,ath madrid,0,2,1,0,0,2,0,ok,espn
SP1-1819-2019-01-26-ath-madrid-getafe,SP1,1819,2019-01-26,ath madrid,getafe,90,1,away,getafe,ath madrid,0,2,0,1,0,2,0,ok,espn
I1-1819-2019-01-27-bologna-frosinone,I1,1819,2019-01-27,bologna,frosinone,13,0,home,bologna,frosinone,0,0,1,0,0,0,4,ok,espn
I1-1819-2019-01-27-chievo-fiorentina,I1,1819,2019-01-27,chievo,fiorentina,59,0,away,fiorentina,chievo,2,1,1,0,0,3,4,ok,espn
I1-1819-2019-01-27-torino-inter,I1,1819,2019-01-27,torino,inter,86,0,away,inter,torino,0,1,1,0,0,1,0,ok,espn
SP1-1819-2019-01-27-ath-bilbao-betis,SP1,1819,2019-01-27,ath bilbao,betis,84,0,home,ath bilbao,betis,1,0,1,0,0,1,0,ok,espn
SP1-1819-2019-01-27-espanol-real-madrid,SP1,1819,2019-01-27,espanol,real madrid,72,0,away,real madrid,espanol,4,1,1,0,0,2,4,ok,espn
SP1-1819-2019-01-27-girona-barcelona,SP1,1819,2019-01-27,girona,barcelona,51,0,home,girona,barcelona,0,1,1,0,0,0,2,ok,espn
SP1-1819-2019-01-27-valladolid-celta,SP1,1819,2019-01-27,valladolid,celta,87,0,away,celta,valladolid,1,2,1,0,0,2,1,ok,espn
E0-1819-2019-01-29-huddersfield-everton,E0,1819,2019-01-29,huddersfield,Everton,66,0,away,Everton,huddersfield,1,0,1,0,0,0,1,ok,espn
E0-1819-2019-01-30-southampton-crystal-palace,E0,1819,2019-01-30,Southampton,Crystal Palace,87,0,away,Crystal Palace,Southampton,1,1,1,0,0,1,1,ok,espn
F1-1819-2019-01-30-nantes-st-etienne,F1,1819,2019-01-30,nantes,st etienne,45,3,home,nantes,st etienne,0,0,1,0,0,1,1,ok,espn
F1-1819-2019-01-30-nantes-st-etienne,F1,1819,2019-01-30,nantes,st etienne,45,3,away,st etienne,nantes,0,0,0,0,1,1,1,ok,espn
F1-1819-2019-02-01-lille-nice,F1,1819,2019-02-01,lille,nice,89,0,away,nice,lille,0,3,1,0,0,4,0,ok,espn
D1-1819-2019-02-02-schalke-04-m-gladbach,D1,1819,2019-02-02,schalke 04,m gladbach,59,0,home,schalke 04,m gladbach,0,0,1,0,0,0,2,ok,espn
D1-1819-2019-02-03-stuttgart-freiburg,D1,1819,2019-02-03,stuttgart,freiburg,89,0,home,stuttgart,freiburg,2,1,1,0,0,2,2,ok,espn
I1-1819-2019-02-03-spal-torino,I1,1819,2019-02-03,spal,torino,65,0,away,torino,spal,0,0,1,0,0,0,0,ok,espn
SP1-1819-2019-02-04-vallecano-leganes,SP1,1819,2019-02-04,vallecano,leganes,58,0,away,leganes,vallecano,1,0,1,0,0,1,2,ok,espn
F1-1819-2019-02-05-marseille-bordeaux,F1,1819,2019-02-05,marseille,bordeaux,25,0,away,bordeaux,marseille,0,0,1,0,0,1,0,ok,espn
D1-1819-2019-02-09-hannover-nurnberg,D1,1819,2019-02-09,hannover,nurnberg,11,0,away,nurnberg,hannover,0,0,1,0,0,2,0,ok,espn
E0-1819-2019-02-09-watford-everton,E0,1819,2019-02-09,watford,Everton,90,5,away,Everton,watford,0,1,1,0,0,1,0,ok,espn
SP1-1819-2019-02-09-ath-madrid-real-madrid,SP1,1819,2019-02-09,ath madrid,real madrid,80,0,home,ath madrid,real madrid,1,3,1,0,0,1,3,ok,espn
SP1-1819-2019-02-09-getafe-celta,SP1,1819,2019-02-09,getafe,celta,37,0,away,celta,getafe,1,0,1,0,0,3,1,ok,espn
SP1-1819-2019-02-09-girona-huesca,SP1,1819,2019-02-09,girona,huesca,68,0,home,girona,huesca,0,2,1,0,0,0,2,ok,espn
D1-1819-2019-02-10-fortuna-dusseldorf-stuttgart,D1,1819,2019-02-10,fortuna dusseldorf,stuttgart,90,3,away,stuttgart,fortuna dusseldorf,0,3,1,0,0,3,0,ok,espn
F1-1819-2019-02-10-montpellier-monaco,F1,1819,2019-02-10,montpellier,monaco,90,4,away,monaco,montpellier,2,2,1,0,0,2,2,ok,espn
F1-1819-2019-02-10-rennes-st-etienne,F1,1819,2019-02-10,rennes,st etienne,90,3,away,st etienne,rennes,0,3,1,0,0,3,0,ok,espn
I1-1819-2019-02-10-torino-udinese,I1,1819,2019-02-10,torino,udinese,90,8,away,udinese,torino,0,1,1,0,0,1,0,ok,espn
SP1-1819-2019-02-10-ath-bilbao-barcelona,SP1,1819,2019-02-10,ath bilbao,barcelona,90,1,home,ath bilbao,barcelona,0,0,1,0,0,0,0,ok,espn
SP1-1819-2019-02-10-leganes-betis,SP1,1819,2019-02-10,leganes,betis,80,0,away,betis,leganes,0,3,1,0,0,3,0,ok,espn
SP1-1819-2019-02-10-sevilla-eibar,SP1,1819,2019-02-10,sevilla,eibar,84,0,home,sevilla,eibar,0,2,1,0,0,2,2,ok,espn
F1-1819-2019-02-13-caen-nantes,F1,1819,2019-02-13,caen,nantes,34,0,away,nantes,caen,0,0,1,0,0,0,1,ok,espn
F1-1819-2019-02-15-nimes-dijon,F1,1819,2019-02-15,nimes,dijon,89,0,away,dijon,nimes,0,2,1,0,0,2,0,ok,espn
D1-1819-2019-02-16-schalke-04-freiburg,D1,1819,2019-02-16,schalke 04,freiburg,42,0,home,schalke 04,freiburg,0,0,1,0,0,0,0,ok,espn
D1-1819-2019-02-16-schalke-04-freiburg,D1,1819,2019-02-16,schalke 04,freiburg,90,2,away,freiburg,schalke 04,0,0,0,0,1,0,0,ok,espn
I1-1819-2019-02-16-cagliari-parma,I1,1819,2019-02-16,cagliari,parma,90,0,home,cagliari,parma,2,1,1,0,0,2,1,ok,espn
SP1-1819-2019-02-16-celta-levante,SP1,1819,2019-02-16,celta,levante,49,0,home,celta,levante,0,2,1,0,0,1,4,ok,espn
SP1-1819-2019-02-17-real-madrid-girona,SP1,1819,2019-02-17,real madrid,girona,90,0,home,real madrid,girona,1,2,1,0,0,1,2,ok,espn
SP1-1819-2019-02-17-valencia-espanol,SP1,1819,2019-02-17,valencia,espanol,90,5,away,espanol,valencia,0,0,1,0,0,0,0,ok,espn
D1-1819-2019-02-23-bayern-munich-hertha,D1,1819,2019-02-23,bayern munich,hertha,84,0,away,hertha,bayern munich,0,1,1,0,0,1,0,ok,espn
D1-1819-2019-02-23-fortuna-dusseldorf-nurnberg,D1,1819,2019-02-23,fortuna dusseldorf,nurnberg,4,0,away,nurnberg,fortuna dusseldorf,0,0,1,0,0,2,1,ok,espn
D1-1819-2019-02-23-freiburg-augsburg,D1,1819,2019-02-23,freiburg,augsburg,90,1,away,augsburg,freiburg,1,5,1,0,0,5,1,ok,espn
E0-1819-2019-02-23-newcastle-huddersfield,E0,1819,2019-02-23,Newcastle,huddersfield,20,0,away,huddersfield,Newcastle,0,0,1,0,0,2,0,ok,espn
F1-1819-2019-02-24-rennes-marseille,F1,1819,2019-02-24,rennes,marseille,90,3,away,marseille,rennes,1,1,1,0,0,1,1,ok,espn
F1-1819-2019-02-24-toulouse-caen,F1,1819,2019-02-24,toulouse,caen,90,0,away,caen,toulouse,1,0,1,0,0,1,1,ok,espn
I1-1819-2019-02-24-sassuolo-spal,I1,1819,2019-02-24,sassuolo,spal,90,3,home,sassuolo,spal,1,1,1,0,0,1,1,ok,espn
SP1-1819-2019-02-24-levante-real-madrid,SP1,1819,2019-02-24,levante,real madrid,86,0,away,real madrid,levante,2,1,1,0,0,1,2,ok,espn
SP1-1819-2019-02-24-levante-real-madrid,SP1,1819,2019-02-24,levante,real madrid,88,0,home,levante,real madrid,1,2,0,0,1,1,2,ok,espn
SP1-1819-2019-03-01-vallecano-girona,SP1,1819,2019-03-01,vallecano,girona,60,0,home,vallecano,girona,0,1,1,0,0,0,2,ok,espn
D1-1819-2019-03-02-ein-frankfurt-hoffenheim,D1,1819,2019-03-02,ein frankfurt,hoffenheim,65,0,away,hoffenheim,ein frankfurt,2,1,1,0,0,3,2,ok,espn
E0-1819-2019-03-02-tottenham-arsenal,E0,1819,2019-03-02,Tottenham,Arsenal,90,5,away,Arsenal,Tottenham,1,1,1,0,0,1,1,ok,espn
I1-1819-2019-03-02-lazio-roma,I1,1819,2019-03-02,lazio,roma,90,3,away,roma,lazio,0,3,1,0,0,3,0,ok,espn
I1-1819-2019-03-02-milan-sassuolo,I1,1819,2019-03-02,milan,sassuolo,64,0,away,sassuolo,milan,0,1,1,0,0,1,0,ok,espn
F1-1819-2019-03-03-lyon-toulouse,F1,1819,2019-03-03,lyon,toulouse,83,0,away,toulouse,lyon,1,5,1,0,0,5,1,ok,espn
F1-1819-2019-03-03-nice-strasbourg,F1,1819,2019-03-03,nice,strasbourg,89,0,home,nice,strasbourg,1,0,1,0,0,1,0,ok,espn
F1-1819-2019-03-03-nice-strasbourg,F1,1819,2019-03-03,nice,strasbourg,89,0,away,strasbourg,nice,0,1,0,0,1,1,0,ok,espn
I1-1819-2019-03-03-genoa-frosinone,I1,1819,2019-03-03,genoa,frosinone,34,0,away,frosinone,genoa,0,0,1,0,0,0,0,ok,espn
I1-1819-2019-03-03-napoli-juventus,I1,1819,2019-03-03,napoli,juventus,25,0,home,napoli,juventus,0,0,1,0,0,1,2,ok,espn
I1-1819-2019-03-03-napoli-juventus,I1,1819,2019-03-03,napoli,juventus,47,0,away,juventus,napoli,2,0,0,0,1,1,2,ok,espn
I1-1819-2019-03-03-spal-sampdoria,I1,1819,2019-03-03,spal,sampdoria,90,7,home,spal,sampdoria,1,2,1,0,0,1,2,ok,espn
SP1-1819-2019-03-03-sociedad-ath-madrid,SP1,1819,2019-03-03,sociedad,ath madrid,62,0,away,ath madrid,sociedad,2,0,1,0,0,0,2,ok,espn
F1-1819-2019-03-09-amiens-nimes,F1,1819,2019-03-09,amiens,nimes,89,0,home,amiens,nimes,2,1,1,0,0,2,1,ok,espn
F1-1819-2019-03-09-dijon-reims,F1,1819,2019-03-09,dijon,reims,3,0,home,dijon,reims,0,0,1,0,0,1,1,ok,espn
F1-1819-2019-03-10-montpellier-angers,F1,1819,2019-03-10,montpellier,angers,73,0,away,angers,montpellier,0,2,1,0,0,2,2,ok,espn
F1-1819-2019-03-10-rennes-caen,F1,1819,2019-03-10,rennes,caen,35,0,away,caen,rennes,1,0,1,0,0,3,1,ok,espn
F1-1819-2019-03-10-st-etienne-lille,F1,1819,2019-03-10,st etienne,lille,90,0,home,st etienne,lille,0,1,1,0,0,0,1,ok,espn
F1-1819-2019-03-10-st-etienne-lille,F1,1819,2019-03-10,st etienne,lille,90,4,home,st etienne,lille,0,1,0,1,0,0,1,ok,espn
F1-1819-2019-03-10-toulouse-guingamp,F1,1819,2019-03-10,toulouse,guingamp,44,0,away,guingamp,toulouse,0,1,1,0,0,1,0,ok,espn
SP1-1819-2019-03-10-girona-valencia,SP1,1819,2019-03-10,girona,valencia,72,0,away,valencia,girona,2,1,1,0,0,2,3,ok,espn
SP1-1819-2019-03-10-valladolid-real-madrid,SP1,1819,2019-03-10,valladolid,real madrid,80,0,away,real madrid,valladolid,3,1,1,0,0,1,4,ok,espn
I1-1819-2019-03-11-roma-empoli,I1,1819,2019-03-11,roma,empoli,80,0,home,roma,empoli,2,1,1,0,0,2,1,ok,espn
D1-1819-2019-03-16-hertha-dortmund,D1,1819,2019-03-16,hertha,dortmund,85,0,home,hertha,dortmund,2,2,1,0,0,2,3,ok,espn
D1-1819-2019-03-16-hertha-dortmund,D1,1819,2019-03-16,hertha,dortmund,90,5,home,hertha,dortmund,2,3,0,1,0,2,3,ok,espn
E0-1819-2019-03-16-burnley-leicester,E0,1819,2019-03-16,Burnley,Leicester,4,0,away,Leicester,Burnley,0,0,1,0,0,1,2,ok,espn
I1-1819-2019-03-16-torino-bologna,I1,1819,2019-03-16,torino,bologna,88,0,away,bologna,torino,3,1,1,0,0,2,3,ok,espn
I1-1819-2019-03-16-torino-bologna,I1,1819,2019-03-16,torino,bologna,90,2,home,torino,bologna,2,3,0,0,1,2,3,ok,espn
F1-1819-2019-03-17-paris-sg-marseille,F1,1819,2019-03-17,paris sg,marseille,62,0,away,marseille,paris sg,1,2,1,0,0,3,1,ok,espn
F1-1819-2019-03-17-reims-nantes,F1,1819,2019-03-17,reims,nantes,89,0,away,nantes,reims,0,1,1,0,0,1,0,ok,espn
SP1-1819-2019-03-17-espanol-sevilla,SP1,1819,2019-03-17,espanol,sevilla,90,4,away,sevilla,espanol,1,0,1,0,0,0,1,ok,espn
SP1-1819-2019-03-17-espanol-sevilla,SP1,1819,2019-03-17,espanol,sevilla,90,4,home,espanol,sevilla,0,1,0,0,1,0,1,ok,espn
I1-1819-2019-03-29-chievo-cagliari,I1,1819,2019-03-29,chievo,cagliari,52,0,home,chievo,cagliari,0,3,1,0,0,0,3,ok,espn
F1-1819-2019-03-30-marseille-angers,F1,1819,2019-03-30,marseille,angers,78,0,home,marseille,angers,2,2,1,0,0,2,2,ok,espn
F1-1819-2019-03-31-dijon-nice,F1,1819,2019-03-31,dijon,nice,54,0,home,dijon,nice,0,0,1,0,0,0,1,ok,espn
SP1-1819-2019-03-31-vallecano-betis,SP1,1819,2019-03-31,vallecano,betis,90,5,home,vallecano,betis,1,1,1,0,0,1,1,ok,espn
E0-1819-2019-04-02-wolves-man-united,E0,1819,2019-04-02,Wolves,Manchester United,57,0,away,Manchester United,Wolves,1,1,1,0,0,2,1,ok,espn
SP1-1819-2019-04-02-villarreal-barcelona,SP1,1819,2019-04-02,villarreal,barcelona,86,0,home,villarreal,barcelona,4,2,1,0,0,4,4,ok,espn
F1-1819-2019-04-03-strasbourg-reims,F1,1819,2019-04-03,strasbourg,reims,88,0,home,strasbourg,reims,4,0,1,0,0,4,0,ok,espn
I1-1819-2019-04-03-genoa-inter,I1,1819,2019-04-03,genoa,inter,39,0,home,genoa,inter,0,1,1,0,0,0,4,ok,espn
SP1-1819-2019-04-03-ath-bilbao-levante,SP1,1819,2019-04-03,ath bilbao,levante,90,6,away,levante,ath bilbao,2,3,1,0,0,3,2,ok,espn
F1-1819-2019-04-05-bordeaux-marseille,F1,1819,2019-04-05,bordeaux,marseille,82,0,home,bordeaux,marseille,2,0,1,0,0,2,0,ok,espn
D1-1819-2019-04-06-schalke-04-ein-frankfurt,D1,1819,2019-04-06,schalke 04,ein frankfurt,90,4,home,schalke 04,ein frankfurt,1,1,1,0,0,1,2,ok,espn
F1-1819-2019-04-06-amiens-st-etienne,F1,1819,2019-04-06,amiens,st etienne,32,0,home,amiens,st etienne,1,1,1,0,0,2,2,ok,espn
SP1-1819-2019-04-06-barcelona-ath-madrid,SP1,1819,2019-04-06,barcelona,ath madrid,28,0,away,ath madrid,barcelona,0,0,1,0,0,2,0,ok,espn
F1-1819-2019-04-07-toulouse-nantes,F1,1819,2019-04-07,toulouse,nantes,17,0,away,nantes,toulouse,0,0,1,0,0,1,0,ok,espn
I1-1819-2019-04-07-napoli-genoa,I1,1819,2019-04-07,napoli,genoa,28,0,away,genoa,napoli,0,0,1,0,0,1,1,ok,espn
I1-1819-2019-04-07-udinese-empoli,I1,1819,2019-04-07,udinese,empoli,63,0,home,udinese,empoli,3,2,1,0,0,3,2,ok,espn
SP1-1819-2019-04-07-celta-sociedad,SP1,1819,2019-04-07,celta,sociedad,58,0,away,sociedad,celta,1,1,1,0,0,3,1,ok,espn
I1-1819-2019-04-08-bologna-chievo,I1,1819,2019-04-08,bologna,chievo,79,0,away,chievo,bologna,0,2,1,0,0,3,0,ok,espn
F1-1819-2019-04-09-nimes-rennes,F1,1819,2019-04-09,nimes,rennes,45,2,home,nimes,rennes,1,1,1,0,0,3,1,ok,espn
F1-1819-2019-04-09-nimes-rennes,F1,1819,2019-04-09,nimes,rennes,45,5,away,rennes,nimes,1,1,0,0,1,3,1,ok,espn
F1-1819-2019-04-12-dijon-amiens,F1,1819,2019-04-12,dijon,amiens,90,2,away,amiens,dijon,0,0,1,0,0,0,0,ok,espn
D1-1819-2019-04-13-stuttgart-leverkusen,D1,1819,2019-04-13,stuttgart,leverkusen,90,1,home,stuttgart,leverkusen,0,1,1,0,0,0,1,ok,espn
E0-1819-2019-04-13-brighton-bournemouth,E0,1819,2019-04-13,Brighton,Bournemouth,68,0,home,Brighton,Bournemouth,0,2,1,0,0,0,5,ok,espn
D1-1819-2019-04-14-ein-frankfurt-augsburg,D1,1819,2019-04-14,ein frankfurt,augsburg,47,0,home,ein frankfurt,augsburg,1,2,1,0,0,1,3,ok,espn
F1-1819-2019-04-14-lille-paris-sg,F1,1819,2019-04-14,lille,paris sg,36,0,away,paris sg,lille,1,1,1,0,0,5,1,ok,espn
I1-1819-2019-04-14-sampdoria-genoa,I1,1819,2019-04-14,sampdoria,genoa,51,0,away,genoa,sampdoria,0,1,1,0,0,2,0,ok,espn
I1-1819-2019-04-14-torino-cagliari,I1,1819,2019-04-14,torino,cagliari,73,0,home,torino,cagliari,1,0,1,0,0,1,1,ok,espn
I1-1819-2019-04-14-torino-cagliari,I1,1819,2019-04-14,torino,cagliari,82,0,away,cagliari,torino,1,1,0,0,1,1,1,ok,espn
I1-1819-2019-04-14-torino-cagliari,I1,1819,2019-04-14,torino,cagliari,90,5,away,cagliari,torino,1,1,0,1,1,1,1,ok,espn
SP1-1819-2019-04-14-ath-bilbao-vallecano,SP1,1819,2019-04-14,ath bilbao,vallecano,52,0,away,vallecano,ath bilbao,1,2,1,0,0,3,2,ok,espn
SP1-1819-2019-04-14-valladolid-getafe,SP1,1819,2019-04-14,valladolid,getafe,62,0,away,getafe,valladolid,1,1,1,0,0,2,2,ok,espn
E0-1819-2019-04-15-watford-arsenal,E0,1819,2019-04-15,watford,Arsenal,11,0,home,watford,Arsenal,0,1,1,0,0,0,1,ok,espn
D1-1819-2019-04-20-bayern-munich-werder-bremen,D1,1819,2019-04-20,bayern munich,werder bremen,58,0,away,werder bremen,bayern munich,0,0,1,0,0,1,0,ok,espn
I1-1819-2019-04-20-cagliari-frosinone,I1,1819,2019-04-20,cagliari,frosinone,79,0,home,cagliari,frosinone,1,0,1,0,0,1,0,ok,espn
I1-1819-2019-04-20-lazio-chievo,I1,1819,2019-04-20,lazio,chievo,34,0,home,lazio,chievo,0,0,1,0,0,1,2,ok,espn
I1-1819-2019-04-20-lazio-chievo,I1,1819,2019-04-20,lazio,chievo,90,6,home,lazio,chievo,1,2,0,1,0,1,2,ok,espn
SP1-1819-2019-04-21-betis-valencia,SP1,1819,2019-04-21,betis,valencia,82,0,away,valencia,betis,2,1,1,0,0,1,2,ok,espn
SP1-1819-2019-04-21-getafe-sevilla,SP1,1819,2019-04-21,getafe,sevilla,45,4,away,sevilla,getafe,0,1,1,0,0,3,0,ok,espn
SP1-1819-2019-04-21-getafe-sevilla,SP1,1819,2019-04-21,getafe,sevilla,74,0,home,getafe,sevilla,3,0,0,0,1,3,0,ok,espn
SP1-1819-2019-04-21-levante-espanol,SP1,1819,2019-04-21,levante,espanol,74,0,home,levante,espanol,2,2,1,0,0,2,2,ok,espn
F1-1819-2019-04-26-bordeaux-lyon,F1,1819,2019-04-26,bordeaux,lyon,73,0,home,bordeaux,lyon,2,2,1,0,0,2,3,ok,espn
D1-1819-2019-04-27-dortmund-schalke-04,D1,1819,2019-04-27,dortmund,schalke 04,60,0,home,dortmund,schalke 04,1,2,1,0,0,2,4,ok,espn
D1-1819-2019-04-27-dortmund-schalke-04,D1,1819,2019-04-27,dortmund,schalke 04,65,0,home,dortmund,schalke 04,1,3,0,1,0,2,4,ok,espn
D1-1819-2019-04-27-ein-frankfurt-hertha,D1,1819,2019-04-27,ein frankfurt,hertha,80,0,away,hertha,ein frankfurt,0,0,1,0,0,0,0,ok,espn
E0-1819-2019-04-28-leicester-arsenal,E0,1819,2019-04-28,Leicester,Arsenal,36,0,away,Arsenal,Leicester,0,0,1,0,0,3,0,ok,espn
I1-1819-2019-04-28-sampdoria-lazio,I1,1819,2019-04-28,sampdoria,lazio,45,0,home,sampdoria,lazio,0,2,1,0,0,1,2,ok,espn
I1-1819-2019-04-28-torino-milan,I1,1819,2019-04-28,torino,milan,81,0,away,milan,torino,0,2,1,0,0,2,0,ok,espn
SP1-1819-2019-04-28-girona-sevilla,SP1,1819,2019-04-28,girona,sevilla,90,5,away,sevilla,girona,0,1,1,0,0,1,0,ok,espn
SP1-1819-2019-04-28-villarreal-huesca,SP1,1819,2019-04-28,villarreal,huesca,90,2,away,huesca,villarreal,1,1,1,0,0,1,1,ok,espn
D1-1819-2019-05-04-bayern-munich-hannover,D1,1819,2019-05-04,bayern munich,hannover,55,0,away,hannover,bayern munich,1,2,1,0,0,3,1,ok,espn
E0-1819-2019-05-04-bournemouth-tottenham,E0,1819,2019-05-04,Bournemouth,Tottenham,43,0,away,Tottenham,Bournemouth,0,0,1,0,0,1,0,ok,espn
E0-1819-2019-05-04-bournemouth-tottenham,E0,1819,2019-05-04,Bournemouth,Tottenham,48,0,away,Tottenham,Bournemouth,0,0,0,1,0,1,0,ok,espn
SP1-1819-2019-05-04-levante-vallecano,SP1,1819,2019-05-04,levante,vallecano,82,0,away,vallecano,levante,1,2,1,0,0,4,1,ok,espn
D1-1819-2019-05-05-freiburg-fortuna-dusseldorf,D1,1819,2019-05-05,freiburg,fortuna dusseldorf,47,0,home,freiburg,fortuna dusseldorf,1,1,1,0,0,1,1,ok,espn
F1-1819-2019-05-05-nantes-dijon,F1,1819,2019-05-05,nantes,dijon,73,0,away,dijon,nantes,0,1,1,0,0,3,0,ok,espn
I1-1819-2019-05-05-empoli-fiorentina,I1,1819,2019-05-05,empoli,fiorentina,90,6,away,fiorentina,empoli,0,1,1,0,0,1,0,ok,espn
I1-1819-2019-05-05-napoli-cagliari,I1,1819,2019-05-05,napoli,cagliari,90,7,away,cagliari,napoli,1,1,1,0,0,2,1,ok,espn
I1-1819-2019-05-05-parma-sampdoria,I1,1819,2019-05-05,parma,sampdoria,88,0,away,sampdoria,parma,3,3,1,0,0,3,3,ok,espn
I1-1819-2019-05-05-parma-sampdoria,I1,1819,2019-05-05,parma,sampdoria,90,1,home,parma,sampdoria,3,3,0,0,1,3,3,ok,espn
SP1-1819-2019-05-05-getafe-girona,SP1,1819,2019-05-05,getafe,girona,69,0,away,girona,getafe,0,1,1,0,0,2,0,ok,espn
I1-1819-2019-05-06-milan-bologna,I1,1819,2019-05-06,milan,bologna,74,0,home,milan,bologna,2,1,1,0,0,2,1,ok,espn
I1-1819-2019-05-06-milan-bologna,I1,1819,2019-05-06,milan,bologna,90,6,away,bologna,milan,1,2,0,0,1,2,1,ok,espn
I1-1819-2019-05-06-milan-bologna,I1,1819,2019-05-06,milan,bologna,90,6,away,bologna,milan,1,2,0,1,1,2,1,ok,espn
F1-1819-2019-05-10-st-etienne-montpellier,F1,1819,2019-05-10,st etienne,montpellier,53,0,away,montpellier,st etienne,0,0,1,0,0,0,1,ok,espn
F1-1819-2019-05-10-st-etienne-montpellier,F1,1819,2019-05-10,st etienne,montpellier,62,0,home,st etienne,montpellier,0,0,0,0,1,0,1,ok,espn
D1-1819-2019-05-11-dortmund-fortuna-dusseldorf,D1,1819,2019-05-11,dortmund,fortuna dusseldorf,82,0,away,fortuna dusseldorf,dortmund,1,2,1,0,0,3,2,ok,espn
F1-1819-2019-05-11-angers-paris-sg,F1,1819,2019-05-11,angers,paris sg,85,0,away,paris sg,angers,2,0,1,0,0,1,2,ok,espn
E0-1819-2019-05-12-watford-west-ham,E0,1819,2019-05-12,watford,West Ham,48,0,home,watford,West Ham,1,2,1,0,0,1,4,ok,espn
F1-1819-2019-05-12-lille-bordeaux,F1,1819,2019-05-12,lille,bordeaux,88,0,away,bordeaux,lille,0,1,1,0,0,1,0,ok,espn
F1-1819-2019-05-12-marseille-lyon,F1,1819,2019-05-12,marseille,lyon,67,0,home,marseille,lyon,0,1,1,0,0,0,3,ok,espn
F1-1819-2019-05-12-rennes-guingamp,F1,1819,2019-05-12,rennes,guingamp,79,0,home,rennes,guingamp,1,0,1,0,0,1,1,ok,espn
I1-1819-2019-05-12-torino-sassuolo,I1,1819,2019-05-12,torino,sassuolo,28,0,away,sassuolo,torino,1,0,1,0,0,3,2,ok,espn
SP1-1819-2019-05-12-betis-huesca,SP1,1819,2019-05-12,betis,huesca,76,0,away,huesca,betis,1,1,1,0,0,2,1,ok,espn
SP1-1819-2019-05-12-leganes-espanol,SP1,1819,2019-05-12,leganes,espanol,45,0,home,leganes,espanol,0,1,1,0,0,0,2,ok,espn
SP1-1819-2019-05-12-sociedad-real-madrid,SP1,1819,2019-05-12,sociedad,real madrid,39,0,away,real madrid,sociedad,1,1,1,0,0,3,1,ok,espn
I1-1819-2019-05-13-bologna-parma,I1,1819,2019-05-13,bologna,parma,62,0,away,parma,bologna,0,2,1,0,0,4,1,ok,espn
I1-1819-2019-05-13-inter-chievo,I1,1819,2019-05-13,inter,chievo,76,0,away,chievo,inter,0,1,1,0,0,2,0,ok,espn
D1-1819-2019-05-18-mainz-hoffenheim,D1,1819,2019-05-18,mainz,hoffenheim,41,0,away,hoffenheim,mainz,2,0,1,0,0,4,2,ok,espn
I1-1819-2019-05-18-genoa-cagliari,I1,1819,2019-05-18,genoa,cagliari,90,3,home,genoa,cagliari,1,1,1,0,0,1,1,ok,espn
SP1-1819-2019-05-18-levante-ath-madrid,SP1,1819,2019-05-18,levante,ath madrid,51,0,away,ath madrid,levante,0,2,1,0,0,2,2,ok,espn
I1-1819-2019-05-19-chievo-sampdoria,I1,1819,2019-05-19,chievo,sampdoria,40,0,home,chievo,sampdoria,0,0,1,0,0,0,0,ok,espn
I1-1819-2019-05-19-juventus-atalanta,I1,1819,2019-05-19,juventus,atalanta,90,2,home,juventus,atalanta,1,1,1,0,0,1,1,ok,espn
F1-1819-2019-05-24-marseille-montpellier,F1,1819,2019-05-24,marseille,montpellier,87,0,home,marseille,montpellier,1,0,1,0,0,1,0,ok,espn
F1-1819-2019-05-24-rennes-lille,F1,1819,2019-05-24,rennes,lille,90,0,away,lille,rennes,1,3,1,0,0,3,1,ok,espn
I1-1819-2019-05-26-atalanta-sassuolo,I1,1819,2019-05-26,atalanta,sassuolo,45,5,away,sassuolo,atalanta,1,1,1,0,0,3,1,ok,espn
I1-1819-2019-05-26-atalanta-sassuolo,I1,1819,2019-05-26,atalanta,sassuolo,83,0,away,sassuolo,atalanta,1,3,0,1,0,3,1,ok,espn
I1-1819-2019-05-26-inter-empoli,I1,1819,2019-05-26,inter,empoli,90,5,away,empoli,inter,1,2,1,0,0,2,1,ok,espn
I1-1819-2019-05-26-inter-empoli,I1,1819,2019-05-26,inter,empoli,90,7,home,inter,empoli,2,1,0,0,1,2,1,ok,espn
F1-1920-2019-08-09-monaco-lyon,F1,1920,2019-08-09,monaco,lyon,30,0,home,monaco,lyon,0,1,1,0,0,0,3,ok,espn
E0-1920-2019-08-10-crystal-palace-everton,E0,1920,2019-08-10,Crystal Palace,Everton,76,0,away,Everton,Crystal Palace,0,0,1,0,0,0,0,ok,espn
F1-1920-2019-08-10-montpellier-rennes,F1,1920,2019-08-10,montpellier,rennes,69,0,away,rennes,montpellier,1,0,1,0,0,0,1,ok,espn
F1-1920-2019-08-10-nice-amiens,F1,1920,2019-08-10,nice,amiens,27,0,away,amiens,nice,0,0,1,0,0,2,1,ok,espn
F1-1920-2019-08-17-amiens-lille,F1,1920,2019-08-17,amiens,lille,39,0,away,lille,amiens,0,0,1,0,0,1,0,ok,espn
F1-1920-2019-08-17-metz-monaco,F1,1920,2019-08-17,metz,monaco,34,0,away,monaco,metz,0,1,1,0,0,3,0,ok,espn
F1-1920-2019-08-17-nimes-nice,F1,1920,2019-08-17,nimes,nice,51,0,away,nice,nimes,2,1,1,0,0,1,2,ok,espn
F1-1920-2019-08-17-nimes-nice,F1,1920,2019-08-17,nimes,nice,90,8,home,nimes,nice,1,2,0,0,1,1,2,ok,espn
F1-1920-2019-08-17-nimes-nice,F1,1920,2019-08-17,nimes,nice,90,8,home,nimes,nice,1,2,0,1,1,1,2,ok,espn
SP1-1920-2019-08-17-celta-real-madrid,SP1,1920,2019-08-17,celta,real madrid,56,0,away,real madrid,celta,1,0,1,0,0,1,3,ok,espn
SP1-1920-2019-08-17-leganes-osasuna,SP1,1920,2019-08-17,leganes,osasuna,90,3,home,leganes,osasuna,0,1,1,0,0,0,1,ok,espn
SP1-1920-2019-08-17-valencia-sociedad,SP1,1920,2019-08-17,valencia,sociedad,90,10,home,valencia,sociedad,1,0,1,0,0,1,1,ok,espn
SP1-1920-2019-08-18-ath-madrid-getafe,SP1,1920,2019-08-18,ath madrid,getafe,38,0,away,getafe,ath madrid,0,1,1,0,0,1,0,ok,espn
SP1-1920-2019-08-18-ath-madrid-getafe,SP1,1920,2019-08-18,ath madrid,getafe,42,0,home,ath madrid,getafe,1,0,0,0,1,1,0,ok,espn
SP1-1920-2019-08-18-betis-valladolid,SP1,1920,2019-08-18,betis,valladolid,8,0,home,betis,valladolid,0,0,1,0,0,1,2,ok,espn
D1-1920-2019-08-24-augsburg-union-berlin,D1,1920,2019-08-24,augsburg,union berlin,83,0,away,union berlin,augsburg,1,1,1,0,0,1,1,ok,espn
D1-1920-2019-08-24-hoffenheim-werder-bremen,D1,1920,2019-08-24,hoffenheim,werder bremen,77,0,away,werder bremen,hoffenheim,1,2,1,0,0,3,2,ok,espn
E0-1920-2019-08-24-brighton-southampton,E0,1920,2019-08-24,Brighton,Southampton,30,0,home,Brighton,Southampton,0,0,1,0,0,0,2,ok,espn
F1-1920-2019-08-24-amiens-nantes,F1,1920,2019-08-24,amiens,nantes,31,0,home,amiens,nantes,0,0,1,0,0,1,2,ok,espn
F1-1920-2019-08-25-monaco-nimes,F1,1920,2019-08-25,monaco,nimes,55,0,home,monaco,nimes,2,0,1,0,0,2,2,ok,espn
F1-1920-2019-08-25-strasbourg-rennes,F1,1920,2019-08-25,strasbourg,rennes,84,0,home,strasbourg,rennes,0,2,1,0,0,0,2,ok,espn
I1-1920-2019-08-25-verona-bologna,I1,1920,2019-08-25,verona,bologna,13,0,home,verona,bologna,0,0,1,0,0,1,1,ok,espn
I1-1920-2019-08-26-inter-lecce,I1,1920,2019-08-26,inter,lecce,76,0,away,lecce,inter,0,3,1,0,0,4,0,ok,espn
F1-1920-2019-08-27-montpellier-lyon,F1,1920,2019-08-27,montpellier,lyon,51,0,away,lyon,montpellier,0,1,1,0,0,1,0,ok,espn
E0-1920-2019-08-31-crystal-palace-aston-villa,E0,1920,2019-08-31,Crystal Palace,Aston Villa,54,0,away,Aston Villa,Crystal Palace,0,0,1,0,0,1,0,ok,espn
E0-1920-2019-08-31-southampton-man-united,E0,1920,2019-08-31,Southampton,Manchester United,73,0,home,Southampton,Manchester United,1,1,1,0,0,1,1,ok,espn
F1-1920-2019-08-31-lyon-bordeaux,F1,1920,2019-08-31,lyon,bordeaux,62,0,home,lyon,bordeaux,1,0,1,0,0,1,1,ok,espn
D1-1920-2019-09-01-werder-bremen-augsburg,D1,1920,2019-09-01,werder bremen,augsburg,34,0,away,augsburg,werder bremen,1,2,1,0,0,3,2,ok,espn
E0-1920-2019-09-01-everton-wolves,E0,1920,2019-09-01,Everton,Wolves,90,5,away,Wolves,Everton,2,3,1,0,0,3,2,ok,espn
F1-1920-2019-09-01-reims-lille,F1,1920,2019-09-01,reims,lille,52,0,away,lille,reims,0,0,1,0,0,2,0,ok,espn
I1-1920-2019-09-01-sassuolo-sampdoria,I1,1920,2019-09-01,sassuolo,sampdoria,45,1,away,sampdoria,sassuolo,0,3,1,0,0,4,1,ok,espn
SP1-1920-2019-09-01-villarreal-real-madrid,SP1,1920,2019-09-01,villarreal,real madrid,90,4,away,real madrid,villarreal,2,2,1,0,0,2,2,ok,espn
D1-1920-2019-09-14-union-berlin-werder-bremen,D1,1920,2019-09-14,union berlin,werder bremen,89,0,home,union berlin,werder bremen,1,2,1,0,0,1,2,ok,espn
D1-1920-2019-09-14-union-berlin-werder-bremen,D1,1920,2019-09-14,union berlin,werder bremen,90,1,away,werder bremen,union berlin,2,1,0,0,1,1,2,ok,espn
E0-1920-2019-09-14-sheffield-united-southampton,E0,1920,2019-09-14,Sheffield United,Southampton,85,0,home,Sheffield United,Southampton,0,1,1,0,0,0,1,ok,espn
I1-1920-2019-09-14-inter-udinese,I1,1920,2019-09-14,inter,udinese,35,0,away,udinese,inter,0,0,1,0,0,1,0,ok,espn
I1-1920-2019-09-15-brescia-bologna,I1,1920,2019-09-15,brescia,bologna,48,0,home,brescia,bologna,3,1,1,0,0,3,4,ok,espn
I1-1920-2019-09-15-verona-milan,I1,1920,2019-09-15,verona,milan,21,0,home,verona,milan,0,0,1,0,0,0,1,ok,espn
I1-1920-2019-09-15-verona-milan,I1,1920,2019-09-15,verona,milan,90,4,away,milan,verona,1,0,0,0,1,0,1,ok,espn
SP1-1920-2019-09-15-betis-getafe,SP1,1920,2019-09-15,betis,getafe,25,0,home,betis,getafe,0,1,1,0,0,1,1,ok,espn
SP1-1920-2019-09-15-betis-getafe,SP1,1920,2019-09-15,betis,getafe,90,4,home,betis,getafe,1,1,0,1,0,1,1,ok,espn
SP1-1920-2019-09-15-celta-granada,SP1,1920,2019-09-15,celta,granada,11,0,home,celta,granada,0,0,1,0,0,0,2,ok,espn
SP1-1920-2019-09-15-celta-granada,SP1,1920,2019-09-15,celta,granada,29,0,home,celta,granada,0,0,0,1,0,0,2,ok,espn
SP1-1920-2019-09-15-eibar-espanol,SP1,1920,2019-09-15,eibar,espanol,90,1,away,espanol,eibar,2,1,1,0,0,1,2,ok,espn
E0-1920-2019-09-16-aston-villa-west-ham,E0,1920,2019-09-16,Aston Villa,West Ham,67,0,away,West Ham,Aston Villa,0,0,1,0,0,0,0,ok,espn
D1-1920-2019-09-21-bayern-munich-koln,D1,1920,2019-09-21,bayern munich,koln,59,0,away,koln,bayern munich,0,2,1,0,0,4,0,ok,espn
D1-1920-2019-09-21-leverkusen-union-berlin,D1,1920,2019-09-21,leverkusen,union berlin,66,0,away,union berlin,leverkusen,0,2,1,0,0,2,0,ok,espn
D1-1920-2019-09-21-werder-bremen-rb-leipzig,D1,1920,2019-09-21,werder bremen,rb leipzig,64,0,away,rb leipzig,werder bremen,2,0,1,0,0,0,3,ok,espn
F1-1920-2019-09-21-marseille-montpellier,F1,1920,2019-09-21,marseille,montpellier,90,2,home,marseille,montpellier,1,1,1,0,0,1,1,ok,espn
F1-1920-2019-09-21-marseille-montpellier,F1,1920,2019-09-21,marseille,montpellier,90,2,away,montpellier,marseille,1,1,0,0,1,1,1,ok,espn
F1-1920-2019-09-21-marseille-montpellier,F1,1920,2019-09-21,marseille,montpellier,90,3,home,marseille,montpellier,1,1,0,1,1,1,1,ok,espn
F1-1920-2019-09-21-nimes-toulouse,F1,1920,2019-09-21,nimes,toulouse,81,0,away,toulouse,nimes,0,1,1,0,0,1,0,ok,espn
I1-1920-2019-09-21-juventus-verona,I1,1920,2019-09-21,juventus,verona,90,4,away,verona,juventus,1,2,1,0,0,2,1,ok,espn
E0-1920-2019-09-22-arsenal-aston-villa,E0,1920,2019-09-22,Arsenal,Aston Villa,41,0,home,Arsenal,Aston Villa,0,1,1,0,0,3,2,ok,espn
E0-1920-2019-09-22-crystal-palace-wolves,E0,1920,2019-09-22,Crystal Palace,Wolves,73,0,away,Wolves,Crystal Palace,0,1,1,0,0,1,1,ok,espn
I1-1920-2019-09-22-bologna-roma,I1,1920,2019-09-22,bologna,roma,85,0,away,roma,bologna,1,1,1,0,0,1,2,ok,espn
I1-1920-2019-09-25-fiorentina-sampdoria,I1,1920,2019-09-25,fiorentina,sampdoria,54,0,away,sampdoria,fiorentina,0,1,1,0,0,2,1,ok,espn
I1-1920-2019-09-25-napoli-cagliari,I1,1920,2019-09-25,napoli,cagliari,88,0,home,napoli,cagliari,0,1,1,0,0,0,1,ok,espn
SP1-1920-2019-09-25-mallorca-ath-madrid,SP1,1920,2019-09-25,mallorca,ath madrid,77,0,away,ath madrid,mallorca,2,0,1,0,0,0,2,ok,espn
I1-1920-2019-09-26-torino-milan,I1,1920,2019-09-26,torino,milan,72,0,away,milan,torino,1,1,1,0,0,2,1,ok,espn
SP1-1920-2019-09-26-sociedad-alaves,SP1,1920,2019-09-26,sociedad,alaves,85,0,away,alaves,sociedad,0,3,1,0,0,3,0,ok,espn
E0-1920-2019-09-28-tottenham-southampton,E0,1920,2019-09-28,Tottenham,Southampton,31,0,home,Tottenham,Southampton,1,0,1,0,0,2,1,ok,espn
I1-1920-2019-09-28-sampdoria-inter,I1,1920,2019-09-28,sampdoria,inter,46,0,away,inter,sampdoria,2,0,1,0,0,1,3,ok,espn
SP1-1920-2019-09-28-getafe-barcelona,SP1,1920,2019-09-28,getafe,barcelona,82,0,away,barcelona,getafe,2,0,1,0,0,0,2,ok,espn
D1-1920-2019-09-29-koln-hertha,D1,1920,2019-09-29,koln,hertha,41,0,home,koln,hertha,0,1,1,0,0,0,4,ok,espn
E0-1920-2019-09-29-leicester-newcastle,E0,1920,2019-09-29,Leicester,Newcastle,43,0,away,Newcastle,Leicester,0,1,1,0,0,5,0,ok,espn
F1-1920-2019-09-29-nimes-st-etienne,F1,1920,2019-09-29,nimes,st etienne,74,0,away,st etienne,nimes,1,0,1,0,0,0,1,ok,espn
I1-1920-2019-09-29-milan-fiorentina,I1,1920,2019-09-29,milan,fiorentina,55,0,home,milan,fiorentina,0,1,1,0,0,1,3,ok,espn
I1-1920-2019-09-29-udinese-bologna,I1,1920,2019-09-29,udinese,bologna,90,6,away,bologna,udinese,0,1,1,0,0,1,0,ok,espn
SP1-1920-2019-09-29-espanol-valladolid,SP1,1920,2019-09-29,espanol,valladolid,65,0,home,espanol,valladolid,0,1,1,0,0,0,2,ok,espn
SP1-1920-2019-09-29-levante-osasuna,SP1,1920,2019-09-29,levante,osasuna,72,0,home,levante,osasuna,1,1,1,0,0,1,1,ok,espn
I1-1920-2019-09-30-parma-torino,I1,1920,2019-09-30,parma,torino,29,0,away,torino,parma,1,1,1,0,0,3,2,ok,espn
SP1-1920-2019-10-04-betis-eibar,SP1,1920,2019-10-04,betis,eibar,90,1,away,eibar,betis,1,1,1,0,0,1,1,ok,espn
E0-1920-2019-10-05-burnley-everton,E0,1920,2019-10-05,Burnley,Everton,56,0,away,Everton,Burnley,0,0,1,0,0,1,0,ok,espn
F1-1920-2019-10-05-montpellier-monaco,F1,1920,2019-10-05,montpellier,monaco,81,0,away,monaco,montpellier,1,3,1,0,0,3,1,ok,espn
I1-1920-2019-10-05-genoa-milan,I1,1920,2019-10-05,genoa,milan,45,3,home,genoa,milan,1,0,1,0,0,1,2,ok,espn
I1-1920-2019-10-05-genoa-milan,I1,1920,2019-10-05,genoa,milan,56,0,home,genoa,milan,1,1,0,1,0,1,2,ok,espn
I1-1920-2019-10-05-genoa-milan,I1,1920,2019-10-05,genoa,milan,79,0,away,milan,genoa,2,1,0,0,2,1,2,ok,espn
I1-1920-2019-10-05-genoa-milan,I1,1920,2019-10-05,genoa,milan,90,4,away,milan,genoa,2,1,0,1,2,1,2,ok,espn
I1-1920-2019-10-05-spal-parma,I1,1920,2019-10-05,spal,parma,70,0,home,spal,parma,1,0,1,0,0,1,0,ok,espn
I1-1920-2019-10-06-bologna-lazio,I1,1920,2019-10-06,bologna,lazio,59,0,away,lazio,bologna,2,2,1,0,0,2,2,ok,espn
I1-1920-2019-10-06-bologna-lazio,I1,1920,2019-10-06,bologna,lazio,70,0,home,bologna,lazio,2,2,0,0,1,2,2,ok,espn
SP1-1920-2019-10-06-barcelona-sevilla,SP1,1920,2019-10-06,barcelona,sevilla,87,0,home,barcelona,sevilla,4,0,1,0,0,4,0,ok,espn
SP1-1920-2019-10-06-barcelona-sevilla,SP1,1920,2019-10-06,barcelona,sevilla,88,0,home,barcelona,sevilla,4,0,0,1,0,4,0,ok,espn
SP1-1920-2019-10-06-sociedad-getafe,SP1,1920,2019-10-06,sociedad,getafe,53,0,home,sociedad,getafe,1,0,1,0,0,1,2,ok,espn
F1-1920-2019-10-18-nice-paris-sg,F1,1920,2019-10-18,nice,paris sg,74,0,home,nice,paris sg,1,2,1,0,0,1,4,ok,espn
F1-1920-2019-10-18-nice-paris-sg,F1,1920,2019-10-18,nice,paris sg,77,0,home,nice,paris sg,1,2,0,1,0,1,4,ok,espn
SP1-1920-2019-10-18-granada-osasuna,SP1,1920,2019-10-18,granada,osasuna,90,2,away,osasuna,granada,0,1,1,0,0,1,0,ok,espn
D1-1920-2019-10-19-fortuna-dusseldorf-mainz,D1,1920,2019-10-19,fortuna dusseldorf,mainz,45,1,away,mainz,fortuna dusseldorf,0,0,1,0,0,1,0,ok,espn
E0-1920-2019-10-19-aston-villa-brighton,E0,1920,2019-10-19,Aston Villa,Brighton,35,0,away,Brighton,Aston Villa,1,0,1,0,0,2,1,ok,espn
F1-1920-2019-10-19-metz-nantes,F1,1920,2019-10-19,metz,nantes,62,0,away,nantes,metz,0,0,1,0,0,1,0,ok,espn
SP1-1920-2019-10-19-ath-madrid-valencia,SP1,1920,2019-10-19,ath madrid,valencia,90,1,away,valencia,ath madrid,1,1,1,0,0,1,1,ok,espn
SP1-1920-2019-10-19-mallorca-real-madrid,SP1,1920,2019-10-19,mallorca,real madrid,74,0,away,real madrid,mallorca,0,1,1,0,0,1,0,ok,espn
I1-1920-2019-10-20-sampdoria-roma,I1,1920,2019-10-20,sampdoria,roma,86,0,away,roma,sampdoria,0,0,1,0,0,0,0,ok,espn
E0-1920-2019-10-25-southampton-leicester,E0,1920,2019-10-25,Southampton,Leicester,12,0,home,Southampton,Leicester,0,1,1,0,0,0,9,ok,espn
D1-1920-2019-10-26-hertha-hoffenheim,D1,1920,2019-10-26,hertha,hoffenheim,84,0,home,hertha,hoffenheim,2,3,1,0,0,2,3,ok,espn
E0-1920-2019-10-26-man-city-aston-villa,E0,1920,2019-10-26,Manchester City,Aston Villa,87,0,home,Manchester City,Aston Villa,3,0,1,0,0,3,0,ok,espn
F1-1920-2019-10-26-brest-dijon,F1,1920,2019-10-26,brest,dijon,70,0,home,brest,dijon,2,0,1,0,0,2,0,ok,espn
F1-1920-2019-10-26-strasbourg-nice,F1,1920,2019-10-26,strasbourg,nice,56,0,away,nice,strasbourg,0,1,1,0,0,1,0,ok,espn
E0-1920-2019-10-27-newcastle-wolves,E0,1920,2019-10-27,Newcastle,Wolves,82,0,home,Newcastle,Wolves,1,1,1,0,0,1,1,ok,espn
I1-1920-2019-10-27-atalanta-udinese,I1,1920,2019-10-27,atalanta,udinese,32,0,away,udinese,atalanta,1,1,1,0,0,7,1,ok,espn
I1-1920-2019-10-27-fiorentina-lazio,I1,1920,2019-10-27,fiorentina,lazio,90,5,home,fiorentina,lazio,1,2,1,0,0,1,2,ok,espn
I1-1920-2019-10-27-fiorentina-lazio,I1,1920,2019-10-27,fiorentina,lazio,90,9,home,fiorentina,lazio,1,2,0,1,0,1,2,ok,espn
I1-1920-2019-10-27-fiorentina-lazio,I1,1920,2019-10-27,fiorentina,lazio,90,9,away,lazio,fiorentina,2,1,0,0,2,1,2,ok,espn
SP1-1920-2019-10-27-celta-sociedad,SP1,1920,2019-10-27,celta,sociedad,66,0,home,celta,sociedad,0,0,1,0,0,0,1,ok,espn
SP1-1920-2019-10-27-osasuna-valencia,SP1,1920,2019-10-27,osasuna,valencia,29,0,away,valencia,osasuna,1,0,1,0,0,3,1,ok,espn
I1-1920-2019-10-30-juventus-genoa,I1,1920,2019-10-30,juventus,genoa,51,0,away,genoa,juventus,1,1,1,0,0,2,1,ok,espn
I1-1920-2019-10-30-juventus-genoa,I1,1920,2019-10-30,juventus,genoa,57,0,away,genoa,juventus,1,1,0,1,0,2,1,ok,espn
I1-1920-2019-10-30-juventus-genoa,I1,1920,2019-10-30,juventus,genoa,87,0,home,juventus,genoa,1,1,0,0,2,2,1,ok,espn
I1-1920-2019-10-30-lazio-torino,I1,1920,2019-10-30,lazio,torino,68,0,away,torino,lazio,0,2,1,0,0,4,0,ok,espn
I1-1920-2019-10-30-sampdoria-lecce,I1,1920,2019-10-30,sampdoria,lecce,72,0,away,lecce,sampdoria,1,0,1,0,0,1,1,ok,espn
I1-1920-2019-10-30-udinese-roma,I1,1920,2019-10-30,udinese,roma,31,0,away,roma,udinese,1,0,1,0,0,0,4,ok,espn
D1-1920-2019-11-02-ein-frankfurt-bayern-munich,D1,1920,2019-11-02,ein frankfurt,bayern munich,9,0,away,bayern munich,ein frankfurt,0,0,1,0,0,5,1,ok,espn
D1-1920-2019-11-02-leverkusen-m-gladbach,D1,1920,2019-11-02,leverkusen,m gladbach,90,7,home,leverkusen,m gladbach,1,2,1,0,0,1,2,ok,espn
D1-1920-2019-11-02-werder-bremen-freiburg,D1,1920,2019-11-02,werder bremen,freiburg,87,0,away,freiburg,werder bremen,1,2,1,0,0,2,2,ok,espn
I1-1920-2019-11-02-roma-napoli,I1,1920,2019-11-02,roma,napoli,90,5,home,roma,napoli,2,1,1,0,0,2,1,ok,espn
E0-1920-2019-11-03-everton-tottenham,E0,1920,2019-11-03,Everton,Tottenham,79,0,away,Tottenham,Everton,1,0,1,0,0,1,1,ok,espn
F1-1920-2019-11-03-nice-reims,F1,1920,2019-11-03,nice,reims,26,0,away,reims,nice,0,0,1,0,0,2,0,ok,espn
F1-1920-2019-11-03-st-etienne-monaco,F1,1920,2019-11-03,st etienne,monaco,90,2,away,monaco,st etienne,0,1,1,0,0,1,0,ok,espn
I1-1920-2019-11-03-atalanta-cagliari,I1,1920,2019-11-03,atalanta,cagliari,39,0,home,atalanta,cagliari,0,1,1,0,0,0,2,ok,espn
I1-1920-2019-11-03-verona-brescia,I1,1920,2019-11-03,verona,brescia,90,7,away,brescia,verona,1,2,1,0,0,2,1,ok,espn
E0-1920-2019-11-08-norwich-watford,E0,1920,2019-11-08,norwich,watford,65,0,away,watford,norwich,2,0,1,0,0,0,2,ok,espn
SP1-1920-2019-11-08-sociedad-leganes,SP1,1920,2019-11-08,sociedad,leganes,90,7,away,leganes,sociedad,1,1,1,0,0,1,1,ok,espn
F1-1920-2019-11-09-reims-angers,F1,1920,2019-11-09,reims,angers,70,0,away,angers,reims,0,0,1,0,0,0,0,ok,espn
F1-1920-2019-11-09-strasbourg-nimes,F1,1920,2019-11-09,strasbourg,nimes,66,0,away,nimes,strasbourg,1,2,1,0,0,4,1,ok,espn
I1-1920-2019-11-09-brescia-torino,I1,1920,2019-11-09,brescia,torino,41,0,home,brescia,torino,0,2,1,0,0,0,4,ok,espn
D1-1920-2019-11-10-freiburg-ein-frankfurt,D1,1920,2019-11-10,freiburg,ein frankfurt,45,1,away,ein frankfurt,freiburg,0,0,1,0,0,1,0,ok,espn
D1-1920-2019-11-10-freiburg-ein-frankfurt,D1,1920,2019-11-10,freiburg,ein frankfurt,90,6,away,ein frankfurt,freiburg,0,1,0,1,0,1,0,ok,espn
D1-1920-2019-11-10-freiburg-ein-frankfurt,D1,1920,2019-11-10,freiburg,ein frankfurt,90,10,home,freiburg,ein frankfurt,1,0,0,0,2,1,0,ok,espn
D1-1920-2019-11-10-m-gladbach-werder-bremen,D1,1920,2019-11-10,m gladbach,werder bremen,87,0,home,m gladbach,werder bremen,3,0,1,0,0,3,1,ok,espn
F1-1920-2019-11-10-marseille-lyon,F1,1920,2019-11-10,marseille,lyon,64,0,home,marseille,lyon,2,1,1,0,0,2,1,ok,espn
I1-1920-2019-11-10-sampdoria-atalanta,I1,1920,2019-11-10,sampdoria,atalanta,74,0,away,atalanta,sampdoria,0,0,1,0,0,0,0,ok,espn
SP1-1920-2019-11-22-levante-mallorca,SP1,1920,2019-11-22,levante,mallorca,86,0,home,levante,mallorca,2,1,1,0,0,2,1,ok,espn
D1-1920-2019-11-23-ein-frankfurt-wolfsburg,D1,1920,2019-11-23,ein frankfurt,wolfsburg,45,1,away,wolfsburg,ein frankfurt,1,0,1,0,0,0,2,ok,espn
E0-1920-2019-11-23-bournemouth-wolves,E0,1920,2019-11-23,Bournemouth,Wolves,37,0,home,Bournemouth,Wolves,0,2,1,0,0,1,2,ok,espn
F1-1920-2019-11-23-amiens-strasbourg,F1,1920,2019-11-23,amiens,strasbourg,82,0,home,amiens,strasbourg,0,4,1,0,0,0,4,ok,espn
F1-1920-2019-11-23-lyon-nice,F1,1920,2019-11-23,lyon,nice,34,0,home,lyon,nice,2,0,1,0,0,2,1,ok,espn
F1-1920-2019-11-23-lyon-nice,F1,1920,2019-11-23,lyon,nice,86,0,away,nice,lyon,1,2,0,0,1,2,1,ok,espn
F1-1920-2019-11-23-metz-reims,F1,1920,2019-11-23,metz,reims,90,0,away,reims,metz,1,1,1,0,0,1,1,ok,espn
D1-1920-2019-11-24-augsburg-hertha,D1,1920,2019-11-24,augsburg,hertha,28,0,away,hertha,augsburg,0,2,1,0,0,4,0,ok,espn
D1-1920-2019-11-24-hoffenheim-mainz,D1,1920,2019-11-24,hoffenheim,mainz,45,2,away,mainz,hoffenheim,1,0,1,0,0,1,5,ok,espn
F1-1920-2019-11-24-bordeaux-monaco,F1,1920,2019-11-24,bordeaux,monaco,67,0,away,monaco,bordeaux,1,1,1,0,0,2,1,ok,espn
F1-1920-2019-11-24-toulouse-marseille,F1,1920,2019-11-24,toulouse,marseille,41,0,home,toulouse,marseille,0,0,1,0,0,0,2,ok,espn
I1-1920-2019-11-24-sampdoria-udinese,I1,1920,2019-11-24,sampdoria,udinese,51,0,away,udinese,sampdoria,1,1,1,0,0,2,1,ok,espn
SP1-1920-2019-11-24-valladolid-sevilla,SP1,1920,2019-11-24,valladolid,sevilla,90,2,away,sevilla,valladolid,1,0,1,0,0,0,1,ok,espn
I1-1920-2019-11-25-lecce-cagliari,I1,1920,2019-11-25,lecce,cagliari,81,0,away,cagliari,lecce,2,0,1,0,0,2,2,ok,espn
I1-1920-2019-11-25-lecce-cagliari,I1,1920,2019-11-25,lecce,cagliari,85,0,away,cagliari,lecce,2,1,0,1,0,2,2,ok,espn
I1-1920-2019-11-25-lecce-cagliari,I1,1920,2019-11-25,lecce,cagliari,86,0,home,lecce,cagliari,1,2,0,0,2,2,2,ok,espn
D1-1920-2019-11-30-bayern-munich-leverkusen,D1,1920,2019-11-30,bayern munich,leverkusen,81,0,away,leverkusen,bayern munich,2,1,1,0,0,1,2,ok,espn
D1-1920-2019-11-30-hertha-dortmund,D1,1920,2019-11-30,hertha,dortmund,45,0,away,dortmund,hertha,2,1,1,0,0,1,2,ok,espn
D1-1920-2019-11-30-koln-augsburg,D1,1920,2019-11-30,koln,augsburg,39,0,home,koln,augsburg,0,0,1,0,0,1,1,ok,espn
D1-1920-2019-11-30-koln-augsburg,D1,1920,2019-11-30,koln,augsburg,44,0,away,augsburg,koln,1,0,0,0,1,1,1,ok,espn
E0-1920-2019-11-30-liverpool-brighton,E0,1920,2019-11-30,Liverpool,Brighton,76,0,home,Liverpool,Brighton,2,0,1,0,0,2,1,ok,espn
F1-1920-2019-11-30-montpellier-amiens,F1,1920,2019-11-30,montpellier,amiens,53,0,away,amiens,montpellier,1,1,1,0,0,4,2,ok,espn
F1-1920-2019-11-30-reims-bordeaux,F1,1920,2019-11-30,reims,bordeaux,72,0,home,reims,bordeaux,0,1,1,0,0,1,1,ok,espn
I1-1920-2019-11-30-genoa-torino,I1,1920,2019-11-30,genoa,torino,90,5,away,torino,genoa,1,0,1,0,0,0,1,ok,espn
SP1-1920-2019-11-30-mallorca-betis,SP1,1920,2019-11-30,mallorca,betis,90,1,home,mallorca,betis,1,2,1,0,0,1,2,ok,espn
F1-1920-2019-12-01-nantes-toulouse,F1,1920,2019-12-01,nantes,toulouse,23,0,away,toulouse,nantes,0,0,1,0,0,2,1,ok,espn
SP1-1920-2019-12-01-espanol-osasuna,SP1,1920,2019-12-01,espanol,osasuna,52,0,away,osasuna,espanol,2,1,1,0,0,2,4,ok,espn
D1-1920-2019-12-02-mainz-ein-frankfurt,D1,1920,2019-12-02,mainz,ein frankfurt,44,0,away,ein frankfurt,mainz,1,0,1,0,0,2,1,ok,espn
E0-1920-2019-12-03-crystal-palace-bournemouth,E0,1920,2019-12-03,Crystal Palace,Bournemouth,19,0,home,Crystal Palace,Bournemouth,0,0,1,0,0,1,0,ok,espn
F1-1920-2019-12-06-nimes-lyon,F1,1920,2019-12-06,nimes,lyon,5,0,home,nimes,lyon,0,0,1,0,0,0,4,ok,espn
F1-1920-2019-12-06-nimes-lyon,F1,1920,2019-12-06,nimes,lyon,40,0,home,nimes,lyon,0,1,0,1,0,0,4,ok,espn
D1-1920-2019-12-07-m-gladbach-bayern-munich,D1,1920,2019-12-07,m gladbach,bayern munich,90,0,away,bayern munich,m gladbach,1,1,1,0,0,2,1,ok,espn
F1-1920-2019-12-07-montpellier-paris-sg,F1,1920,2019-12-07,montpellier,paris sg,72,0,home,montpellier,paris sg,1,0,1,0,0,1,3,ok,espn
I1-1920-2019-12-07-atalanta-verona,I1,1920,2019-12-07,atalanta,verona,85,0,away,verona,atalanta,2,2,1,0,0,3,2,ok,espn
I1-1920-2019-12-07-lazio-juventus,I1,1920,2019-12-07,lazio,juventus,69,0,away,juventus,lazio,1,1,1,0,0,3,1,ok,espn
I1-1920-2019-12-07-udinese-napoli,I1,1920,2019-12-07,udinese,napoli,79,0,away,napoli,udinese,1,1,1,0,0,1,1,ok,espn
SP1-1920-2019-12-07-granada-alaves,SP1,1920,2019-12-07,granada,alaves,67,0,away,alaves,granada,0,2,1,0,0,3,0,ok,espn
SP1-1920-2019-12-07-granada-alaves,SP1,1920,2019-12-07,granada,alaves,90,1,away,alaves,granada,0,3,0,1,0,3,0,ok,espn
SP1-1920-2019-12-07-levante-valencia,SP1,1920,2019-12-07,levante,valencia,74,0,home,levante,valencia,2,3,1,0,0,2,4,ok,espn
SP1-1920-2019-12-07-real-madrid-espanol,SP1,1920,2019-12-07,real madrid,espanol,83,0,home,real madrid,espanol,2,0,1,0,0,2,0,ok,espn
I1-1920-2019-12-08-lecce-genoa,I1,1920,2019-12-08,lecce,genoa,69,0,away,genoa,lecce,2,1,1,0,0,2,2,ok,espn
I1-1920-2019-12-08-lecce-genoa,I1,1920,2019-12-08,lecce,genoa,77,0,away,genoa,lecce,2,2,0,1,0,2,2,ok,espn
SP1-1920-2019-12-08-eibar-getafe,SP1,1920,2019-12-08,eibar,getafe,90,7,home,eibar,getafe,0,1,1,0,0,0,1,ok,espn
SP1-1920-2019-12-08-leganes-celta,SP1,1920,2019-12-08,leganes,celta,71,0,away,celta,leganes,1,3,1,0,0,3,2,ok,espn
SP1-1920-2019-12-08-osasuna-sevilla,SP1,1920,2019-12-08,osasuna,sevilla,61,0,home,osasuna,sevilla,1,1,1,0,0,1,1,ok,espn
D1-1920-2019-12-14-koln-leverkusen,D1,1920,2019-12-14,koln,leverkusen,62,0,away,leverkusen,koln,0,0,1,0,0,2,0,ok,espn
D1-1920-2019-12-14-koln-leverkusen,D1,1920,2019-12-14,koln,leverkusen,77,0,away,leverkusen,koln,0,1,0,1,0,2,0,ok,espn
D1-1920-2019-12-15-schalke-04-ein-frankfurt,D1,1920,2019-12-15,schalke 04,ein frankfurt,66,0,home,schalke 04,ein frankfurt,1,0,1,0,0,1,0,ok,espn
F1-1920-2019-12-15-st-etienne-paris-sg,F1,1920,2019-12-15,st etienne,paris sg,25,0,home,st etienne,paris sg,0,1,1,0,0,0,4,ok,espn
I1-1920-2019-12-15-bologna-atalanta,I1,1920,2019-12-15,bologna,atalanta,88,0,home,bologna,atalanta,2,1,1,0,0,2,1,ok,espn
SP1-1920-2019-12-15-celta-mallorca,SP1,1920,2019-12-15,celta,mallorca,78,0,away,mallorca,celta,1,2,1,0,0,2,2,ok,espn
I1-1920-2019-12-18-sampdoria-juventus,I1,1920,2019-12-18,sampdoria,juventus,90,2,home,sampdoria,juventus,1,2,1,0,0,1,2,ok,espn
D1-1920-2019-12-21-mainz-leverkusen,D1,1920,2019-12-21,mainz,leverkusen,71,0,away,leverkusen,mainz,0,0,1,0,0,0,1,ok,espn
F1-1920-2019-12-21-dijon-metz,F1,1920,2019-12-21,dijon,metz,53,0,away,metz,dijon,1,2,1,0,0,2,2,ok,espn
I1-1920-2019-12-21-torino-spal,I1,1920,2019-12-21,torino,spal,55,0,home,torino,spal,1,1,1,0,0,1,2,ok,espn
I1-1920-2019-12-21-udinese-cagliari,I1,1920,2019-12-21,udinese,cagliari,90,2,away,cagliari,udinese,1,2,1,0,0,2,1,ok,espn
SP1-1920-2019-12-21-villarreal-getafe,SP1,1920,2019-12-21,villarreal,getafe,61,0,away,getafe,villarreal,0,1,1,0,0,1,0,ok,espn
E0-1920-2019-12-22-tottenham-chelsea,E0,1920,2019-12-22,Tottenham,Chelsea,62,0,home,Tottenham,Chelsea,0,2,1,0,0,0,2,ok,espn
SP1-1920-2019-12-22-osasuna-sociedad,SP1,1920,2019-12-22,osasuna,sociedad,72,0,home,osasuna,sociedad,2,3,1,0,0,3,4,ok,espn
E0-1920-2019-12-27-wolves-man-city,E0,1920,2019-12-27,Wolves,Manchester City,12,0,away,Manchester City,Wolves,0,0,1,0,0,3,2,ok,espn
E0-1920-2019-12-28-watford-aston-villa,E0,1920,2019-12-28,watford,Aston Villa,57,0,home,watford,Aston Villa,1,0,1,0,0,3,0,ok,espn
E0-1920-2020-01-01-watford-wolves,E0,1920,2020-01-01,watford,Wolves,71,0,home,watford,Wolves,2,1,1,0,0,2,1,ok,espn
SP1-1920-2020-01-04-espanol-barcelona,SP1,1920,2020-01-04,espanol,barcelona,75,0,away,barcelona,espanol,2,1,1,0,0,2,2,ok,espn
SP1-1920-2020-01-04-valencia-eibar,SP1,1920,2020-01-04,valencia,eibar,90,1,away,eibar,valencia,0,1,1,0,0,1,0,ok,espn
I1-1920-2020-01-05-brescia-lazio,I1,1920,2020-01-05,brescia,lazio,39,0,home,brescia,lazio,1,0,1,0,0,1,2,ok,espn
I1-1920-2020-01-05-spal-verona,I1,1920,2020-01-05,spal,verona,38,0,home,spal,verona,0,1,1,0,0,0,2,ok,espn
SP1-1920-2020-01-05-alaves-betis,SP1,1920,2020-01-05,alaves,betis,78,0,away,betis,alaves,1,1,1,0,0,1,1,ok,espn
E0-1920-2020-01-11-crystal-palace-arsenal,E0,1920,2020-01-11,Crystal Palace,Arsenal,67,0,away,Arsenal,Crystal Palace,1,1,1,0,0,1,1,ok,espn
F1-1920-2020-01-11-nimes-reims,F1,1920,2020-01-11,nimes,reims,57,0,away,reims,nimes,0,1,1,0,0,2,0,ok,espn
F1-1920-2020-01-12-dijon-lille,F1,1920,2020-01-12,dijon,lille,21,0,home,dijon,lille,0,0,1,0,0,1,0,ok,espn
F1-1920-2020-01-12-dijon-lille,F1,1920,2020-01-12,dijon,lille,67,0,away,lille,dijon,0,1,0,0,1,1,0,ok,espn
D1-1920-2020-01-18-fortuna-dusseldorf-werder-bremen,D1,1920,2020-01-18,fortuna dusseldorf,werder bremen,90,6,away,werder bremen,fortuna dusseldorf,1,0,1,0,0,0,1,ok,espn
E0-1920-2020-01-18-norwich-bournemouth,E0,1920,2020-01-18,norwich,Bournemouth,31,0,away,Bournemouth,norwich,0,0,1,0,0,1,0,ok,espn
E0-1920-2020-01-18-norwich-bournemouth,E0,1920,2020-01-18,norwich,Bournemouth,76,0,home,norwich,Bournemouth,1,0,0,0,1,1,0,ok,espn
I1-1920-2020-01-18-lazio-sampdoria,I1,1920,2020-01-18,lazio,sampdoria,73,0,away,sampdoria,lazio,1,5,1,0,0,5,1,ok,espn
I1-1920-2020-01-19-bologna-verona,I1,1920,2020-01-19,bologna,verona,66,0,home,bologna,verona,1,0,1,0,0,1,1,ok,espn
I1-1920-2020-01-19-brescia-cagliari,I1,1920,2020-01-19,brescia,cagliari,81,0,home,brescia,cagliari,2,2,1,0,0,2,2,ok,espn
SP1-1920-2020-01-19-barcelona-granada,SP1,1920,2020-01-19,barcelona,granada,69,0,away,granada,barcelona,0,0,1,0,0,1,0,ok,espn
SP1-1920-2020-01-19-mallorca-valencia,SP1,1920,2020-01-19,mallorca,valencia,51,0,away,valencia,mallorca,0,3,1,0,0,4,1,ok,espn
SP1-1920-2020-01-19-villarreal-espanol,SP1,1920,2020-01-19,villarreal,espanol,59,0,away,espanol,villarreal,2,0,1,0,0,1,2,ok,espn
E0-1920-2020-01-21-chelsea-arsenal,E0,1920,2020-01-21,Chelsea,Arsenal,26,0,away,Arsenal,Chelsea,0,0,1,0,0,2,2,ok,espn
D1-1920-2020-01-25-freiburg-paderborn,D1,1920,2020-01-25,freiburg,paderborn,59,0,away,paderborn,freiburg,1,0,1,0,0,0,2,ok,espn
F1-1920-2020-01-25-montpellier-dijon,F1,1920,2020-01-25,montpellier,dijon,54,0,away,dijon,montpellier,0,0,1,0,0,2,1,ok,espn
I1-1920-2020-01-25-torino-atalanta,I1,1920,2020-01-25,torino,atalanta,76,0,home,torino,atalanta,0,5,1,0,0,0,7,ok,espn
I1-1920-2020-01-25-torino-atalanta,I1,1920,2020-01-25,torino,atalanta,89,0,home,torino,atalanta,0,7,0,1,0,0,7,ok,espn
F1-1920-2020-01-26-nantes-bordeaux,F1,1920,2020-01-26,nantes,bordeaux,54,0,home,nantes,bordeaux,0,0,1,0,0,0,1,ok,espn
I1-1920-2020-01-26-inter-cagliari,I1,1920,2020-01-26,inter,cagliari,90,4,home,inter,cagliari,1,1,1,0,0,1,1,ok,espn
I1-1920-2020-01-26-inter-cagliari,I1,1920,2020-01-26,inter,cagliari,90,5,home,inter,cagliari,1,1,0,1,0,1,1,ok,espn
I1-1920-2020-01-26-sampdoria-sassuolo,I1,1920,2020-01-26,sampdoria,sassuolo,25,0,away,sassuolo,sampdoria,0,0,1,0,0,0,0,ok,espn
I1-1920-2020-01-26-verona-lecce,I1,1920,2020-01-26,verona,lecce,67,0,away,lecce,verona,0,2,1,0,0,3,0,ok,espn
SP1-1920-2020-01-26-ath-madrid-leganes,SP1,1920,2020-01-26,ath madrid,leganes,90,3,away,leganes,ath madrid,0,0,1,0,0,0,0,ok,espn
SP1-1920-2020-01-26-getafe-betis,SP1,1920,2020-01-26,getafe,betis,90,0,away,betis,getafe,0,1,1,0,0,1,0,ok,espn
D1-1920-2020-02-01-hoffenheim-leverkusen,D1,1920,2020-02-01,hoffenheim,leverkusen,90,2,away,leverkusen,hoffenheim,1,2,1,0,0,2,1,ok,espn
D1-1920-2020-02-01-rb-leipzig-m-gladbach,D1,1920,2020-02-01,rb leipzig,m gladbach,60,0,away,m gladbach,rb leipzig,2,1,1,0,0,2,2,ok,espn
E0-1920-2020-02-01-bournemouth-aston-villa,E0,1920,2020-02-01,Bournemouth,Aston Villa,51,0,home,Bournemouth,Aston Villa,2,0,1,0,0,2,1,ok,espn
E0-1920-2020-02-01-watford-everton,E0,1920,2020-02-01,watford,Everton,71,0,away,Everton,watford,2,2,1,0,0,2,3,ok,espn
F1-1920-2020-02-01-nimes-monaco,F1,1920,2020-02-01,nimes,monaco,32,0,away,monaco,nimes,1,1,1,0,0,3,1,ok,espn
F1-1920-2020-02-01-nimes-monaco,F1,1920,2020-02-01,nimes,monaco,32,0,away,monaco,nimes,1,1,0,1,0,3,1,ok,espn
F1-1920-2020-02-01-paris-sg-montpellier,F1,1920,2020-02-01,paris sg,montpellier,17,0,away,montpellier,paris sg,0,1,1,0,0,5,0,ok,espn
F1-1920-2020-02-01-paris-sg-montpellier,F1,1920,2020-02-01,paris sg,montpellier,88,0,away,montpellier,paris sg,0,5,0,1,0,5,0,ok,espn
I1-1920-2020-02-01-sassuolo-roma,I1,1920,2020-02-01,sassuolo,roma,69,0,away,roma,sassuolo,1,3,1,0,0,4,2,ok,espn
D1-1920-2020-02-02-paderborn-wolfsburg,D1,1920,2020-02-02,paderborn,wolfsburg,33,0,home,paderborn,wolfsburg,1,1,1,0,0,2,4,ok,espn
E0-1920-2020-02-02-tottenham-man-city,E0,1920,2020-02-02,Tottenham,Manchester City,60,0,away,Manchester City,Tottenham,0,0,1,0,0,2,0,ok,espn
F1-1920-2020-02-02-nice-lyon,F1,1920,2020-02-02,nice,lyon,22,0,away,lyon,nice,0,0,1,0,0,2,1,ok,espn
F1-1920-2020-02-02-nice-lyon,F1,1920,2020-02-02,nice,lyon,45,6,home,nice,lyon,1,1,0,0,1,2,1,ok,espn
I1-1920-2020-02-02-atalanta-genoa,I1,1920,2020-02-02,atalanta,genoa,82,0,away,genoa,atalanta,2,2,1,0,0,2,2,ok,espn
I1-1920-2020-02-02-milan-verona,I1,1920,2020-02-02,milan,verona,68,0,away,verona,milan,1,1,1,0,0,1,1,ok,espn
F1-1920-2020-02-05-brest-bordeaux,F1,1920,2020-02-05,brest,bordeaux,68,0,home,brest,bordeaux,0,1,1,0,0,1,1,ok,espn
I1-1920-2020-02-07-roma-bologna,I1,1920,2020-02-07,roma,bologna,80,0,home,roma,bologna,2,3,1,0,0,2,3,ok,espn
D1-1920-2020-02-08-hertha-mainz,D1,1920,2020-02-08,hertha,mainz,88,0,home,hertha,mainz,1,2,1,0,0,1,3,ok,espn
D1-1920-2020-02-08-wolfsburg-fortuna-dusseldorf,D1,1920,2020-02-08,wolfsburg,fortuna dusseldorf,48,0,home,wolfsburg,fortuna dusseldorf,0,1,1,0,0,1,1,ok,espn
F1-1920-2020-02-08-metz-bordeaux,F1,1920,2020-02-08,metz,bordeaux,8,0,home,metz,bordeaux,1,0,1,0,0,1,2,ok,espn
F1-1920-2020-02-08-nice-nimes,F1,1920,2020-02-08,nice,nimes,49,0,home,nice,nimes,1,1,1,0,0,1,3,ok,espn
I1-1920-2020-02-08-torino-sampdoria,I1,1920,2020-02-08,torino,sampdoria,77,0,home,torino,sampdoria,1,2,1,0,0,1,3,ok,espn
SP1-1920-2020-02-08-getafe-valencia,SP1,1920,2020-02-08,getafe,valencia,78,0,away,valencia,getafe,0,2,1,0,0,3,0,ok,espn
F1-1920-2020-02-09-montpellier-st-etienne,F1,1920,2020-02-09,montpellier,st etienne,41,0,home,montpellier,st etienne,1,0,1,0,0,1,0,ok,espn
SP1-1920-2020-02-09-betis-barcelona,SP1,1920,2020-02-09,betis,barcelona,76,0,home,betis,barcelona,2,3,1,0,0,2,3,ok,espn
SP1-1920-2020-02-09-betis-barcelona,SP1,1920,2020-02-09,betis,barcelona,79,0,away,barcelona,betis,3,2,0,0,1,2,3,ok,espn
SP1-1920-2020-02-09-sociedad-ath-bilbao,SP1,1920,2020-02-09,sociedad,ath bilbao,89,0,away,ath bilbao,sociedad,1,2,1,0,0,2,1,ok,espn
E0-1920-2020-02-14-wolves-leicester,E0,1920,2020-02-14,Wolves,Leicester,76,0,away,Leicester,Wolves,0,0,1,0,0,0,0,ok,espn
F1-1920-2020-02-15-nantes-metz,F1,1920,2020-02-15,nantes,metz,84,0,away,metz,nantes,0,0,1,0,0,0,0,ok,espn
F1-1920-2020-02-15-nimes-angers,F1,1920,2020-02-15,nimes,angers,76,0,away,angers,nimes,0,0,1,0,0,1,0,ok,espn
F1-1920-2020-02-15-toulouse-nice,F1,1920,2020-02-15,toulouse,nice,27,0,home,toulouse,nice,0,1,1,0,0,0,2,ok,espn
F1-1920-2020-02-15-toulouse-nice,F1,1920,2020-02-15,toulouse,nice,77,0,home,toulouse,nice,0,1,0,1,0,0,2,ok,espn
I1-1920-2020-02-15-bologna-genoa,I1,1920,2020-02-15,bologna,genoa,34,0,home,bologna,genoa,0,1,1,0,0,0,3,ok,espn
I1-1920-2020-02-15-bologna-genoa,I1,1920,2020-02-15,bologna,genoa,89,0,home,bologna,genoa,0,2,0,1,0,0,3,ok,espn
I1-1920-2020-02-16-juventus-brescia,I1,1920,2020-02-16,juventus,brescia,37,0,away,brescia,juventus,0,0,1,0,0,2,0,ok,espn
I1-1920-2020-02-16-sampdoria-fiorentina,I1,1920,2020-02-16,sampdoria,fiorentina,39,0,home,sampdoria,fiorentina,0,2,1,0,0,1,5,ok,espn
I1-1920-2020-02-16-sampdoria-fiorentina,I1,1920,2020-02-16,sampdoria,fiorentina,44,0,away,fiorentina,sampdoria,3,0,0,0,1,1,5,ok,espn
SP1-1920-2020-02-16-leganes-betis,SP1,1920,2020-02-16,leganes,betis,90,3,away,betis,leganes,0,0,1,0,0,0,0,ok,espn
SP1-1920-2020-02-16-sevilla-espanol,SP1,1920,2020-02-16,sevilla,espanol,69,0,away,espanol,sevilla,2,1,1,0,0,2,2,ok,espn
F1-1920-2020-02-21-metz-lyon,F1,1920,2020-02-21,metz,lyon,82,0,home,metz,lyon,0,1,1,0,0,0,2,ok,espn
E0-1920-2020-02-22-crystal-palace-newcastle,E0,1920,2020-02-22,Crystal Palace,Newcastle,90,5,away,Newcastle,Crystal Palace,0,1,1,0,0,1,0,ok,espn
I1-1920-2020-02-22-fiorentina-milan,I1,1920,2020-02-22,fiorentina,milan,62,0,home,fiorentina,milan,0,1,1,0,0,1,1,ok,espn
SP1-1920-2020-02-22-celta-leganes,SP1,1920,2020-02-22,celta,leganes,21,0,home,celta,leganes,0,0,1,0,0,1,0,ok,espn
F1-1920-2020-02-23-paris-sg-bordeaux,F1,1920,2020-02-23,paris sg,bordeaux,90,2,home,paris sg,bordeaux,4,3,1,0,0,4,3,ok,espn
F1-1920-2020-02-23-rennes-nimes,F1,1920,2020-02-23,rennes,nimes,53,0,away,nimes,rennes,1,1,1,0,0,2,1,ok,espn
SP1-1920-2020-02-23-valladolid-espanol,SP1,1920,2020-02-23,valladolid,espanol,25,0,away,espanol,valladolid,0,0,1,0,0,2,1,ok,espn
SP1-1920-2020-03-01-mallorca-getafe,SP1,1920,2020-03-01,mallorca,getafe,90,0,home,mallorca,getafe,0,1,1,0,0,0,1,ok,espn
SP1-1920-2020-03-01-sevilla-osasuna,SP1,1920,2020-03-01,sevilla,osasuna,54,0,away,osasuna,sevilla,0,2,1,0,0,3,2,ok,espn
D1-1920-2020-03-07-freiburg-union-berlin,D1,1920,2020-03-07,freiburg,union berlin,90,2,away,union berlin,freiburg,1,3,1,0,0,3,1,ok,espn
E0-1920-2020-03-07-southampton-newcastle,E0,1920,2020-03-07,Southampton,Newcastle,28,0,home,Southampton,Newcastle,0,0,1,0,0,0,1,ok,espn
F1-1920-2020-03-07-nice-monaco,F1,1920,2020-03-07,nice,monaco,86,0,away,monaco,nice,1,1,1,0,0,2,1,ok,espn
F1-1920-2020-03-07-reims-brest,F1,1920,2020-03-07,reims,brest,68,0,home,reims,brest,1,0,1,0,0,1,0,ok,espn
SP1-1920-2020-03-07-getafe-celta,SP1,1920,2020-03-07,getafe,celta,82,0,home,getafe,celta,0,0,1,0,0,0,0,ok,espn
D1-1920-2020-03-08-mainz-fortuna-dusseldorf,D1,1920,2020-03-08,mainz,fortuna dusseldorf,77,0,home,mainz,fortuna dusseldorf,1,0,1,0,0,1,1,ok,espn
F1-1920-2020-03-08-st-etienne-bordeaux,F1,1920,2020-03-08,st etienne,bordeaux,75,0,home,st etienne,bordeaux,1,1,1,0,0,1,1,ok,espn
I1-1920-2020-03-08-juventus-inter,I1,1920,2020-03-08,juventus,inter,79,0,away,inter,juventus,0,2,1,0,0,2,0,ok,espn
I1-1920-2020-03-08-milan-genoa,I1,1920,2020-03-08,milan,genoa,90,6,away,genoa,milan,2,1,1,0,0,1,2,ok,espn
SP1-1920-2020-03-08-osasuna-espanol,SP1,1920,2020-03-08,osasuna,espanol,83,0,away,espanol,osasuna,0,1,1,0,0,1,0,ok,espn
D1-1920-2020-05-23-freiburg-werder-bremen,D1,1920,2020-05-23,freiburg,werder bremen,88,0,away,werder bremen,freiburg,1,0,1,0,0,0,1,ok,espn
D1-1920-2020-05-23-wolfsburg-dortmund,D1,1920,2020-05-23,wolfsburg,dortmund,82,0,home,wolfsburg,dortmund,0,2,1,0,0,0,2,ok,espn
D1-1920-2020-05-27-hoffenheim-koln,D1,1920,2020-05-27,hoffenheim,koln,26,0,away,koln,hoffenheim,0,1,1,0,0,3,1,ok,espn
D1-1920-2020-05-27-hoffenheim-koln,D1,1920,2020-05-27,hoffenheim,koln,50,0,home,hoffenheim,koln,3,0,0,0,1,3,1,ok,espn
D1-1920-2020-05-27-rb-leipzig-hertha,D1,1920,2020-05-27,rb leipzig,hertha,63,0,home,rb leipzig,hertha,1,1,1,0,0,2,2,ok,espn
D1-1920-2020-05-27-union-berlin-mainz,D1,1920,2020-05-27,union berlin,mainz,41,0,home,union berlin,mainz,1,1,1,0,0,1,1,ok,espn
D1-1920-2020-05-30-wolfsburg-ein-frankfurt,D1,1920,2020-05-30,wolfsburg,ein frankfurt,90,5,away,ein frankfurt,wolfsburg,2,1,1,0,0,1,2,ok,espn
D1-1920-2020-06-05-freiburg-m-gladbach,D1,1920,2020-06-05,freiburg,m gladbach,67,0,away,m gladbach,freiburg,0,1,1,0,0,1,0,ok,espn
D1-1920-2020-06-06-fortuna-dusseldorf-hoffenheim,D1,1920,2020-06-06,fortuna dusseldorf,hoffenheim,9,0,away,hoffenheim,fortuna dusseldorf,0,1,1,0,0,2,2,ok,espn
D1-1920-2020-06-06-rb-leipzig-paderborn,D1,1920,2020-06-06,rb leipzig,paderborn,43,0,home,rb leipzig,paderborn,1,0,1,0,0,1,1,ok,espn
SP1-1920-2020-06-12-valencia-levante,SP1,1920,2020-06-12,valencia,levante,74,0,away,levante,valencia,0,0,1,0,0,1,1,ok,espn
D1-1920-2020-06-13-hertha-ein-frankfurt,D1,1920,2020-06-13,hertha,ein frankfurt,45,2,home,hertha,ein frankfurt,1,0,1,0,0,1,4,ok,espn
SP1-1920-2020-06-13-espanol-alaves,SP1,1920,2020-06-13,espanol,alaves,19,0,away,alaves,espanol,0,0,1,0,0,2,0,abweichung,espn
D1-1920-2020-06-16-werder-bremen-bayern-munich,D1,1920,2020-06-16,werder bremen,bayern munich,79,0,away,bayern munich,werder bremen,1,0,1,0,0,0,1,ok,espn
SP1-1920-2020-06-16-getafe-espanol,SP1,1920,2020-06-16,getafe,espanol,16,0,away,espanol,getafe,0,0,1,0,0,0,0,ok,espn
D1-1920-2020-06-17-ein-frankfurt-schalke-04,D1,1920,2020-06-17,ein frankfurt,schalke 04,77,0,away,schalke 04,ein frankfurt,1,2,1,0,0,2,1,ok,espn
E0-1920-2020-06-17-man-city-arsenal,E0,1920,2020-06-17,Manchester City,Arsenal,49,0,away,Arsenal,Manchester City,0,1,1,0,0,3,0,ok,espn
SP1-1920-2020-06-18-alaves-sociedad,SP1,1920,2020-06-18,alaves,sociedad,81,0,away,sociedad,alaves,0,1,1,0,0,2,0,ok,espn
SP1-1920-2020-06-18-alaves-sociedad,SP1,1920,2020-06-18,alaves,sociedad,86,0,home,alaves,sociedad,1,0,0,0,1,2,0,ok,espn
SP1-1920-2020-06-18-real-madrid-valencia,SP1,1920,2020-06-18,real madrid,valencia,89,0,away,valencia,real madrid,0,3,1,0,0,3,0,ok,espn
D1-1920-2020-06-20-paderborn-m-gladbach,D1,1920,2020-06-20,paderborn,m gladbach,65,0,home,paderborn,m gladbach,1,2,1,0,0,1,3,ok,espn
I1-1920-2020-06-20-verona-cagliari,I1,1920,2020-06-20,verona,cagliari,35,0,home,verona,cagliari,2,0,1,0,0,2,1,ok,espn
I1-1920-2020-06-20-verona-cagliari,I1,1920,2020-06-20,verona,cagliari,70,0,away,cagliari,verona,1,2,0,0,1,2,1,ok,espn
E0-1920-2020-06-21-newcastle-sheffield-united,E0,1920,2020-06-21,Newcastle,Sheffield United,50,0,away,Sheffield United,Newcastle,0,0,1,0,0,3,0,ok,espn
SP1-1920-2020-06-21-celta-alaves,SP1,1920,2020-06-21,celta,alaves,27,0,away,alaves,celta,0,2,1,0,0,6,0,ok,espn
I1-1920-2020-06-22-bologna-juventus,I1,1920,2020-06-22,bologna,juventus,90,1,away,juventus,bologna,2,0,1,0,0,0,2,ok,espn
I1-1920-2020-06-22-fiorentina-brescia,I1,1920,2020-06-22,fiorentina,brescia,70,0,home,fiorentina,brescia,1,1,1,0,0,1,1,ok,espn
I1-1920-2020-06-24-inter-sassuolo,I1,1920,2020-06-24,inter,sassuolo,90,3,home,inter,sassuolo,3,3,1,0,0,3,3,ok,espn
E0-1920-2020-06-25-chelsea-man-city,E0,1920,2020-06-25,Chelsea,Manchester City,77,0,away,Manchester City,Chelsea,1,1,1,0,0,2,1,ok,espn
E0-1920-2020-06-25-southampton-arsenal,E0,1920,2020-06-25,Southampton,Arsenal,85,0,home,Southampton,Arsenal,0,1,1,0,0,0,2,ok,espn
SP1-1920-2020-06-25-eibar-valencia,SP1,1920,2020-06-25,eibar,valencia,89,0,away,valencia,eibar,0,1,1,0,0,1,0,ok,espn
I1-1920-2020-06-26-juventus-lecce,I1,1920,2020-06-26,juventus,lecce,31,0,away,lecce,juventus,0,0,1,0,0,4,0,ok,espn
D1-1920-2020-06-27-wolfsburg-bayern-munich,D1,1920,2020-06-27,wolfsburg,bayern munich,71,0,home,wolfsburg,bayern munich,0,2,1,0,0,0,4,ok,espn
I1-1920-2020-06-27-lazio-fiorentina,I1,1920,2020-06-27,lazio,fiorentina,90,5,away,fiorentina,lazio,1,2,1,0,0,2,1,ok,espn
I1-1920-2020-06-28-parma-inter,I1,1920,2020-06-28,parma,inter,68,0,away,inter,parma,0,1,1,0,0,1,2,ok,espn
I1-1920-2020-06-28-parma-inter,I1,1920,2020-06-28,parma,inter,85,0,home,parma,inter,1,1,0,0,1,1,2,ok,espn
I1-1920-2020-07-01-spal-milan,I1,1920,2020-07-01,spal,milan,43,0,home,spal,milan,2,0,1,0,0,2,2,ok,espn
SP1-1920-2020-07-01-betis-villarreal,SP1,1920,2020-07-01,betis,villarreal,45,3,home,betis,villarreal,0,2,1,0,0,0,2,ok,espn
I1-1920-2020-07-02-roma-udinese,I1,1920,2020-07-02,roma,udinese,29,0,home,roma,udinese,0,1,1,0,0,0,2,ok,espn
I1-1920-2020-07-05-cagliari-atalanta,I1,1920,2020-07-05,cagliari,atalanta,26,0,home,cagliari,atalanta,0,0,1,0,0,0,1,ok,espn
I1-1920-2020-07-05-inter-bologna,I1,1920,2020-07-05,inter,bologna,57,0,away,bologna,inter,0,1,1,0,0,1,2,ok,espn
I1-1920-2020-07-05-inter-bologna,I1,1920,2020-07-05,inter,bologna,77,0,home,inter,bologna,1,1,0,0,1,1,2,ok,espn
SP1-1920-2020-07-05-espanol-leganes,SP1,1920,2020-07-05,espanol,leganes,88,0,home,espanol,leganes,0,1,1,0,0,0,1,ok,espn
E0-1920-2020-07-07-arsenal-leicester,E0,1920,2020-07-07,Arsenal,Leicester,75,0,home,Arsenal,Leicester,1,0,1,0,0,1,1,ok,espn
I1-1920-2020-07-07-lecce-lazio,I1,1920,2020-07-07,lecce,lazio,90,3,away,lazio,lecce,1,2,1,0,0,2,1,ok,espn
SP1-1920-2020-07-08-barcelona-espanol,SP1,1920,2020-07-08,barcelona,espanol,50,0,home,barcelona,espanol,0,0,1,0,0,1,0,ok,espn
SP1-1920-2020-07-08-barcelona-espanol,SP1,1920,2020-07-08,barcelona,espanol,53,0,away,espanol,barcelona,0,0,0,0,1,1,0,ok,espn
SP1-1920-2020-07-08-getafe-villarreal,SP1,1920,2020-07-08,getafe,villarreal,90,7,away,villarreal,getafe,3,1,1,0,0,1,3,ok,espn
SP1-1920-2020-07-08-getafe-villarreal,SP1,1920,2020-07-08,getafe,villarreal,90,7,home,getafe,villarreal,1,3,0,0,1,1,3,ok,espn
SP1-1920-2020-07-08-getafe-villarreal,SP1,1920,2020-07-08,getafe,villarreal,90,7,home,getafe,villarreal,1,3,0,1,1,1,3,ok,espn
SP1-1920-2020-07-08-getafe-villarreal,SP1,1920,2020-07-08,getafe,villarreal,90,7,home,getafe,villarreal,1,3,0,2,1,1,3,ok,espn
SP1-1920-2020-07-11-ath-madrid-betis,SP1,1920,2020-07-11,ath madrid,betis,57,0,home,ath madrid,betis,0,0,1,0,0,1,0,ok,espn
E0-1920-2020-07-12-aston-villa-crystal-palace,E0,1920,2020-07-12,Aston Villa,Crystal Palace,90,6,away,Crystal Palace,Aston Villa,0,2,1,0,0,2,0,ok,espn
E0-1920-2020-07-12-bournemouth-leicester,E0,1920,2020-07-12,Bournemouth,Leicester,67,0,away,Leicester,Bournemouth,1,2,1,0,0,4,1,ok,espn
I1-1920-2020-07-12-napoli-milan,I1,1920,2020-07-12,napoli,milan,87,0,away,milan,napoli,2,2,1,0,0,2,2,ok,espn
SP1-1920-2020-07-12-leganes-valencia,SP1,1920,2020-07-12,leganes,valencia,54,0,home,leganes,valencia,1,0,1,0,0,1,0,ok,espn
SP1-1920-2020-07-16-ath-bilbao-leganes,SP1,1920,2020-07-16,ath bilbao,leganes,22,0,home,ath bilbao,leganes,0,0,1,0,0,0,2,ok,espn
SP1-1920-2020-07-16-barcelona-osasuna,SP1,1920,2020-07-16,barcelona,osasuna,77,0,away,osasuna,barcelona,1,1,1,0,0,1,2,ok,espn
SP1-1920-2020-07-16-betis-alaves,SP1,1920,2020-07-16,betis,alaves,90,0,home,betis,alaves,0,2,1,0,0,1,2,ok,espn
SP1-1920-2020-07-16-betis-alaves,SP1,1920,2020-07-16,betis,alaves,90,5,away,alaves,betis,2,1,0,0,1,1,2,ok,espn
SP1-1920-2020-07-16-celta-levante,SP1,1920,2020-07-16,celta,levante,59,0,away,levante,celta,3,2,1,0,0,2,3,ok,espn
SP1-1920-2020-07-16-celta-levante,SP1,1920,2020-07-16,celta,levante,90,4,home,celta,levante,2,3,0,0,1,2,3,ok,espn
SP1-1920-2020-07-16-getafe-ath-madrid,SP1,1920,2020-07-16,getafe,ath madrid,90,2,home,getafe,ath madrid,0,2,1,0,0,0,2,ok,espn
SP1-1920-2020-07-16-mallorca-granada,SP1,1920,2020-07-16,mallorca,granada,80,0,home,mallorca,granada,1,2,1,0,0,1,2,ok,espn
SP1-1920-2020-07-16-mallorca-granada,SP1,1920,2020-07-16,mallorca,granada,90,7,home,mallorca,granada,1,2,0,1,0,1,2,ok,espn
SP1-1920-2020-07-16-valencia-espanol,SP1,1920,2020-07-16,valencia,espanol,90,1,home,valencia,espanol,1,0,1,0,0,1,0,ok,espn
E0-1920-2020-07-18-norwich-burnley,E0,1920,2020-07-18,norwich,Burnley,35,0,home,norwich,Burnley,0,0,1,0,0,0,2,ok,espn
E0-1920-2020-07-18-norwich-burnley,E0,1920,2020-07-18,norwich,Burnley,45,3,home,norwich,Burnley,0,0,0,1,0,0,2,ok,espn
I1-1920-2020-07-18-cagliari-sassuolo,I1,1920,2020-07-18,cagliari,sassuolo,48,0,home,cagliari,sassuolo,0,1,1,0,0,1,1,ok,espn
I1-1920-2020-07-21-sassuolo-milan,I1,1920,2020-07-21,sassuolo,milan,45,7,home,sassuolo,milan,1,2,1,0,0,1,2,ok,espn
E0-1920-2020-07-26-leicester-man-united,E0,1920,2020-07-26,Leicester,Manchester United,90,4,home,Leicester,Manchester United,0,1,1,0,0,0,2,ok,espn
I1-1920-2020-07-26-juventus-sampdoria,I1,1920,2020-07-26,juventus,sampdoria,77,0,away,sampdoria,juventus,0,2,1,0,0,2,0,ok,espn
I1-1920-2020-08-01-brescia-sampdoria,I1,1920,2020-08-01,brescia,sampdoria,90,1,away,sampdoria,brescia,1,1,1,0,0,1,1,ok,espn
I1-1920-2020-08-02-genoa-verona,I1,1920,2020-08-02,genoa,verona,61,0,home,genoa,verona,3,0,1,0,0,3,0,ok,espn
I1-1920-2020-08-02-genoa-verona,I1,1920,2020-08-02,genoa,verona,90,1,home,genoa,verona,3,0,0,1,0,3,0,ok,espn
I1-1920-2020-08-02-genoa-verona,I1,1920,2020-08-02,genoa,verona,90,1,away,verona,genoa,0,3,0,0,2,3,0,ok,espn
F1-2021-2020-08-21-bordeaux-nantes,F1,2021,2020-08-21,bordeaux,nantes,20,0,home,bordeaux,nantes,0,0,1,0,0,0,0,ok,espn
F1-2021-2020-08-22-lille-rennes,F1,2021,2020-08-22,lille,rennes,35,0,away,rennes,lille,0,0,1,0,0,1,1,ok,espn
F1-2021-2020-08-22-lille-rennes,F1,2021,2020-08-22,lille,rennes,43,0,home,lille,rennes,1,0,0,0,1,1,1,ok,espn
F1-2021-2020-08-23-nimes-brest,F1,2021,2020-08-23,nimes,brest,77,0,away,brest,nimes,0,3,1,0,0,4,0,ok,espn
F1-2021-2020-08-29-rennes-montpellier,F1,2021,2020-08-29,rennes,montpellier,43,0,away,montpellier,rennes,0,1,1,0,0,2,1,ok,espn
F1-2021-2020-08-29-rennes-montpellier,F1,2021,2020-08-29,rennes,montpellier,73,0,home,rennes,montpellier,1,0,0,0,1,2,1,ok,espn
F1-2021-2020-08-30-metz-monaco,F1,2021,2020-08-30,metz,monaco,46,0,away,monaco,metz,1,0,1,0,0,0,1,ok,espn
F1-2021-2020-08-30-nantes-nimes,F1,2021,2020-08-30,nantes,nimes,47,0,home,nantes,nimes,2,0,1,0,0,2,1,ok,espn
F1-2021-2020-08-30-nantes-nimes,F1,2021,2020-08-30,nantes,nimes,87,0,home,nantes,nimes,2,1,0,1,0,2,1,ok,espn
SP1-2021-2020-09-12-eibar-celta,SP1,2021,2020-09-12,eibar,celta,87,0,home,eibar,celta,0,0,1,0,0,0,0,ok,espn
F1-2021-2020-09-13-angers-reims,F1,2021,2020-09-13,angers,reims,42,0,away,reims,angers,0,0,1,0,0,1,0,ok,espn
F1-2021-2020-09-13-angers-reims,F1,2021,2020-09-13,angers,reims,60,0,home,angers,reims,1,0,0,0,1,1,0,ok,espn
F1-2021-2020-09-13-dijon-brest,F1,2021,2020-09-13,dijon,brest,55,0,home,dijon,brest,0,1,1,0,0,0,2,ok,espn
F1-2021-2020-09-13-lorient-lens,F1,2021,2020-09-13,lorient,lens,90,2,away,lens,lorient,3,1,1,0,0,2,3,ok,espn
F1-2021-2020-09-13-paris-sg-marseille,F1,2021,2020-09-13,paris sg,marseille,90,7,home,paris sg,marseille,0,1,1,0,0,0,1,ok,espn
F1-2021-2020-09-13-paris-sg-marseille,F1,2021,2020-09-13,paris sg,marseille,90,7,away,marseille,paris sg,1,0,0,0,1,0,1,ok,espn
F1-2021-2020-09-13-paris-sg-marseille,F1,2021,2020-09-13,paris sg,marseille,90,7,away,marseille,paris sg,1,0,0,1,1,0,1,ok,espn
F1-2021-2020-09-13-paris-sg-marseille,F1,2021,2020-09-13,paris sg,marseille,90,7,home,paris sg,marseille,0,1,0,1,2,0,1,ok,espn
F1-2021-2020-09-13-paris-sg-marseille,F1,2021,2020-09-13,paris sg,marseille,90,9,home,paris sg,marseille,0,1,0,2,2,0,1,ok,espn
F1-2021-2020-09-15-montpellier-lyon,F1,2021,2020-09-15,montpellier,lyon,44,0,away,lyon,montpellier,0,1,1,0,0,2,1,ok,espn
F1-2021-2020-09-15-montpellier-lyon,F1,2021,2020-09-15,montpellier,lyon,81,0,home,montpellier,lyon,2,0,0,0,1,2,1,ok,espn
F1-2021-2020-09-16-paris-sg-metz,F1,2021,2020-09-16,paris sg,metz,65,0,home,paris sg,metz,0,0,1,0,0,1,0,ok,espn
E0-2021-2020-09-19-everton-west-brom,E0,2021,2020-09-19,Everton,west brom,45,1,away,west brom,Everton,1,2,1,0,0,5,2,ok,espn
F1-2021-2020-09-19-lens-bordeaux,F1,2021,2020-09-19,lens,bordeaux,58,0,away,bordeaux,lens,0,1,1,0,0,2,1,ok,espn
E0-2021-2020-09-20-chelsea-liverpool,E0,2021,2020-09-20,Chelsea,Liverpool,45,1,home,Chelsea,Liverpool,0,0,1,0,0,0,2,ok,espn
E0-2021-2020-09-20-newcastle-brighton,E0,2021,2020-09-20,Newcastle,Brighton,89,0,away,Brighton,Newcastle,3,0,1,0,0,0,3,ok,espn
F1-2021-2020-09-20-metz-reims,F1,2021,2020-09-20,metz,reims,50,0,away,reims,metz,1,1,1,0,0,2,1,ok,espn
E0-2021-2020-09-21-aston-villa-sheffield-united,E0,2021,2020-09-21,Aston Villa,Sheffield United,12,0,away,Sheffield United,Aston Villa,0,0,1,0,0,1,0,ok,espn
I1-2021-2020-09-21-milan-bologna,I1,2021,2020-09-21,milan,bologna,88,0,away,bologna,milan,0,2,1,0,0,2,0,ok,espn
D1-2021-2020-09-26-mainz-stuttgart,D1,2021,2020-09-26,mainz,stuttgart,77,0,home,mainz,stuttgart,1,2,1,0,0,1,4,ok,espn
D1-2021-2020-09-26-mainz-stuttgart,D1,2021,2020-09-26,mainz,stuttgart,90,1,away,stuttgart,mainz,4,1,0,0,1,1,4,ok,espn
D1-2021-2020-09-26-schalke-04-werder-bremen,D1,2021,2020-09-26,schalke 04,werder bremen,84,0,home,schalke 04,werder bremen,0,3,1,0,0,1,3,ok,espn
SP1-2021-2020-09-26-betis-real-madrid,SP1,2021,2020-09-26,betis,real madrid,67,0,home,betis,real madrid,2,2,1,0,0,2,3,ok,espn
F1-2021-2020-09-27-monaco-strasbourg,F1,2021,2020-09-27,monaco,strasbourg,55,0,home,monaco,strasbourg,3,1,1,0,0,3,2,ok,espn
F1-2021-2020-09-27-monaco-strasbourg,F1,2021,2020-09-27,monaco,strasbourg,67,0,home,monaco,strasbourg,3,1,0,1,0,3,2,ok,espn
I1-2021-2020-09-27-roma-juventus,I1,2021,2020-09-27,roma,juventus,62,0,away,juventus,roma,1,2,1,0,0,2,2,ok,espn
I1-2021-2020-09-28-bologna-parma,I1,2021,2020-09-28,bologna,parma,76,0,away,parma,bologna,1,3,1,0,0,4,1,ok,espn
SP1-2021-2020-09-29-getafe-betis,SP1,2021,2020-09-29,getafe,betis,83,0,away,betis,getafe,0,3,1,0,0,3,0,ok,espn
I1-2021-2020-09-30-udinese-spezia,I1,2021,2020-09-30,udinese,spezia,65,0,away,spezia,udinese,1,0,1,0,0,0,2,ok,espn
SP1-2021-2020-10-01-ath-bilbao-cadiz,SP1,2021,2020-10-01,ath bilbao,cadiz,48,0,away,cadiz,ath bilbao,0,0,1,0,0,0,1,ok,espn
SP1-2021-2020-10-01-ath-bilbao-cadiz,SP1,2021,2020-10-01,ath bilbao,cadiz,70,0,away,cadiz,ath bilbao,1,0,0,1,0,0,1,ok,espn
SP1-2021-2020-10-01-celta-barcelona,SP1,2021,2020-10-01,celta,barcelona,42,0,away,barcelona,celta,1,0,1,0,0,0,3,ok,espn
F1-2021-2020-10-03-lens-st-etienne,F1,2021,2020-10-03,lens,st etienne,14,0,away,st etienne,lens,0,0,1,0,0,2,0,ok,espn
F1-2021-2020-10-03-lens-st-etienne,F1,2021,2020-10-03,lens,st etienne,64,0,away,st etienne,lens,0,1,0,1,0,2,0,ok,espn
F1-2021-2020-10-03-nice-nantes,F1,2021,2020-10-03,nice,nantes,3,0,away,nantes,nice,0,0,1,0,0,2,1,ok,espn
SP1-2021-2020-10-03-valladolid-eibar,SP1,2021,2020-10-03,valladolid,eibar,73,0,away,eibar,valladolid,1,1,1,0,0,1,2,ok,espn
E0-2021-2020-10-04-man-united-tottenham,E0,2021,2020-10-04,Manchester United,Tottenham,28,0,home,Manchester United,Tottenham,1,2,1,0,0,1,6,ok,espn
F1-2021-2020-10-04-lyon-marseille,F1,2021,2020-10-04,lyon,marseille,19,0,away,marseille,lyon,1,0,1,0,0,1,1,ok,espn
I1-2021-2020-10-04-lazio-inter,I1,2021,2020-10-04,lazio,inter,69,0,home,lazio,inter,1,1,1,0,0,1,1,ok,espn
I1-2021-2020-10-04-lazio-inter,I1,2021,2020-10-04,lazio,inter,86,0,away,inter,lazio,1,1,0,0,1,1,1,ok,espn
SP1-2021-2020-10-04-alaves-ath-bilbao,SP1,2021,2020-10-04,alaves,ath bilbao,86,0,home,alaves,ath bilbao,1,0,1,0,0,1,0,ok,espn
F1-2021-2020-10-16-nimes-paris-sg,F1,2021,2020-10-16,nimes,paris sg,12,0,home,nimes,paris sg,0,0,1,0,0,0,4,ok,espn
D1-2021-2020-10-17-bielefeld-bayern-munich,D1,2021,2020-10-17,bielefeld,bayern munich,76,0,away,bayern munich,bielefeld,4,1,1,0,0,1,4,ok,espn
E0-2021-2020-10-17-everton-liverpool,E0,2021,2020-10-17,Everton,Liverpool,90,0,home,Everton,Liverpool,2,2,1,0,0,2,2,ok,espn
F1-2021-2020-10-17-reims-lorient,F1,2021,2020-10-17,reims,lorient,70,0,home,reims,lorient,1,2,1,0,0,1,3,ok,espn
F1-2021-2020-10-17-reims-lorient,F1,2021,2020-10-17,reims,lorient,90,0,home,reims,lorient,1,3,0,1,0,1,3,ok,espn
I1-2021-2020-10-17-crotone-juventus,I1,2021,2020-10-17,crotone,juventus,60,0,away,juventus,crotone,1,1,1,0,0,1,1,ok,espn
SP1-2021-2020-10-17-granada-sevilla,SP1,2021,2020-10-17,granada,sevilla,45,4,away,sevilla,granada,0,0,1,0,0,1,0,ok,espn
E0-2021-2020-10-18-crystal-palace-brighton,E0,2021,2020-10-18,Crystal Palace,Brighton,90,3,away,Brighton,Crystal Palace,1,1,1,0,0,1,1,ok,espn
F1-2021-2020-10-18-lille-lens,F1,2021,2020-10-18,lille,lens,57,0,away,lens,lille,0,2,1,0,0,4,0,ok,espn
F1-2021-2020-10-18-lille-lens,F1,2021,2020-10-18,lille,lens,75,0,away,lens,lille,0,3,0,1,0,4,0,ok,espn
F1-2021-2020-10-18-monaco-montpellier,F1,2021,2020-10-18,monaco,montpellier,19,0,away,montpellier,monaco,0,0,1,0,0,1,1,ok,espn
I1-2021-2020-10-18-torino-cagliari,I1,2021,2020-10-18,torino,cagliari,87,0,home,torino,cagliari,2,3,1,0,0,2,3,ok,espn
SP1-2021-2020-10-18-eibar-osasuna,SP1,2021,2020-10-18,eibar,osasuna,88,0,away,osasuna,eibar,0,0,1,0,0,0,0,ok,espn
SP1-2021-2020-10-18-villarreal-valencia,SP1,2021,2020-10-18,villarreal,valencia,90,2,home,villarreal,valencia,2,1,1,0,0,2,1,ok,espn
D1-2021-2020-10-24-rb-leipzig-hertha,D1,2021,2020-10-24,rb leipzig,hertha,50,0,away,hertha,rb leipzig,1,1,1,0,0,2,1,ok,espn
E0-2021-2020-10-24-fulham-crystal-palace,E0,2021,2020-10-24,Fulham,Crystal Palace,88,0,home,Fulham,Crystal Palace,0,2,1,0,0,1,2,ok,espn
SP1-2021-2020-10-24-ath-madrid-betis,SP1,2021,2020-10-24,ath madrid,betis,74,0,away,betis,ath madrid,0,1,1,0,0,2,0,ok,espn
E0-2021-2020-10-25-southampton-everton,E0,2021,2020-10-25,Southampton,Everton,72,0,away,Everton,Southampton,0,2,1,0,0,2,0,ok,espn
F1-2021-2020-10-25-lyon-monaco,F1,2021,2020-10-25,lyon,monaco,89,0,home,lyon,monaco,4,1,1,0,0,4,1,ok,espn
F1-2021-2020-10-25-montpellier-reims,F1,2021,2020-10-25,montpellier,reims,7,0,home,montpellier,reims,0,0,1,0,0,0,4,ok,espn
F1-2021-2020-10-25-montpellier-reims,F1,2021,2020-10-25,montpellier,reims,42,0,home,montpellier,reims,0,3,0,1,0,0,4,ok,espn
I1-2021-2020-10-25-cagliari-crotone,I1,2021,2020-10-25,cagliari,crotone,47,0,away,crotone,cagliari,2,3,1,0,0,4,2,ok,espn
SP1-2021-2020-10-25-valladolid-alaves,SP1,2021,2020-10-25,valladolid,alaves,21,0,home,valladolid,alaves,0,0,1,0,0,0,2,ok,espn
E0-2021-2020-10-30-wolves-crystal-palace,E0,2021,2020-10-30,Wolves,Crystal Palace,86,0,away,Crystal Palace,Wolves,0,2,1,0,0,2,0,ok,espn
SP1-2021-2020-10-31-alaves-barcelona,SP1,2021,2020-10-31,alaves,barcelona,62,0,home,alaves,barcelona,1,0,1,0,0,1,1,ok,espn
F1-2021-2020-11-01-lille-lyon,F1,2021,2020-11-01,lille,lyon,50,0,away,lyon,lille,1,1,1,0,0,1,1,ok,espn
F1-2021-2020-11-01-nimes-metz,F1,2021,2020-11-01,nimes,metz,44,0,away,metz,nimes,1,0,1,0,0,0,1,ok,espn
I1-2021-2020-11-01-roma-fiorentina,I1,2021,2020-11-01,roma,fiorentina,88,0,away,fiorentina,roma,0,2,1,0,0,2,0,ok,espn
SP1-2021-2020-11-01-celta-sociedad,SP1,2021,2020-11-01,celta,sociedad,90,3,home,celta,sociedad,1,4,1,0,0,1,4,ok,espn
SP1-2021-2020-11-01-granada-levante,SP1,2021,2020-11-01,granada,levante,16,0,home,granada,levante,1,0,1,0,0,1,1,ok,espn
SP1-2021-2020-11-01-valencia-getafe,SP1,2021,2020-11-01,valencia,getafe,56,0,home,valencia,getafe,1,0,1,0,0,2,2,ok,espn
SP1-2021-2020-11-01-valencia-getafe,SP1,2021,2020-11-01,valencia,getafe,90,8,away,getafe,valencia,2,1,0,0,1,2,2,ok,espn
D1-2021-2020-11-02-hoffenheim-union-berlin,D1,2021,2020-11-02,hoffenheim,union berlin,58,0,home,hoffenheim,union berlin,0,0,1,0,0,1,3,ok,espn
I1-2021-2020-11-02-verona-benevento,I1,2021,2020-11-02,verona,benevento,73,0,away,benevento,verona,1,2,1,0,0,3,1,ok,espn
I1-2021-2020-11-07-cagliari-sampdoria,I1,2021,2020-11-07,cagliari,sampdoria,40,0,away,sampdoria,cagliari,0,0,1,0,0,2,0,ok,espn
SP1-2021-2020-11-07-barcelona-betis,SP1,2021,2020-11-07,barcelona,betis,60,0,away,betis,barcelona,1,2,1,0,0,5,2,ok,espn
I1-2021-2020-11-08-torino-crotone,I1,2021,2020-11-08,torino,crotone,88,0,away,crotone,torino,0,0,1,0,0,0,0,ok,espn
SP1-2021-2020-11-08-levante-alaves,SP1,2021,2020-11-08,levante,alaves,34,0,away,alaves,levante,1,0,1,0,0,1,1,ok,espn
SP1-2021-2020-11-08-sociedad-granada,SP1,2021,2020-11-08,sociedad,granada,86,0,home,sociedad,granada,2,0,1,0,0,2,0,ok,espn
F1-2021-2020-11-20-monaco-paris-sg,F1,2021,2020-11-20,monaco,paris sg,83,0,away,paris sg,monaco,2,2,1,0,0,3,2,ok,espn
D1-2021-2020-11-21-m-gladbach-augsburg,D1,2021,2020-11-21,m gladbach,augsburg,66,0,away,augsburg,m gladbach,0,1,1,0,0,1,1,ok,espn
E0-2021-2020-11-21-aston-villa-brighton,E0,2021,2020-11-21,Aston Villa,Brighton,90,1,away,Brighton,Aston Villa,2,1,1,0,0,1,2,ok,espn
E0-2021-2020-11-22-leeds-arsenal,E0,2021,2020-11-22,Leeds,Arsenal,51,0,away,Arsenal,Leeds,0,0,1,0,0,0,0,ok,espn
I1-2021-2020-11-22-napoli-milan,I1,2021,2020-11-22,napoli,milan,65,0,home,napoli,milan,1,2,1,0,0,1,3,ok,espn
I1-2021-2020-11-22-udinese-genoa,I1,2021,2020-11-22,udinese,genoa,90,7,away,genoa,udinese,0,1,1,0,0,1,0,ok,espn
SP1-2021-2020-11-22-eibar-getafe,SP1,2021,2020-11-22,eibar,getafe,88,0,home,eibar,getafe,0,0,1,0,0,0,0,ok,espn
D1-2021-2020-11-27-wolfsburg-werder-bremen,D1,2021,2020-11-27,wolfsburg,werder bremen,80,0,away,werder bremen,wolfsburg,3,4,1,0,0,5,3,ok,espn
F1-2021-2020-11-27-strasbourg-rennes,F1,2021,2020-11-27,strasbourg,rennes,40,0,home,strasbourg,rennes,1,0,1,0,0,1,1,ok,espn
I1-2021-2020-11-28-benevento-juventus,I1,2021,2020-11-28,benevento,juventus,90,7,away,juventus,benevento,1,1,1,0,0,1,1,ok,espn
SP1-2021-2020-11-28-elche-cadiz,SP1,2021,2020-11-28,elche,cadiz,45,4,home,elche,cadiz,1,0,1,0,0,1,1,ok,espn
D1-2021-2020-11-29-mainz-hoffenheim,D1,2021,2020-11-29,mainz,hoffenheim,80,0,away,hoffenheim,mainz,1,1,1,0,0,1,1,ok,espn
F1-2021-2020-11-29-lyon-reims,F1,2021,2020-11-29,lyon,reims,32,0,away,reims,lyon,0,1,1,0,0,3,0,ok,espn
F1-2021-2020-11-29-monaco-nimes,F1,2021,2020-11-29,monaco,nimes,69,0,away,nimes,monaco,0,1,1,0,0,3,0,ok,espn
SP1-2021-2020-11-29-celta-granada,SP1,2021,2020-11-29,celta,granada,90,7,home,celta,granada,3,1,1,0,0,3,1,ok,espn
D1-2021-2020-12-04-hertha-union-berlin,D1,2021,2020-12-04,hertha,union berlin,23,0,away,union berlin,hertha,1,0,1,0,0,3,1,ok,espn
F1-2021-2020-12-04-nimes-marseille,F1,2021,2020-12-04,nimes,marseille,77,0,home,nimes,marseille,0,1,1,0,0,0,2,ok,espn
I1-2021-2020-12-05-juventus-torino,I1,2021,2020-12-05,juventus,torino,90,0,home,juventus,torino,2,1,1,0,0,2,1,ok,espn
SP1-2021-2020-12-05-levante-getafe,SP1,2021,2020-12-05,levante,getafe,7,0,away,getafe,levante,0,1,1,0,0,3,0,ok,espn
SP1-2021-2020-12-05-levante-getafe,SP1,2021,2020-12-05,levante,getafe,77,0,away,getafe,levante,0,3,0,1,0,3,0,ok,espn
E0-2021-2020-12-06-west-brom-crystal-palace,E0,2021,2020-12-06,west brom,Crystal Palace,34,0,home,west brom,Crystal Palace,1,1,1,0,0,1,5,ok,espn
F1-2021-2020-12-06-metz-lyon,F1,2021,2020-12-06,metz,lyon,87,0,home,metz,lyon,1,3,1,0,0,1,3,ok,espn
F1-2021-2020-12-06-metz-lyon,F1,2021,2020-12-06,metz,lyon,90,3,away,lyon,metz,3,1,0,0,1,1,3,ok,espn
I1-2021-2020-12-06-crotone-napoli,I1,2021,2020-12-06,crotone,napoli,49,0,home,crotone,napoli,0,1,1,0,0,0,4,ok,espn
I1-2021-2020-12-06-roma-sassuolo,I1,2021,2020-12-06,roma,sassuolo,40,0,home,roma,sassuolo,0,0,1,0,0,0,0,ok,espn
SP1-2021-2020-12-06-alaves-sociedad,SP1,2021,2020-12-06,alaves,sociedad,61,0,home,alaves,sociedad,0,0,1,0,0,0,0,ok,espn
I1-2021-2020-12-11-sassuolo-benevento,I1,2021,2020-12-11,sassuolo,benevento,49,0,home,sassuolo,benevento,1,0,1,0,0,1,0,ok,espn
D1-2021-2020-12-12-mainz-koln,D1,2021,2020-12-12,mainz,koln,76,0,away,koln,mainz,1,0,1,0,0,0,1,ok,espn
D1-2021-2020-12-13-augsburg-schalke-04,D1,2021,2020-12-13,augsburg,schalke 04,53,0,home,augsburg,schalke 04,1,1,1,0,0,2,2,ok,espn
D1-2021-2020-12-13-leverkusen-hoffenheim,D1,2021,2020-12-13,leverkusen,hoffenheim,64,0,away,hoffenheim,leverkusen,1,3,1,0,0,4,1,ok,espn
D1-2021-2020-12-13-leverkusen-hoffenheim,D1,2021,2020-12-13,leverkusen,hoffenheim,79,0,away,hoffenheim,leverkusen,1,3,0,1,0,4,1,ok,espn
E0-2021-2020-12-13-arsenal-burnley,E0,2021,2020-12-13,Arsenal,Burnley,56,0,home,Arsenal,Burnley,0,0,1,0,0,0,1,ok,espn
F1-2021-2020-12-13-paris-sg-lyon,F1,2021,2020-12-13,paris sg,lyon,90,9,away,lyon,paris sg,1,0,1,0,0,0,1,ok,espn
D1-2021-2020-12-15-ein-frankfurt-m-gladbach,D1,2021,2020-12-15,ein frankfurt,m gladbach,81,0,home,ein frankfurt,m gladbach,3,1,1,0,0,3,3,ok,espn
I1-2021-2020-12-15-benevento-lazio,I1,2021,2020-12-15,benevento,lazio,90,2,home,benevento,lazio,1,1,1,0,0,1,1,ok,espn
SP1-2021-2020-12-15-real-madrid-ath-bilbao,SP1,2021,2020-12-15,real madrid,ath bilbao,13,0,away,ath bilbao,real madrid,0,0,1,0,0,3,1,ok,espn
E0-2021-2020-12-16-arsenal-southampton,E0,2021,2020-12-16,Arsenal,Southampton,62,0,home,Arsenal,Southampton,1,1,1,0,0,1,1,ok,espn
E0-2021-2020-12-16-west-ham-crystal-palace,E0,2021,2020-12-16,West Ham,Crystal Palace,70,0,away,Crystal Palace,West Ham,1,1,1,0,0,1,1,ok,espn
F1-2021-2020-12-16-lyon-brest,F1,2021,2020-12-16,lyon,brest,74,0,away,brest,lyon,1,1,1,0,0,2,2,ok,espn
F1-2021-2020-12-16-monaco-lens,F1,2021,2020-12-16,monaco,lens,23,0,home,monaco,lens,0,1,1,0,0,0,3,ok,espn
F1-2021-2020-12-16-nimes-nice,F1,2021,2020-12-16,nimes,nice,56,0,away,nice,nimes,0,0,1,0,0,0,2,ok,espn
F1-2021-2020-12-16-paris-sg-lorient,F1,2021,2020-12-16,paris sg,lorient,49,0,away,lorient,paris sg,0,0,1,0,0,2,0,ok,espn
F1-2021-2020-12-16-rennes-marseille,F1,2021,2020-12-16,rennes,marseille,37,0,away,marseille,rennes,1,0,1,0,0,2,1,ok,espn
I1-2021-2020-12-16-inter-napoli,I1,2021,2020-12-16,inter,napoli,71,0,away,napoli,inter,0,0,1,0,0,1,0,ok,espn
I1-2021-2020-12-16-verona-sampdoria,I1,2021,2020-12-16,verona,sampdoria,90,4,home,verona,sampdoria,1,2,1,0,0,1,2,ok,espn
I1-2021-2020-12-17-roma-torino,I1,2021,2020-12-17,roma,torino,14,0,away,torino,roma,0,0,1,0,0,3,1,ok,espn
SP1-2021-2020-12-18-ath-bilbao-huesca,SP1,2021,2020-12-18,ath bilbao,huesca,85,0,away,huesca,ath bilbao,0,0,1,0,0,2,0,ok,espn
D1-2021-2020-12-19-m-gladbach-hoffenheim,D1,2021,2020-12-19,m gladbach,hoffenheim,78,0,home,m gladbach,hoffenheim,1,1,1,0,0,1,2,ok,espn
E0-2021-2020-12-19-newcastle-fulham,E0,2021,2020-12-19,Newcastle,Fulham,62,0,away,Fulham,Newcastle,1,0,1,0,0,1,1,ok,espn
SP1-2021-2020-12-19-osasuna-villarreal,SP1,2021,2020-12-19,osasuna,villarreal,19,0,home,osasuna,villarreal,0,1,1,0,0,1,3,ok,espn
E0-2021-2020-12-20-brighton-sheffield-united,E0,2021,2020-12-20,Brighton,Sheffield United,40,0,away,Sheffield United,Brighton,0,0,1,0,0,1,1,ok,espn
E0-2021-2020-12-20-west-brom-aston-villa,E0,2021,2020-12-20,west brom,Aston Villa,37,0,home,west brom,Aston Villa,0,1,1,0,0,0,3,ok,espn
I1-2021-2020-12-22-juventus-fiorentina,I1,2021,2020-12-22,juventus,fiorentina,18,0,home,juventus,fiorentina,0,1,1,0,0,0,3,ok,espn
SP1-2021-2020-12-22-elche-osasuna,SP1,2021,2020-12-22,elche,osasuna,90,2,away,osasuna,elche,2,2,1,0,0,2,2,ok,espn
F1-2021-2020-12-23-monaco-st-etienne,F1,2021,2020-12-23,monaco,st etienne,35,0,home,monaco,st etienne,1,2,1,0,0,2,2,ok,espn
F1-2021-2020-12-23-nice-lorient,F1,2021,2020-12-23,nice,lorient,81,0,home,nice,lorient,2,1,1,0,0,2,2,ok,espn
F1-2021-2020-12-23-nimes-dijon,F1,2021,2020-12-23,nimes,dijon,76,0,home,nimes,dijon,1,1,1,0,0,1,3,ok,espn
I1-2021-2020-12-23-sampdoria-sassuolo,I1,2021,2020-12-23,sampdoria,sassuolo,90,2,home,sampdoria,sassuolo,2,3,1,0,0,2,3,ok,espn
E0-2021-2020-12-26-aston-villa-crystal-palace,E0,2021,2020-12-26,Aston Villa,Crystal Palace,45,0,home,Aston Villa,Crystal Palace,1,0,1,0,0,3,0,ok,espn
SP1-2021-2020-12-29-levante-betis,SP1,2021,2020-12-29,levante,betis,68,0,home,levante,betis,4,1,1,0,0,4,3,ok,espn
SP1-2021-2020-12-30-granada-valencia,SP1,2021,2020-12-30,granada,valencia,70,0,away,valencia,granada,1,1,1,0,0,2,1,ok,espn
SP1-2021-2020-12-30-granada-valencia,SP1,2021,2020-12-30,granada,valencia,73,0,away,valencia,granada,1,1,0,1,0,2,1,ok,espn
SP1-2021-2020-12-30-granada-valencia,SP1,2021,2020-12-30,granada,valencia,76,0,home,granada,valencia,1,1,0,0,2,2,1,ok,espn
SP1-2021-2020-12-31-osasuna-alaves,SP1,2021,2020-12-31,osasuna,alaves,8,0,home,osasuna,alaves,0,0,1,0,0,1,1,ok,espn
E0-2021-2021-01-02-tottenham-leeds,E0,2021,2021-01-02,Tottenham,Leeds,90,2,home,Tottenham,Leeds,3,0,1,0,0,3,0,ok,espn
I1-2021-2021-01-03-benevento-milan,I1,2021,2021-01-03,benevento,milan,33,0,away,milan,benevento,1,0,1,0,0,0,2,ok,espn
I1-2021-2021-01-03-cagliari-napoli,I1,2021,2021-01-03,cagliari,napoli,65,0,home,cagliari,napoli,1,2,1,0,0,1,4,ok,espn
I1-2021-2021-01-03-spezia-verona,I1,2021,2021-01-03,spezia,verona,68,0,home,spezia,verona,0,0,1,0,0,0,1,ok,espn
SP1-2021-2021-01-03-alaves-ath-madrid,SP1,2021,2021-01-03,alaves,ath madrid,63,0,home,alaves,ath madrid,0,1,1,0,0,1,2,ok,espn
F1-2021-2021-01-06-lorient-monaco,F1,2021,2021-01-06,lorient,monaco,48,0,home,lorient,monaco,1,1,1,0,0,2,5,ok,espn
I1-2021-2021-01-06-bologna-udinese,I1,2021,2021-01-06,bologna,udinese,47,0,home,bologna,udinese,2,1,1,0,0,2,2,ok,espn
I1-2021-2021-01-06-cagliari-benevento,I1,2021,2021-01-06,cagliari,benevento,84,0,home,cagliari,benevento,1,2,1,0,0,1,2,ok,espn
I1-2021-2021-01-06-napoli-spezia,I1,2021,2021-01-06,napoli,spezia,77,0,away,spezia,napoli,1,1,1,0,0,1,2,ok,espn
D1-2021-2021-01-09-union-berlin-wolfsburg,D1,2021,2021-01-09,union berlin,wolfsburg,50,0,away,wolfsburg,union berlin,1,1,1,0,0,2,2,ok,espn
SP1-2021-2021-01-09-granada-barcelona,SP1,2021,2021-01-09,granada,barcelona,78,0,home,granada,barcelona,0,4,1,0,0,0,4,ok,espn
D1-2021-2021-01-10-augsburg-stuttgart,D1,2021,2021-01-10,augsburg,stuttgart,76,0,home,augsburg,stuttgart,1,3,1,0,0,1,4,ok,espn
I1-2021-2021-01-10-juventus-sassuolo,I1,2021,2021-01-10,juventus,sassuolo,45,1,away,sassuolo,juventus,0,0,1,0,0,3,1,ok,espn
SP1-2021-2021-01-10-cadiz-alaves,SP1,2021,2021-01-10,cadiz,alaves,50,0,away,alaves,cadiz,1,1,1,0,0,3,1,ok,espn
SP1-2021-2021-01-11-elche-getafe,SP1,2021,2021-01-11,elche,getafe,52,0,home,elche,getafe,1,1,1,0,0,1,3,ok,espn
SP1-2021-2021-01-11-huesca-betis,SP1,2021,2021-01-11,huesca,betis,82,0,away,betis,huesca,1,0,1,0,0,0,2,ok,espn
E0-2021-2021-01-12-sheffield-united-newcastle,E0,2021,2021-01-12,Sheffield United,Newcastle,45,0,away,Newcastle,Sheffield United,0,0,1,0,0,1,0,ok,espn
E0-2021-2021-01-16-fulham-chelsea,E0,2021,2021-01-16,Fulham,Chelsea,44,0,home,Fulham,Chelsea,0,0,1,0,0,0,1,ok,espn
I1-2021-2021-01-16-torino-spezia,I1,2021,2021-01-16,torino,spezia,8,0,away,spezia,torino,0,0,1,0,0,0,0,ok,espn
I1-2021-2021-01-17-crotone-benevento,I1,2021,2021-01-17,crotone,benevento,65,0,away,benevento,crotone,0,4,1,0,0,4,1,ok,espn
I1-2021-2021-01-18-cagliari-milan,I1,2021,2021-01-18,cagliari,milan,74,0,away,milan,cagliari,2,0,1,0,0,0,2,ok,espn
SP1-2021-2021-01-19-valladolid-elche,SP1,2021,2021-01-19,valladolid,elche,90,0,home,valladolid,elche,2,2,1,0,0,2,2,ok,espn
SP1-2021-2021-01-20-villarreal-granada,SP1,2021,2021-01-20,villarreal,granada,90,0,away,granada,villarreal,2,2,1,0,0,2,2,ok,espn
F1-2021-2021-01-22-paris-sg-montpellier,F1,2021,2021-01-22,paris sg,montpellier,19,0,away,montpellier,paris sg,0,0,1,0,0,4,0,ok,espn
SP1-2021-2021-01-24-osasuna-granada,SP1,2021,2021-01-24,osasuna,granada,88,0,home,osasuna,granada,3,1,1,0,0,3,1,ok,espn
I1-2021-2021-01-29-torino-fiorentina,I1,2021,2021-01-29,torino,fiorentina,61,0,away,fiorentina,torino,0,0,1,0,0,1,1,ok,espn
I1-2021-2021-01-29-torino-fiorentina,I1,2021,2021-01-29,torino,fiorentina,71,0,away,fiorentina,torino,1,0,0,1,0,1,1,ok,espn
SP1-2021-2021-01-30-real-madrid-levante,SP1,2021,2021-01-30,real madrid,levante,9,0,home,real madrid,levante,0,0,1,0,0,1,2,ok,espn
F1-2021-2021-01-31-nantes-monaco,F1,2021,2021-01-31,nantes,monaco,73,0,home,nantes,monaco,0,2,1,0,0,1,2,ok,espn
I1-2021-2021-01-31-spezia-udinese,I1,2021,2021-01-31,spezia,udinese,75,0,away,udinese,spezia,1,0,1,0,0,0,1,ok,espn
I1-2021-2021-01-31-spezia-udinese,I1,2021,2021-01-31,spezia,udinese,86,0,home,spezia,udinese,0,1,0,0,1,0,1,ok,espn
E0-2021-2021-02-02-man-united-southampton,E0,2021,2021-02-02,Manchester United,Southampton,2,0,away,Southampton,Manchester United,0,0,1,0,0,9,0,ok,espn
E0-2021-2021-02-02-man-united-southampton,E0,2021,2021-02-02,Manchester United,Southampton,86,0,away,Southampton,Manchester United,0,6,0,1,0,9,0,ok,espn
E0-2021-2021-02-02-wolves-arsenal,E0,2021,2021-02-02,Wolves,Arsenal,45,3,away,Arsenal,Wolves,1,0,1,0,0,2,1,abweichung,espn
E0-2021-2021-02-02-wolves-arsenal,E0,2021,2021-02-02,Wolves,Arsenal,72,0,away,Arsenal,Wolves,1,1,0,1,0,2,1,abweichung,espn
D1-2021-2021-02-06-mainz-union-berlin,D1,2021,2021-02-06,mainz,union berlin,55,0,away,union berlin,mainz,0,1,1,0,0,1,0,ok,espn
E0-2021-2021-02-06-fulham-west-ham,E0,2021,2021-02-06,Fulham,West Ham,90,7,away,West Ham,Fulham,0,0,1,0,0,0,0,ok,espn
E0-2021-2021-02-06-newcastle-southampton,E0,2021,2021-02-06,Newcastle,Southampton,49,0,home,Newcastle,Southampton,2,2,1,0,0,3,2,abweichung,espn
F1-2021-2021-02-06-lyon-strasbourg,F1,2021,2021-02-06,lyon,strasbourg,14,0,away,strasbourg,lyon,0,0,1,0,0,3,0,ok,espn
SP1-2021-2021-02-06-sevilla-getafe,SP1,2021,2021-02-06,sevilla,getafe,54,0,away,getafe,sevilla,0,0,1,0,0,3,0,ok,espn
F1-2021-2021-02-07-marseille-paris-sg,F1,2021,2021-02-07,marseille,paris sg,90,0,home,marseille,paris sg,0,2,1,0,0,0,2,ok,espn
F1-2021-2021-02-07-montpellier-dijon,F1,2021,2021-02-07,montpellier,dijon,69,0,away,dijon,montpellier,1,3,1,0,0,4,2,ok,espn
SP1-2021-2021-02-07-sociedad-cadiz,SP1,2021,2021-02-07,sociedad,cadiz,45,3,away,cadiz,sociedad,0,2,1,0,0,4,1,ok,espn
F1-2021-2021-02-14-bordeaux-marseille,F1,2021,2021-02-14,bordeaux,marseille,55,0,away,marseille,bordeaux,0,0,1,0,0,0,0,ok,espn
F1-2021-2021-02-14-bordeaux-marseille,F1,2021,2021-02-14,bordeaux,marseille,59,0,away,marseille,bordeaux,0,0,0,1,0,0,0,ok,espn
F1-2021-2021-02-14-dijon-nimes,F1,2021,2021-02-14,dijon,nimes,90,0,home,dijon,nimes,0,2,1,0,0,0,2,ok,espn
SP1-2021-2021-02-19-betis-getafe,SP1,2021,2021-02-19,betis,getafe,90,3,home,betis,getafe,1,0,1,0,0,1,0,ok,espn
E0-2021-2021-02-20-burnley-west-brom,E0,2021,2021-02-20,Burnley,west brom,30,0,away,west brom,Burnley,0,0,1,0,0,0,0,ok,espn
F1-2021-2021-02-20-nantes-marseille,F1,2021,2021-02-20,nantes,marseille,90,4,away,marseille,nantes,1,1,1,0,0,1,1,ok,espn
I1-2021-2021-02-20-sassuolo-bologna,I1,2021,2021-02-20,sassuolo,bologna,30,0,away,bologna,sassuolo,1,0,1,0,0,1,1,ok,espn
SP1-2021-2021-02-20-valencia-celta,SP1,2021,2021-02-20,valencia,celta,64,0,away,celta,valencia,0,0,1,0,0,2,0,ok,espn
F1-2021-2021-02-21-lens-dijon,F1,2021,2021-02-21,lens,dijon,74,0,away,dijon,lens,1,2,1,0,0,2,1,ok,espn
F1-2021-2021-02-21-nimes-bordeaux,F1,2021,2021-02-21,nimes,bordeaux,68,0,away,bordeaux,nimes,0,1,1,0,0,2,0,ok,espn
I1-2021-2021-02-21-benevento-roma,I1,2021,2021-02-21,benevento,roma,57,0,home,benevento,roma,0,0,1,0,0,0,0,ok,espn
SP1-2021-2021-02-21-huesca-granada,SP1,2021,2021-02-21,huesca,granada,90,1,away,granada,huesca,2,3,1,0,0,3,2,ok,espn
SP1-2021-2021-02-26-levante-ath-bilbao,SP1,2021,2021-02-26,levante,ath bilbao,90,6,away,ath bilbao,levante,1,1,1,0,0,1,1,ok,espn
D1-2021-2021-02-27-wolfsburg-hertha,D1,2021,2021-02-27,wolfsburg,hertha,90,4,home,wolfsburg,hertha,2,0,1,0,0,2,0,ok,espn
SP1-2021-2021-02-27-getafe-valencia,SP1,2021,2021-02-27,getafe,valencia,51,0,away,valencia,getafe,0,1,1,0,0,3,0,ok,espn
F1-2021-2021-02-28-marseille-lyon,F1,2021,2021-02-28,marseille,lyon,70,0,away,lyon,marseille,1,1,1,0,0,1,1,ok,espn
F1-2021-2021-02-28-nimes-nantes,F1,2021,2021-02-28,nimes,nantes,90,1,home,nimes,nantes,1,1,1,0,0,1,1,ok,espn
I1-2021-2021-02-28-crotone-cagliari,I1,2021,2021-02-28,crotone,cagliari,75,0,away,cagliari,crotone,2,0,1,0,0,0,2,ok,espn
I1-2021-2021-02-28-napoli-benevento,I1,2021,2021-02-28,napoli,benevento,81,0,home,napoli,benevento,2,0,1,0,0,2,0,ok,espn
E0-2021-2021-03-03-sheffield-united-aston-villa,E0,2021,2021-03-03,Sheffield United,Aston Villa,57,0,home,Sheffield United,Aston Villa,1,0,1,0,0,1,0,ok,espn
F1-2021-2021-03-03-metz-angers,F1,2021,2021-03-03,metz,angers,90,2,home,metz,angers,0,1,1,0,0,0,1,ok,espn
D1-2021-2021-03-06-hoffenheim-wolfsburg,D1,2021,2021-03-06,hoffenheim,wolfsburg,90,4,away,wolfsburg,hoffenheim,1,2,1,0,0,2,1,ok,espn
SP1-2021-2021-03-06-valladolid-getafe,SP1,2021,2021-03-06,valladolid,getafe,85,0,away,getafe,valladolid,1,2,1,0,0,2,1,ok,espn
I1-2021-2021-03-07-crotone-torino,I1,2021,2021-03-07,crotone,torino,90,3,away,torino,crotone,2,3,1,0,0,4,2,ok,espn
D1-2021-2021-03-10-bielefeld-werder-bremen,D1,2021,2021-03-10,bielefeld,werder bremen,71,0,home,bielefeld,werder bremen,0,1,1,0,0,0,2,ok,espn
D1-2021-2021-03-13-dortmund-hertha,D1,2021,2021-03-13,dortmund,hertha,80,0,away,hertha,dortmund,0,1,1,0,0,2,0,ok,espn
SP1-2021-2021-03-13-alaves-cadiz,SP1,2021,2021-03-13,alaves,cadiz,81,0,home,alaves,cadiz,1,0,1,0,0,1,1,ok,espn
SP1-2021-2021-03-13-getafe-ath-madrid,SP1,2021,2021-03-13,getafe,ath madrid,70,0,home,getafe,ath madrid,0,0,1,0,0,0,0,ok,espn
E0-2021-2021-03-14-arsenal-tottenham,E0,2021,2021-03-14,Arsenal,Tottenham,76,0,away,Tottenham,Arsenal,1,2,1,0,0,2,1,ok,espn
I1-2021-2021-03-14-milan-napoli,I1,2021,2021-03-14,milan,napoli,90,2,home,milan,napoli,0,1,1,0,0,0,1,ok,espn
SP1-2021-2021-03-14-eibar-villarreal,SP1,2021,2021-03-14,eibar,villarreal,80,0,away,villarreal,eibar,2,1,1,0,0,1,3,ok,espn
D1-2021-2021-03-20-bayern-munich-stuttgart,D1,2021,2021-03-20,bayern munich,stuttgart,12,0,home,bayern munich,stuttgart,0,0,1,0,0,4,0,ok,espn
F1-2021-2021-03-20-metz-rennes,F1,2021,2021-03-20,metz,rennes,51,0,away,rennes,metz,2,0,1,0,0,1,3,ok,espn
E0-2021-2021-04-03-chelsea-west-brom,E0,2021,2021-04-03,Chelsea,west brom,29,0,home,Chelsea,west brom,1,0,1,0,0,2,5,ok,espn
F1-2021-2021-04-03-lens-lyon,F1,2021,2021-04-03,lens,lyon,90,0,away,lyon,lens,1,1,1,0,0,1,1,ok,espn
F1-2021-2021-04-03-monaco-metz,F1,2021,2021-04-03,monaco,metz,87,0,away,metz,monaco,0,3,1,0,0,4,0,ok,espn
F1-2021-2021-04-03-paris-sg-lille,F1,2021,2021-04-03,paris sg,lille,90,0,home,paris sg,lille,0,1,1,0,0,0,1,ok,espn
F1-2021-2021-04-03-paris-sg-lille,F1,2021,2021-04-03,paris sg,lille,90,1,away,lille,paris sg,1,0,0,0,1,0,1,ok,espn
I1-2021-2021-04-03-genoa-fiorentina,I1,2021,2021-04-03,genoa,fiorentina,51,0,away,fiorentina,genoa,1,1,1,0,0,1,1,ok,espn
I1-2021-2021-04-03-lazio-spezia,I1,2021,2021-04-03,lazio,spezia,90,6,home,lazio,spezia,2,1,1,0,0,2,1,ok,espn
I1-2021-2021-04-03-lazio-spezia,I1,2021,2021-04-03,lazio,spezia,90,7,home,lazio,spezia,2,1,0,1,0,2,1,ok,espn
I1-2021-2021-04-03-milan-sampdoria,I1,2021,2021-04-03,milan,sampdoria,59,0,away,sampdoria,milan,1,0,1,0,0,1,1,ok,espn
F1-2021-2021-04-04-lorient-brest,F1,2021,2021-04-04,lorient,brest,90,4,away,brest,lorient,0,1,1,0,0,1,0,ok,espn
F1-2021-2021-04-04-reims-rennes,F1,2021,2021-04-04,reims,rennes,85,0,home,reims,rennes,2,2,1,0,0,2,2,ok,espn
SP1-2021-2021-04-04-alaves-celta,SP1,2021,2021-04-04,alaves,celta,54,0,away,celta,alaves,3,0,1,0,0,1,3,ok,espn
SP1-2021-2021-04-05-barcelona-valladolid,SP1,2021,2021-04-05,barcelona,valladolid,79,0,away,valladolid,barcelona,0,0,1,0,0,1,0,ok,espn
D1-2021-2021-04-10-hertha-m-gladbach,D1,2021,2021-04-10,hertha,m gladbach,13,0,away,m gladbach,hertha,0,0,1,0,0,2,2,ok,espn
E0-2021-2021-04-10-man-city-leeds,E0,2021,2021-04-10,Manchester City,Leeds,45,1,away,Leeds,Manchester City,1,0,1,0,0,1,2,ok,espn
F1-2021-2021-04-10-montpellier-marseille,F1,2021,2021-04-10,montpellier,marseille,62,0,away,marseille,montpellier,1,2,1,0,0,3,3,ok,espn
I1-2021-2021-04-10-parma-milan,I1,2021,2021-04-10,parma,milan,60,0,away,milan,parma,2,0,1,0,0,1,3,ok,espn
SP1-2021-2021-04-10-real-madrid-barcelona,SP1,2021,2021-04-10,real madrid,barcelona,90,0,home,real madrid,barcelona,2,1,1,0,0,2,1,ok,espn
SP1-2021-2021-04-11-valencia-sociedad,SP1,2021,2021-04-11,valencia,sociedad,79,0,home,valencia,sociedad,2,2,1,0,0,2,2,ok,espn
E0-2021-2021-04-17-newcastle-west-ham,E0,2021,2021-04-17,Newcastle,West Ham,36,0,away,West Ham,Newcastle,0,1,1,0,0,3,2,ok,espn
I1-2021-2021-04-17-crotone-udinese,I1,2021,2021-04-17,crotone,udinese,90,0,away,udinese,crotone,2,1,1,0,0,1,2,ok,espn
F1-2021-2021-04-18-bordeaux-monaco,F1,2021,2021-04-18,bordeaux,monaco,78,0,home,bordeaux,monaco,0,2,1,0,0,0,3,ok,espn
F1-2021-2021-04-18-brest-lens,F1,2021,2021-04-18,brest,lens,81,0,away,lens,brest,1,1,1,0,0,1,1,ok,espn
F1-2021-2021-04-18-brest-lens,F1,2021,2021-04-18,brest,lens,89,0,home,brest,lens,1,1,0,0,1,1,1,ok,espn
F1-2021-2021-04-18-brest-lens,F1,2021,2021-04-18,brest,lens,89,0,away,lens,brest,1,1,0,1,1,1,1,ok,espn
F1-2021-2021-04-18-nimes-strasbourg,F1,2021,2021-04-18,nimes,strasbourg,47,0,away,strasbourg,nimes,0,0,1,0,0,1,1,ok,espn
I1-2021-2021-04-18-torino-roma,I1,2021,2021-04-18,torino,roma,85,0,away,roma,torino,1,2,1,0,0,3,1,ok,espn
D1-2021-2021-04-20-bielefeld-schalke-04,D1,2021,2021-04-20,bielefeld,schalke 04,71,0,away,schalke 04,bielefeld,0,1,1,0,0,1,0,ok,espn
E0-2021-2021-04-20-chelsea-brighton,E0,2021,2021-04-20,Chelsea,Brighton,90,2,away,Brighton,Chelsea,0,0,1,0,0,0,0,ok,espn
E0-2021-2021-04-21-aston-villa-man-city,E0,2021,2021-04-21,Aston Villa,Manchester City,44,0,away,Manchester City,Aston Villa,2,1,1,0,0,1,2,ok,espn
E0-2021-2021-04-21-aston-villa-man-city,E0,2021,2021-04-21,Aston Villa,Manchester City,57,0,home,Aston Villa,Manchester City,1,2,0,0,1,1,2,ok,espn
SP1-2021-2021-04-21-betis-ath-bilbao,SP1,2021,2021-04-21,betis,ath bilbao,11,0,home,betis,ath bilbao,0,0,1,0,0,0,0,ok,espn
I1-2021-2021-04-22-roma-atalanta,I1,2021,2021-04-22,roma,atalanta,69,0,away,atalanta,roma,1,0,1,0,0,1,1,ok,espn
I1-2021-2021-04-22-roma-atalanta,I1,2021,2021-04-22,roma,atalanta,90,5,home,roma,atalanta,1,1,0,0,1,1,1,ok,espn
F1-2021-2021-04-23-reims-marseille,F1,2021,2021-04-23,reims,marseille,69,0,home,reims,marseille,1,2,1,0,0,1,3,ok,espn
D1-2021-2021-04-24-wolfsburg-dortmund,D1,2021,2021-04-24,wolfsburg,dortmund,59,0,away,dortmund,wolfsburg,1,0,1,0,0,0,2,ok,espn
E0-2021-2021-04-24-west-ham-chelsea,E0,2021,2021-04-24,West Ham,Chelsea,81,0,home,West Ham,Chelsea,0,1,1,0,0,0,1,ok,espn
SP1-2021-2021-04-24-valencia-alaves,SP1,2021,2021-04-24,valencia,alaves,87,0,away,alaves,valencia,1,0,1,0,0,1,1,ok,espn
D1-2021-2021-04-25-rb-leipzig-stuttgart,D1,2021,2021-04-25,rb leipzig,stuttgart,14,0,away,stuttgart,rb leipzig,0,0,1,0,0,2,0,ok,espn
F1-2021-2021-04-25-lens-nimes,F1,2021,2021-04-25,lens,nimes,24,0,home,lens,nimes,1,0,1,0,0,2,1,ok,espn
I1-2021-2021-04-25-atalanta-bologna,I1,2021,2021-04-25,atalanta,bologna,49,0,away,bologna,atalanta,0,2,1,0,0,5,0,ok,espn
SP1-2021-2021-04-25-villarreal-barcelona,SP1,2021,2021-04-25,villarreal,barcelona,65,0,home,villarreal,barcelona,1,2,1,0,0,1,2,ok,espn
I1-2021-2021-04-26-torino-napoli,I1,2021,2021-04-26,torino,napoli,86,0,home,torino,napoli,0,2,1,0,0,0,2,ok,espn
E0-2021-2021-04-30-southampton-leicester,E0,2021,2021-04-30,Southampton,Leicester,10,0,home,Southampton,Leicester,0,0,1,0,0,1,1,ok,espn
F1-2021-2021-05-01-lille-nice,F1,2021,2021-05-01,lille,nice,48,0,away,nice,lille,0,1,1,0,0,2,0,ok,espn
E0-2021-2021-05-02-newcastle-arsenal,E0,2021,2021-05-02,Newcastle,Arsenal,90,0,home,Newcastle,Arsenal,0,2,1,0,0,0,2,ok,espn
F1-2021-2021-05-02-bordeaux-rennes,F1,2021,2021-05-02,bordeaux,rennes,8,0,away,rennes,bordeaux,0,0,1,0,0,1,0,ok,espn
F1-2021-2021-05-02-dijon-metz,F1,2021,2021-05-02,dijon,metz,43,0,home,dijon,metz,0,2,1,0,0,1,5,ok,espn
F1-2021-2021-05-02-lorient-angers,F1,2021,2021-05-02,lorient,angers,15,0,away,angers,lorient,0,0,1,0,0,2,0,ok,espn
F1-2021-2021-05-02-lorient-angers,F1,2021,2021-05-02,lorient,angers,50,0,home,lorient,angers,2,0,0,0,1,2,0,ok,espn
F1-2021-2021-05-02-monaco-lyon,F1,2021,2021-05-02,monaco,lyon,70,0,away,lyon,monaco,1,1,1,0,0,2,3,ok,espn
F1-2021-2021-05-02-monaco-lyon,F1,2021,2021-05-02,monaco,lyon,90,9,away,lyon,monaco,3,2,0,1,0,2,3,ok,espn
F1-2021-2021-05-02-monaco-lyon,F1,2021,2021-05-02,monaco,lyon,90,9,home,monaco,lyon,2,3,0,0,2,2,3,ok,espn
F1-2021-2021-05-02-monaco-lyon,F1,2021,2021-05-02,monaco,lyon,90,9,home,monaco,lyon,2,3,0,1,2,2,3,ok,espn
F1-2021-2021-05-02-monaco-lyon,F1,2021,2021-05-02,monaco,lyon,90,10,away,lyon,monaco,3,2,0,2,2,2,3,ok,espn
I1-2021-2021-05-02-sassuolo-atalanta,I1,2021,2021-05-02,sassuolo,atalanta,22,0,away,atalanta,sassuolo,0,0,1,0,0,1,1,ok,espn
I1-2021-2021-05-02-sassuolo-atalanta,I1,2021,2021-05-02,sassuolo,atalanta,75,0,home,sassuolo,atalanta,1,1,0,0,1,1,1,ok,espn
SP1-2021-2021-05-02-granada-cadiz,SP1,2021,2021-05-02,granada,cadiz,87,0,home,granada,cadiz,0,1,1,0,0,0,1,ok,espn
F1-2021-2021-05-07-lens-lille,F1,2021,2021-05-07,lens,lille,35,0,home,lens,lille,0,1,1,0,0,0,3,ok,espn
SP1-2021-2021-05-07-sociedad-elche,SP1,2021,2021-05-07,sociedad,elche,11,0,away,elche,sociedad,0,0,1,0,0,2,0,ok,espn
D1-2021-2021-05-08-bayern-munich-m-gladbach,D1,2021,2021-05-08,bayern munich,m gladbach,75,0,home,bayern munich,m gladbach,5,0,1,0,0,6,0,ok,espn
D1-2021-2021-05-08-werder-bremen-leverkusen,D1,2021,2021-05-08,werder bremen,leverkusen,90,4,home,werder bremen,leverkusen,0,0,1,0,0,0,0,ok,espn
I1-2021-2021-05-08-fiorentina-lazio,I1,2021,2021-05-08,fiorentina,lazio,90,5,away,lazio,fiorentina,0,2,1,0,0,2,0,ok,espn
E0-2021-2021-05-09-aston-villa-man-united,E0,2021,2021-05-09,Aston Villa,Manchester United,89,0,home,Aston Villa,Manchester United,1,3,1,0,0,1,3,ok,espn
E0-2021-2021-05-09-wolves-brighton,E0,2021,2021-05-09,Wolves,Brighton,53,0,away,Brighton,Wolves,1,0,1,0,0,2,1,ok,espn
E0-2021-2021-05-09-wolves-brighton,E0,2021,2021-05-09,Wolves,Brighton,90,7,away,Brighton,Wolves,1,2,0,1,0,2,1,ok,espn
F1-2021-2021-05-09-nice-brest,F1,2021,2021-05-09,nice,brest,52,0,home,nice,brest,1,2,1,0,0,3,2,ok,espn
F1-2021-2021-05-09-rennes-paris-sg,F1,2021,2021-05-09,rennes,paris sg,87,0,away,paris sg,rennes,1,1,1,0,0,1,1,ok,espn
SP1-2021-2021-05-09-villarreal-celta,SP1,2021,2021-05-09,villarreal,celta,45,4,home,villarreal,celta,1,3,1,0,0,2,4,ok,espn
SP1-2021-2021-05-09-villarreal-celta,SP1,2021,2021-05-09,villarreal,celta,45,7,home,villarreal,celta,1,3,0,1,0,2,4,ok,espn
SP1-2021-2021-05-09-villarreal-celta,SP1,2021,2021-05-09,villarreal,celta,88,0,away,celta,villarreal,4,2,0,0,2,2,4,ok,espn
D1-2021-2021-05-12-schalke-04-hertha,D1,2021,2021-05-12,schalke 04,hertha,88,0,away,hertha,schalke 04,2,1,1,0,0,1,2,ok,espn
I1-2021-2021-05-12-atalanta-benevento,I1,2021,2021-05-12,atalanta,benevento,82,0,away,benevento,atalanta,0,2,1,0,0,2,0,ok,espn
D1-2021-2021-05-15-augsburg-werder-bremen,D1,2021,2021-05-15,augsburg,werder bremen,13,0,home,augsburg,werder bremen,0,0,1,0,0,2,0,ok,espn
D1-2021-2021-05-15-augsburg-werder-bremen,D1,2021,2021-05-15,augsburg,werder bremen,49,0,away,werder bremen,augsburg,0,0,0,0,1,2,0,ok,espn
I1-2021-2021-05-15-juventus-inter,I1,2021,2021-05-15,juventus,inter,55,0,home,juventus,inter,2,1,1,0,0,3,2,ok,espn
I1-2021-2021-05-15-juventus-inter,I1,2021,2021-05-15,juventus,inter,90,2,away,inter,juventus,2,3,0,0,1,3,2,ok,espn
I1-2021-2021-05-15-roma-lazio,I1,2021,2021-05-15,roma,lazio,87,0,away,lazio,roma,0,2,1,0,0,2,0,ok,espn
F1-2021-2021-05-16-monaco-rennes,F1,2021,2021-05-16,monaco,rennes,85,0,away,rennes,monaco,1,2,1,0,0,2,1,ok,espn
F1-2021-2021-05-16-montpellier-brest,F1,2021,2021-05-16,montpellier,brest,39,0,home,montpellier,brest,0,0,1,0,0,0,0,ok,espn
F1-2021-2021-05-16-paris-sg-reims,F1,2021,2021-05-16,paris sg,reims,10,0,away,reims,paris sg,0,0,1,0,0,4,0,ok,espn
I1-2021-2021-05-16-benevento-crotone,I1,2021,2021-05-16,benevento,crotone,24,0,away,crotone,benevento,0,1,1,0,0,1,1,ok,espn
I1-2021-2021-05-16-fiorentina-napoli,I1,2021,2021-05-16,fiorentina,napoli,56,0,home,fiorentina,napoli,0,1,1,0,0,0,2,ok,espn
SP1-2021-2021-05-16-ath-bilbao-real-madrid,SP1,2021,2021-05-16,ath bilbao,real madrid,89,0,home,ath bilbao,real madrid,0,1,1,0,0,0,1,ok,espn
SP1-2021-2021-05-16-barcelona-celta,SP1,2021,2021-05-16,barcelona,celta,83,0,home,barcelona,celta,1,1,1,0,0,1,2,ok,espn
SP1-2021-2021-05-16-betis-huesca,SP1,2021,2021-05-16,betis,huesca,90,4,away,huesca,betis,0,1,1,0,0,1,0,ok,espn
SP1-2021-2021-05-16-getafe-levante,SP1,2021,2021-05-16,getafe,levante,90,1,home,getafe,levante,2,1,1,0,0,2,1,ok,espn
SP1-2021-2021-05-16-sociedad-valladolid,SP1,2021,2021-05-16,sociedad,valladolid,61,0,away,valladolid,sociedad,0,4,1,0,0,4,1,ok,espn
SP1-2021-2021-05-16-villarreal-sevilla,SP1,2021,2021-05-16,villarreal,sevilla,52,0,away,sevilla,villarreal,0,2,1,0,0,4,0,ok,espn
E0-2021-2021-05-18-brighton-man-city,E0,2021,2021-05-18,Brighton,Manchester City,10,0,away,Manchester City,Brighton,1,0,1,0,0,3,2,ok,espn
I1-2021-2021-05-22-cagliari-genoa,I1,2021,2021-05-22,cagliari,genoa,83,0,away,genoa,cagliari,1,0,1,0,0,0,1,ok,espn
SP1-2021-2021-05-22-celta-betis,SP1,2021,2021-05-22,celta,betis,76,0,away,betis,celta,3,2,1,0,0,2,3,ok,espn
E0-2021-2021-05-23-aston-villa-chelsea,E0,2021,2021-05-23,Aston Villa,Chelsea,89,0,away,Chelsea,Aston Villa,1,2,1,0,0,2,1,ok,espn
I1-2021-2021-05-23-atalanta-milan,I1,2021,2021-05-23,atalanta,milan,90,2,home,atalanta,milan,0,1,1,0,0,0,2,ok,espn
I1-2021-2021-05-23-sassuolo-lazio,I1,2021,2021-05-23,sassuolo,lazio,61,0,home,sassuolo,lazio,1,0,1,0,0,2,0,ok,espn
F1-2122-2021-08-08-metz-lille,F1,2122,2021-08-08,metz,lille,56,0,home,metz,lille,3,1,1,0,0,3,3,ok,espn
SP1-2122-2021-08-13-valencia-getafe,SP1,2122,2021-08-13,valencia,getafe,3,0,home,valencia,getafe,0,0,1,0,0,1,0,ok,espn
SP1-2122-2021-08-13-valencia-getafe,SP1,2122,2021-08-13,valencia,getafe,76,0,away,getafe,valencia,0,1,0,0,1,1,0,ok,espn
D1-2122-2021-08-14-wolfsburg-bochum,D1,2122,2021-08-14,wolfsburg,bochum,4,0,away,bochum,wolfsburg,0,0,1,0,0,1,0,ok,espn
F1-2122-2021-08-14-paris-sg-strasbourg,F1,2122,2021-08-14,paris sg,strasbourg,81,0,away,strasbourg,paris sg,2,3,1,0,0,4,2,ok,espn
F1-2122-2021-08-15-angers-lyon,F1,2122,2021-08-15,angers,lyon,65,0,away,lyon,angers,0,2,1,0,0,3,0,ok,espn
F1-2122-2021-08-15-clermont-troyes,F1,2122,2021-08-15,clermont,troyes,33,0,away,troyes,clermont,0,0,1,0,0,2,0,ok,espn
F1-2122-2021-08-15-marseille-bordeaux,F1,2122,2021-08-15,marseille,bordeaux,88,0,home,marseille,bordeaux,2,2,1,0,0,2,2,ok,espn
SP1-2122-2021-08-15-celta-ath-madrid,SP1,2122,2021-08-15,celta,ath madrid,90,5,home,celta,ath madrid,1,2,1,0,0,1,2,ok,espn
SP1-2122-2021-08-15-celta-ath-madrid,SP1,2122,2021-08-15,celta,ath madrid,90,5,away,ath madrid,celta,2,1,0,0,1,1,2,ok,espn
SP1-2122-2021-08-15-sevilla-vallecano,SP1,2122,2021-08-15,sevilla,vallecano,16,0,away,vallecano,sevilla,0,0,1,0,0,3,0,ok,espn
SP1-2122-2021-08-16-villarreal-granada,SP1,2122,2021-08-16,villarreal,granada,82,0,home,villarreal,granada,0,0,1,0,0,0,0,ok,espn
D1-2122-2021-08-21-greuther-furth-bielefeld,D1,2122,2021-08-21,greuther furth,bielefeld,68,0,away,bielefeld,greuther furth,1,1,1,0,0,1,1,ok,espn
F1-2122-2021-08-21-monaco-lens,F1,2122,2021-08-21,monaco,lens,60,0,away,lens,monaco,1,0,1,0,0,0,2,ok,espn
F1-2122-2021-08-21-monaco-lens,F1,2122,2021-08-21,monaco,lens,86,0,home,monaco,lens,0,1,0,0,1,0,2,ok,espn
I1-2122-2021-08-21-verona-sassuolo,I1,2122,2021-08-21,verona,sassuolo,45,1,home,verona,sassuolo,0,1,1,0,0,2,3,ok,espn
SP1-2122-2021-08-21-alaves-mallorca,SP1,2122,2021-08-21,alaves,mallorca,66,0,home,alaves,mallorca,0,0,1,0,0,0,1,ok,espn
SP1-2122-2021-08-21-ath-bilbao-barcelona,SP1,2122,2021-08-21,ath bilbao,barcelona,90,3,away,barcelona,ath bilbao,1,1,1,0,0,1,1,ok,espn
D1-2122-2021-08-22-hoffenheim-union-berlin,D1,2122,2021-08-22,hoffenheim,union berlin,90,4,away,union berlin,hoffenheim,2,2,1,0,0,2,2,ok,espn
F1-2122-2021-08-22-montpellier-lorient,F1,2122,2021-08-22,montpellier,lorient,86,0,away,lorient,montpellier,1,3,1,0,0,3,1,ok,espn
F1-2122-2021-08-22-montpellier-lorient,F1,2122,2021-08-22,montpellier,lorient,90,2,away,lorient,montpellier,1,3,0,1,0,3,1,ok,espn
I1-2122-2021-08-22-bologna-salernitana,I1,2122,2021-08-22,bologna,salernitana,34,0,away,salernitana,bologna,0,0,1,0,0,3,2,ok,espn
I1-2122-2021-08-22-bologna-salernitana,I1,2122,2021-08-22,bologna,salernitana,50,0,home,bologna,salernitana,0,0,0,0,1,3,2,ok,espn
I1-2122-2021-08-22-bologna-salernitana,I1,2122,2021-08-22,bologna,salernitana,88,0,home,bologna,salernitana,3,2,0,1,1,3,2,ok,espn
I1-2122-2021-08-22-napoli-venezia,I1,2122,2021-08-22,napoli,venezia,22,0,home,napoli,venezia,0,0,1,0,0,2,0,ok,espn
I1-2122-2021-08-22-roma-fiorentina,I1,2122,2021-08-22,roma,fiorentina,17,0,away,fiorentina,roma,0,0,1,0,0,3,1,ok,espn
I1-2122-2021-08-22-roma-fiorentina,I1,2122,2021-08-22,roma,fiorentina,52,0,home,roma,fiorentina,1,0,0,0,1,3,1,ok,espn
SP1-2122-2021-08-22-levante-real-madrid,SP1,2122,2021-08-22,levante,real madrid,87,0,home,levante,real madrid,3,3,1,0,0,3,3,ok,espn
E0-2122-2021-08-23-west-ham-leicester,E0,2122,2021-08-23,West Ham,Leicester,40,0,away,Leicester,West Ham,0,1,1,0,0,4,1,ok,espn
F1-2122-2021-08-27-nantes-lyon,F1,2122,2021-08-27,nantes,lyon,78,0,away,lyon,nantes,1,0,1,0,0,0,1,ok,espn
SP1-2122-2021-08-27-mallorca-espanol,SP1,2122,2021-08-27,mallorca,espanol,90,4,away,espanol,mallorca,0,1,1,0,0,1,0,ok,espn
E0-2122-2021-08-28-liverpool-chelsea,E0,2122,2021-08-28,Liverpool,Chelsea,45,3,away,Chelsea,Liverpool,1,0,1,0,0,1,1,ok,espn
E0-2122-2021-08-28-man-city-arsenal,E0,2122,2021-08-28,Manchester City,Arsenal,35,0,away,Arsenal,Manchester City,0,2,1,0,0,5,0,ok,espn
I1-2122-2021-08-28-lazio-spezia,I1,2122,2021-08-28,lazio,spezia,54,0,away,spezia,lazio,1,3,1,0,0,6,1,ok,espn
F1-2122-2021-08-29-angers-rennes,F1,2122,2021-08-29,angers,rennes,43,0,away,rennes,angers,0,0,1,0,0,2,0,ok,espn
F1-2122-2021-08-29-lille-montpellier,F1,2122,2021-08-29,lille,montpellier,73,0,away,montpellier,lille,1,2,1,0,0,2,1,ok,espn
D1-2122-2021-09-11-freiburg-koln,D1,2122,2021-09-11,freiburg,koln,74,0,away,koln,freiburg,1,0,1,0,0,1,1,ok,espn
E0-2122-2021-09-11-crystal-palace-tottenham,E0,2122,2021-09-11,Crystal Palace,Tottenham,58,0,away,Tottenham,Crystal Palace,0,0,1,0,0,3,0,ok,espn
E0-2122-2021-09-11-southampton-west-ham,E0,2122,2021-09-11,Southampton,West Ham,90,5,away,West Ham,Southampton,0,0,1,0,0,0,0,ok,espn
D1-2122-2021-09-12-ein-frankfurt-stuttgart,D1,2122,2021-09-12,ein frankfurt,stuttgart,82,0,away,stuttgart,ein frankfurt,0,1,1,0,0,1,1,ok,espn
E0-2122-2021-09-12-leeds-liverpool,E0,2122,2021-09-12,Leeds,Liverpool,60,0,home,Leeds,Liverpool,0,2,1,0,0,0,3,ok,espn
SP1-2122-2021-09-12-cadiz-sociedad,SP1,2122,2021-09-12,cadiz,sociedad,83,0,home,cadiz,sociedad,0,1,1,0,0,0,2,ok,espn
E0-2122-2021-09-18-wolves-brentford,E0,2122,2021-09-18,Wolves,Brentford,64,0,away,Brentford,Wolves,2,0,1,0,0,0,2,ok,espn
SP1-2122-2021-09-18-ath-madrid-ath-bilbao,SP1,2122,2021-09-18,ath madrid,ath bilbao,78,0,home,ath madrid,ath bilbao,0,0,1,0,0,0,0,ok,espn
D1-2122-2021-09-19-stuttgart-leverkusen,D1,2122,2021-09-19,stuttgart,leverkusen,31,0,away,leverkusen,stuttgart,2,0,1,0,0,1,3,ok,espn
F1-2122-2021-09-19-clermont-brest,F1,2122,2021-09-19,clermont,brest,50,0,home,clermont,brest,0,0,1,0,0,1,1,ok,espn
F1-2122-2021-09-19-troyes-montpellier,F1,2122,2021-09-19,troyes,montpellier,79,0,away,montpellier,troyes,0,1,1,0,0,1,1,ok,espn
I1-2122-2021-09-19-lazio-cagliari,I1,2122,2021-09-19,lazio,cagliari,90,3,away,cagliari,lazio,2,2,1,0,0,2,2,ok,espn
SP1-2122-2021-09-19-betis-espanol,SP1,2122,2021-09-19,betis,espanol,78,0,home,betis,espanol,2,1,1,0,0,2,2,ok,espn
I1-2122-2021-09-21-fiorentina-inter,I1,2122,2021-09-21,fiorentina,inter,78,0,home,fiorentina,inter,1,2,1,0,0,1,3,ok,espn
SP1-2122-2021-09-21-getafe-ath-madrid,SP1,2122,2021-09-21,getafe,ath madrid,74,0,home,getafe,ath madrid,1,0,1,0,0,1,2,ok,espn
F1-2122-2021-09-22-lens-strasbourg,F1,2122,2021-09-22,lens,strasbourg,50,0,home,lens,strasbourg,0,0,1,0,0,0,1,ok,espn
F1-2122-2021-09-22-lorient-nice,F1,2122,2021-09-22,lorient,nice,69,0,home,lorient,nice,1,0,1,0,0,1,0,ok,espn
F1-2122-2021-09-22-metz-paris-sg,F1,2122,2021-09-22,metz,paris sg,90,1,home,metz,paris sg,1,1,1,0,0,1,2,ok,espn
F1-2122-2021-09-22-monaco-st-etienne,F1,2122,2021-09-22,monaco,st etienne,33,0,away,st etienne,monaco,0,1,1,0,0,3,1,ok,espn
I1-2122-2021-09-23-roma-udinese,I1,2122,2021-09-23,roma,udinese,89,0,home,roma,udinese,1,0,1,0,0,1,0,ok,espn
SP1-2122-2021-09-23-cadiz-barcelona,SP1,2122,2021-09-23,cadiz,barcelona,65,0,away,barcelona,cadiz,0,0,1,0,0,0,0,ok,espn
D1-2122-2021-09-24-greuther-furth-bayern-munich,D1,2122,2021-09-24,greuther furth,bayern munich,48,0,away,bayern munich,greuther furth,2,0,1,0,0,1,3,ok,espn
D1-2122-2021-09-25-m-gladbach-dortmund,D1,2122,2021-09-25,m gladbach,dortmund,40,0,away,dortmund,m gladbach,0,1,1,0,0,1,0,ok,espn
F1-2122-2021-09-25-lyon-lorient,F1,2122,2021-09-25,lyon,lorient,14,0,home,lyon,lorient,0,0,1,0,0,1,1,ok,espn
F1-2122-2021-09-25-strasbourg-lille,F1,2122,2021-09-25,strasbourg,lille,79,0,home,strasbourg,lille,1,2,1,0,0,1,2,ok,espn
SP1-2122-2021-09-25-sevilla-espanol,SP1,2122,2021-09-25,sevilla,espanol,65,0,home,sevilla,espanol,1,0,1,0,0,2,0,ok,espn
SP1-2122-2021-09-25-valencia-ath-bilbao,SP1,2122,2021-09-25,valencia,ath bilbao,82,0,home,valencia,ath bilbao,0,1,1,0,0,1,1,ok,espn
F1-2122-2021-09-26-troyes-angers,F1,2122,2021-09-26,troyes,angers,90,3,home,troyes,angers,1,1,1,0,0,1,1,ok,espn
I1-2122-2021-09-27-venezia-torino,I1,2122,2021-09-27,venezia,torino,76,0,away,torino,venezia,1,0,1,0,0,1,1,ok,espn
F1-2122-2021-10-01-lens-reims,F1,2122,2021-10-01,lens,reims,45,0,away,reims,lens,0,0,1,0,0,2,0,ok,espn
D1-2122-2021-10-02-wolfsburg-m-gladbach,D1,2122,2021-10-02,wolfsburg,m gladbach,76,0,home,wolfsburg,m gladbach,1,2,1,0,0,1,3,ok,espn
E0-2122-2021-10-02-chelsea-southampton,E0,2122,2021-10-02,Chelsea,Southampton,77,0,away,Southampton,Chelsea,1,1,1,0,0,3,1,ok,espn
D1-2122-2021-10-03-mainz-union-berlin,D1,2122,2021-10-03,mainz,union berlin,90,2,home,mainz,union berlin,1,2,1,0,0,1,2,ok,espn
F1-2122-2021-10-03-lille-marseille,F1,2122,2021-10-03,lille,marseille,77,0,away,marseille,lille,0,1,1,0,0,2,0,ok,espn
F1-2122-2021-10-03-st-etienne-lyon,F1,2122,2021-10-03,st etienne,lyon,74,0,away,lyon,st etienne,1,0,1,0,0,1,1,ok,espn
I1-2122-2021-10-03-bologna-lazio,I1,2122,2021-10-03,bologna,lazio,76,0,away,lazio,bologna,0,3,1,0,0,3,0,ok,espn
I1-2122-2021-10-03-verona-spezia,I1,2122,2021-10-03,verona,spezia,81,0,away,spezia,verona,0,4,1,0,0,4,0,ok,espn
SP1-2122-2021-10-03-granada-sevilla,SP1,2122,2021-10-03,granada,sevilla,90,1,away,sevilla,granada,0,1,1,0,0,1,0,ok,espn
I1-2122-2021-10-16-lazio-inter,I1,2122,2021-10-16,lazio,inter,90,7,home,lazio,inter,3,1,1,0,0,3,1,ok,espn
SP1-2122-2021-10-16-sociedad-mallorca,SP1,2122,2021-10-16,sociedad,mallorca,45,1,home,sociedad,mallorca,0,0,1,0,0,1,0,ok,espn
E0-2122-2021-10-17-newcastle-tottenham,E0,2122,2021-10-17,Newcastle,Tottenham,83,0,home,Newcastle,Tottenham,1,3,1,0,0,2,3,ok,espn
F1-2122-2021-10-17-montpellier-lens,F1,2122,2021-10-17,montpellier,lens,86,0,home,montpellier,lens,1,0,1,0,0,1,0,ok,espn
F1-2122-2021-10-17-strasbourg-st-etienne,F1,2122,2021-10-17,strasbourg,st etienne,44,0,away,st etienne,strasbourg,0,2,1,0,0,5,1,ok,espn
I1-2122-2021-10-17-udinese-bologna,I1,2122,2021-10-17,udinese,bologna,38,0,home,udinese,bologna,0,0,1,0,0,1,1,ok,espn
I1-2122-2021-10-18-venezia-fiorentina,I1,2122,2021-10-18,venezia,fiorentina,77,0,away,fiorentina,venezia,0,1,1,0,0,1,0,ok,espn
SP1-2122-2021-10-22-osasuna-granada,SP1,2122,2021-10-22,osasuna,granada,74,0,home,osasuna,granada,1,0,1,0,0,1,1,ok,espn
E0-2122-2021-10-23-chelsea-norwich,E0,2122,2021-10-23,Chelsea,norwich,65,0,away,norwich,Chelsea,0,5,1,0,0,7,0,ok,espn
F1-2122-2021-10-23-nantes-clermont,F1,2122,2021-10-23,nantes,clermont,30,0,away,clermont,nantes,0,0,1,0,0,2,1,ok,espn
F1-2122-2021-10-23-nantes-clermont,F1,2122,2021-10-23,nantes,clermont,39,0,home,nantes,clermont,1,0,0,0,1,2,1,ok,espn
I1-2122-2021-10-23-bologna-milan,I1,2122,2021-10-23,bologna,milan,20,0,home,bologna,milan,0,1,1,0,0,2,4,ok,espn
I1-2122-2021-10-23-bologna-milan,I1,2122,2021-10-23,bologna,milan,58,0,home,bologna,milan,2,2,0,1,0,2,4,ok,espn
SP1-2122-2021-10-23-valencia-mallorca,SP1,2122,2021-10-23,valencia,mallorca,55,0,away,mallorca,valencia,2,0,1,0,0,2,2,ok,espn
SP1-2122-2021-10-23-valencia-mallorca,SP1,2122,2021-10-23,valencia,mallorca,90,10,away,mallorca,valencia,2,2,0,1,0,2,2,ok,espn
D1-2122-2021-10-24-stuttgart-union-berlin,D1,2122,2021-10-24,stuttgart,union berlin,57,0,home,stuttgart,union berlin,0,1,1,0,0,1,1,ok,espn
E0-2122-2021-10-24-man-united-liverpool,E0,2122,2021-10-24,Manchester United,Liverpool,60,0,home,Manchester United,Liverpool,0,4,1,0,0,0,5,abweichung,espn
F1-2122-2021-10-24-lorient-bordeaux,F1,2122,2021-10-24,lorient,bordeaux,86,0,away,bordeaux,lorient,1,1,1,0,0,1,1,ok,espn
F1-2122-2021-10-24-marseille-paris-sg,F1,2122,2021-10-24,marseille,paris sg,57,0,away,paris sg,marseille,0,0,1,0,0,0,0,ok,espn
F1-2122-2021-10-24-nice-lyon,F1,2122,2021-10-24,nice,lyon,85,0,away,lyon,nice,2,1,1,0,0,3,2,ok,espn
F1-2122-2021-10-24-reims-troyes,F1,2122,2021-10-24,reims,troyes,90,3,home,reims,troyes,1,2,1,0,0,1,2,ok,espn
SP1-2122-2021-10-25-getafe-celta,SP1,2122,2021-10-25,getafe,celta,63,0,home,getafe,celta,0,2,1,0,0,0,3,ok,espn
SP1-2122-2021-10-25-getafe-celta,SP1,2122,2021-10-25,getafe,celta,81,0,home,getafe,celta,0,3,0,1,0,0,3,ok,espn
I1-2122-2021-10-26-venezia-salernitana,I1,2122,2021-10-26,venezia,salernitana,67,0,home,venezia,salernitana,1,1,1,0,0,1,2,ok,espn
SP1-2122-2021-10-26-espanol-ath-bilbao,SP1,2122,2021-10-26,espanol,ath bilbao,90,3,home,espanol,ath bilbao,1,1,1,0,0,1,1,ok,espn
I1-2122-2021-10-27-empoli-inter,I1,2122,2021-10-27,empoli,inter,52,0,home,empoli,inter,0,1,1,0,0,0,2,ok,espn
SP1-2122-2021-10-27-mallorca-sevilla,SP1,2122,2021-10-27,mallorca,sevilla,90,2,home,mallorca,sevilla,1,1,1,0,0,1,1,ok,espn
SP1-2122-2021-10-28-levante-ath-madrid,SP1,2122,2021-10-28,levante,ath madrid,90,9,home,levante,ath madrid,2,2,1,0,0,2,2,ok,espn
D1-2122-2021-10-29-hoffenheim-hertha,D1,2122,2021-10-29,hoffenheim,hertha,76,0,away,hertha,hoffenheim,0,2,1,0,0,2,0,ok,espn
D1-2122-2021-10-30-leverkusen-wolfsburg,D1,2122,2021-10-30,leverkusen,wolfsburg,90,5,away,wolfsburg,leverkusen,2,0,1,0,0,0,2,ok,espn
E0-2122-2021-10-30-man-city-crystal-palace,E0,2122,2021-10-30,Manchester City,Crystal Palace,45,2,home,Manchester City,Crystal Palace,0,1,1,0,0,0,2,ok,espn
I1-2122-2021-10-30-torino-sampdoria,I1,2122,2021-10-30,torino,sampdoria,67,0,away,sampdoria,torino,0,2,1,0,0,3,0,ok,espn
SP1-2122-2021-10-30-elche-real-madrid,SP1,2122,2021-10-30,elche,real madrid,63,0,home,elche,real madrid,0,1,1,0,0,1,2,ok,espn
E0-2122-2021-10-31-aston-villa-west-ham,E0,2122,2021-10-31,Aston Villa,West Ham,50,0,home,Aston Villa,West Ham,1,2,1,0,0,1,4,ok,espn
I1-2122-2021-10-31-roma-milan,I1,2122,2021-10-31,roma,milan,66,0,away,milan,roma,2,0,1,0,0,1,2,ok,espn
I1-2122-2021-10-31-salernitana-napoli,I1,2122,2021-10-31,salernitana,napoli,69,0,home,salernitana,napoli,0,1,1,0,0,0,1,ok,espn
I1-2122-2021-10-31-salernitana-napoli,I1,2122,2021-10-31,salernitana,napoli,76,0,away,napoli,salernitana,1,0,0,0,1,0,1,ok,espn
SP1-2122-2021-10-31-cadiz-mallorca,SP1,2122,2021-10-31,cadiz,mallorca,87,0,away,mallorca,cadiz,1,0,1,0,0,1,1,ok,espn
SP1-2122-2021-10-31-sociedad-ath-bilbao,SP1,2122,2021-10-31,sociedad,ath bilbao,84,0,away,ath bilbao,sociedad,0,1,1,0,0,1,1,ok,espn
I1-2122-2021-11-01-bologna-cagliari,I1,2122,2021-11-01,bologna,cagliari,90,0,away,cagliari,bologna,0,1,1,0,0,2,0,ok,espn
E0-2122-2021-11-06-brighton-newcastle,E0,2122,2021-11-06,Brighton,Newcastle,90,2,home,Brighton,Newcastle,1,1,1,0,0,1,1,ok,espn
F1-2122-2021-11-06-lille-angers,F1,2122,2021-11-06,lille,angers,90,7,home,lille,angers,1,1,1,0,0,1,1,ok,espn
I1-2122-2021-11-06-juventus-fiorentina,I1,2122,2021-11-06,juventus,fiorentina,73,0,away,fiorentina,juventus,0,0,1,0,0,1,0,ok,espn
E0-2122-2021-11-07-arsenal-watford,E0,2122,2021-11-07,Arsenal,watford,89,0,away,watford,Arsenal,0,1,1,0,0,1,0,ok,espn
E0-2122-2021-11-07-everton-tottenham,E0,2122,2021-11-07,Everton,Tottenham,90,2,home,Everton,Tottenham,0,0,1,0,0,0,0,ok,espn
F1-2122-2021-11-07-lorient-brest,F1,2122,2021-11-07,lorient,brest,28,0,home,lorient,brest,1,0,1,0,0,1,2,ok,espn
F1-2122-2021-11-07-marseille-metz,F1,2122,2021-11-07,marseille,metz,56,0,away,metz,marseille,0,0,1,0,0,0,0,ok,espn
F1-2122-2021-11-07-nantes-strasbourg,F1,2122,2021-11-07,nantes,strasbourg,51,0,away,strasbourg,nantes,1,2,1,0,0,2,2,ok,espn
I1-2122-2021-11-07-napoli-verona,I1,2122,2021-11-07,napoli,verona,88,0,away,verona,napoli,1,1,1,0,0,1,1,ok,espn
I1-2122-2021-11-07-napoli-verona,I1,2122,2021-11-07,napoli,verona,90,3,away,verona,napoli,1,1,0,1,0,1,1,ok,espn
I1-2122-2021-11-07-udinese-sassuolo,I1,2122,2021-11-07,udinese,sassuolo,89,0,home,udinese,sassuolo,3,2,1,0,0,3,2,ok,espn
SP1-2122-2021-11-07-betis-sevilla,SP1,2122,2021-11-07,betis,sevilla,45,0,home,betis,sevilla,0,0,1,0,0,0,2,ok,espn
F1-2122-2021-11-19-monaco-lille,F1,2122,2021-11-19,monaco,lille,78,0,home,monaco,lille,1,2,1,0,0,2,2,ok,espn
E0-2122-2021-11-20-watford-man-united,E0,2122,2021-11-20,watford,Manchester United,69,0,away,Manchester United,watford,1,2,1,0,0,4,1,ok,espn
F1-2122-2021-11-20-paris-sg-nantes,F1,2122,2021-11-20,paris sg,nantes,65,0,home,paris sg,nantes,1,0,1,0,0,3,1,ok,espn
F1-2122-2021-11-20-rennes-montpellier,F1,2122,2021-11-20,rennes,montpellier,41,0,away,montpellier,rennes,0,2,1,0,0,2,0,ok,espn
F1-2122-2021-11-21-brest-lens,F1,2122,2021-11-21,brest,lens,74,0,away,lens,brest,0,4,1,0,0,4,0,ok,espn
F1-2122-2021-11-21-metz-bordeaux,F1,2122,2021-11-21,metz,bordeaux,68,0,home,metz,bordeaux,2,3,1,0,0,3,3,ok,espn
SP1-2122-2021-11-21-elche-betis,SP1,2122,2021-11-21,elche,betis,67,0,away,betis,elche,3,0,1,0,0,0,3,ok,espn
SP1-2122-2021-11-21-granada-real-madrid,SP1,2122,2021-11-21,granada,real madrid,67,0,home,granada,real madrid,1,3,1,0,0,1,4,ok,espn
SP1-2122-2021-11-21-sociedad-valencia,SP1,2122,2021-11-21,sociedad,valencia,76,0,home,sociedad,valencia,0,0,1,0,0,0,0,ok,espn
SP1-2122-2021-11-26-ath-bilbao-granada,SP1,2122,2021-11-26,ath bilbao,granada,90,9,home,ath bilbao,granada,2,2,1,0,0,2,2,ok,espn
F1-2122-2021-11-27-lille-nantes,F1,2122,2021-11-27,lille,nantes,78,0,away,nantes,lille,1,1,1,0,0,1,1,ok,espn
F1-2122-2021-11-28-st-etienne-paris-sg,F1,2122,2021-11-28,st etienne,paris sg,45,0,home,st etienne,paris sg,1,0,1,0,0,1,3,ok,espn
I1-2122-2021-11-28-milan-sassuolo,I1,2122,2021-11-28,milan,sassuolo,77,0,home,milan,sassuolo,1,3,1,0,0,1,3,ok,espn
E0-2122-2021-11-30-newcastle-norwich,E0,2122,2021-11-30,Newcastle,norwich,9,0,home,Newcastle,norwich,0,0,1,0,0,1,1,ok,espn
F1-2122-2021-12-01-clermont-lens,F1,2122,2021-12-01,clermont,lens,84,0,home,clermont,lens,2,2,1,0,0,2,2,ok,espn
F1-2122-2021-12-01-nantes-marseille,F1,2122,2021-12-01,nantes,marseille,32,0,home,nantes,marseille,0,1,1,0,0,0,1,ok,espn
I1-2122-2021-12-02-lazio-udinese,I1,2122,2021-12-02,lazio,udinese,57,0,home,lazio,udinese,3,3,1,0,0,4,4,ok,espn
I1-2122-2021-12-02-lazio-udinese,I1,2122,2021-12-02,lazio,udinese,69,0,away,udinese,lazio,3,3,0,0,1,4,4,ok,espn
I1-2122-2021-12-02-lazio-udinese,I1,2122,2021-12-02,lazio,udinese,90,10,away,udinese,lazio,4,4,0,1,1,4,4,ok,espn
I1-2122-2021-12-02-torino-empoli,I1,2122,2021-12-02,torino,empoli,32,0,home,torino,empoli,2,0,1,0,0,2,2,ok,espn
F1-2122-2021-12-05-reims-angers,F1,2122,2021-12-05,reims,angers,35,0,home,reims,angers,0,0,1,0,0,1,2,ok,espn
I1-2122-2021-12-05-sampdoria-lazio,I1,2122,2021-12-05,sampdoria,lazio,67,0,away,lazio,sampdoria,3,0,1,0,0,1,3,ok,espn
I1-2122-2021-12-05-venezia-verona,I1,2122,2021-12-05,venezia,verona,62,0,home,venezia,verona,3,1,1,0,0,3,4,ok,espn
SP1-2122-2021-12-05-vallecano-espanol,SP1,2122,2021-12-05,vallecano,espanol,90,3,away,espanol,vallecano,0,1,1,0,0,1,0,ok,espn
E0-2122-2021-12-11-man-city-wolves,E0,2122,2021-12-11,Manchester City,Wolves,45,2,away,Wolves,Manchester City,0,0,1,0,0,1,0,ok,espn
F1-2122-2021-12-11-reims-st-etienne,F1,2122,2021-12-11,reims,st etienne,45,1,away,st etienne,reims,0,1,1,0,0,2,0,ok,espn
I1-2122-2021-12-11-udinese-milan,I1,2122,2021-12-11,udinese,milan,90,5,home,udinese,milan,1,1,1,0,0,1,1,ok,espn
SP1-2122-2021-12-11-alaves-getafe,SP1,2122,2021-12-11,alaves,getafe,90,2,home,alaves,getafe,1,1,1,0,0,1,1,ok,espn
SP1-2122-2021-12-11-espanol-levante,SP1,2122,2021-12-11,espanol,levante,78,0,away,levante,espanol,3,4,1,0,0,4,3,ok,espn
I1-2122-2021-12-12-sassuolo-lazio,I1,2122,2021-12-12,sassuolo,lazio,87,0,home,sassuolo,lazio,2,1,1,0,0,2,1,ok,espn
I1-2122-2021-12-13-roma-spezia,I1,2122,2021-12-13,roma,spezia,90,3,home,roma,spezia,2,0,1,0,0,2,0,ok,espn
SP1-2122-2021-12-13-cadiz-granada,SP1,2122,2021-12-13,cadiz,granada,90,2,home,cadiz,granada,1,1,1,0,0,1,1,ok,espn
D1-2122-2021-12-15-leverkusen-hoffenheim,D1,2122,2021-12-15,leverkusen,hoffenheim,90,2,home,leverkusen,hoffenheim,2,2,1,0,0,2,2,ok,espn
D1-2122-2021-12-15-m-gladbach-ein-frankfurt,D1,2122,2021-12-15,m gladbach,ein frankfurt,70,0,away,ein frankfurt,m gladbach,3,2,1,0,0,2,3,ok,espn
E0-2122-2021-12-15-arsenal-west-ham,E0,2122,2021-12-15,Arsenal,West Ham,67,0,away,West Ham,Arsenal,0,1,1,0,0,2,0,ok,espn
D1-2122-2021-12-18-rb-leipzig-bielefeld,D1,2122,2021-12-18,rb leipzig,bielefeld,70,0,away,bielefeld,rb leipzig,1,0,1,0,0,0,2,ok,espn
I1-2122-2021-12-18-cagliari-udinese,I1,2122,2021-12-18,cagliari,udinese,66,0,home,cagliari,udinese,0,3,1,0,0,0,4,ok,espn
SP1-2122-2021-12-18-sociedad-villarreal,SP1,2122,2021-12-18,sociedad,villarreal,49,0,home,sociedad,villarreal,1,1,1,0,0,1,3,ok,espn
E0-2122-2021-12-19-tottenham-liverpool,E0,2122,2021-12-19,Tottenham,Liverpool,77,0,away,Liverpool,Tottenham,2,2,1,0,0,2,2,ok,espn
I1-2122-2021-12-19-fiorentina-sassuolo,I1,2122,2021-12-19,fiorentina,sassuolo,68,0,home,fiorentina,sassuolo,2,2,1,0,0,2,2,ok,espn
I1-2122-2021-12-19-torino-verona,I1,2122,2021-12-19,torino,verona,25,0,away,verona,torino,0,0,1,0,0,1,0,ok,espn
SP1-2122-2021-12-21-sevilla-barcelona,SP1,2122,2021-12-21,sevilla,barcelona,64,0,home,sevilla,barcelona,1,1,1,0,0,1,1,ok,espn
F1-2122-2021-12-22-lorient-paris-sg,F1,2122,2021-12-22,lorient,paris sg,86,0,away,paris sg,lorient,0,1,1,0,0,1,1,ok,espn
F1-2122-2021-12-22-marseille-reims,F1,2122,2021-12-22,marseille,reims,85,0,home,marseille,reims,0,1,1,0,0,1,1,ok,espn
F1-2122-2021-12-22-marseille-reims,F1,2122,2021-12-22,marseille,reims,90,8,away,reims,marseille,1,1,0,0,1,1,1,ok,espn
F1-2122-2021-12-22-troyes-brest,F1,2122,2021-12-22,troyes,brest,13,0,home,troyes,brest,0,1,1,0,0,1,1,ok,espn
I1-2122-2021-12-22-venezia-lazio,I1,2122,2021-12-22,venezia,lazio,90,1,home,venezia,lazio,1,2,1,0,0,1,3,ok,espn
E0-2122-2021-12-26-tottenham-crystal-palace,E0,2122,2021-12-26,Tottenham,Crystal Palace,37,0,away,Crystal Palace,Tottenham,0,2,1,0,0,3,0,ok,espn
E0-2122-2021-12-28-southampton-tottenham,E0,2122,2021-12-28,Southampton,Tottenham,39,0,home,Southampton,Tottenham,1,0,1,0,0,1,1,ok,espn
SP1-2122-2021-12-31-valencia-espanol,SP1,2122,2021-12-31,valencia,espanol,82,0,home,valencia,espanol,1,0,1,0,0,1,2,ok,espn
E0-2122-2022-01-01-arsenal-man-city,E0,2122,2022-01-01,Arsenal,Manchester City,59,0,home,Arsenal,Manchester City,1,1,1,0,0,1,2,ok,espn
SP1-2122-2022-01-02-elche-granada,SP1,2122,2022-01-02,elche,granada,47,0,home,elche,granada,0,0,1,0,0,0,0,ok,espn
SP1-2122-2022-01-03-osasuna-ath-bilbao,SP1,2122,2022-01-03,osasuna,ath bilbao,90,4,home,osasuna,ath bilbao,1,3,1,0,0,1,3,ok,espn
I1-2122-2022-01-06-milan-roma,I1,2122,2022-01-06,milan,roma,74,0,away,roma,milan,1,2,1,0,0,3,1,ok,espn
I1-2122-2022-01-06-milan-roma,I1,2122,2022-01-06,milan,roma,90,3,away,roma,milan,1,3,0,1,0,3,1,ok,espn
I1-2122-2022-01-06-sampdoria-cagliari,I1,2122,2022-01-06,sampdoria,cagliari,90,1,home,sampdoria,cagliari,1,2,1,0,0,1,2,ok,espn
I1-2122-2022-01-06-spezia-verona,I1,2122,2022-01-06,spezia,verona,87,0,home,spezia,verona,1,2,1,0,0,1,2,ok,espn
D1-2122-2022-01-08-rb-leipzig-mainz,D1,2122,2022-01-08,rb leipzig,mainz,19,0,away,mainz,rb leipzig,0,0,1,0,0,4,1,ok,espn
SP1-2122-2022-01-08-granada-barcelona,SP1,2122,2022-01-08,granada,barcelona,79,0,away,barcelona,granada,1,0,1,0,0,1,1,ok,espn
SP1-2122-2022-01-08-levante-mallorca,SP1,2122,2022-01-08,levante,mallorca,82,0,home,levante,mallorca,1,0,1,0,0,2,0,ok,espn
F1-2122-2022-01-09-brest-nice,F1,2122,2022-01-09,brest,nice,20,0,away,nice,brest,1,0,1,0,0,0,3,ok,espn
F1-2122-2022-01-09-clermont-reims,F1,2122,2022-01-09,clermont,reims,14,0,home,clermont,reims,0,0,1,0,0,0,0,ok,espn
I1-2122-2022-01-09-empoli-sassuolo,I1,2122,2022-01-09,empoli,sassuolo,60,0,home,empoli,sassuolo,1,2,1,0,0,1,5,ok,espn
I1-2122-2022-01-09-roma-juventus,I1,2122,2022-01-09,roma,juventus,81,0,away,juventus,roma,4,3,1,0,0,3,4,ok,espn
I1-2122-2022-01-09-venezia-milan,I1,2122,2022-01-09,venezia,milan,58,0,home,venezia,milan,0,2,1,0,0,0,3,ok,espn
I1-2122-2022-01-09-verona-salernitana,I1,2122,2022-01-09,verona,salernitana,88,0,home,verona,salernitana,1,2,1,0,0,1,2,ok,espn
SP1-2122-2022-01-09-vallecano-betis,SP1,2122,2022-01-09,vallecano,betis,33,0,away,betis,vallecano,0,0,1,0,0,1,1,ok,espn
SP1-2122-2022-01-09-villarreal-ath-madrid,SP1,2122,2022-01-09,villarreal,ath madrid,90,2,away,ath madrid,villarreal,2,2,1,0,0,2,2,ok,espn
F1-2122-2022-01-16-lorient-angers,F1,2122,2022-01-16,lorient,angers,14,0,away,angers,lorient,0,0,1,0,0,0,0,ok,espn
F1-2122-2022-01-16-marseille-lille,F1,2122,2022-01-16,marseille,lille,32,0,away,lille,marseille,1,0,1,0,0,1,1,ok,espn
F1-2122-2022-01-16-rennes-bordeaux,F1,2122,2022-01-16,rennes,bordeaux,50,0,away,bordeaux,rennes,0,2,1,0,0,6,0,ok,espn
F1-2122-2022-01-16-strasbourg-montpellier,F1,2122,2022-01-16,strasbourg,montpellier,66,0,away,montpellier,strasbourg,1,0,1,0,0,3,1,ok,espn
F1-2122-2022-01-19-montpellier-troyes,F1,2122,2022-01-19,montpellier,troyes,63,0,home,montpellier,troyes,0,0,1,0,0,0,1,ok,espn
SP1-2122-2022-01-19-valencia-sevilla,SP1,2122,2022-01-19,valencia,sevilla,89,0,home,valencia,sevilla,1,1,1,0,0,1,1,ok,espn
E0-2122-2022-01-21-watford-norwich,E0,2122,2022-01-21,watford,norwich,78,0,home,watford,norwich,0,2,1,0,0,0,3,ok,espn
SP1-2122-2022-01-21-espanol-betis,SP1,2122,2022-01-21,espanol,betis,81,0,home,espanol,betis,1,4,1,0,0,1,4,ok,espn
I1-2122-2022-01-22-genoa-udinese,I1,2122,2022-01-22,genoa,udinese,79,0,home,genoa,udinese,0,0,1,0,0,0,0,ok,espn
SP1-2122-2022-01-22-villarreal-mallorca,SP1,2122,2022-01-22,villarreal,mallorca,86,0,away,mallorca,villarreal,0,2,1,0,0,3,0,ok,espn
I1-2122-2022-01-23-cagliari-fiorentina,I1,2122,2022-01-23,cagliari,fiorentina,64,0,away,fiorentina,cagliari,0,1,1,0,0,1,1,ok,espn
I1-2122-2022-01-23-napoli-salernitana,I1,2122,2022-01-23,napoli,salernitana,51,0,away,salernitana,napoli,1,2,1,0,0,4,1,ok,espn
I1-2122-2022-01-23-spezia-sampdoria,I1,2122,2022-01-23,spezia,sampdoria,73,0,away,sampdoria,spezia,0,1,1,0,0,1,0,ok,espn
I1-2122-2022-02-05-fiorentina-lazio,I1,2122,2022-02-05,fiorentina,lazio,85,0,home,fiorentina,lazio,0,3,1,0,0,0,3,ok,espn
I1-2122-2022-02-05-inter-milan,I1,2122,2022-02-05,inter,milan,90,5,away,milan,inter,2,1,1,0,0,1,2,ok,espn
I1-2122-2022-02-05-inter-milan,I1,2122,2022-02-05,inter,milan,90,7,home,inter,milan,1,2,0,0,1,1,2,ok,espn
I1-2122-2022-02-05-roma-genoa,I1,2122,2022-02-05,roma,genoa,68,0,away,genoa,roma,0,0,1,0,0,0,0,ok,espn
I1-2122-2022-02-05-roma-genoa,I1,2122,2022-02-05,roma,genoa,90,5,home,roma,genoa,0,0,0,0,1,0,0,ok,espn
F1-2122-2022-02-06-reims-bordeaux,F1,2122,2022-02-06,reims,bordeaux,72,0,away,bordeaux,reims,0,4,1,0,0,5,0,ok,espn
I1-2122-2022-02-06-atalanta-cagliari,I1,2122,2022-02-06,atalanta,cagliari,52,0,home,atalanta,cagliari,0,1,1,0,0,1,2,ok,espn
I1-2122-2022-02-06-udinese-torino,I1,2122,2022-02-06,udinese,torino,90,2,away,torino,udinese,0,0,1,0,0,2,0,ok,espn
I1-2122-2022-02-06-venezia-napoli,I1,2122,2022-02-06,venezia,napoli,90,5,home,venezia,napoli,0,1,1,0,0,0,2,ok,espn
SP1-2122-2022-02-06-barcelona-ath-madrid,SP1,2122,2022-02-06,barcelona,ath madrid,69,0,home,barcelona,ath madrid,4,2,1,0,0,4,2,ok,espn
E0-2122-2022-02-09-aston-villa-leeds,E0,2122,2022-02-09,Aston Villa,Leeds,87,0,home,Aston Villa,Leeds,3,3,1,0,0,3,3,ok,espn
E0-2122-2022-02-10-wolves-arsenal,E0,2122,2022-02-10,Wolves,Arsenal,69,0,away,Arsenal,Wolves,1,0,1,0,0,0,1,ok,espn
I1-2122-2022-02-12-torino-venezia,I1,2122,2022-02-12,torino,venezia,90,8,away,venezia,torino,2,1,1,0,0,1,2,ok,espn
SP1-2122-2022-02-12-ath-madrid-getafe,SP1,2122,2022-02-12,ath madrid,getafe,58,0,home,ath madrid,getafe,3,3,1,0,0,4,3,ok,espn
F1-2122-2022-02-13-nantes-reims,F1,2122,2022-02-13,nantes,reims,14,0,away,reims,nantes,0,0,1,0,0,1,0,ok,espn
I1-2122-2022-02-13-sassuolo-roma,I1,2122,2022-02-13,sassuolo,roma,78,0,home,sassuolo,roma,2,1,1,0,0,2,2,ok,espn
SP1-2122-2022-02-13-espanol-barcelona,SP1,2122,2022-02-13,espanol,barcelona,90,2,away,barcelona,espanol,1,2,1,0,0,2,2,ok,espn
SP1-2122-2022-02-13-espanol-barcelona,SP1,2122,2022-02-13,espanol,barcelona,90,2,home,espanol,barcelona,2,1,0,0,1,2,2,ok,espn
SP1-2122-2022-02-13-espanol-barcelona,SP1,2122,2022-02-13,espanol,barcelona,90,7,home,espanol,barcelona,2,2,0,1,1,2,2,ok,espn
SP1-2122-2022-02-13-levante-betis,SP1,2122,2022-02-13,levante,betis,74,0,home,levante,betis,2,4,1,0,0,2,4,ok,espn
E0-2122-2022-02-15-man-united-brighton,E0,2122,2022-02-15,Manchester United,Brighton,54,0,away,Brighton,Manchester United,0,1,1,0,0,2,0,ok,espn
F1-2122-2022-02-18-lille-metz,F1,2122,2022-02-18,lille,metz,90,1,home,lille,metz,0,0,1,0,0,0,0,ok,espn
D1-2122-2022-02-20-hertha-rb-leipzig,D1,2122,2022-02-20,hertha,rb leipzig,62,0,home,hertha,rb leipzig,1,1,1,0,0,1,6,ok,espn
F1-2122-2022-02-20-bordeaux-monaco,F1,2122,2022-02-20,bordeaux,monaco,34,0,away,monaco,bordeaux,0,1,1,0,0,1,1,ok,espn
SP1-2122-2022-02-20-espanol-sevilla,SP1,2122,2022-02-20,espanol,sevilla,76,0,away,sevilla,espanol,1,1,1,0,0,1,1,ok,espn
SP1-2122-2022-02-25-levante-elche,SP1,2122,2022-02-25,levante,elche,73,0,away,elche,levante,0,2,1,0,0,3,0,ok,espn
D1-2122-2022-02-26-m-gladbach-wolfsburg,D1,2122,2022-02-26,m gladbach,wolfsburg,70,0,away,wolfsburg,m gladbach,2,1,1,0,0,2,2,ok,espn
D1-2122-2022-02-26-union-berlin-mainz,D1,2122,2022-02-26,union berlin,mainz,60,0,away,mainz,union berlin,0,2,1,0,0,3,1,ok,espn
E0-2122-2022-02-26-brentford-newcastle,E0,2122,2022-02-26,Brentford,Newcastle,11,0,home,Brentford,Newcastle,0,0,1,0,0,0,2,ok,espn
F1-2122-2022-02-26-strasbourg-nice,F1,2122,2022-02-26,strasbourg,nice,48,0,away,nice,strasbourg,0,0,1,0,0,0,0,ok,espn
F1-2122-2022-02-26-strasbourg-nice,F1,2122,2022-02-26,strasbourg,nice,85,0,away,nice,strasbourg,0,0,0,1,0,0,0,ok,espn
I1-2122-2022-02-26-sassuolo-fiorentina,I1,2122,2022-02-26,sassuolo,fiorentina,79,0,away,fiorentina,sassuolo,0,1,1,0,0,2,1,ok,espn
SP1-2122-2022-02-26-getafe-alaves,SP1,2122,2022-02-26,getafe,alaves,32,0,home,getafe,alaves,0,0,1,0,0,2,2,ok,espn
SP1-2122-2022-02-26-mallorca-valencia,SP1,2122,2022-02-26,mallorca,valencia,90,2,away,valencia,mallorca,1,0,1,0,0,0,1,ok,espn
F1-2122-2022-02-27-angers-lens,F1,2122,2022-02-27,angers,lens,69,0,home,angers,lens,1,0,1,0,0,1,2,ok,espn
F1-2122-2022-02-27-brest-lorient,F1,2122,2022-02-27,brest,lorient,29,0,home,brest,lorient,0,0,1,0,0,0,1,ok,espn
F1-2122-2022-02-27-metz-nantes,F1,2122,2022-02-27,metz,nantes,86,0,home,metz,nantes,0,0,1,0,0,0,0,ok,espn
F1-2122-2022-02-27-monaco-reims,F1,2122,2022-02-27,monaco,reims,88,0,home,monaco,reims,1,1,1,0,0,1,2,ok,espn
I1-2122-2022-02-27-spezia-roma,I1,2122,2022-02-27,spezia,roma,45,0,home,spezia,roma,0,0,1,0,0,0,1,ok,espn
SP1-2122-2022-02-28-granada-cadiz,SP1,2122,2022-02-28,granada,cadiz,33,0,home,granada,cadiz,0,0,1,0,0,0,0,ok,espn
I1-2122-2022-03-05-cagliari-lazio,I1,2122,2022-03-05,cagliari,lazio,88,0,away,lazio,cagliari,3,0,1,0,0,0,3,ok,espn
I1-2122-2022-03-05-roma-atalanta,I1,2122,2022-03-05,roma,atalanta,90,5,away,atalanta,roma,0,1,1,0,0,1,0,ok,espn
I1-2122-2022-03-05-roma-atalanta,I1,2122,2022-03-05,roma,atalanta,90,6,home,roma,atalanta,1,0,0,0,1,1,0,ok,espn
F1-2122-2022-03-06-bordeaux-troyes,F1,2122,2022-03-06,bordeaux,troyes,90,2,away,troyes,bordeaux,2,0,1,0,0,0,2,ok,espn
F1-2122-2022-03-06-lille-clermont,F1,2122,2022-03-06,lille,clermont,68,0,away,clermont,lille,0,1,1,0,0,4,0,ok,espn
SP1-2122-2022-03-06-celta-mallorca,SP1,2122,2022-03-06,celta,mallorca,86,0,home,celta,mallorca,3,2,1,0,0,4,3,ok,espn
SP1-2122-2022-03-06-celta-mallorca,SP1,2122,2022-03-06,celta,mallorca,90,5,away,mallorca,celta,3,3,0,0,1,4,3,ok,espn
SP1-2122-2022-03-06-elche-barcelona,SP1,2122,2022-03-06,elche,barcelona,88,0,home,elche,barcelona,1,2,1,0,0,1,2,ok,espn
SP1-2122-2022-03-11-ath-madrid-cadiz,SP1,2122,2022-03-11,ath madrid,cadiz,88,0,home,ath madrid,cadiz,2,1,1,0,0,2,1,ok,espn
E0-2122-2022-03-12-brentford-burnley,E0,2122,2022-03-12,Brentford,Burnley,90,2,away,Burnley,Brentford,0,1,1,0,0,2,0,ok,espn
F1-2122-2022-03-12-montpellier-nice,F1,2122,2022-03-12,montpellier,nice,35,0,away,nice,montpellier,0,0,1,0,0,0,0,ok,espn
I1-2122-2022-03-12-salernitana-sassuolo,I1,2122,2022-03-12,salernitana,sassuolo,59,0,away,sassuolo,salernitana,2,1,1,0,0,2,2,ok,espn
E0-2122-2022-03-13-everton-wolves,E0,2122,2022-03-13,Everton,Wolves,78,0,home,Everton,Wolves,0,1,1,0,0,0,1,ok,espn
F1-2122-2022-03-13-angers-reims,F1,2122,2022-03-13,angers,reims,34,0,away,reims,angers,1,0,1,0,0,0,1,ok,espn
F1-2122-2022-03-13-angers-reims,F1,2122,2022-03-13,angers,reims,90,0,home,angers,reims,0,1,0,0,1,0,1,ok,espn
I1-2122-2022-03-13-fiorentina-bologna,I1,2122,2022-03-13,fiorentina,bologna,41,0,away,bologna,fiorentina,0,0,1,0,0,1,0,ok,espn
I1-2122-2022-03-13-verona-napoli,I1,2122,2022-03-13,verona,napoli,83,0,home,verona,napoli,1,2,1,0,0,1,2,ok,espn
I1-2122-2022-03-13-verona-napoli,I1,2122,2022-03-13,verona,napoli,90,8,home,verona,napoli,1,2,0,1,0,1,2,ok,espn
SP1-2122-2022-03-13-betis-ath-bilbao,SP1,2122,2022-03-13,betis,ath bilbao,80,0,home,betis,ath bilbao,1,0,1,0,0,1,0,ok,espn
E0-2122-2022-03-17-everton-newcastle,E0,2122,2022-03-17,Everton,Newcastle,83,0,home,Everton,Newcastle,0,0,1,0,0,1,0,ok,espn
E0-2122-2022-03-18-wolves-leeds,E0,2122,2022-03-18,Wolves,Leeds,53,0,home,Wolves,Leeds,2,0,1,0,0,2,3,ok,espn
I1-2122-2022-03-18-genoa-torino,I1,2122,2022-03-18,genoa,torino,24,0,home,genoa,torino,1,0,1,0,0,1,0,ok,espn
SP1-2122-2022-03-18-ath-bilbao-getafe,SP1,2122,2022-03-18,ath bilbao,getafe,65,0,away,getafe,ath bilbao,1,1,1,0,0,1,1,ok,espn
SP1-2122-2022-03-18-ath-bilbao-getafe,SP1,2122,2022-03-18,ath bilbao,getafe,90,0,away,getafe,ath bilbao,1,1,0,1,0,1,1,ok,espn
F1-2122-2022-03-19-nantes-lille,F1,2122,2022-03-19,nantes,lille,64,0,away,lille,nantes,1,0,1,0,0,0,1,ok,espn
I1-2122-2022-03-19-napoli-udinese,I1,2122,2022-03-19,napoli,udinese,82,0,away,udinese,napoli,1,2,1,0,0,2,1,ok,espn
SP1-2122-2022-03-19-alaves-granada,SP1,2122,2022-03-19,alaves,granada,90,5,away,granada,alaves,3,2,1,0,0,2,3,ok,espn
SP1-2122-2022-03-19-elche-valencia,SP1,2122,2022-03-19,elche,valencia,90,1,home,elche,valencia,0,1,1,0,0,0,1,ok,espn
SP1-2122-2022-03-19-vallecano-ath-madrid,SP1,2122,2022-03-19,vallecano,ath madrid,85,0,away,ath madrid,vallecano,1,0,1,0,0,0,1,ok,espn
F1-2122-2022-03-20-bordeaux-montpellier,F1,2122,2022-03-20,bordeaux,montpellier,39,0,away,montpellier,bordeaux,2,0,1,0,0,0,2,ok,espn
F1-2122-2022-03-20-bordeaux-montpellier,F1,2122,2022-03-20,bordeaux,montpellier,45,6,away,montpellier,bordeaux,2,0,0,1,0,0,2,ok,espn
I1-2122-2022-03-20-venezia-sampdoria,I1,2122,2022-03-20,venezia,sampdoria,86,0,home,venezia,sampdoria,0,2,1,0,0,0,2,ok,espn
F1-2122-2022-04-02-lille-bordeaux,F1,2122,2022-04-02,lille,bordeaux,35,0,away,bordeaux,lille,0,0,1,0,0,0,0,ok,espn
I1-2122-2022-04-02-salernitana-torino,I1,2122,2022-04-02,salernitana,torino,85,0,home,salernitana,torino,0,1,1,0,0,0,1,ok,espn
SP1-2122-2022-04-02-getafe-mallorca,SP1,2122,2022-04-02,getafe,mallorca,63,0,away,mallorca,getafe,0,0,1,0,0,1,0,ok,espn
E0-2122-2022-04-03-west-ham-everton,E0,2122,2022-04-03,West Ham,Everton,65,0,away,Everton,West Ham,1,2,1,0,0,2,1,ok,espn
F1-2122-2022-04-03-clermont-nantes,F1,2122,2022-04-03,clermont,nantes,72,0,home,clermont,nantes,2,3,1,0,0,2,3,ok,espn
F1-2122-2022-04-03-troyes-reims,F1,2122,2022-04-03,troyes,reims,54,0,away,reims,troyes,0,0,1,0,0,1,0,ok,espn
I1-2122-2022-04-03-fiorentina-empoli,I1,2122,2022-04-03,fiorentina,empoli,57,0,away,empoli,fiorentina,0,0,1,0,0,1,0,ok,espn
I1-2122-2022-04-03-udinese-cagliari,I1,2122,2022-04-03,udinese,cagliari,82,0,away,cagliari,udinese,1,5,1,0,0,5,1,ok,espn
SP1-2122-2022-04-03-granada-vallecano,SP1,2122,2022-04-03,granada,vallecano,51,0,away,vallecano,granada,2,0,1,0,0,2,2,ok,espn
SP1-2122-2022-04-03-valencia-cadiz,SP1,2122,2022-04-03,valencia,cadiz,90,5,away,cadiz,valencia,0,0,1,0,0,0,0,ok,espn
F1-2122-2022-04-08-lorient-st-etienne,F1,2122,2022-04-08,lorient,st etienne,68,0,away,st etienne,lorient,2,4,1,0,0,6,2,ok,espn
F1-2122-2022-04-10-lens-nice,F1,2122,2022-04-10,lens,nice,17,0,home,lens,nice,0,0,1,0,0,3,0,ok,espn
F1-2122-2022-04-10-lens-nice,F1,2122,2022-04-10,lens,nice,57,0,away,nice,lens,0,2,0,0,1,3,0,ok,espn
F1-2122-2022-04-10-lens-nice,F1,2122,2022-04-10,lens,nice,90,1,away,nice,lens,0,3,0,1,1,3,0,ok,espn
F1-2122-2022-04-10-marseille-montpellier,F1,2122,2022-04-10,marseille,montpellier,90,0,away,montpellier,marseille,0,2,1,0,0,2,0,ok,espn
SP1-2122-2022-04-15-sociedad-betis,SP1,2122,2022-04-15,sociedad,betis,90,3,home,sociedad,betis,0,0,1,0,0,0,0,ok,espn
D1-2122-2022-04-16-freiburg-bochum,D1,2122,2022-04-16,freiburg,bochum,68,0,away,bochum,freiburg,0,3,1,0,0,3,0,ok,espn
I1-2122-2022-04-16-juventus-bologna,I1,2122,2022-04-16,juventus,bologna,84,0,away,bologna,juventus,1,0,1,0,0,1,1,ok,espn
I1-2122-2022-04-16-juventus-bologna,I1,2122,2022-04-16,juventus,bologna,84,0,away,bologna,juventus,1,0,0,1,0,1,1,ok,espn
SP1-2122-2022-04-16-alaves-vallecano,SP1,2122,2022-04-16,alaves,vallecano,88,0,away,vallecano,alaves,0,1,1,0,0,1,0,ok,espn
F1-2122-2022-04-17-metz-clermont,F1,2122,2022-04-17,metz,clermont,40,0,home,metz,clermont,1,1,1,0,0,1,1,ok,espn
SP1-2122-2022-04-17-ath-madrid-espanol,SP1,2122,2022-04-17,ath madrid,espanol,71,0,home,ath madrid,espanol,1,0,1,0,0,2,1,ok,espn
SP1-2122-2022-04-17-granada-levante,SP1,2122,2022-04-17,granada,levante,54,0,home,granada,levante,0,1,1,0,0,1,4,ok,espn
SP1-2122-2022-04-19-betis-elche,SP1,2122,2022-04-19,betis,elche,90,3,home,betis,elche,0,1,1,0,0,0,1,ok,espn
F1-2122-2022-04-20-angers-paris-sg,F1,2122,2022-04-20,angers,paris sg,90,2,away,paris sg,angers,3,0,1,0,0,0,3,ok,espn
F1-2122-2022-04-20-marseille-nantes,F1,2122,2022-04-20,marseille,nantes,90,4,away,nantes,marseille,2,3,1,0,0,3,2,ok,espn
F1-2122-2022-04-20-troyes-clermont,F1,2122,2022-04-20,troyes,clermont,70,0,away,clermont,troyes,0,0,1,0,0,0,1,ok,espn
F1-2122-2022-04-20-troyes-clermont,F1,2122,2022-04-20,troyes,clermont,85,0,home,troyes,clermont,0,0,0,0,1,0,1,ok,espn
SP1-2122-2022-04-21-cadiz-ath-bilbao,SP1,2122,2022-04-21,cadiz,ath bilbao,71,0,away,ath bilbao,cadiz,3,1,1,0,0,2,3,ok,espn
D1-2122-2022-04-22-wolfsburg-mainz,D1,2122,2022-04-22,wolfsburg,mainz,23,0,away,mainz,wolfsburg,0,1,1,0,0,5,0,ok,espn
F1-2122-2022-04-23-paris-sg-lens,F1,2122,2022-04-23,paris sg,lens,57,0,away,lens,paris sg,0,0,1,0,0,1,1,ok,espn
E0-2122-2022-04-24-chelsea-west-ham,E0,2122,2022-04-24,Chelsea,West Ham,86,0,away,West Ham,Chelsea,0,0,1,0,0,1,0,ok,espn
F1-2122-2022-04-24-clermont-angers,F1,2122,2022-04-24,clermont,angers,74,0,away,angers,clermont,2,1,1,0,0,2,2,ok,espn
F1-2122-2022-04-24-metz-brest,F1,2122,2022-04-24,metz,brest,78,0,home,metz,brest,0,1,1,0,0,0,1,ok,espn
F1-2122-2022-04-24-metz-brest,F1,2122,2022-04-24,metz,brest,79,0,home,metz,brest,0,1,0,1,0,0,1,ok,espn
F1-2122-2022-04-24-rennes-lorient,F1,2122,2022-04-24,rennes,lorient,58,0,home,rennes,lorient,3,0,1,0,0,5,0,ok,espn
F1-2122-2022-04-30-lens-nantes,F1,2122,2022-04-30,lens,nantes,19,0,home,lens,nantes,0,1,1,0,0,2,2,ok,espn
SP1-2122-2022-04-30-valencia-levante,SP1,2122,2022-04-30,valencia,levante,31,0,home,valencia,levante,1,0,1,0,0,1,1,ok,espn
F1-2122-2022-05-01-brest-clermont,F1,2122,2022-05-01,brest,clermont,22,0,home,brest,clermont,0,0,1,0,0,2,0,ok,espn
F1-2122-2022-05-01-troyes-lille,F1,2122,2022-05-01,troyes,lille,50,0,away,lille,troyes,0,1,1,0,0,3,0,ok,espn
F1-2122-2022-05-01-troyes-lille,F1,2122,2022-05-01,troyes,lille,68,0,away,lille,troyes,0,2,0,1,0,3,0,ok,espn
I1-2122-2022-05-01-empoli-torino,I1,2122,2022-05-01,empoli,torino,60,0,home,empoli,torino,1,0,1,0,0,1,3,ok,espn
I1-2122-2022-05-01-empoli-torino,I1,2122,2022-05-01,empoli,torino,85,0,home,empoli,torino,1,1,0,1,0,1,3,ok,espn
D1-2122-2022-05-02-m-gladbach-rb-leipzig,D1,2122,2022-05-02,m gladbach,rb leipzig,64,0,home,m gladbach,rb leipzig,2,1,1,0,0,3,1,ok,espn
I1-2122-2022-05-05-salernitana-venezia,I1,2122,2022-05-05,salernitana,venezia,89,0,away,venezia,salernitana,1,2,1,0,0,2,1,ok,espn
E0-2122-2022-05-07-crystal-palace-watford,E0,2122,2022-05-07,Crystal Palace,watford,68,0,away,watford,Crystal Palace,0,1,1,0,0,1,0,ok,espn
SP1-2122-2022-05-07-ath-bilbao-valencia,SP1,2122,2022-05-07,ath bilbao,valencia,90,8,away,valencia,ath bilbao,0,0,1,0,0,0,0,ok,espn
SP1-2122-2022-05-07-cadiz-elche,SP1,2122,2022-05-07,cadiz,elche,66,0,away,elche,cadiz,0,0,1,0,0,3,0,ok,espn
SP1-2122-2022-05-07-celta-alaves,SP1,2122,2022-05-07,celta,alaves,64,0,away,alaves,celta,0,3,1,0,0,4,0,ok,espn
D1-2122-2022-05-08-bayern-munich-stuttgart,D1,2122,2022-05-08,bayern munich,stuttgart,90,5,home,bayern munich,stuttgart,2,2,1,0,0,2,2,ok,espn
E0-2122-2022-05-08-arsenal-leeds,E0,2122,2022-05-08,Arsenal,Leeds,27,0,away,Leeds,Arsenal,0,2,1,0,0,2,1,ok,espn
F1-2122-2022-05-08-metz-lyon,F1,2122,2022-05-08,metz,lyon,68,0,away,lyon,metz,1,2,1,0,0,3,2,ok,espn
I1-2122-2022-05-08-salernitana-cagliari,I1,2122,2022-05-08,salernitana,cagliari,69,0,away,cagliari,salernitana,0,1,1,0,0,1,1,ok,espn
I1-2122-2022-05-08-salernitana-cagliari,I1,2122,2022-05-08,salernitana,cagliari,69,0,home,salernitana,cagliari,1,0,0,0,1,1,1,ok,espn
SP1-2122-2022-05-10-barcelona-celta,SP1,2122,2022-05-10,barcelona,celta,58,0,away,celta,barcelona,1,3,1,0,0,3,1,ok,espn
SP1-2122-2022-05-10-granada-ath-bilbao,SP1,2122,2022-05-10,granada,ath bilbao,85,0,away,ath bilbao,granada,0,1,1,0,0,1,0,ok,espn
E0-2122-2022-05-11-leeds-chelsea,E0,2122,2022-05-11,Leeds,Chelsea,24,0,home,Leeds,Chelsea,0,1,1,0,0,0,3,ok,espn
SP1-2122-2022-05-11-alaves-espanol,SP1,2122,2022-05-11,alaves,espanol,46,0,away,espanol,alaves,1,1,1,0,0,2,1,ok,espn
SP1-2122-2022-05-11-osasuna-getafe,SP1,2122,2022-05-11,osasuna,getafe,89,0,away,getafe,osasuna,1,1,1,0,0,1,1,ok,espn
E0-2122-2022-05-12-tottenham-arsenal,E0,2122,2022-05-12,Tottenham,Arsenal,33,0,away,Arsenal,Tottenham,0,1,1,0,0,3,0,ok,espn
F1-2122-2022-05-14-bordeaux-lorient,F1,2122,2022-05-14,bordeaux,lorient,86,0,home,bordeaux,lorient,0,0,1,0,0,0,0,ok,espn
I1-2122-2022-05-14-roma-venezia,I1,2122,2022-05-14,roma,venezia,32,0,away,venezia,roma,1,0,1,0,0,1,1,ok,espn
E0-2122-2022-05-15-everton-brentford,E0,2122,2022-05-15,Everton,Brentford,18,0,home,Everton,Brentford,1,0,1,0,0,2,3,ok,espn
E0-2122-2022-05-15-everton-brentford,E0,2122,2022-05-15,Everton,Brentford,88,0,home,Everton,Brentford,2,3,0,1,0,2,3,ok,espn
I1-2122-2022-05-16-sampdoria-fiorentina,I1,2122,2022-05-16,sampdoria,fiorentina,90,4,home,sampdoria,fiorentina,4,1,1,0,0,4,1,ok,espn
E0-2122-2022-05-19-aston-villa-burnley,E0,2122,2022-05-19,Aston Villa,Burnley,90,1,away,Burnley,Aston Villa,1,1,1,0,0,1,1,ok,espn
F1-2122-2022-05-21-lorient-troyes,F1,2122,2022-05-21,lorient,troyes,85,0,away,troyes,lorient,1,1,1,0,0,1,1,ok,espn
F1-2122-2022-05-21-paris-sg-metz,F1,2122,2022-05-21,paris sg,metz,58,0,away,metz,paris sg,0,4,1,0,0,5,0,ok,espn
E0-2122-2022-05-22-brentford-leeds,E0,2122,2022-05-22,Brentford,Leeds,80,0,home,Brentford,Leeds,1,1,1,0,0,1,2,ok,espn
F1-2223-2022-08-05-lyon-ajaccio,F1,2223,2022-08-05,lyon,ajaccio,27,0,home,lyon,ajaccio,2,0,1,0,0,2,1,ok,espn
F1-2223-2022-08-05-lyon-ajaccio,F1,2223,2022-08-05,lyon,ajaccio,45,4,away,ajaccio,lyon,1,2,0,0,1,2,1,ok,espn
D1-2223-2022-08-06-dortmund-leverkusen,D1,2223,2022-08-06,dortmund,leverkusen,90,2,away,leverkusen,dortmund,0,1,1,0,0,1,0,ok,espn
D1-2223-2022-08-06-m-gladbach-hoffenheim,D1,2223,2022-08-06,m gladbach,hoffenheim,19,0,away,hoffenheim,m gladbach,0,0,1,0,0,3,1,ok,espn
D1-2223-2022-08-07-koln-schalke-04,D1,2223,2022-08-07,koln,schalke 04,35,0,away,schalke 04,koln,0,0,1,0,0,3,1,ok,espn
D1-2223-2022-08-13-rb-leipzig-koln,D1,2223,2022-08-13,rb leipzig,koln,45,1,home,rb leipzig,koln,1,1,1,0,0,2,2,ok,espn
F1-2223-2022-08-13-monaco-rennes,F1,2223,2022-08-13,monaco,rennes,15,0,home,monaco,rennes,0,0,1,0,0,1,1,ok,espn
SP1-2223-2022-08-13-barcelona-vallecano,SP1,2223,2022-08-13,barcelona,vallecano,90,3,home,barcelona,vallecano,0,0,1,0,0,0,0,ok,espn
F1-2223-2022-08-14-auxerre-angers,F1,2223,2022-08-14,auxerre,angers,57,0,home,auxerre,angers,2,1,1,0,0,2,2,ok,espn
F1-2223-2022-08-14-reims-clermont,F1,2223,2022-08-14,reims,clermont,47,0,home,reims,clermont,2,0,1,0,0,2,4,ok,espn
I1-2223-2022-08-14-fiorentina-cremonese,I1,2223,2022-08-14,fiorentina,cremonese,43,0,away,cremonese,fiorentina,1,2,1,0,0,3,2,ok,espn
I1-2223-2022-08-14-lazio-bologna,I1,2223,2022-08-14,lazio,bologna,6,0,home,lazio,bologna,0,0,1,0,0,2,1,ok,espn
I1-2223-2022-08-14-lazio-bologna,I1,2223,2022-08-14,lazio,bologna,45,3,away,bologna,lazio,1,0,0,0,1,2,1,ok,espn
SP1-2223-2022-08-14-valencia-girona,SP1,2223,2022-08-14,valencia,girona,52,0,home,valencia,girona,1,0,1,0,0,1,0,ok,espn
E0-2223-2022-08-15-liverpool-crystal-palace,E0,2223,2022-08-15,Liverpool,Crystal Palace,57,0,home,Liverpool,Crystal Palace,0,1,1,0,0,1,1,ok,espn
SP1-2223-2022-08-15-betis-elche,SP1,2223,2022-08-15,betis,elche,16,0,away,elche,betis,0,0,1,0,0,3,0,ok,espn
D1-2223-2022-08-19-m-gladbach-hertha,D1,2223,2022-08-19,m gladbach,hertha,69,0,away,hertha,m gladbach,0,1,1,0,0,1,0,ok,espn
SP1-2223-2022-08-19-espanol-vallecano,SP1,2223,2022-08-19,espanol,vallecano,16,0,away,vallecano,espanol,0,0,1,0,0,0,2,ok,espn
SP1-2223-2022-08-19-espanol-vallecano,SP1,2223,2022-08-19,espanol,vallecano,30,0,home,espanol,vallecano,0,0,0,0,1,0,2,ok,espn
SP1-2223-2022-08-19-sevilla-valladolid,SP1,2223,2022-08-19,sevilla,valladolid,88,0,away,valladolid,sevilla,1,1,1,0,0,1,1,ok,espn
SP1-2223-2022-08-19-sevilla-valladolid,SP1,2223,2022-08-19,sevilla,valladolid,88,0,home,sevilla,valladolid,1,1,0,0,1,1,1,ok,espn
F1-2223-2022-08-20-marseille-nantes,F1,2223,2022-08-20,marseille,nantes,76,0,home,marseille,nantes,1,0,1,0,0,2,1,ok,espn
F1-2223-2022-08-20-monaco-lens,F1,2223,2022-08-20,monaco,lens,72,0,home,monaco,lens,1,3,1,0,0,1,4,ok,espn
I1-2223-2022-08-20-udinese-salernitana,I1,2223,2022-08-20,udinese,salernitana,45,4,home,udinese,salernitana,0,0,1,0,0,0,0,ok,espn
SP1-2223-2022-08-20-osasuna-cadiz,SP1,2223,2022-08-20,osasuna,cadiz,76,0,away,cadiz,osasuna,0,1,1,0,0,2,0,ok,espn
E0-2223-2022-08-21-leeds-chelsea,E0,2223,2022-08-21,Leeds,Chelsea,84,0,away,Chelsea,Leeds,0,3,1,0,0,3,0,ok,espn
F1-2223-2022-08-21-angers-brest,F1,2223,2022-08-21,angers,brest,34,0,home,angers,brest,0,1,1,0,0,1,3,ok,espn
F1-2223-2022-08-21-clermont-nice,F1,2223,2022-08-21,clermont,nice,80,0,away,nice,clermont,0,1,1,0,0,1,0,ok,espn
F1-2223-2022-08-21-clermont-nice,F1,2223,2022-08-21,clermont,nice,82,0,away,nice,clermont,0,1,0,1,0,1,0,ok,espn
F1-2223-2022-08-21-montpellier-auxerre,F1,2223,2022-08-21,montpellier,auxerre,46,0,home,montpellier,auxerre,1,0,1,0,0,1,2,ok,espn
F1-2223-2022-08-21-montpellier-auxerre,F1,2223,2022-08-21,montpellier,auxerre,51,0,away,auxerre,montpellier,0,1,0,0,1,1,2,ok,espn
F1-2223-2022-08-21-montpellier-auxerre,F1,2223,2022-08-21,montpellier,auxerre,88,0,away,auxerre,montpellier,2,1,0,1,1,1,2,ok,espn
F1-2223-2022-08-21-montpellier-auxerre,F1,2223,2022-08-21,montpellier,auxerre,90,4,home,montpellier,auxerre,1,2,0,1,2,1,2,ok,espn
F1-2223-2022-08-21-rennes-ajaccio,F1,2223,2022-08-21,rennes,ajaccio,81,0,home,rennes,ajaccio,2,1,1,0,0,2,1,ok,espn
F1-2223-2022-08-21-rennes-ajaccio,F1,2223,2022-08-21,rennes,ajaccio,90,1,home,rennes,ajaccio,2,1,0,1,0,2,1,ok,espn
I1-2223-2022-08-21-bologna-verona,I1,2223,2022-08-21,bologna,verona,78,0,home,bologna,verona,1,1,1,0,0,1,1,ok,espn
I1-2223-2022-08-21-empoli-fiorentina,I1,2223,2022-08-21,empoli,fiorentina,66,0,home,empoli,fiorentina,0,0,1,0,0,0,0,ok,espn
SP1-2223-2022-08-21-ath-madrid-villarreal,SP1,2223,2022-08-21,ath madrid,villarreal,90,4,home,ath madrid,villarreal,0,1,1,0,0,0,2,ok,espn
SP1-2223-2022-08-22-elche-almeria,SP1,2223,2022-08-22,elche,almeria,32,0,away,almeria,elche,1,1,1,0,0,1,1,ok,espn
SP1-2223-2022-08-22-girona-getafe,SP1,2223,2022-08-22,girona,getafe,90,7,away,getafe,girona,1,3,1,0,0,3,1,ok,espn
SP1-2223-2022-08-26-betis-osasuna,SP1,2223,2022-08-26,betis,osasuna,73,0,home,betis,osasuna,1,0,1,0,0,1,0,ok,espn
D1-2223-2022-08-27-mainz-leverkusen,D1,2223,2022-08-27,mainz,leverkusen,77,0,away,leverkusen,mainz,3,0,1,0,0,0,3,ok,espn
D1-2223-2022-08-27-mainz-leverkusen,D1,2223,2022-08-27,mainz,leverkusen,90,4,away,leverkusen,mainz,3,0,0,1,0,0,3,ok,espn
E0-2223-2022-08-27-chelsea-leicester,E0,2223,2022-08-27,Chelsea,Leicester,28,0,home,Chelsea,Leicester,0,0,1,0,0,2,1,ok,espn
I1-2223-2022-08-27-spezia-sassuolo,I1,2223,2022-08-27,spezia,sassuolo,81,0,home,spezia,sassuolo,2,2,1,0,0,2,2,ok,espn
D1-2223-2022-08-28-koln-stuttgart,D1,2223,2022-08-28,koln,stuttgart,56,0,away,stuttgart,koln,0,0,1,0,0,0,0,ok,espn
F1-2223-2022-08-28-brest-montpellier,F1,2223,2022-08-28,brest,montpellier,50,0,home,brest,montpellier,0,5,1,0,0,0,7,ok,espn
F1-2223-2022-08-28-lorient-clermont,F1,2223,2022-08-28,lorient,clermont,48,0,away,clermont,lorient,0,2,1,0,0,2,1,ok,espn
F1-2223-2022-08-28-reims-lyon,F1,2223,2022-08-28,reims,lyon,63,0,home,reims,lyon,1,0,1,0,0,1,1,ok,espn
F1-2223-2022-08-28-troyes-angers,F1,2223,2022-08-28,troyes,angers,21,0,away,angers,troyes,0,1,1,0,0,3,1,ok,espn
SP1-2223-2022-08-28-espanol-real-madrid,SP1,2223,2022-08-28,espanol,real madrid,90,6,home,espanol,real madrid,1,2,1,0,0,1,3,ok,espn
F1-2223-2022-08-31-angers-reims,F1,2223,2022-08-31,angers,reims,65,0,away,reims,angers,2,1,1,0,0,2,4,ok,espn
F1-2223-2022-08-31-monaco-troyes,F1,2223,2022-08-31,monaco,troyes,44,0,home,monaco,troyes,1,1,1,0,0,2,4,ok,espn
F1-2223-2022-08-31-montpellier-ajaccio,F1,2223,2022-08-31,montpellier,ajaccio,37,0,away,ajaccio,montpellier,0,1,1,0,0,2,0,ok,espn
F1-2223-2022-08-31-montpellier-ajaccio,F1,2223,2022-08-31,montpellier,ajaccio,45,0,home,montpellier,ajaccio,1,0,0,0,1,2,0,ok,espn
D1-2223-2022-09-03-stuttgart-schalke-04,D1,2223,2022-09-03,stuttgart,schalke 04,67,0,home,stuttgart,schalke 04,1,1,1,0,0,1,1,ok,espn
F1-2223-2022-09-03-nantes-paris-sg,F1,2223,2022-09-03,nantes,paris sg,24,0,home,nantes,paris sg,0,1,1,0,0,0,3,ok,espn
D1-2223-2022-09-04-m-gladbach-mainz,D1,2223,2022-09-04,m gladbach,mainz,53,0,home,m gladbach,mainz,0,0,1,0,0,0,1,ok,espn
F1-2223-2022-09-04-brest-strasbourg,F1,2223,2022-09-04,brest,strasbourg,31,0,away,strasbourg,brest,1,1,1,0,0,1,1,ok,espn
F1-2223-2022-09-04-montpellier-lille,F1,2223,2022-09-04,montpellier,lille,45,3,home,montpellier,lille,1,1,1,0,0,1,3,ok,espn
F1-2223-2022-09-04-reims-lens,F1,2223,2022-09-04,reims,lens,66,0,away,lens,reims,0,0,1,0,0,1,1,ok,espn
F1-2223-2022-09-04-troyes-rennes,F1,2223,2022-09-04,troyes,rennes,27,0,home,troyes,rennes,1,0,1,0,0,1,1,ok,espn
SP1-2223-2022-09-04-valencia-getafe,SP1,2223,2022-09-04,valencia,getafe,88,0,home,valencia,getafe,5,1,1,0,0,5,1,ok,espn
SP1-2223-2022-09-04-valencia-getafe,SP1,2223,2022-09-04,valencia,getafe,90,5,away,getafe,valencia,1,5,0,0,1,5,1,ok,espn
D1-2223-2022-09-10-hoffenheim-mainz,D1,2223,2022-09-10,hoffenheim,mainz,41,0,away,mainz,hoffenheim,0,0,1,0,0,4,1,ok,espn
I1-2223-2022-09-10-sampdoria-milan,I1,2223,2022-09-10,sampdoria,milan,47,0,away,milan,sampdoria,1,0,1,0,0,1,2,ok,espn
SP1-2223-2022-09-10-espanol-sevilla,SP1,2223,2022-09-10,espanol,sevilla,84,0,away,sevilla,espanol,3,2,1,0,0,2,3,ok,espn
D1-2223-2022-09-11-koln-union-berlin,D1,2223,2022-09-11,koln,union berlin,81,0,home,koln,union berlin,0,1,1,0,0,0,1,ok,espn
F1-2223-2022-09-11-strasbourg-clermont,F1,2223,2022-09-11,strasbourg,clermont,89,0,home,strasbourg,clermont,0,0,1,0,0,0,0,ok,espn
F1-2223-2022-09-11-toulouse-reims,F1,2223,2022-09-11,toulouse,reims,61,0,away,reims,toulouse,0,1,1,0,0,1,0,ok,espn
I1-2223-2022-09-11-bologna-fiorentina,I1,2223,2022-09-11,bologna,fiorentina,90,7,away,fiorentina,bologna,1,2,1,0,0,2,1,ok,espn
I1-2223-2022-09-11-juventus-salernitana,I1,2223,2022-09-11,juventus,salernitana,90,6,away,salernitana,juventus,2,2,1,0,0,2,2,ok,espn
I1-2223-2022-09-11-juventus-salernitana,I1,2223,2022-09-11,juventus,salernitana,90,6,home,juventus,salernitana,2,2,0,0,1,2,2,ok,espn
I1-2223-2022-09-11-juventus-salernitana,I1,2223,2022-09-11,juventus,salernitana,90,6,home,juventus,salernitana,2,2,0,1,1,2,2,ok,espn
I1-2223-2022-09-11-sassuolo-udinese,I1,2223,2022-09-11,sassuolo,udinese,43,0,home,sassuolo,udinese,1,0,1,0,0,1,3,ok,espn
I1-2223-2022-09-12-empoli-roma,I1,2223,2022-09-12,empoli,roma,87,0,home,empoli,roma,1,2,1,0,0,1,2,ok,espn
E0-2223-2022-09-17-wolves-man-city,E0,2223,2022-09-17,Wolves,Manchester City,33,0,home,Wolves,Manchester City,0,2,1,0,0,0,3,ok,espn
SP1-2223-2022-09-17-barcelona-elche,SP1,2223,2022-09-17,barcelona,elche,14,0,away,elche,barcelona,0,0,1,0,0,3,0,ok,espn
SP1-2223-2022-09-17-valencia-celta,SP1,2223,2022-09-17,valencia,celta,59,0,away,celta,valencia,0,1,1,0,0,3,0,ok,espn
F1-2223-2022-09-18-nice-angers,F1,2223,2022-09-18,nice,angers,1,0,home,nice,angers,0,0,1,0,0,0,1,ok,espn
F1-2223-2022-09-18-nice-angers,F1,2223,2022-09-18,nice,angers,62,0,away,angers,nice,1,0,0,0,1,0,1,ok,espn
F1-2223-2022-09-18-reims-monaco,F1,2223,2022-09-18,reims,monaco,22,0,home,reims,monaco,0,0,1,0,0,0,3,ok,espn
I1-2223-2022-09-18-monza-juventus,I1,2223,2022-09-18,monza,juventus,40,0,away,juventus,monza,0,0,1,0,0,1,0,ok,espn
SP1-2223-2022-09-18-ath-madrid-real-madrid,SP1,2223,2022-09-18,ath madrid,real madrid,90,1,home,ath madrid,real madrid,1,2,1,0,0,1,2,ok,espn
SP1-2223-2022-09-18-osasuna-getafe,SP1,2223,2022-09-18,osasuna,getafe,43,0,home,osasuna,getafe,0,1,1,0,0,0,2,ok,espn
SP1-2223-2022-09-18-osasuna-getafe,SP1,2223,2022-09-18,osasuna,getafe,90,1,away,getafe,osasuna,2,0,0,0,1,0,2,ok,espn
D1-2223-2022-10-01-ein-frankfurt-union-berlin,D1,2223,2022-10-01,ein frankfurt,union berlin,68,0,home,ein frankfurt,union berlin,2,0,1,0,0,2,0,ok,espn
E0-2223-2022-10-01-arsenal-tottenham,E0,2223,2022-10-01,Arsenal,Tottenham,62,0,away,Tottenham,Arsenal,1,2,1,0,0,3,1,ok,espn
E0-2223-2022-10-01-fulham-newcastle,E0,2223,2022-10-01,Fulham,Newcastle,8,0,home,Fulham,Newcastle,0,0,1,0,0,1,4,ok,espn
F1-2223-2022-10-01-strasbourg-rennes,F1,2223,2022-10-01,strasbourg,rennes,28,0,home,strasbourg,rennes,0,0,1,0,0,1,3,ok,espn
SP1-2223-2022-10-01-cadiz-villarreal,SP1,2223,2022-10-01,cadiz,villarreal,90,3,home,cadiz,villarreal,0,0,1,0,0,0,0,ok,espn
D1-2223-2022-10-02-schalke-04-augsburg,D1,2223,2022-10-02,schalke 04,augsburg,70,0,away,augsburg,schalke 04,2,2,1,0,0,2,3,ok,espn
E0-2223-2022-10-02-leeds-aston-villa,E0,2223,2022-10-02,Leeds,Aston Villa,48,0,home,Leeds,Aston Villa,0,0,1,0,0,0,0,ok,espn
F1-2223-2022-10-02-auxerre-brest,F1,2223,2022-10-02,auxerre,brest,52,0,home,auxerre,brest,0,0,1,0,0,1,1,ok,espn
F1-2223-2022-10-02-lorient-lille,F1,2223,2022-10-02,lorient,lille,62,0,home,lorient,lille,1,0,1,0,0,2,1,ok,espn
F1-2223-2022-10-02-toulouse-montpellier,F1,2223,2022-10-02,toulouse,montpellier,60,0,home,toulouse,montpellier,4,1,1,0,0,4,2,ok,espn
F1-2223-2022-10-02-troyes-reims,F1,2223,2022-10-02,troyes,reims,56,0,away,reims,troyes,2,1,1,0,0,2,2,ok,espn
SP1-2223-2022-10-02-celta-betis,SP1,2223,2022-10-02,celta,betis,20,0,away,betis,celta,0,1,1,0,0,1,0,ok,espn
SP1-2223-2022-10-02-espanol-valencia,SP1,2223,2022-10-02,espanol,valencia,85,0,away,valencia,espanol,1,2,1,0,0,2,2,ok,espn
SP1-2223-2022-10-02-espanol-valencia,SP1,2223,2022-10-02,espanol,valencia,90,2,home,espanol,valencia,2,1,0,0,1,2,2,ok,espn
SP1-2223-2022-10-02-real-madrid-osasuna,SP1,2223,2022-10-02,real madrid,osasuna,78,0,away,osasuna,real madrid,1,1,1,0,0,1,1,ok,espn
SP1-2223-2022-10-07-osasuna-valencia,SP1,2223,2022-10-07,osasuna,valencia,69,0,home,osasuna,valencia,0,2,1,0,0,1,2,ok,espn
SP1-2223-2022-10-07-osasuna-valencia,SP1,2223,2022-10-07,osasuna,valencia,90,0,away,valencia,osasuna,2,0,0,0,1,1,2,ok,espn
SP1-2223-2022-10-07-osasuna-valencia,SP1,2223,2022-10-07,osasuna,valencia,90,6,home,osasuna,valencia,1,2,0,1,1,1,2,ok,espn
D1-2223-2022-10-08-dortmund-bayern-munich,D1,2223,2022-10-08,dortmund,bayern munich,90,0,away,bayern munich,dortmund,2,1,1,0,0,2,2,ok,espn
F1-2223-2022-10-08-reims-paris-sg,F1,2223,2022-10-08,reims,paris sg,41,0,away,paris sg,reims,0,0,1,0,0,0,0,ok,espn
SP1-2223-2022-10-08-almeria-vallecano,SP1,2223,2022-10-08,almeria,vallecano,87,0,home,almeria,vallecano,3,1,1,0,0,3,1,ok,espn
SP1-2223-2022-10-08-sevilla-ath-bilbao,SP1,2223,2022-10-08,sevilla,ath bilbao,90,4,away,ath bilbao,sevilla,1,1,1,0,0,1,1,ok,espn
D1-2223-2022-10-09-m-gladbach-koln,D1,2223,2022-10-09,m gladbach,koln,45,1,away,koln,m gladbach,1,1,1,0,0,5,2,ok,espn
D1-2223-2022-10-09-stuttgart-union-berlin,D1,2223,2022-10-09,stuttgart,union berlin,82,0,home,stuttgart,union berlin,0,1,1,0,0,0,1,ok,espn
F1-2223-2022-10-09-rennes-nantes,F1,2223,2022-10-09,rennes,nantes,88,0,home,rennes,nantes,3,0,1,0,0,3,0,ok,espn
I1-2223-2022-10-09-roma-lecce,I1,2223,2022-10-09,roma,lecce,22,0,away,lecce,roma,0,1,1,0,0,2,1,ok,espn
I1-2223-2022-10-09-salernitana-verona,I1,2223,2022-10-09,salernitana,verona,90,7,away,verona,salernitana,1,2,1,0,0,2,1,ok,espn
I1-2223-2022-10-09-salernitana-verona,I1,2223,2022-10-09,salernitana,verona,90,7,home,salernitana,verona,2,1,0,0,1,2,1,ok,espn
SP1-2223-2022-10-09-valladolid-betis,SP1,2223,2022-10-09,valladolid,betis,35,0,away,betis,valladolid,0,0,1,0,0,0,0,ok,espn
SP1-2223-2022-10-10-elche-mallorca,SP1,2223,2022-10-10,elche,mallorca,61,0,home,elche,mallorca,1,0,1,0,0,1,1,ok,espn
SP1-2223-2022-10-10-elche-mallorca,SP1,2223,2022-10-10,elche,mallorca,85,0,away,mallorca,elche,1,1,0,0,1,1,1,ok,espn
D1-2223-2022-10-15-ein-frankfurt-leverkusen,D1,2223,2022-10-15,ein frankfurt,leverkusen,71,0,away,leverkusen,ein frankfurt,1,3,1,0,0,5,1,ok,espn
F1-2223-2022-10-15-lorient-reims,F1,2223,2022-10-15,lorient,reims,46,0,away,reims,lorient,0,0,1,0,0,0,0,ok,espn
F1-2223-2022-10-15-lorient-reims,F1,2223,2022-10-15,lorient,reims,90,1,away,reims,lorient,0,0,0,1,0,0,0,ok,espn
I1-2223-2022-10-15-empoli-monza,I1,2223,2022-10-15,empoli,monza,90,5,away,monza,empoli,0,1,1,0,0,1,0,ok,espn
F1-2223-2022-10-16-monaco-clermont,F1,2223,2022-10-16,monaco,clermont,17,0,home,monaco,clermont,0,0,1,0,0,1,1,ok,espn
F1-2223-2022-10-16-paris-sg-marseille,F1,2223,2022-10-16,paris sg,marseille,72,0,away,marseille,paris sg,0,1,1,0,0,1,0,ok,espn
SP1-2223-2022-10-16-celta-sociedad,SP1,2223,2022-10-16,celta,sociedad,90,4,home,celta,sociedad,1,2,1,0,0,1,2,ok,espn
I1-2223-2022-10-17-lecce-fiorentina,I1,2223,2022-10-17,lecce,fiorentina,90,5,home,lecce,fiorentina,1,1,1,0,0,1,1,ok,espn
SP1-2223-2022-10-18-sevilla-valencia,SP1,2223,2022-10-18,sevilla,valencia,90,11,home,sevilla,valencia,1,1,1,0,0,1,1,ok,espn
SP1-2223-2022-10-19-cadiz-betis,SP1,2223,2022-10-19,cadiz,betis,90,8,away,betis,cadiz,0,0,1,0,0,0,0,ok,espn
E0-2223-2022-10-20-fulham-aston-villa,E0,2223,2022-10-20,Fulham,Aston Villa,62,0,away,Aston Villa,Fulham,0,1,1,0,0,3,0,ok,espn
D1-2223-2022-10-21-mainz-koln,D1,2223,2022-10-21,mainz,koln,28,0,away,koln,mainz,0,1,1,0,0,5,0,ok,espn
D1-2223-2022-10-22-augsburg-rb-leipzig,D1,2223,2022-10-22,augsburg,rb leipzig,65,0,home,augsburg,rb leipzig,3,0,1,0,0,3,3,ok,espn
D1-2223-2022-10-22-freiburg-werder-bremen,D1,2223,2022-10-22,freiburg,werder bremen,14,0,away,werder bremen,freiburg,0,0,1,0,0,2,0,ok,espn
F1-2223-2022-10-22-montpellier-lyon,F1,2223,2022-10-22,montpellier,lyon,74,0,away,lyon,montpellier,1,1,1,0,0,1,2,ok,espn
F1-2223-2022-10-22-montpellier-lyon,F1,2223,2022-10-22,montpellier,lyon,74,0,home,montpellier,lyon,1,1,0,0,1,1,2,ok,espn
SP1-2223-2022-10-22-vallecano-cadiz,SP1,2223,2022-10-22,vallecano,cadiz,42,0,away,cadiz,vallecano,0,0,1,0,0,5,1,ok,espn
SP1-2223-2022-10-22-vallecano-cadiz,SP1,2223,2022-10-22,vallecano,cadiz,61,0,away,cadiz,vallecano,0,2,0,1,0,5,1,ok,espn
SP1-2223-2022-10-22-vallecano-cadiz,SP1,2223,2022-10-22,vallecano,cadiz,87,0,home,vallecano,cadiz,4,1,0,0,2,5,1,ok,espn
F1-2223-2022-10-23-nice-nantes,F1,2223,2022-10-23,nice,nantes,90,8,away,nantes,nice,1,1,1,0,0,1,1,ok,espn
F1-2223-2022-10-23-nice-nantes,F1,2223,2022-10-23,nice,nantes,90,10,away,nantes,nice,1,1,0,1,0,1,1,ok,espn
F1-2223-2022-10-23-toulouse-strasbourg,F1,2223,2022-10-23,toulouse,strasbourg,71,0,home,toulouse,strasbourg,2,1,1,0,0,2,2,ok,espn
I1-2223-2022-10-23-atalanta-lazio,I1,2223,2022-10-23,atalanta,lazio,90,0,home,atalanta,lazio,0,2,1,0,0,0,2,ok,espn
SP1-2223-2022-10-23-villarreal-almeria,SP1,2223,2022-10-23,villarreal,almeria,56,0,home,villarreal,almeria,1,1,1,0,0,2,1,ok,espn
SP1-2223-2022-10-23-villarreal-almeria,SP1,2223,2022-10-23,villarreal,almeria,58,0,home,villarreal,almeria,1,1,0,1,0,2,1,ok,espn
E0-2223-2022-10-29-brentford-wolves,E0,2223,2022-10-29,Brentford,Wolves,90,7,away,Wolves,Brentford,1,1,1,0,0,1,1,ok,espn
I1-2223-2022-10-29-napoli-sassuolo,I1,2223,2022-10-29,napoli,sassuolo,84,0,away,sassuolo,napoli,0,4,1,0,0,4,0,ok,espn
SP1-2223-2022-10-29-almeria-celta,SP1,2223,2022-10-29,almeria,celta,32,0,away,celta,almeria,1,0,1,0,0,3,1,ok,espn
D1-2223-2022-10-30-koln-hoffenheim,D1,2223,2022-10-30,koln,hoffenheim,87,0,away,hoffenheim,koln,1,1,1,0,0,1,1,ok,espn
F1-2223-2022-10-30-auxerre-ajaccio,F1,2223,2022-10-30,auxerre,ajaccio,56,0,home,auxerre,ajaccio,1,0,1,0,0,1,0,ok,espn
F1-2223-2022-10-30-auxerre-ajaccio,F1,2223,2022-10-30,auxerre,ajaccio,62,0,away,ajaccio,auxerre,0,1,0,0,1,1,0,ok,espn
I1-2223-2022-10-30-spezia-fiorentina,I1,2223,2022-10-30,spezia,fiorentina,82,0,home,spezia,fiorentina,1,1,1,0,0,1,2,ok,espn
SP1-2223-2022-10-30-real-madrid-girona,SP1,2223,2022-10-30,real madrid,girona,90,1,home,real madrid,girona,1,1,1,0,0,1,1,ok,espn
I1-2223-2022-10-31-verona-roma,I1,2223,2022-10-31,verona,roma,36,0,home,verona,roma,1,0,1,0,0,1,3,ok,espn
SP1-2223-2022-10-31-elche-getafe,SP1,2223,2022-10-31,elche,getafe,78,0,away,getafe,elche,1,0,1,0,0,0,1,ok,espn
E0-2223-2022-11-05-man-city-fulham,E0,2223,2022-11-05,Manchester City,Fulham,26,0,home,Manchester City,Fulham,1,0,1,0,0,2,1,ok,espn
E0-2223-2022-11-05-wolves-brighton,E0,2223,2022-11-05,Wolves,Brighton,45,5,home,Wolves,Brighton,2,2,1,0,0,2,3,ok,espn
F1-2223-2022-11-05-ajaccio-strasbourg,F1,2223,2022-11-05,ajaccio,strasbourg,79,0,home,ajaccio,strasbourg,4,2,1,0,0,4,2,ok,espn
I1-2223-2022-11-05-milan-spezia,I1,2223,2022-11-05,milan,spezia,90,0,home,milan,spezia,2,1,1,0,0,2,1,ok,espn
SP1-2223-2022-11-05-getafe-cadiz,SP1,2223,2022-11-05,getafe,cadiz,90,6,home,getafe,cadiz,0,0,1,0,0,0,0,ok,espn
SP1-2223-2022-11-05-getafe-cadiz,SP1,2223,2022-11-05,getafe,cadiz,90,7,home,getafe,cadiz,0,0,0,1,0,0,0,ok,espn
SP1-2223-2022-11-05-getafe-cadiz,SP1,2223,2022-11-05,getafe,cadiz,90,10,away,cadiz,getafe,0,0,0,0,2,0,0,ok,espn
F1-2223-2022-11-06-lille-rennes,F1,2223,2022-11-06,lille,rennes,90,0,away,rennes,lille,1,1,1,0,0,1,1,ok,espn
F1-2223-2022-11-06-reims-nantes,F1,2223,2022-11-06,reims,nantes,54,0,away,nantes,reims,0,0,1,0,0,1,0,ok,espn
I1-2223-2022-11-06-monza-verona,I1,2223,2022-11-06,monza,verona,27,0,away,verona,monza,0,0,1,0,0,2,0,ok,espn
SP1-2223-2022-11-06-ath-madrid-espanol,SP1,2223,2022-11-06,ath madrid,espanol,28,0,away,espanol,ath madrid,0,0,1,0,0,1,1,ok,espn
SP1-2223-2022-11-06-betis-sevilla,SP1,2223,2022-11-06,betis,sevilla,38,0,away,sevilla,betis,0,0,1,0,0,1,1,ok,espn
SP1-2223-2022-11-06-betis-sevilla,SP1,2223,2022-11-06,betis,sevilla,45,3,home,betis,sevilla,1,0,0,0,1,1,1,ok,espn
SP1-2223-2022-11-06-betis-sevilla,SP1,2223,2022-11-06,betis,sevilla,49,0,home,betis,sevilla,1,0,0,1,1,1,1,ok,espn
SP1-2223-2022-11-06-sociedad-valencia,SP1,2223,2022-11-06,sociedad,valencia,17,0,home,sociedad,valencia,1,0,1,0,0,1,1,ok,espn
I1-2223-2022-11-08-napoli-empoli,I1,2223,2022-11-08,napoli,empoli,74,0,away,empoli,napoli,0,1,1,0,0,2,0,ok,espn
SP1-2223-2022-11-08-osasuna-barcelona,SP1,2223,2022-11-08,osasuna,barcelona,30,0,away,barcelona,osasuna,0,1,1,0,0,1,2,ok,espn
SP1-2223-2022-11-08-osasuna-barcelona,SP1,2223,2022-11-08,osasuna,barcelona,45,4,away,barcelona,osasuna,0,1,0,1,0,1,2,ok,espn
SP1-2223-2022-11-09-almeria-getafe,SP1,2223,2022-11-09,almeria,getafe,87,0,home,almeria,getafe,1,0,1,0,0,1,0,ok,espn
SP1-2223-2022-11-09-sevilla-sociedad,SP1,2223,2022-11-09,sevilla,sociedad,28,0,home,sevilla,sociedad,0,1,1,0,0,1,2,ok,espn
SP1-2223-2022-11-09-sevilla-sociedad,SP1,2223,2022-11-09,sevilla,sociedad,34,0,home,sevilla,sociedad,0,1,0,1,0,1,2,ok,espn
I1-2223-2022-11-10-verona-juventus,I1,2223,2022-11-10,verona,juventus,90,2,away,juventus,verona,1,0,1,0,0,0,1,ok,espn
SP1-2223-2022-11-10-valencia-betis,SP1,2223,2022-11-10,valencia,betis,61,0,away,betis,valencia,0,0,1,0,0,3,0,ok,espn
E0-2223-2022-11-12-tottenham-leeds,E0,2223,2022-11-12,Tottenham,Leeds,87,0,away,Leeds,Tottenham,3,4,1,0,0,4,3,ok,espn
D1-2223-2022-11-13-freiburg-union-berlin,D1,2223,2022-11-13,freiburg,union berlin,19,0,away,union berlin,freiburg,0,2,1,0,0,4,1,ok,espn
F1-2223-2022-11-13-brest-troyes,F1,2223,2022-11-13,brest,troyes,80,0,away,troyes,brest,1,2,1,0,0,2,1,ok,espn
F1-2223-2022-11-13-lille-angers,F1,2223,2022-11-13,lille,angers,74,0,home,lille,angers,1,0,1,0,0,1,0,ok,espn
I1-2223-2022-11-13-monza-salernitana,I1,2223,2022-11-13,monza,salernitana,74,0,away,salernitana,monza,0,2,1,0,0,3,0,ok,espn
E0-2223-2022-12-26-crystal-palace-fulham,E0,2223,2022-12-26,Crystal Palace,Fulham,34,0,home,Crystal Palace,Fulham,0,1,1,0,0,0,3,ok,espn
E0-2223-2022-12-26-crystal-palace-fulham,E0,2223,2022-12-26,Crystal Palace,Fulham,57,0,home,Crystal Palace,Fulham,0,1,0,1,0,0,3,ok,espn
F1-2223-2022-12-28-clermont-lille,F1,2223,2022-12-28,clermont,lille,90,1,home,clermont,lille,0,1,1,0,0,0,2,ok,espn
F1-2223-2022-12-28-paris-sg-strasbourg,F1,2223,2022-12-28,paris sg,strasbourg,62,0,home,paris sg,strasbourg,1,1,1,0,0,2,1,ok,espn
SP1-2223-2022-12-29-ath-madrid-elche,SP1,2223,2022-12-29,ath madrid,elche,45,1,away,elche,ath madrid,0,0,1,0,0,2,0,ok,espn
SP1-2223-2022-12-29-ath-madrid-elche,SP1,2223,2022-12-29,ath madrid,elche,53,0,home,ath madrid,elche,0,0,0,0,1,2,0,ok,espn
SP1-2223-2022-12-29-ath-madrid-elche,SP1,2223,2022-12-29,ath madrid,elche,90,0,away,elche,ath madrid,0,2,0,1,1,2,0,ok,espn
SP1-2223-2022-12-29-betis-ath-bilbao,SP1,2223,2022-12-29,betis,ath bilbao,90,6,home,betis,ath bilbao,0,0,1,0,0,0,0,ok,espn
SP1-2223-2022-12-30-celta-sevilla,SP1,2223,2022-12-30,celta,sevilla,86,0,away,sevilla,celta,1,1,1,0,0,1,1,ok,espn
SP1-2223-2022-12-30-valladolid-real-madrid,SP1,2223,2022-12-30,valladolid,real madrid,82,0,home,valladolid,real madrid,0,0,1,0,0,0,2,ok,espn
SP1-2223-2022-12-31-barcelona-espanol,SP1,2223,2022-12-31,barcelona,espanol,78,0,home,barcelona,espanol,1,1,1,0,0,1,1,ok,espn
SP1-2223-2022-12-31-barcelona-espanol,SP1,2223,2022-12-31,barcelona,espanol,80,0,away,espanol,barcelona,1,1,0,0,1,1,1,ok,espn
F1-2223-2023-01-02-montpellier-marseille,F1,2223,2023-01-02,montpellier,marseille,87,0,away,marseille,montpellier,2,0,1,0,0,1,2,ok,espn
I1-2223-2023-01-04-udinese-empoli,I1,2223,2023-01-04,udinese,empoli,79,0,away,empoli,udinese,1,1,1,0,0,1,1,ok,espn
SP1-2223-2023-01-06-elche-celta,SP1,2223,2023-01-06,elche,celta,90,1,home,elche,celta,0,1,1,0,0,0,1,ok,espn
I1-2223-2023-01-08-sampdoria-napoli,I1,2223,2023-01-08,sampdoria,napoli,38,0,home,sampdoria,napoli,0,1,1,0,0,0,2,ok,espn
SP1-2223-2023-01-08-ath-madrid-barcelona,SP1,2223,2023-01-08,ath madrid,barcelona,90,2,away,barcelona,ath madrid,1,0,1,0,0,0,1,ok,espn
SP1-2223-2023-01-08-ath-madrid-barcelona,SP1,2223,2023-01-08,ath madrid,barcelona,90,2,home,ath madrid,barcelona,0,1,0,0,1,0,1,ok,espn
F1-2223-2023-01-11-clermont-rennes,F1,2223,2023-01-11,clermont,rennes,77,0,away,rennes,clermont,1,1,1,0,0,2,1,ok,espn
F1-2223-2023-01-11-clermont-rennes,F1,2223,2023-01-11,clermont,rennes,83,0,away,rennes,clermont,1,1,0,1,0,2,1,ok,espn
E0-2223-2023-01-12-fulham-chelsea,E0,2223,2023-01-12,Fulham,Chelsea,58,0,away,Chelsea,Fulham,1,1,1,0,0,2,1,ok,espn
F1-2223-2023-01-14-lens-auxerre,F1,2223,2023-01-14,lens,auxerre,65,0,away,auxerre,lens,0,1,1,0,0,1,0,ok,espn
SP1-2223-2023-01-14-sociedad-ath-bilbao,SP1,2223,2023-01-14,sociedad,ath bilbao,60,0,away,ath bilbao,sociedad,1,2,1,0,0,3,1,ok,espn
F1-2223-2023-01-15-montpellier-nantes,F1,2223,2023-01-15,montpellier,nantes,42,0,home,montpellier,nantes,0,0,1,0,0,0,3,ok,espn
F1-2223-2023-01-15-montpellier-nantes,F1,2223,2023-01-15,montpellier,nantes,67,0,home,montpellier,nantes,0,1,0,1,0,0,3,ok,espn
I1-2223-2023-01-15-roma-fiorentina,I1,2223,2023-01-15,roma,fiorentina,24,0,away,fiorentina,roma,0,0,1,0,0,2,0,ok,espn
SP1-2223-2023-01-15-almeria-ath-madrid,SP1,2223,2023-01-15,almeria,ath madrid,89,0,away,ath madrid,almeria,1,1,1,0,0,1,1,ok,espn
SP1-2223-2023-01-21-sevilla-cadiz,SP1,2223,2023-01-21,sevilla,cadiz,87,0,away,cadiz,sevilla,0,0,1,0,0,1,0,ok,espn
SP1-2223-2023-01-22-villarreal-girona,SP1,2223,2023-01-22,villarreal,girona,78,0,away,girona,villarreal,0,0,1,0,0,1,0,ok,espn
I1-2223-2023-01-23-inter-empoli,I1,2223,2023-01-23,inter,empoli,40,0,home,inter,empoli,0,0,1,0,0,0,1,ok,espn
D1-2223-2023-01-24-hoffenheim-stuttgart,D1,2223,2023-01-24,hoffenheim,stuttgart,78,0,away,stuttgart,hoffenheim,2,1,1,0,0,2,2,ok,espn
SP1-2223-2023-01-28-sevilla-elche,SP1,2223,2023-01-28,sevilla,elche,41,0,away,elche,sevilla,0,1,1,0,0,3,0,ok,espn
F1-2223-2023-01-29-paris-sg-reims,F1,2223,2023-01-29,paris sg,reims,59,0,home,paris sg,reims,1,0,1,0,0,1,1,ok,espn
F1-2223-2023-01-29-strasbourg-toulouse,F1,2223,2023-01-29,strasbourg,toulouse,90,3,home,strasbourg,toulouse,1,2,1,0,0,1,2,ok,espn
F1-2223-2023-02-01-angers-ajaccio,F1,2223,2023-02-01,angers,ajaccio,78,0,home,angers,ajaccio,1,1,1,0,0,1,2,ok,espn
SP1-2223-2023-02-01-betis-barcelona,SP1,2223,2023-02-01,betis,barcelona,90,5,home,betis,barcelona,1,2,1,0,0,1,2,ok,espn
SP1-2223-2023-02-02-real-madrid-valencia,SP1,2223,2023-02-02,real madrid,valencia,72,0,away,valencia,real madrid,0,2,1,0,0,2,0,ok,espn
SP1-2223-2023-02-03-ath-bilbao-cadiz,SP1,2223,2023-02-03,ath bilbao,cadiz,57,0,home,ath bilbao,cadiz,3,1,1,0,0,4,1,ok,espn
D1-2223-2023-02-04-dortmund-freiburg,D1,2223,2023-02-04,dortmund,freiburg,17,0,away,freiburg,dortmund,0,0,1,0,0,5,1,ok,espn
E0-2223-2023-02-04-man-united-crystal-palace,E0,2223,2023-02-04,Manchester United,Crystal Palace,70,0,home,Manchester United,Crystal Palace,2,0,1,0,0,2,1,ok,espn
I1-2223-2023-02-04-sassuolo-atalanta,I1,2223,2023-02-04,sassuolo,atalanta,30,0,away,atalanta,sassuolo,0,0,1,0,0,1,0,ok,espn
I1-2223-2023-02-04-sassuolo-atalanta,I1,2223,2023-02-04,sassuolo,atalanta,90,6,away,atalanta,sassuolo,0,1,0,1,0,1,0,ok,espn
SP1-2223-2023-02-04-betis-celta,SP1,2223,2023-02-04,betis,celta,90,5,home,betis,celta,3,4,1,0,0,3,4,ok,espn
SP1-2223-2023-02-04-espanol-osasuna,SP1,2223,2023-02-04,espanol,osasuna,45,4,home,espanol,osasuna,0,1,1,0,0,1,1,ok,espn
SP1-2223-2023-02-04-espanol-osasuna,SP1,2223,2023-02-04,espanol,osasuna,45,4,away,osasuna,espanol,1,0,0,0,1,1,1,ok,espn
D1-2223-2023-02-05-wolfsburg-bayern-munich,D1,2223,2023-02-05,wolfsburg,bayern munich,54,0,away,bayern munich,wolfsburg,3,1,1,0,0,2,4,ok,espn
E0-2223-2023-02-05-tottenham-man-city,E0,2223,2023-02-05,Tottenham,Manchester City,87,0,home,Tottenham,Manchester City,1,0,1,0,0,1,0,ok,espn
F1-2223-2023-02-05-ajaccio-nantes,F1,2223,2023-02-05,ajaccio,nantes,88,0,home,ajaccio,nantes,0,1,1,0,0,0,2,ok,espn
F1-2223-2023-02-05-strasbourg-montpellier,F1,2223,2023-02-05,strasbourg,montpellier,33,0,home,strasbourg,montpellier,1,0,1,0,0,2,0,ok,espn
E0-2223-2023-02-11-southampton-wolves,E0,2223,2023-02-11,Southampton,Wolves,27,0,away,Wolves,Southampton,0,1,1,0,0,1,2,ok,espn
I1-2223-2023-02-11-empoli-spezia,I1,2223,2023-02-11,empoli,spezia,21,0,home,empoli,spezia,0,0,1,0,0,2,2,ok,espn
I1-2223-2023-02-11-empoli-spezia,I1,2223,2023-02-11,empoli,spezia,49,0,away,spezia,empoli,2,0,0,0,1,2,2,ok,espn
SP1-2223-2023-02-12-celta-ath-madrid,SP1,2223,2023-02-12,celta,ath madrid,70,0,away,ath madrid,celta,0,0,1,0,0,0,1,ok,espn
SP1-2223-2023-02-12-getafe-vallecano,SP1,2223,2023-02-12,getafe,vallecano,54,0,home,getafe,vallecano,0,1,1,0,0,1,1,ok,espn
SP1-2223-2023-02-13-espanol-sociedad,SP1,2223,2023-02-13,espanol,sociedad,90,4,home,espanol,sociedad,2,3,1,0,0,2,3,ok,espn
D1-2223-2023-02-18-bochum-freiburg,D1,2223,2023-02-18,bochum,freiburg,63,0,home,bochum,freiburg,0,2,1,0,0,0,2,ok,espn
D1-2223-2023-02-18-m-gladbach-bayern-munich,D1,2223,2023-02-18,m gladbach,bayern munich,8,0,away,bayern munich,m gladbach,0,0,1,0,0,3,2,ok,espn
E0-2223-2023-02-18-newcastle-liverpool,E0,2223,2023-02-18,Newcastle,Liverpool,22,0,home,Newcastle,Liverpool,0,2,1,0,0,0,2,ok,espn
SP1-2223-2023-02-18-mallorca-villarreal,SP1,2223,2023-02-18,mallorca,villarreal,21,0,away,villarreal,mallorca,0,1,1,0,0,4,2,ok,espn
SP1-2223-2023-02-18-sociedad-celta,SP1,2223,2023-02-18,sociedad,celta,75,0,away,celta,sociedad,0,1,1,0,0,1,1,ok,espn
D1-2223-2023-02-19-leverkusen-mainz,D1,2223,2023-02-19,leverkusen,mainz,80,0,home,leverkusen,mainz,2,2,1,0,0,2,3,ok,espn
F1-2223-2023-02-19-troyes-montpellier,F1,2223,2023-02-19,troyes,montpellier,67,0,home,troyes,montpellier,0,0,1,0,0,0,1,ok,espn
F1-2223-2023-02-19-troyes-montpellier,F1,2223,2023-02-19,troyes,montpellier,73,0,away,montpellier,troyes,0,0,0,0,1,0,1,ok,espn
I1-2223-2023-02-19-salernitana-lazio,I1,2223,2023-02-19,salernitana,lazio,88,0,home,salernitana,lazio,0,2,1,0,0,0,2,ok,espn
SP1-2223-2023-02-19-elche-espanol,SP1,2223,2023-02-19,elche,espanol,81,0,home,elche,espanol,0,0,1,0,0,0,1,ok,espn
F1-2223-2023-02-24-lille-brest,F1,2223,2023-02-24,lille,brest,90,6,away,brest,lille,1,2,1,0,0,2,1,ok,espn
SP1-2223-2023-02-24-elche-betis,SP1,2223,2023-02-24,elche,betis,57,0,home,elche,betis,2,0,1,0,0,2,3,ok,espn
SP1-2223-2023-02-24-elche-betis,SP1,2223,2023-02-24,elche,betis,58,0,home,elche,betis,2,0,0,1,0,2,3,ok,espn
SP1-2223-2023-02-24-elche-betis,SP1,2223,2023-02-24,elche,betis,90,4,home,elche,betis,2,2,0,2,0,2,3,ok,espn
I1-2223-2023-02-25-empoli-napoli,I1,2223,2023-02-25,empoli,napoli,67,0,away,napoli,empoli,2,0,1,0,0,0,2,ok,espn
SP1-2223-2023-02-25-cadiz-vallecano,SP1,2223,2023-02-25,cadiz,vallecano,90,6,away,vallecano,cadiz,0,1,1,0,0,1,0,ok,espn
SP1-2223-2023-02-25-real-madrid-ath-madrid,SP1,2223,2023-02-25,real madrid,ath madrid,64,0,away,ath madrid,real madrid,0,0,1,0,0,1,1,ok,espn
F1-2223-2023-02-26-ajaccio-troyes,F1,2223,2023-02-26,ajaccio,troyes,76,0,away,troyes,ajaccio,1,2,1,0,0,2,1,ok,espn
I1-2223-2023-02-26-salernitana-monza,I1,2223,2023-02-26,salernitana,monza,87,0,away,monza,salernitana,0,3,1,0,0,3,0,ok,espn
SP1-2223-2023-02-26-celta-valladolid,SP1,2223,2023-02-26,celta,valladolid,84,0,away,valladolid,celta,0,3,1,0,0,3,0,ok,espn
SP1-2223-2023-02-26-sevilla-osasuna,SP1,2223,2023-02-26,sevilla,osasuna,90,4,home,sevilla,osasuna,2,3,1,0,0,2,3,ok,espn
D1-2223-2023-03-04-m-gladbach-freiburg,D1,2223,2023-03-04,m gladbach,freiburg,87,0,home,m gladbach,freiburg,0,0,1,0,0,0,0,ok,espn
E0-2223-2023-03-04-aston-villa-crystal-palace,E0,2223,2023-03-04,Aston Villa,Crystal Palace,62,0,away,Crystal Palace,Aston Villa,0,1,1,0,0,1,0,ok,espn
SP1-2223-2023-03-04-ath-madrid-sevilla,SP1,2223,2023-03-04,ath madrid,sevilla,80,0,away,sevilla,ath madrid,1,5,1,0,0,6,1,ok,espn
F1-2223-2023-03-05-montpellier-angers,F1,2223,2023-03-05,montpellier,angers,57,0,away,angers,montpellier,0,4,1,0,0,5,0,ok,espn
I1-2223-2023-03-05-roma-juventus,I1,2223,2023-03-05,roma,juventus,90,0,away,juventus,roma,0,1,1,0,0,1,0,ok,espn
I1-2223-2023-03-05-spezia-verona,I1,2223,2023-03-05,spezia,verona,82,0,home,spezia,verona,0,0,1,0,0,0,0,ok,espn
SP1-2223-2023-03-05-barcelona-valencia,SP1,2223,2023-03-05,barcelona,valencia,59,0,home,barcelona,valencia,1,0,1,0,0,1,0,ok,espn
SP1-2223-2023-03-05-vallecano-ath-bilbao,SP1,2223,2023-03-05,vallecano,ath bilbao,90,3,away,ath bilbao,vallecano,0,0,1,0,0,0,0,ok,espn
SP1-2223-2023-03-10-cadiz-getafe,SP1,2223,2023-03-10,cadiz,getafe,80,0,away,getafe,cadiz,1,1,1,0,0,2,2,ok,espn
SP1-2223-2023-03-10-cadiz-getafe,SP1,2223,2023-03-10,cadiz,getafe,90,16,home,cadiz,getafe,2,2,0,0,1,2,2,ok,espn
E0-2223-2023-03-11-leicester-chelsea,E0,2223,2023-03-11,Leicester,Chelsea,87,0,home,Leicester,Chelsea,1,3,1,0,0,1,3,ok,espn
SP1-2223-2023-03-11-elche-valladolid,SP1,2223,2023-03-11,elche,valladolid,90,10,away,valladolid,elche,1,1,1,0,0,1,1,ok,espn
SP1-2223-2023-03-11-elche-valladolid,SP1,2223,2023-03-11,elche,valladolid,90,11,away,valladolid,elche,1,1,0,1,0,1,1,ok,espn
D1-2223-2023-03-12-freiburg-hoffenheim,D1,2223,2023-03-12,freiburg,hoffenheim,84,0,away,hoffenheim,freiburg,1,1,1,0,0,2,1,ok,espn
F1-2223-2023-03-12-marseille-strasbourg,F1,2223,2023-03-12,marseille,strasbourg,29,0,home,marseille,strasbourg,0,0,1,0,0,2,2,ok,espn
I1-2223-2023-03-12-roma-sassuolo,I1,2223,2023-03-12,roma,sassuolo,45,2,home,roma,sassuolo,1,2,1,0,0,3,4,ok,espn
SP1-2223-2023-03-12-mallorca-sociedad,SP1,2223,2023-03-12,mallorca,sociedad,90,0,away,sociedad,mallorca,1,1,1,0,0,1,1,ok,espn
D1-2223-2023-03-18-augsburg-schalke-04,D1,2223,2023-03-18,augsburg,schalke 04,53,0,home,augsburg,schalke 04,1,0,1,0,0,1,1,ok,espn
D1-2223-2023-03-18-hoffenheim-hertha,D1,2223,2023-03-18,hoffenheim,hertha,71,0,home,hoffenheim,hertha,3,0,1,0,0,3,1,ok,espn
E0-2223-2023-03-18-brentford-leicester,E0,2223,2023-03-18,Brentford,Leicester,90,2,home,Brentford,Leicester,1,1,1,0,0,1,1,ok,espn
E0-2223-2023-03-18-wolves-leeds,E0,2223,2023-03-18,Wolves,Leeds,84,0,home,Wolves,Leeds,2,3,1,0,0,2,4,ok,espn
E0-2223-2023-03-18-wolves-leeds,E0,2223,2023-03-18,Wolves,Leeds,90,10,home,Wolves,Leeds,2,4,0,1,0,2,4,ok,espn
F1-2223-2023-03-19-ajaccio-monaco,F1,2223,2023-03-19,ajaccio,monaco,53,0,home,ajaccio,monaco,0,1,1,0,0,0,2,ok,espn
F1-2223-2023-03-19-montpellier-clermont,F1,2223,2023-03-19,montpellier,clermont,90,2,home,montpellier,clermont,2,1,1,0,0,2,1,ok,espn
F1-2223-2023-03-19-nice-lorient,F1,2223,2023-03-19,nice,lorient,90,3,away,lorient,nice,1,1,1,0,0,1,1,ok,espn
I1-2223-2023-03-19-inter-juventus,I1,2223,2023-03-19,inter,juventus,90,8,away,juventus,inter,1,0,1,0,0,0,1,ok,espn
I1-2223-2023-03-19-inter-juventus,I1,2223,2023-03-19,inter,juventus,90,8,home,inter,juventus,0,1,0,0,1,0,1,ok,espn
I1-2223-2023-03-19-lazio-roma,I1,2223,2023-03-19,lazio,roma,32,0,away,roma,lazio,0,0,1,0,0,1,0,ok,espn
I1-2223-2023-03-19-lazio-roma,I1,2223,2023-03-19,lazio,roma,90,7,away,roma,lazio,0,1,0,1,0,1,0,ok,espn
I1-2223-2023-03-19-lazio-roma,I1,2223,2023-03-19,lazio,roma,90,7,home,lazio,roma,1,0,0,0,2,1,0,ok,espn
SP1-2223-2023-03-31-mallorca-osasuna,SP1,2223,2023-03-31,mallorca,osasuna,69,0,home,mallorca,osasuna,0,0,1,0,0,0,0,ok,espn
SP1-2223-2023-04-01-girona-espanol,SP1,2223,2023-04-01,girona,espanol,71,0,home,girona,espanol,1,0,1,0,0,2,1,ok,espn
SP1-2223-2023-04-01-girona-espanol,SP1,2223,2023-04-01,girona,espanol,83,0,away,espanol,girona,1,1,0,0,1,2,1,ok,espn
F1-2223-2023-04-02-brest-toulouse,F1,2223,2023-04-02,brest,toulouse,83,0,away,toulouse,brest,1,2,1,0,0,3,1,ok,espn
F1-2223-2023-04-02-clermont-ajaccio,F1,2223,2023-04-02,clermont,ajaccio,77,0,away,ajaccio,clermont,1,1,1,0,0,2,1,ok,espn
F1-2223-2023-04-02-lille-lorient,F1,2223,2023-04-02,lille,lorient,79,0,away,lorient,lille,1,1,1,0,0,3,1,ok,espn
F1-2223-2023-04-02-monaco-strasbourg,F1,2223,2023-04-02,monaco,strasbourg,78,0,home,monaco,strasbourg,4,2,1,0,0,4,3,ok,espn
I1-2223-2023-04-02-roma-sampdoria,I1,2223,2023-04-02,roma,sampdoria,52,0,away,sampdoria,roma,0,0,1,0,0,3,0,ok,espn
SP1-2223-2023-04-02-villarreal-sociedad,SP1,2223,2023-04-02,villarreal,sociedad,90,1,home,villarreal,sociedad,2,0,1,0,0,2,0,ok,espn
E0-2223-2023-04-03-everton-tottenham,E0,2223,2023-04-03,Everton,Tottenham,58,0,home,Everton,Tottenham,0,0,1,0,0,1,1,ok,espn
E0-2223-2023-04-03-everton-tottenham,E0,2223,2023-04-03,Everton,Tottenham,88,0,away,Tottenham,Everton,1,0,0,0,1,1,1,ok,espn
I1-2223-2023-04-03-empoli-lecce,I1,2223,2023-04-03,empoli,lecce,90,0,home,empoli,lecce,1,0,1,0,0,1,0,ok,espn
E0-2223-2023-04-04-leicester-aston-villa,E0,2223,2023-04-04,Leicester,Aston Villa,70,0,home,Leicester,Aston Villa,1,1,1,0,0,1,2,ok,espn
F1-2223-2023-04-07-lens-strasbourg,F1,2223,2023-04-07,lens,strasbourg,90,4,away,strasbourg,lens,1,2,1,0,0,2,1,ok,espn
SP1-2223-2023-04-07-sevilla-celta,SP1,2223,2023-04-07,sevilla,celta,19,0,home,sevilla,celta,0,0,1,0,0,2,2,ok,espn
SP1-2223-2023-04-07-sevilla-celta,SP1,2223,2023-04-07,sevilla,celta,90,5,home,sevilla,celta,2,2,0,1,0,2,2,ok,espn
SP1-2223-2023-04-08-espanol-ath-bilbao,SP1,2223,2023-04-08,espanol,ath bilbao,90,1,home,espanol,ath bilbao,1,2,1,0,0,1,2,ok,espn
SP1-2223-2023-04-09-betis-cadiz,SP1,2223,2023-04-09,betis,cadiz,38,0,home,betis,cadiz,0,0,1,0,0,0,2,ok,espn
SP1-2223-2023-04-09-betis-cadiz,SP1,2223,2023-04-09,betis,cadiz,60,0,home,betis,cadiz,0,2,0,1,0,0,2,ok,espn
SP1-2223-2023-04-09-vallecano-ath-madrid,SP1,2223,2023-04-09,vallecano,ath madrid,62,0,home,vallecano,ath madrid,0,2,1,0,0,1,2,ok,espn
I1-2223-2023-04-14-spezia-lazio,I1,2223,2023-04-14,spezia,lazio,84,0,home,spezia,lazio,0,2,1,0,0,0,3,ok,espn
D1-2223-2023-04-15-stuttgart-dortmund,D1,2223,2023-04-15,stuttgart,dortmund,39,0,home,stuttgart,dortmund,0,2,1,0,0,3,3,ok,espn
F1-2223-2023-04-15-paris-sg-lens,F1,2223,2023-04-15,paris sg,lens,19,0,away,lens,paris sg,0,0,1,0,0,3,1,ok,espn
D1-2223-2023-04-16-union-berlin-bochum,D1,2223,2023-04-16,union berlin,bochum,61,0,home,union berlin,bochum,1,1,1,0,0,1,1,ok,espn
F1-2223-2023-04-16-clermont-angers,F1,2223,2023-04-16,clermont,angers,45,2,home,clermont,angers,2,1,1,0,0,2,1,ok,espn
F1-2223-2023-04-16-clermont-angers,F1,2223,2023-04-16,clermont,angers,90,6,home,clermont,angers,2,1,0,1,0,2,1,ok,espn
SP1-2223-2023-04-16-girona-elche,SP1,2223,2023-04-16,girona,elche,90,2,away,elche,girona,0,2,1,0,0,2,0,ok,espn
SP1-2223-2023-04-16-valencia-sevilla,SP1,2223,2023-04-16,valencia,sevilla,84,0,home,valencia,sevilla,0,2,1,0,0,0,2,ok,espn
SP1-2223-2023-04-17-celta-mallorca,SP1,2223,2023-04-17,celta,mallorca,90,3,home,celta,mallorca,0,1,1,0,0,0,1,ok,espn
E0-2223-2023-04-22-crystal-palace-everton,E0,2223,2023-04-22,Crystal Palace,Everton,80,0,away,Everton,Crystal Palace,0,0,1,0,0,0,0,ok,espn
D1-2223-2023-04-23-leverkusen-rb-leipzig,D1,2223,2023-04-23,leverkusen,rb leipzig,85,0,away,rb leipzig,leverkusen,0,1,1,0,0,2,0,ok,espn
F1-2223-2023-04-23-ajaccio-brest,F1,2223,2023-04-23,ajaccio,brest,66,0,home,ajaccio,brest,0,0,1,0,0,0,0,ok,espn
F1-2223-2023-04-23-montpellier-rennes,F1,2223,2023-04-23,montpellier,rennes,53,0,home,montpellier,rennes,0,0,1,0,0,1,0,ok,espn
SP1-2223-2023-04-25-cadiz-osasuna,SP1,2223,2023-04-25,cadiz,osasuna,85,0,away,osasuna,cadiz,1,0,1,0,0,0,1,ok,espn
SP1-2223-2023-04-26-getafe-almeria,SP1,2223,2023-04-26,getafe,almeria,45,3,home,getafe,almeria,0,1,1,0,0,1,2,ok,espn
SP1-2223-2023-04-27-villarreal-espanol,SP1,2223,2023-04-27,villarreal,espanol,90,5,away,espanol,villarreal,2,4,1,0,0,4,2,ok,espn
F1-2223-2023-04-28-strasbourg-lyon,F1,2223,2023-04-28,strasbourg,lyon,90,2,away,lyon,strasbourg,2,1,1,0,0,1,2,ok,espn
D1-2223-2023-04-29-stuttgart-m-gladbach,D1,2223,2023-04-29,stuttgart,m gladbach,82,0,away,m gladbach,stuttgart,1,1,1,0,0,2,1,ok,espn
SP1-2223-2023-04-29-barcelona-betis,SP1,2223,2023-04-29,barcelona,betis,33,0,away,betis,barcelona,0,1,1,0,0,4,0,ok,espn
SP1-2223-2023-04-29-elche-vallecano,SP1,2223,2023-04-29,elche,vallecano,27,0,away,vallecano,elche,0,0,1,0,0,4,0,ok,espn
F1-2223-2023-04-30-clermont-reims,F1,2223,2023-04-30,clermont,reims,80,0,home,clermont,reims,1,0,1,0,0,1,0,ok,espn
F1-2223-2023-04-30-paris-sg-lorient,F1,2223,2023-04-30,paris sg,lorient,20,0,home,paris sg,lorient,0,1,1,0,0,1,3,ok,espn
I1-2223-2023-04-30-cremonese-verona,I1,2223,2023-04-30,cremonese,verona,62,0,home,cremonese,verona,1,0,1,0,0,1,1,ok,espn
I1-2223-2023-04-30-sassuolo-empoli,I1,2223,2023-04-30,sassuolo,empoli,74,0,home,sassuolo,empoli,0,1,1,0,0,2,1,ok,espn
SP1-2223-2023-05-02-barcelona-osasuna,SP1,2223,2023-05-02,barcelona,osasuna,27,0,away,osasuna,barcelona,0,0,1,0,0,1,0,ok,espn
SP1-2223-2023-05-02-sociedad-real-madrid,SP1,2223,2023-05-02,sociedad,real madrid,61,0,away,real madrid,sociedad,0,1,1,0,0,2,0,ok,espn
I1-2223-2023-05-03-milan-cremonese,I1,2223,2023-05-03,milan,cremonese,90,6,away,cremonese,milan,1,1,1,0,0,1,1,ok,espn
I1-2223-2023-05-03-monza-roma,I1,2223,2023-05-03,monza,roma,90,5,away,roma,monza,1,1,1,0,0,1,1,ok,espn
I1-2223-2023-05-03-sampdoria-torino,I1,2223,2023-05-03,sampdoria,torino,90,7,home,sampdoria,torino,0,2,1,0,0,0,2,ok,espn
SP1-2223-2023-05-03-getafe-celta,SP1,2223,2023-05-03,getafe,celta,77,0,away,celta,getafe,0,1,1,0,0,1,0,ok,espn
SP1-2223-2023-05-04-ath-bilbao-betis,SP1,2223,2023-05-04,ath bilbao,betis,90,3,home,ath bilbao,betis,0,1,1,0,0,0,1,ok,espn
D1-2223-2023-05-06-hoffenheim-ein-frankfurt,D1,2223,2023-05-06,hoffenheim,ein frankfurt,48,0,home,hoffenheim,ein frankfurt,3,0,1,0,0,3,1,ok,espn
F1-2223-2023-05-07-lorient-brest,F1,2223,2023-05-07,lorient,brest,90,6,home,lorient,brest,2,1,1,0,0,2,1,ok,espn
F1-2223-2023-05-12-lens-reims,F1,2223,2023-05-12,lens,reims,19,0,home,lens,reims,0,0,1,0,0,2,1,ok,espn
E0-2223-2023-05-13-leeds-newcastle,E0,2223,2023-05-13,Leeds,Newcastle,90,1,home,Leeds,Newcastle,2,2,1,0,0,2,2,ok,espn
F1-2223-2023-05-13-paris-sg-ajaccio,F1,2223,2023-05-13,paris sg,ajaccio,77,0,home,paris sg,ajaccio,5,0,1,0,0,5,0,ok,espn
F1-2223-2023-05-13-paris-sg-ajaccio,F1,2223,2023-05-13,paris sg,ajaccio,80,0,away,ajaccio,paris sg,0,5,0,0,1,5,0,ok,espn
SP1-2223-2023-05-13-sociedad-girona,SP1,2223,2023-05-13,sociedad,girona,87,0,away,girona,sociedad,2,2,1,0,0,2,2,ok,espn
I1-2223-2023-05-14-fiorentina-udinese,I1,2223,2023-05-14,fiorentina,udinese,90,6,home,fiorentina,udinese,2,0,1,0,0,2,0,ok,espn
I1-2223-2023-05-14-fiorentina-udinese,I1,2223,2023-05-14,fiorentina,udinese,90,6,away,udinese,fiorentina,0,2,0,0,1,2,0,ok,espn
SP1-2223-2023-05-14-celta-valencia,SP1,2223,2023-05-14,celta,valencia,90,3,away,valencia,celta,2,1,1,0,0,1,2,ok,espn
SP1-2223-2023-05-15-betis-vallecano,SP1,2223,2023-05-15,betis,vallecano,90,8,away,vallecano,betis,1,3,1,0,0,3,1,ok,espn
D1-2223-2023-05-19-freiburg-wolfsburg,D1,2223,2023-05-19,freiburg,wolfsburg,90,2,home,freiburg,wolfsburg,2,0,1,0,0,2,0,ok,espn
I1-2223-2023-05-19-sassuolo-monza,I1,2223,2023-05-19,sassuolo,monza,68,0,home,sassuolo,monza,1,1,1,0,0,1,2,ok,espn
SP1-2223-2023-05-19-cadiz-valladolid,SP1,2223,2023-05-19,cadiz,valladolid,80,0,away,valladolid,cadiz,0,2,1,0,0,2,0,ok,espn
I1-2223-2023-05-20-cremonese-bologna,I1,2223,2023-05-20,cremonese,bologna,73,0,away,bologna,cremonese,4,0,1,0,0,1,5,ok,espn
D1-2223-2023-05-21-augsburg-dortmund,D1,2223,2023-05-21,augsburg,dortmund,38,0,home,augsburg,dortmund,0,0,1,0,0,0,3,ok,espn
D1-2223-2023-05-21-leverkusen-m-gladbach,D1,2223,2023-05-21,leverkusen,m gladbach,90,4,home,leverkusen,m gladbach,2,2,1,0,0,2,2,ok,espn
F1-2223-2023-05-21-ajaccio-rennes,F1,2223,2023-05-21,ajaccio,rennes,63,0,home,ajaccio,rennes,0,4,1,0,0,0,5,ok,espn
F1-2223-2023-05-21-troyes-strasbourg,F1,2223,2023-05-21,troyes,strasbourg,58,0,home,troyes,strasbourg,0,1,1,0,0,1,1,ok,espn
F1-2223-2023-05-21-troyes-strasbourg,F1,2223,2023-05-21,troyes,strasbourg,72,0,away,strasbourg,troyes,1,0,0,0,1,1,1,ok,espn
I1-2223-2023-05-21-napoli-inter,I1,2223,2023-05-21,napoli,inter,41,0,away,inter,napoli,0,0,1,0,0,3,1,ok,espn
SP1-2223-2023-05-21-sevilla-betis,SP1,2223,2023-05-21,sevilla,betis,87,0,away,betis,sevilla,0,0,1,0,0,0,0,ok,espn
SP1-2223-2023-05-21-valencia-real-madrid,SP1,2223,2023-05-21,valencia,real madrid,90,7,away,real madrid,valencia,0,1,1,0,0,1,0,ok,espn
SP1-2223-2023-05-23-sociedad-almeria,SP1,2223,2023-05-23,sociedad,almeria,36,0,away,almeria,sociedad,0,0,1,0,0,1,0,ok,espn
SP1-2223-2023-05-24-betis-getafe,SP1,2223,2023-05-24,betis,getafe,78,0,home,betis,getafe,0,1,1,0,0,0,1,ok,espn
SP1-2223-2023-05-24-elche-sevilla,SP1,2223,2023-05-24,elche,sevilla,18,0,away,sevilla,elche,1,0,1,0,0,1,1,ok,espn
D1-2223-2023-05-27-bochum-leverkusen,D1,2223,2023-05-27,bochum,leverkusen,8,0,away,leverkusen,bochum,0,0,1,0,0,3,0,ok,espn
D1-2223-2023-05-27-m-gladbach-augsburg,D1,2223,2023-05-27,m gladbach,augsburg,45,3,away,augsburg,m gladbach,0,2,1,0,0,2,0,ok,espn
F1-2223-2023-05-27-lyon-reims,F1,2223,2023-05-27,lyon,reims,54,0,away,reims,lyon,0,2,1,0,0,3,0,ok,espn
I1-2223-2023-05-27-salernitana-udinese,I1,2223,2023-05-27,salernitana,udinese,87,0,away,udinese,salernitana,2,2,1,0,0,3,2,ok,espn
SP1-2223-2023-05-27-sevilla-real-madrid,SP1,2223,2023-05-27,sevilla,real madrid,83,0,home,sevilla,real madrid,1,2,1,0,0,1,2,ok,espn
SP1-2223-2023-05-28-barcelona-mallorca,SP1,2223,2023-05-28,barcelona,mallorca,14,0,away,mallorca,barcelona,0,1,1,0,0,3,0,ok,espn
I1-2223-2023-06-02-sassuolo-fiorentina,I1,2223,2023-06-02,sassuolo,fiorentina,81,0,home,sassuolo,fiorentina,1,2,1,0,0,1,3,ok,espn
I1-2223-2023-06-02-sassuolo-fiorentina,I1,2223,2023-06-02,sassuolo,fiorentina,87,0,home,sassuolo,fiorentina,1,3,0,1,0,1,3,ok,espn
I1-2223-2023-06-03-empoli-lazio,I1,2223,2023-06-03,empoli,lazio,89,0,home,empoli,lazio,0,1,1,0,0,0,2,ok,espn
I1-2223-2023-06-04-atalanta-monza,I1,2223,2023-06-04,atalanta,monza,70,0,away,monza,atalanta,1,2,1,0,0,5,2,ok,espn
I1-2223-2023-06-04-roma-spezia,I1,2223,2023-06-04,roma,spezia,88,0,away,spezia,roma,1,1,1,0,0,2,1,ok,espn
SP1-2223-2023-06-04-betis-valencia,SP1,2223,2023-06-04,betis,valencia,81,0,away,valencia,betis,1,1,1,0,0,1,1,ok,espn
SP1-2223-2023-06-04-villarreal-ath-madrid,SP1,2223,2023-06-04,villarreal,ath madrid,70,0,away,ath madrid,villarreal,2,1,1,0,0,2,2,ok,espn
E0-2324-2023-08-11-burnley-man-city,E0,2324,2023-08-11,Burnley,Manchester City,90,4,home,Burnley,Manchester City,0,3,1,0,0,0,3,ok,espn
SP1-2324-2023-08-11-sevilla-valencia,SP1,2324,2023-08-11,sevilla,valencia,81,0,home,sevilla,valencia,1,1,1,0,0,1,2,ok,espn
F1-2324-2023-08-13-brest-lens,F1,2324,2023-08-13,brest,lens,82,0,away,lens,brest,2,2,1,0,0,3,2,ok,espn
SP1-2324-2023-08-13-getafe-barcelona,SP1,2324,2023-08-13,getafe,barcelona,42,0,away,barcelona,getafe,0,0,1,0,0,0,0,ok,espn
SP1-2324-2023-08-13-getafe-barcelona,SP1,2324,2023-08-13,getafe,barcelona,57,0,home,getafe,barcelona,0,0,0,0,1,0,0,ok,espn
SP1-2324-2023-08-14-cadiz-alaves,SP1,2324,2023-08-14,cadiz,alaves,88,0,home,cadiz,alaves,1,0,1,0,0,1,0,ok,espn
F1-2324-2023-08-18-metz-marseille,F1,2324,2023-08-18,metz,marseille,59,0,home,metz,marseille,0,1,1,0,0,2,2,ok,espn
E0-2324-2023-08-19-fulham-brentford,E0,2324,2023-08-19,Fulham,Brentford,64,0,home,Fulham,Brentford,0,1,1,0,0,0,3,ok,espn
E0-2324-2023-08-19-liverpool-bournemouth,E0,2324,2023-08-19,Liverpool,Bournemouth,58,0,home,Liverpool,Bournemouth,2,1,1,0,0,3,1,ok,espn
E0-2324-2023-08-19-wolves-brighton,E0,2324,2023-08-19,Wolves,Brighton,90,5,home,Wolves,Brighton,1,4,1,0,0,1,4,ok,espn
F1-2324-2023-08-19-lyon-montpellier,F1,2324,2023-08-19,lyon,montpellier,80,0,home,lyon,montpellier,1,3,1,0,0,1,4,ok,espn
SP1-2324-2023-08-19-osasuna-ath-bilbao,SP1,2324,2023-08-19,osasuna,ath bilbao,59,0,away,ath bilbao,osasuna,2,0,1,0,0,0,2,ok,espn
SP1-2324-2023-08-19-osasuna-ath-bilbao,SP1,2324,2023-08-19,osasuna,ath bilbao,90,4,home,osasuna,ath bilbao,0,2,0,0,1,0,2,ok,espn
E0-2324-2023-08-20-west-ham-chelsea,E0,2324,2023-08-20,West Ham,Chelsea,67,0,home,West Ham,Chelsea,2,1,1,0,0,3,1,ok,espn
F1-2324-2023-08-20-lille-nantes,F1,2324,2023-08-20,lille,nantes,78,0,home,lille,nantes,1,0,1,0,0,2,0,ok,espn
E0-2324-2023-08-21-crystal-palace-arsenal,E0,2324,2023-08-21,Crystal Palace,Arsenal,67,0,away,Arsenal,Crystal Palace,1,0,1,0,0,0,1,ok,espn
SP1-2324-2023-08-21-granada-vallecano,SP1,2324,2023-08-21,granada,vallecano,86,0,home,granada,vallecano,0,2,1,0,0,0,2,ok,espn
D1-2324-2023-08-26-darmstadt-union-berlin,D1,2324,2023-08-26,darmstadt,union berlin,21,0,away,union berlin,darmstadt,1,0,1,0,0,1,4,ok,espn
E0-2324-2023-08-26-arsenal-fulham,E0,2324,2023-08-26,Arsenal,Fulham,83,0,away,Fulham,Arsenal,1,2,1,0,0,2,2,ok,espn
E0-2324-2023-08-26-man-united-nott-m-forest,E0,2324,2023-08-26,Manchester United,Nottingham Forest,67,0,away,Nottingham Forest,Manchester United,2,2,1,0,0,3,2,ok,espn
I1-2324-2023-08-26-verona-roma,I1,2324,2023-08-26,verona,roma,84,0,home,verona,roma,2,1,1,0,0,2,1,ok,espn
SP1-2324-2023-08-26-cadiz-almeria,SP1,2324,2023-08-26,cadiz,almeria,50,0,away,almeria,cadiz,0,0,1,0,0,1,1,ok,espn
SP1-2324-2023-08-26-cadiz-almeria,SP1,2324,2023-08-26,cadiz,almeria,90,10,home,cadiz,almeria,1,1,0,0,1,1,1,ok,espn
D1-2324-2023-08-27-mainz-ein-frankfurt,D1,2324,2023-08-27,mainz,ein frankfurt,61,0,away,ein frankfurt,mainz,0,1,1,0,0,1,1,ok,espn
E0-2324-2023-08-27-newcastle-liverpool,E0,2324,2023-08-27,Newcastle,Liverpool,28,0,away,Liverpool,Newcastle,0,1,1,0,0,1,2,ok,espn
F1-2324-2023-08-27-rennes-le-havre,F1,2324,2023-08-27,rennes,le havre,62,0,away,le havre,rennes,1,2,1,0,0,2,2,ok,espn
I1-2324-2023-08-27-napoli-sassuolo,I1,2324,2023-08-27,napoli,sassuolo,51,0,away,sassuolo,napoli,0,1,1,0,0,2,0,ok,espn
F1-2324-2023-09-01-nantes-marseille,F1,2324,2023-09-01,nantes,marseille,9,0,home,nantes,marseille,0,1,1,0,0,1,1,ok,espn
I1-2324-2023-09-01-roma-milan,I1,2324,2023-09-01,roma,milan,61,0,away,milan,roma,2,0,1,0,0,1,2,ok,espn
SP1-2324-2023-09-01-cadiz-villarreal,SP1,2324,2023-09-01,cadiz,villarreal,22,0,away,villarreal,cadiz,1,1,1,0,0,3,1,ok,espn
D1-2324-2023-09-03-union-berlin-rb-leipzig,D1,2324,2023-09-03,union berlin,rb leipzig,64,0,home,union berlin,rb leipzig,0,1,1,0,0,0,3,ok,espn
SP1-2324-2023-09-03-osasuna-barcelona,SP1,2324,2023-09-03,osasuna,barcelona,84,0,home,osasuna,barcelona,1,1,1,0,0,1,2,ok,espn
D1-2324-2023-09-16-freiburg-dortmund,D1,2324,2023-09-16,freiburg,dortmund,82,0,home,freiburg,dortmund,2,2,1,0,0,2,4,ok,espn
D1-2324-2023-09-16-koln-hoffenheim,D1,2324,2023-09-16,koln,hoffenheim,90,1,home,koln,hoffenheim,1,3,1,0,0,1,3,ok,espn
E0-2324-2023-09-16-tottenham-sheffield-united,E0,2324,2023-09-16,Tottenham,Sheffield United,90,14,away,Sheffield United,Tottenham,1,2,1,0,0,2,1,ok,espn
D1-2324-2023-09-17-darmstadt-m-gladbach,D1,2324,2023-09-17,darmstadt,m gladbach,49,0,home,darmstadt,m gladbach,3,0,1,0,0,3,3,ok,espn
I1-2324-2023-09-17-cagliari-udinese,I1,2324,2023-09-17,cagliari,udinese,90,5,home,cagliari,udinese,0,0,1,0,0,0,0,ok,espn
I1-2324-2023-09-17-monza-lecce,I1,2324,2023-09-17,monza,lecce,55,0,away,lecce,monza,1,1,1,0,0,1,1,ok,espn
I1-2324-2023-09-17-monza-lecce,I1,2324,2023-09-17,monza,lecce,85,0,home,monza,lecce,1,1,0,0,1,1,1,ok,espn
E0-2324-2023-09-18-nott-m-forest-burnley,E0,2324,2023-09-18,Nottingham Forest,Burnley,90,4,away,Burnley,Nottingham Forest,1,1,1,0,0,1,1,ok,espn
I1-2324-2023-09-22-lecce-genoa,I1,2324,2023-09-22,lecce,genoa,36,0,away,genoa,lecce,0,0,1,0,0,1,0,ok,espn
D1-2324-2023-09-23-augsburg-mainz,D1,2324,2023-09-23,augsburg,mainz,62,0,home,augsburg,mainz,2,1,1,0,0,2,1,ok,espn
E0-2324-2023-09-23-luton-wolves,E0,2324,2023-09-23,Luton,Wolves,39,0,away,Wolves,Luton,0,0,1,0,0,1,1,ok,espn
E0-2324-2023-09-23-man-city-nott-m-forest,E0,2324,2023-09-23,Manchester City,Nottingham Forest,46,0,home,Manchester City,Nottingham Forest,2,0,1,0,0,2,0,ok,espn
SP1-2324-2023-09-24-las-palmas-granada,SP1,2324,2023-09-24,las palmas,granada,58,0,home,las palmas,granada,0,0,1,0,0,1,0,ok,espn
SP1-2324-2023-09-24-vallecano-villarreal,SP1,2324,2023-09-24,vallecano,villarreal,77,0,away,villarreal,vallecano,1,1,1,0,0,1,1,ok,espn
I1-2324-2023-09-26-juventus-lecce,I1,2324,2023-09-26,juventus,lecce,90,3,away,lecce,juventus,0,1,1,0,0,1,0,ok,espn
SP1-2324-2023-09-26-mallorca-barcelona,SP1,2324,2023-09-26,mallorca,barcelona,90,8,home,mallorca,barcelona,2,2,1,0,0,2,2,ok,espn
SP1-2324-2023-09-27-ath-bilbao-getafe,SP1,2324,2023-09-27,ath bilbao,getafe,45,1,home,ath bilbao,getafe,1,0,1,0,0,2,2,ok,espn
SP1-2324-2023-09-27-cadiz-vallecano,SP1,2324,2023-09-27,cadiz,vallecano,88,0,away,vallecano,cadiz,0,0,1,0,0,0,0,ok,espn
SP1-2324-2023-09-27-valencia-sociedad,SP1,2324,2023-09-27,valencia,sociedad,45,0,home,valencia,sociedad,0,1,1,0,0,0,1,ok,espn
I1-2324-2023-09-28-monza-bologna,I1,2324,2023-09-28,monza,bologna,86,0,away,bologna,monza,0,0,1,0,0,0,0,ok,espn
SP1-2324-2023-09-28-celta-alaves,SP1,2324,2023-09-28,celta,alaves,68,0,home,celta,alaves,1,0,1,0,0,1,1,ok,espn
SP1-2324-2023-09-28-osasuna-ath-madrid,SP1,2324,2023-09-28,osasuna,ath madrid,85,0,home,osasuna,ath madrid,0,2,1,0,0,0,2,ok,espn
SP1-2324-2023-09-28-osasuna-ath-madrid,SP1,2324,2023-09-28,osasuna,ath madrid,85,0,away,ath madrid,osasuna,2,0,0,0,1,0,2,ok,espn
D1-2324-2023-09-29-hoffenheim-dortmund,D1,2324,2023-09-29,hoffenheim,dortmund,71,0,away,dortmund,hoffenheim,2,1,1,0,0,1,3,ok,espn
D1-2324-2023-09-30-wolfsburg-ein-frankfurt,D1,2324,2023-09-30,wolfsburg,ein frankfurt,58,0,away,ein frankfurt,wolfsburg,0,1,1,0,0,2,0,ok,espn
E0-2324-2023-09-30-tottenham-liverpool,E0,2324,2023-09-30,Tottenham,Liverpool,26,0,away,Liverpool,Tottenham,0,0,1,0,0,2,1,ok,espn
E0-2324-2023-09-30-tottenham-liverpool,E0,2324,2023-09-30,Tottenham,Liverpool,69,0,away,Liverpool,Tottenham,1,1,0,1,0,2,1,ok,espn
SP1-2324-2023-09-30-getafe-villarreal,SP1,2324,2023-09-30,getafe,villarreal,23,0,away,villarreal,getafe,0,0,1,0,0,0,0,ok,espn
SP1-2324-2023-09-30-girona-real-madrid,SP1,2324,2023-09-30,girona,real madrid,90,4,away,real madrid,girona,3,0,1,0,0,0,3,ok,espn
E0-2324-2023-10-01-nott-m-forest-brentford,E0,2324,2023-10-01,Nottingham Forest,Brentford,56,0,home,Nottingham Forest,Brentford,0,0,1,0,0,1,1,ok,espn
F1-2324-2023-10-01-rennes-nantes,F1,2324,2023-10-01,rennes,nantes,77,0,away,nantes,rennes,1,2,1,0,0,3,1,ok,espn
I1-2324-2023-10-01-udinese-genoa,I1,2324,2023-10-01,udinese,genoa,90,4,home,udinese,genoa,2,2,1,0,0,2,2,ok,espn
SP1-2324-2023-10-01-alaves-osasuna,SP1,2324,2023-10-01,alaves,osasuna,49,0,home,alaves,osasuna,0,1,1,0,0,0,2,ok,espn
E0-2324-2023-10-07-luton-tottenham,E0,2324,2023-10-07,Luton,Tottenham,45,4,away,Tottenham,Luton,0,0,1,0,0,0,1,ok,espn
I1-2324-2023-10-07-genoa-milan,I1,2324,2023-10-07,genoa,milan,90,8,away,milan,genoa,1,0,1,0,0,0,1,ok,espn
I1-2324-2023-10-07-genoa-milan,I1,2324,2023-10-07,genoa,milan,90,13,home,genoa,milan,0,1,0,0,1,0,1,ok,espn
SP1-2324-2023-10-07-cadiz-girona,SP1,2324,2023-10-07,cadiz,girona,10,0,home,cadiz,girona,0,0,1,0,0,0,1,ok,espn
E0-2324-2023-10-08-wolves-aston-villa,E0,2324,2023-10-08,Wolves,Aston Villa,90,4,home,Wolves,Aston Villa,1,1,1,0,0,1,1,ok,espn
F1-2324-2023-10-08-marseille-le-havre,F1,2324,2023-10-08,marseille,le havre,40,0,away,le havre,marseille,0,2,1,0,0,3,0,ok,espn
SP1-2324-2023-10-08-alaves-betis,SP1,2324,2023-10-08,alaves,betis,90,3,away,betis,alaves,1,1,1,0,0,1,1,ok,espn
SP1-2324-2023-10-08-celta-getafe,SP1,2324,2023-10-08,celta,getafe,30,0,away,getafe,celta,1,1,1,0,0,2,2,ok,espn
SP1-2324-2023-10-20-osasuna-granada,SP1,2324,2023-10-20,osasuna,granada,76,0,away,granada,osasuna,0,2,1,0,0,2,0,ok,espn
E0-2324-2023-10-21-bournemouth-wolves,E0,2324,2023-10-21,Bournemouth,Wolves,54,0,home,Bournemouth,Wolves,1,1,1,0,0,1,2,ok,espn
E0-2324-2023-10-21-brentford-burnley,E0,2324,2023-10-21,Brentford,Burnley,78,0,away,Burnley,Brentford,0,2,1,0,0,3,0,ok,espn
E0-2324-2023-10-21-liverpool-everton,E0,2324,2023-10-21,Liverpool,Everton,37,0,away,Everton,Liverpool,0,0,1,0,0,2,0,ok,espn
E0-2324-2023-10-21-man-city-brighton,E0,2324,2023-10-21,Manchester City,Brighton,90,5,home,Manchester City,Brighton,2,1,1,0,0,2,1,ok,espn
F1-2324-2023-10-21-nice-marseille,F1,2324,2023-10-21,nice,marseille,78,0,away,marseille,nice,0,0,1,0,0,1,0,ok,espn
SP1-2324-2023-10-21-celta-ath-madrid,SP1,2324,2023-10-21,celta,ath madrid,25,0,home,celta,ath madrid,0,0,1,0,0,0,3,ok,espn
D1-2324-2023-10-22-koln-m-gladbach,D1,2324,2023-10-22,koln,m gladbach,72,0,away,m gladbach,koln,1,1,1,0,0,3,1,ok,espn
I1-2324-2023-10-22-bologna-frosinone,I1,2324,2023-10-22,bologna,frosinone,90,3,away,frosinone,bologna,1,2,1,0,0,2,1,ok,espn
I1-2324-2023-10-22-milan-juventus,I1,2324,2023-10-22,milan,juventus,40,0,home,milan,juventus,0,0,1,0,0,0,1,ok,espn
I1-2324-2023-10-22-roma-monza,I1,2324,2023-10-22,roma,monza,41,0,away,monza,roma,0,0,1,0,0,1,0,ok,espn
SP1-2324-2023-10-22-las-palmas-vallecano,SP1,2324,2023-10-22,las palmas,vallecano,90,4,away,vallecano,las palmas,1,0,1,0,0,0,1,ok,espn
SP1-2324-2023-10-23-valencia-cadiz,SP1,2324,2023-10-23,valencia,cadiz,22,0,away,cadiz,valencia,0,1,1,0,0,2,0,ok,espn
D1-2324-2023-10-28-augsburg-wolfsburg,D1,2324,2023-10-28,augsburg,wolfsburg,87,0,home,augsburg,wolfsburg,3,2,1,0,0,3,2,ok,espn
D1-2324-2023-10-28-bayern-munich-darmstadt,D1,2324,2023-10-28,bayern munich,darmstadt,4,0,home,bayern munich,darmstadt,0,0,1,0,0,8,0,ok,espn
D1-2324-2023-10-28-bayern-munich-darmstadt,D1,2324,2023-10-28,bayern munich,darmstadt,21,0,away,darmstadt,bayern munich,0,0,0,0,1,8,0,ok,espn
D1-2324-2023-10-28-bayern-munich-darmstadt,D1,2324,2023-10-28,bayern munich,darmstadt,41,0,away,darmstadt,bayern munich,0,0,0,1,1,8,0,ok,espn
D1-2324-2023-10-28-rb-leipzig-koln,D1,2324,2023-10-28,rb leipzig,koln,80,0,away,koln,rb leipzig,0,4,1,0,0,6,0,ok,espn
D1-2324-2023-10-28-werder-bremen-union-berlin,D1,2324,2023-10-28,werder bremen,union berlin,60,0,away,union berlin,werder bremen,0,1,1,0,0,2,0,ok,espn
I1-2324-2023-10-29-napoli-milan,I1,2324,2023-10-29,napoli,milan,89,0,home,napoli,milan,2,2,1,0,0,2,2,ok,espn
D1-2324-2023-11-03-darmstadt-bochum,D1,2324,2023-11-03,darmstadt,bochum,69,0,home,darmstadt,bochum,1,2,1,0,0,1,2,ok,espn
I1-2324-2023-11-04-atalanta-inter,I1,2324,2023-11-04,atalanta,inter,90,2,home,atalanta,inter,1,2,1,0,0,1,2,ok,espn
SP1-2324-2023-11-04-betis-mallorca,SP1,2324,2023-11-04,betis,mallorca,45,0,away,mallorca,betis,0,1,1,0,0,2,0,ok,espn
SP1-2324-2023-11-04-celta-sevilla,SP1,2324,2023-11-04,celta,sevilla,65,0,home,celta,sevilla,1,0,1,0,0,1,1,ok,espn
D1-2324-2023-11-05-wolfsburg-werder-bremen,D1,2324,2023-11-05,wolfsburg,werder bremen,88,0,home,wolfsburg,werder bremen,2,2,1,0,0,2,2,ok,espn
F1-2324-2023-11-05-monaco-brest,F1,2324,2023-11-05,monaco,brest,90,3,away,brest,monaco,0,2,1,0,0,2,0,ok,espn
F1-2324-2023-11-05-nice-rennes,F1,2324,2023-11-05,nice,rennes,75,0,home,nice,rennes,1,0,1,0,0,2,0,ok,espn
F1-2324-2023-11-05-nice-rennes,F1,2324,2023-11-05,nice,rennes,85,0,away,rennes,nice,0,1,0,0,1,2,0,ok,espn
F1-2324-2023-11-05-strasbourg-clermont,F1,2324,2023-11-05,strasbourg,clermont,76,0,home,strasbourg,clermont,0,0,1,0,0,0,0,ok,espn
E0-2324-2023-11-06-tottenham-chelsea,E0,2324,2023-11-06,Tottenham,Chelsea,33,0,home,Tottenham,Chelsea,1,0,1,0,0,1,4,ok,espn
E0-2324-2023-11-06-tottenham-chelsea,E0,2324,2023-11-06,Tottenham,Chelsea,55,0,home,Tottenham,Chelsea,1,1,0,1,0,1,4,ok,espn
SP1-2324-2023-11-06-getafe-cadiz,SP1,2324,2023-11-06,getafe,cadiz,44,0,home,getafe,cadiz,0,0,1,0,0,1,0,ok,espn
E0-2324-2023-11-11-arsenal-burnley,E0,2324,2023-11-11,Arsenal,Burnley,83,0,home,Arsenal,Burnley,3,1,1,0,0,3,1,ok,espn
I1-2324-2023-11-11-lecce-milan,I1,2324,2023-11-11,lecce,milan,90,3,away,milan,lecce,2,2,1,0,0,2,2,ok,espn
E0-2324-2023-11-12-brighton-sheffield-united,E0,2324,2023-11-12,Brighton,Sheffield United,69,0,home,Brighton,Sheffield United,1,0,1,0,0,1,1,ok,espn
F1-2324-2023-11-12-rennes-lyon,F1,2324,2023-11-12,rennes,lyon,5,0,home,rennes,lyon,0,0,1,0,0,0,1,ok,espn
E0-2324-2023-11-25-newcastle-chelsea,E0,2324,2023-11-25,Newcastle,Chelsea,73,0,away,Chelsea,Newcastle,1,3,1,0,0,4,1,ok,espn
E0-2324-2023-11-25-nott-m-forest-brighton,E0,2324,2023-11-25,Nottingham Forest,Brighton,73,0,away,Brighton,Nottingham Forest,3,1,1,0,0,2,3,ok,espn
F1-2324-2023-11-25-clermont-lens,F1,2324,2023-11-25,clermont,lens,45,3,away,lens,clermont,1,0,1,0,0,0,3,ok,espn
F1-2324-2023-11-25-clermont-lens,F1,2324,2023-11-25,clermont,lens,45,3,home,clermont,lens,0,1,0,0,1,0,3,ok,espn
F1-2324-2023-11-26-nantes-le-havre,F1,2324,2023-11-26,nantes,le havre,67,0,away,le havre,nantes,0,0,1,0,0,0,0,ok,espn
SP1-2324-2023-11-26-sociedad-sevilla,SP1,2324,2023-11-26,sociedad,sevilla,88,0,away,sevilla,sociedad,1,2,1,0,0,2,1,ok,espn
SP1-2324-2023-11-26-sociedad-sevilla,SP1,2324,2023-11-26,sociedad,sevilla,88,0,away,sevilla,sociedad,1,2,0,1,0,2,1,ok,espn
SP1-2324-2023-12-01-las-palmas-getafe,SP1,2324,2023-12-01,las palmas,getafe,48,0,away,getafe,las palmas,0,1,1,0,0,2,0,ok,espn
E0-2324-2023-12-02-burnley-sheffield-united,E0,2324,2023-12-02,Burnley,Sheffield United,45,1,away,Sheffield United,Burnley,0,2,1,0,0,5,0,ok,espn
F1-2324-2023-12-02-lens-lyon,F1,2324,2023-12-02,lens,lyon,90,0,home,lens,lyon,3,2,1,0,0,3,2,ok,espn
I1-2324-2023-12-02-lazio-cagliari,I1,2324,2023-12-02,lazio,cagliari,27,0,away,cagliari,lazio,0,1,1,0,0,1,0,ok,espn
E0-2324-2023-12-03-chelsea-brighton,E0,2324,2023-12-03,Chelsea,Brighton,45,0,home,Chelsea,Brighton,2,1,1,0,0,3,2,ok,espn
F1-2324-2023-12-03-le-havre-paris-sg,F1,2324,2023-12-03,le havre,paris sg,10,0,away,paris sg,le havre,0,0,1,0,0,0,2,ok,espn
F1-2324-2023-12-03-marseille-rennes,F1,2324,2023-12-03,marseille,rennes,61,0,away,rennes,marseille,0,1,1,0,0,2,0,ok,espn
F1-2324-2023-12-03-marseille-rennes,F1,2324,2023-12-03,marseille,rennes,67,0,home,marseille,rennes,2,0,0,0,1,2,0,ok,espn
F1-2324-2023-12-03-monaco-montpellier,F1,2324,2023-12-03,monaco,montpellier,69,0,away,montpellier,monaco,0,1,1,0,0,2,0,ok,espn
I1-2324-2023-12-03-sassuolo-roma,I1,2324,2023-12-03,sassuolo,roma,63,0,home,sassuolo,roma,1,0,1,0,0,1,2,ok,espn
SP1-2324-2023-12-03-almeria-betis,SP1,2324,2023-12-03,almeria,betis,27,0,away,betis,almeria,0,0,1,0,0,0,0,ok,espn
SP1-2324-2023-12-04-celta-cadiz,SP1,2324,2023-12-04,celta,cadiz,33,0,away,cadiz,celta,1,0,1,0,0,1,1,ok,espn
SP1-2324-2023-12-08-getafe-valencia,SP1,2324,2023-12-08,getafe,valencia,50,0,away,valencia,getafe,0,0,1,0,0,1,0,ok,espn
SP1-2324-2023-12-08-getafe-valencia,SP1,2324,2023-12-08,getafe,valencia,88,0,away,valencia,getafe,0,1,0,1,0,1,0,ok,espn
SP1-2324-2023-12-08-getafe-valencia,SP1,2324,2023-12-08,getafe,valencia,90,2,home,getafe,valencia,1,0,0,0,2,1,0,ok,espn
D1-2324-2023-12-09-dortmund-rb-leipzig,D1,2324,2023-12-09,dortmund,rb leipzig,15,0,home,dortmund,rb leipzig,0,0,1,0,0,2,3,ok,espn
E0-2324-2023-12-09-crystal-palace-liverpool,E0,2324,2023-12-09,Crystal Palace,Liverpool,75,0,home,Crystal Palace,Liverpool,1,0,1,0,0,1,2,ok,espn
F1-2324-2023-12-09-rennes-monaco,F1,2324,2023-12-09,rennes,monaco,74,0,away,monaco,rennes,1,0,1,0,0,1,2,ok,espn
I1-2324-2023-12-09-atalanta-milan,I1,2324,2023-12-09,atalanta,milan,90,3,away,milan,atalanta,2,2,1,0,0,3,2,ok,espn
I1-2324-2023-12-09-verona-lazio,I1,2324,2023-12-09,verona,lazio,77,0,home,verona,lazio,1,1,1,0,0,1,1,ok,espn
F1-2324-2023-12-10-lorient-marseille,F1,2324,2023-12-10,lorient,marseille,80,0,away,marseille,lorient,4,2,1,0,0,2,4,ok,espn
I1-2324-2023-12-10-roma-fiorentina,I1,2324,2023-12-10,roma,fiorentina,64,0,home,roma,fiorentina,1,0,1,0,0,1,1,ok,espn
I1-2324-2023-12-10-roma-fiorentina,I1,2324,2023-12-10,roma,fiorentina,87,0,home,roma,fiorentina,1,1,0,1,0,1,1,ok,espn
I1-2324-2023-12-11-cagliari-sassuolo,I1,2324,2023-12-11,cagliari,sassuolo,62,0,away,sassuolo,cagliari,1,0,1,0,0,2,1,ok,espn
E0-2324-2023-12-15-nott-m-forest-tottenham,E0,2324,2023-12-15,Nottingham Forest,Tottenham,70,0,away,Tottenham,Nottingham Forest,2,0,1,0,0,0,2,ok,espn
D1-2324-2023-12-16-darmstadt-wolfsburg,D1,2324,2023-12-16,darmstadt,wolfsburg,27,0,away,wolfsburg,darmstadt,0,0,1,0,0,0,1,ok,espn
E0-2324-2023-12-16-newcastle-fulham,E0,2324,2023-12-16,Newcastle,Fulham,22,0,away,Fulham,Newcastle,0,0,1,0,0,3,0,ok,espn
F1-2324-2023-12-16-le-havre-nice,F1,2324,2023-12-16,le havre,nice,81,0,away,nice,le havre,0,3,1,0,0,3,1,ok,espn
F1-2324-2023-12-16-le-havre-nice,F1,2324,2023-12-16,le havre,nice,81,0,home,le havre,nice,3,0,0,0,1,3,1,ok,espn
SP1-2324-2023-12-16-celta-granada,SP1,2324,2023-12-16,celta,granada,80,0,home,celta,granada,1,0,1,0,0,1,0,ok,espn
D1-2324-2023-12-17-freiburg-koln,D1,2324,2023-12-17,freiburg,koln,62,0,away,koln,freiburg,0,0,1,0,0,2,0,ok,espn
E0-2324-2023-12-17-brentford-aston-villa,E0,2324,2023-12-17,Brentford,Aston Villa,71,0,home,Brentford,Aston Villa,1,0,1,0,0,1,2,ok,espn
E0-2324-2023-12-17-brentford-aston-villa,E0,2324,2023-12-17,Brentford,Aston Villa,90,7,away,Aston Villa,Brentford,2,1,0,0,1,1,2,ok,espn
E0-2324-2023-12-17-liverpool-man-united,E0,2324,2023-12-17,Liverpool,Manchester United,90,4,away,Manchester United,Liverpool,0,0,1,0,0,0,0,ok,espn
I1-2324-2023-12-17-lazio-inter,I1,2324,2023-12-17,lazio,inter,86,0,home,lazio,inter,0,2,1,0,0,0,2,ok,espn
I1-2324-2023-12-17-udinese-sassuolo,I1,2324,2023-12-17,udinese,sassuolo,59,0,home,udinese,sassuolo,2,0,1,0,0,2,2,ok,espn
SP1-2324-2023-12-19-ath-madrid-getafe,SP1,2324,2023-12-19,ath madrid,getafe,38,0,home,ath madrid,getafe,0,0,1,0,0,3,3,ok,espn
SP1-2324-2023-12-19-vallecano-valencia,SP1,2324,2023-12-19,vallecano,valencia,90,1,away,valencia,vallecano,1,0,1,0,0,0,1,ok,espn
D1-2324-2023-12-20-ein-frankfurt-m-gladbach,D1,2324,2023-12-20,ein frankfurt,m gladbach,88,0,away,m gladbach,ein frankfurt,1,0,1,0,0,2,1,ok,espn
F1-2324-2023-12-20-clermont-rennes,F1,2324,2023-12-20,clermont,rennes,45,1,home,clermont,rennes,1,0,1,0,0,1,3,ok,espn
F1-2324-2023-12-20-lyon-nantes,F1,2324,2023-12-20,lyon,nantes,84,0,home,lyon,nantes,1,0,1,0,0,1,0,ok,espn
F1-2324-2023-12-20-reims-le-havre,F1,2324,2023-12-20,reims,le havre,21,0,away,le havre,reims,0,0,1,0,0,1,0,ok,espn
F1-2324-2023-12-20-toulouse-monaco,F1,2324,2023-12-20,toulouse,monaco,51,0,away,monaco,toulouse,2,1,1,0,0,1,2,ok,espn
SP1-2324-2023-12-21-alaves-real-madrid,SP1,2324,2023-12-21,alaves,real madrid,54,0,away,real madrid,alaves,0,0,1,0,0,0,1,ok,espn
I1-2324-2023-12-22-salernitana-milan,I1,2324,2023-12-22,salernitana,milan,90,4,home,salernitana,milan,2,2,1,0,0,2,2,ok,espn
E0-2324-2023-12-23-nott-m-forest-bournemouth,E0,2324,2023-12-23,Nottingham Forest,Bournemouth,23,0,home,Nottingham Forest,Bournemouth,0,0,1,0,0,2,3,ok,espn
I1-2324-2023-12-23-inter-lecce,I1,2324,2023-12-23,inter,lecce,83,0,away,lecce,inter,0,2,1,0,0,2,0,ok,espn
I1-2324-2023-12-23-roma-napoli,I1,2324,2023-12-23,roma,napoli,66,0,away,napoli,roma,0,0,1,0,0,2,0,ok,espn
I1-2324-2023-12-23-roma-napoli,I1,2324,2023-12-23,roma,napoli,86,0,away,napoli,roma,0,1,0,1,0,2,0,ok,espn
I1-2324-2023-12-23-verona-cagliari,I1,2324,2023-12-23,verona,cagliari,51,0,away,cagliari,verona,0,0,1,0,0,2,0,ok,espn
SP1-2324-2023-12-23-ath-madrid-sevilla,SP1,2324,2023-12-23,ath madrid,sevilla,70,0,home,ath madrid,sevilla,1,0,1,0,0,1,0,ok,espn
E0-2324-2023-12-30-aston-villa-burnley,E0,2324,2023-12-30,Aston Villa,Burnley,56,0,away,Burnley,Aston Villa,1,2,1,0,0,3,2,ok,espn
SP1-2324-2024-01-02-getafe-vallecano,SP1,2324,2024-01-02,getafe,vallecano,40,0,home,getafe,vallecano,0,0,1,0,0,0,2,ok,espn
SP1-2324-2024-01-02-getafe-vallecano,SP1,2324,2024-01-02,getafe,vallecano,50,0,home,getafe,vallecano,0,2,0,1,0,0,2,ok,espn
SP1-2324-2024-01-02-getafe-vallecano,SP1,2324,2024-01-02,getafe,vallecano,70,0,home,getafe,vallecano,0,2,0,2,0,0,2,ok,espn
SP1-2324-2024-01-02-sociedad-alaves,SP1,2324,2024-01-02,sociedad,alaves,36,0,home,sociedad,alaves,0,0,1,0,0,1,1,ok,espn
SP1-2324-2024-01-03-granada-cadiz,SP1,2324,2024-01-03,granada,cadiz,54,0,away,cadiz,granada,0,1,1,0,0,2,0,ok,espn
SP1-2324-2024-01-04-las-palmas-barcelona,SP1,2324,2024-01-04,las palmas,barcelona,90,1,home,las palmas,barcelona,1,1,1,0,0,1,2,ok,espn
I1-2324-2024-01-06-inter-verona,I1,2324,2024-01-06,inter,verona,90,5,away,verona,inter,1,2,1,0,0,2,1,ok,espn
I1-2324-2024-01-07-salernitana-juventus,I1,2324,2024-01-07,salernitana,juventus,53,0,home,salernitana,juventus,1,0,1,0,0,1,2,ok,espn
I1-2324-2024-01-07-torino-napoli,I1,2324,2024-01-07,torino,napoli,50,0,away,napoli,torino,0,1,1,0,0,3,0,ok,espn
D1-2324-2024-01-12-bayern-munich-hoffenheim,D1,2324,2024-01-12,bayern munich,hoffenheim,74,0,away,hoffenheim,bayern munich,0,2,1,0,0,3,0,ok,espn
I1-2324-2024-01-13-verona-empoli,I1,2324,2024-01-13,verona,empoli,87,0,home,verona,empoli,2,1,1,0,0,2,1,ok,espn
F1-2324-2024-01-14-le-havre-lyon,F1,2324,2024-01-14,le havre,lyon,30,0,away,lyon,le havre,0,1,1,0,0,3,1,ok,espn
F1-2324-2024-01-14-le-havre-lyon,F1,2324,2024-01-14,le havre,lyon,90,0,away,lyon,le havre,1,3,0,1,0,3,1,ok,espn
F1-2324-2024-01-14-lens-paris-sg,F1,2324,2024-01-14,lens,paris sg,45,3,home,lens,paris sg,0,1,1,0,0,0,2,ok,espn
F1-2324-2024-01-14-metz-toulouse,F1,2324,2024-01-14,metz,toulouse,72,0,home,metz,toulouse,0,1,1,0,0,0,1,ok,espn
F1-2324-2024-01-14-nantes-clermont,F1,2324,2024-01-14,nantes,clermont,73,0,home,nantes,clermont,1,1,1,0,0,1,2,ok,espn
SP1-2324-2024-01-14-almeria-girona,SP1,2324,2024-01-14,almeria,girona,80,0,away,girona,almeria,0,0,1,0,0,0,0,ok,espn
D1-2324-2024-01-20-freiburg-hoffenheim,D1,2324,2024-01-20,freiburg,hoffenheim,82,0,home,freiburg,hoffenheim,2,2,1,0,0,3,2,ok,espn
SP1-2324-2024-01-20-vallecano-las-palmas,SP1,2324,2024-01-20,vallecano,las palmas,81,0,home,vallecano,las palmas,0,1,1,0,0,0,2,ok,espn
SP1-2324-2024-01-20-villarreal-mallorca,SP1,2324,2024-01-20,villarreal,mallorca,62,0,home,villarreal,mallorca,1,0,1,0,0,1,1,ok,espn
E0-2324-2024-01-21-sheffield-united-west-ham,E0,2324,2024-01-21,Sheffield United,West Ham,90,3,home,Sheffield United,West Ham,1,2,1,0,0,2,2,ok,espn
E0-2324-2024-01-21-sheffield-united-west-ham,E0,2324,2024-01-21,Sheffield United,West Ham,90,7,away,West Ham,Sheffield United,2,1,0,0,1,2,2,ok,espn
F1-2324-2024-01-27-marseille-monaco,F1,2324,2024-01-27,marseille,monaco,11,0,away,monaco,marseille,1,0,1,0,0,2,2,ok,espn
F1-2324-2024-01-27-marseille-monaco,F1,2324,2024-01-27,marseille,monaco,86,0,away,monaco,marseille,2,2,0,1,0,2,2,ok,espn
I1-2324-2024-01-27-juventus-empoli,I1,2324,2024-01-27,juventus,empoli,18,0,home,juventus,empoli,0,0,1,0,0,1,1,ok,espn
F1-2324-2024-01-28-montpellier-lille,F1,2324,2024-01-28,montpellier,lille,45,2,away,lille,montpellier,0,0,1,0,0,0,0,ok,espn
F1-2324-2024-01-28-paris-sg-brest,F1,2324,2024-01-28,paris sg,brest,90,4,home,paris sg,brest,2,2,1,0,0,2,2,ok,espn
SP1-2324-2024-01-28-sevilla-osasuna,SP1,2324,2024-01-28,sevilla,osasuna,86,0,home,sevilla,osasuna,1,1,1,0,0,1,1,ok,espn
SP1-2324-2024-01-31-barcelona-osasuna,SP1,2324,2024-01-31,barcelona,osasuna,67,0,away,osasuna,barcelona,0,1,1,0,0,1,0,ok,espn
D1-2324-2024-02-03-freiburg-stuttgart,D1,2324,2024-02-03,freiburg,stuttgart,18,0,home,freiburg,stuttgart,0,2,1,0,0,1,3,ok,espn
D1-2324-2024-02-03-koln-ein-frankfurt,D1,2324,2024-02-03,koln,ein frankfurt,66,0,away,ein frankfurt,koln,0,0,1,0,0,2,0,ok,espn
D1-2324-2024-02-03-koln-ein-frankfurt,D1,2324,2024-02-03,koln,ein frankfurt,83,0,away,ein frankfurt,koln,0,2,0,1,0,2,0,ok,espn
I1-2324-2024-02-03-empoli-genoa,I1,2324,2024-02-03,empoli,genoa,90,2,away,genoa,empoli,0,0,1,0,0,0,0,ok,espn
SP1-2324-2024-02-03-alaves-barcelona,SP1,2324,2024-02-03,alaves,barcelona,72,0,away,barcelona,alaves,3,1,1,0,0,1,3,ok,espn
SP1-2324-2024-02-03-granada-las-palmas,SP1,2324,2024-02-03,granada,las palmas,21,0,home,granada,las palmas,0,0,1,0,0,1,1,ok,espn
SP1-2324-2024-02-03-granada-las-palmas,SP1,2324,2024-02-03,granada,las palmas,71,0,away,las palmas,granada,1,1,0,0,1,1,1,ok,espn
D1-2324-2024-02-04-rb-leipzig-union-berlin,D1,2324,2024-02-04,rb leipzig,union berlin,73,0,away,union berlin,rb leipzig,0,2,1,0,0,2,0,ok,espn
E0-2324-2024-02-04-arsenal-liverpool,E0,2324,2024-02-04,Arsenal,Liverpool,88,0,away,Liverpool,Arsenal,1,2,1,0,0,3,1,ok,espn
E0-2324-2024-02-04-bournemouth-nott-m-forest,E0,2324,2024-02-04,Bournemouth,Nottingham Forest,84,0,home,Bournemouth,Nottingham Forest,1,1,1,0,0,1,1,ok,espn
F1-2324-2024-02-09-marseille-metz,F1,2324,2024-02-09,marseille,metz,31,0,home,marseille,metz,0,0,1,0,0,1,1,ok,espn
F1-2324-2024-02-11-clermont-brest,F1,2324,2024-02-11,clermont,brest,87,0,home,clermont,brest,1,1,1,0,0,1,1,ok,espn
F1-2324-2024-02-11-clermont-brest,F1,2324,2024-02-11,clermont,brest,88,0,away,brest,clermont,1,1,0,0,1,1,1,ok,espn
F1-2324-2024-02-11-nice-monaco,F1,2324,2024-02-11,nice,monaco,54,0,home,nice,monaco,1,2,1,0,0,2,3,ok,espn
SP1-2324-2024-02-12-almeria-ath-bilbao,SP1,2324,2024-02-12,almeria,ath bilbao,53,0,home,almeria,ath bilbao,0,0,1,0,0,0,0,ok,espn
I1-2324-2024-02-16-torino-lecce,I1,2324,2024-02-16,torino,lecce,70,0,away,lecce,torino,0,1,1,0,0,2,0,ok,espn
D1-2324-2024-02-17-darmstadt-stuttgart,D1,2324,2024-02-17,darmstadt,stuttgart,45,22,away,stuttgart,darmstadt,1,0,1,0,0,1,2,ok,espn
D1-2324-2024-02-17-hoffenheim-union-berlin,D1,2324,2024-02-17,hoffenheim,union berlin,45,4,home,hoffenheim,union berlin,0,0,1,0,0,0,1,ok,espn
D1-2324-2024-02-17-hoffenheim-union-berlin,D1,2324,2024-02-17,hoffenheim,union berlin,45,6,away,union berlin,hoffenheim,0,0,0,0,1,0,1,ok,espn
D1-2324-2024-02-17-mainz-augsburg,D1,2324,2024-02-17,mainz,augsburg,90,12,away,augsburg,mainz,0,1,1,0,0,1,0,ok,espn
E0-2324-2024-02-17-nott-m-forest-west-ham,E0,2324,2024-02-17,Nottingham Forest,West Ham,71,0,away,West Ham,Nottingham Forest,0,1,1,0,0,2,0,ok,espn
D1-2324-2024-02-18-bochum-bayern-munich,D1,2324,2024-02-18,bochum,bayern munich,77,0,away,bayern munich,bochum,1,2,1,0,0,3,2,ok,espn
E0-2324-2024-02-18-sheffield-united-brighton,E0,2324,2024-02-18,Sheffield United,Brighton,13,0,home,Sheffield United,Brighton,0,0,1,0,0,0,5,ok,espn
F1-2324-2024-02-18-brest-marseille,F1,2324,2024-02-18,brest,marseille,60,0,home,brest,marseille,0,0,1,0,0,1,0,ok,espn
F1-2324-2024-02-18-rennes-clermont,F1,2324,2024-02-18,rennes,clermont,77,0,away,clermont,rennes,1,3,1,0,0,3,1,ok,espn
F1-2324-2024-02-18-strasbourg-lorient,F1,2324,2024-02-18,strasbourg,lorient,90,5,home,strasbourg,lorient,1,3,1,0,0,1,3,ok,espn
I1-2324-2024-02-18-monza-milan,I1,2324,2024-02-18,monza,milan,52,0,away,milan,monza,0,2,1,0,0,4,2,ok,espn
SP1-2324-2024-02-18-mallorca-sociedad,SP1,2324,2024-02-18,mallorca,sociedad,45,4,home,mallorca,sociedad,1,1,1,0,0,1,2,ok,espn
SP1-2324-2024-02-18-mallorca-sociedad,SP1,2324,2024-02-18,mallorca,sociedad,90,7,home,mallorca,sociedad,1,2,0,1,0,1,2,ok,espn
SP1-2324-2024-02-18-vallecano-real-madrid,SP1,2324,2024-02-18,vallecano,real madrid,90,5,away,real madrid,vallecano,1,1,1,0,0,1,1,ok,espn
I1-2324-2024-02-22-torino-lazio,I1,2324,2024-02-22,torino,lazio,79,0,away,lazio,torino,2,0,1,0,0,0,2,ok,espn
D1-2324-2024-02-23-leverkusen-mainz,D1,2324,2024-02-23,leverkusen,mainz,80,0,away,mainz,leverkusen,1,2,1,0,0,2,1,ok,espn
E0-2324-2024-02-24-brighton-everton,E0,2324,2024-02-24,Brighton,Everton,81,0,home,Brighton,Everton,0,1,1,0,0,1,1,ok,espn
E0-2324-2024-02-24-crystal-palace-burnley,E0,2324,2024-02-24,Crystal Palace,Burnley,35,0,away,Burnley,Crystal Palace,0,0,1,0,0,3,0,ok,espn
I1-2324-2024-02-24-genoa-udinese,I1,2324,2024-02-24,genoa,udinese,48,0,away,udinese,genoa,0,2,1,0,0,2,0,ok,espn
F1-2324-2024-02-25-le-havre-reims,F1,2324,2024-02-25,le havre,reims,66,0,away,reims,le havre,1,0,1,0,0,1,2,ok,espn
SP1-2324-2024-02-25-betis-ath-bilbao,SP1,2324,2024-02-25,betis,ath bilbao,40,0,away,ath bilbao,betis,0,2,1,0,0,3,1,ok,espn
SP1-2324-2024-02-26-girona-vallecano,SP1,2324,2024-02-26,girona,vallecano,76,0,away,vallecano,girona,0,1,1,0,0,3,0,ok,espn
I1-2324-2024-03-01-lazio-milan,I1,2324,2024-03-01,lazio,milan,57,0,home,lazio,milan,0,0,1,0,0,0,1,ok,espn
I1-2324-2024-03-01-lazio-milan,I1,2324,2024-03-01,lazio,milan,90,4,home,lazio,milan,0,1,0,1,0,0,1,ok,espn
I1-2324-2024-03-01-lazio-milan,I1,2324,2024-03-01,lazio,milan,90,6,home,lazio,milan,0,1,0,2,0,0,1,ok,espn
SP1-2324-2024-03-01-celta-almeria,SP1,2324,2024-03-01,celta,almeria,65,0,away,almeria,celta,0,0,1,0,0,1,0,ok,espn
D1-2324-2024-03-02-bochum-rb-leipzig,D1,2324,2024-03-02,bochum,rb leipzig,86,0,home,bochum,rb leipzig,1,4,1,0,0,1,4,ok,espn
D1-2324-2024-03-02-mainz-m-gladbach,D1,2324,2024-03-02,mainz,m gladbach,84,0,home,mainz,m gladbach,1,1,1,0,0,1,1,ok,espn
I1-2324-2024-03-02-torino-fiorentina,I1,2324,2024-03-02,torino,fiorentina,45,7,home,torino,fiorentina,0,0,1,0,0,0,0,ok,espn
I1-2324-2024-03-02-udinese-salernitana,I1,2324,2024-03-02,udinese,salernitana,64,0,home,udinese,salernitana,1,1,1,0,0,1,1,ok,espn
SP1-2324-2024-03-02-valencia-real-madrid,SP1,2324,2024-03-02,valencia,real madrid,90,10,away,real madrid,valencia,2,2,1,0,0,2,2,ok,espn
D1-2324-2024-03-03-hoffenheim-werder-bremen,D1,2324,2024-03-03,hoffenheim,werder bremen,73,0,home,hoffenheim,werder bremen,2,0,1,0,0,2,1,ok,espn
D1-2324-2024-03-03-koln-leverkusen,D1,2324,2024-03-03,koln,leverkusen,14,0,home,koln,leverkusen,0,0,1,0,0,0,2,ok,espn
F1-2324-2024-03-03-lyon-lens,F1,2324,2024-03-03,lyon,lens,84,0,home,lyon,lens,0,2,1,0,0,0,3,ok,espn
D1-2324-2024-03-08-stuttgart-union-berlin,D1,2324,2024-03-08,stuttgart,union berlin,69,0,away,union berlin,stuttgart,0,2,1,0,0,2,0,ok,espn
D1-2324-2024-03-09-werder-bremen-dortmund,D1,2324,2024-03-09,werder bremen,dortmund,45,1,away,dortmund,werder bremen,2,0,1,0,0,1,2,ok,espn
D1-2324-2024-03-10-ein-frankfurt-hoffenheim,D1,2324,2024-03-10,ein frankfurt,hoffenheim,22,0,away,hoffenheim,ein frankfurt,1,0,1,0,0,3,1,ok,espn
D1-2324-2024-03-10-ein-frankfurt-hoffenheim,D1,2324,2024-03-10,ein frankfurt,hoffenheim,78,0,away,hoffenheim,ein frankfurt,1,3,0,1,0,3,1,ok,espn
D1-2324-2024-03-10-leverkusen-wolfsburg,D1,2324,2024-03-10,leverkusen,wolfsburg,28,0,away,wolfsburg,leverkusen,0,0,1,0,0,2,0,ok,espn
E0-2324-2024-03-10-aston-villa-tottenham,E0,2324,2024-03-10,Aston Villa,Tottenham,65,0,home,Aston Villa,Tottenham,0,2,1,0,0,0,4,ok,espn
I1-2324-2024-03-10-lecce-verona,I1,2324,2024-03-10,lecce,verona,90,8,away,verona,lecce,1,0,1,0,0,0,1,ok,espn
SP1-2324-2024-03-10-betis-villarreal,SP1,2324,2024-03-10,betis,villarreal,70,0,away,villarreal,betis,3,2,1,0,0,2,3,ok,espn
SP1-2324-2024-03-10-betis-villarreal,SP1,2324,2024-03-10,betis,villarreal,70,0,home,betis,villarreal,2,3,0,0,1,2,3,ok,espn
I1-2324-2024-03-11-lazio-udinese,I1,2324,2024-03-11,lazio,udinese,90,4,away,udinese,lazio,2,1,1,0,0,1,2,ok,espn
D1-2324-2024-03-16-wolfsburg-augsburg,D1,2324,2024-03-16,wolfsburg,augsburg,45,0,home,wolfsburg,augsburg,1,0,1,0,0,1,3,ok,espn
E0-2324-2024-03-16-burnley-brentford,E0,2324,2024-03-16,Burnley,Brentford,8,0,away,Brentford,Burnley,0,0,1,0,0,2,1,ok,espn
F1-2324-2024-03-17-clermont-le-havre,F1,2324,2024-03-17,clermont,le havre,30,0,home,clermont,le havre,1,0,1,0,0,2,1,ok,espn
F1-2324-2024-03-17-clermont-le-havre,F1,2324,2024-03-17,clermont,le havre,66,0,away,le havre,clermont,1,2,0,0,1,2,1,ok,espn
F1-2324-2024-03-17-monaco-lorient,F1,2324,2024-03-17,monaco,lorient,81,0,home,monaco,lorient,2,1,1,0,0,2,2,ok,espn
F1-2324-2024-03-17-monaco-lorient,F1,2324,2024-03-17,monaco,lorient,89,0,away,lorient,monaco,1,2,0,0,1,2,2,ok,espn
I1-2324-2024-03-17-juventus-genoa,I1,2324,2024-03-17,juventus,genoa,90,3,home,juventus,genoa,0,0,1,0,0,0,0,ok,espn
SP1-2324-2024-03-17-ath-madrid-barcelona,SP1,2324,2024-03-17,ath madrid,barcelona,90,2,home,ath madrid,barcelona,0,3,1,0,0,0,3,ok,espn
D1-2324-2024-03-30-werder-bremen-wolfsburg,D1,2324,2024-03-30,werder bremen,wolfsburg,43,0,home,werder bremen,wolfsburg,0,0,1,0,0,0,2,ok,espn
D1-2324-2024-03-30-werder-bremen-wolfsburg,D1,2324,2024-03-30,werder bremen,wolfsburg,76,0,away,wolfsburg,werder bremen,1,0,0,0,1,0,2,ok,espn
E0-2324-2024-03-30-chelsea-burnley,E0,2324,2024-03-30,Chelsea,Burnley,40,0,away,Burnley,Chelsea,0,0,1,0,0,2,2,ok,espn
E0-2324-2024-03-30-newcastle-west-ham,E0,2324,2024-03-30,Newcastle,West Ham,90,4,home,Newcastle,West Ham,4,3,1,0,0,4,3,ok,espn
I1-2324-2024-03-30-torino-monza,I1,2324,2024-03-30,torino,monza,72,0,away,monza,torino,0,1,1,0,0,1,0,ok,espn
SP1-2324-2024-03-30-barcelona-las-palmas,SP1,2324,2024-03-30,barcelona,las palmas,24,0,away,las palmas,barcelona,0,0,1,0,0,1,0,ok,espn
D1-2324-2024-03-31-stuttgart-heidenheim,D1,2324,2024-03-31,stuttgart,heidenheim,90,6,away,heidenheim,stuttgart,3,2,1,0,0,3,3,ok,espn
F1-2324-2024-03-31-lorient-brest,F1,2324,2024-03-31,lorient,brest,90,6,away,brest,lorient,1,0,1,0,0,0,1,ok,espn
F1-2324-2024-03-31-marseille-paris-sg,F1,2324,2024-03-31,marseille,paris sg,40,0,away,paris sg,marseille,0,0,1,0,0,0,2,ok,espn
D1-2324-2024-04-05-ein-frankfurt-werder-bremen,D1,2324,2024-04-05,ein frankfurt,werder bremen,73,0,away,werder bremen,ein frankfurt,1,0,1,0,0,1,1,ok,espn
D1-2324-2024-04-05-ein-frankfurt-werder-bremen,D1,2324,2024-04-05,ein frankfurt,werder bremen,89,0,home,ein frankfurt,werder bremen,1,1,0,0,1,1,1,ok,espn
D1-2324-2024-04-06-union-berlin-leverkusen,D1,2324,2024-04-06,union berlin,leverkusen,45,3,home,union berlin,leverkusen,0,0,1,0,0,0,1,ok,espn
E0-2324-2024-04-06-everton-burnley,E0,2324,2024-04-06,Everton,Burnley,67,0,away,Burnley,Everton,0,1,1,0,0,1,0,ok,espn
I1-2324-2024-04-06-milan-lecce,I1,2324,2024-04-06,milan,lecce,45,0,away,lecce,milan,0,2,1,0,0,3,0,ok,espn
F1-2324-2024-04-07-monaco-rennes,F1,2324,2024-04-07,monaco,rennes,46,0,away,rennes,monaco,0,1,1,0,0,1,0,ok,espn
F1-2324-2024-04-07-monaco-rennes,F1,2324,2024-04-07,monaco,rennes,64,0,home,monaco,rennes,1,0,0,0,1,1,0,ok,espn
D1-2324-2024-04-13-m-gladbach-dortmund,D1,2324,2024-04-13,m gladbach,dortmund,55,0,away,dortmund,m gladbach,2,1,1,0,0,1,2,ok,espn
F1-2324-2024-04-13-strasbourg-reims,F1,2324,2024-04-13,strasbourg,reims,45,7,away,reims,strasbourg,1,1,1,0,0,3,1,ok,espn
F1-2324-2024-04-14-lyon-brest,F1,2324,2024-04-14,lyon,brest,86,0,away,brest,lyon,3,3,1,0,0,4,3,ok,espn
F1-2324-2024-04-14-lyon-brest,F1,2324,2024-04-14,lyon,brest,86,0,home,lyon,brest,3,3,0,0,1,4,3,ok,espn
I1-2324-2024-04-14-napoli-frosinone,I1,2324,2024-04-14,napoli,frosinone,90,8,home,napoli,frosinone,2,2,1,0,0,2,2,ok,espn
SP1-2324-2024-04-14-ath-bilbao-villarreal,SP1,2324,2024-04-14,ath bilbao,villarreal,46,0,away,villarreal,ath bilbao,0,0,1,0,0,1,1,ok,espn
SP1-2324-2024-04-14-las-palmas-sevilla,SP1,2324,2024-04-14,las palmas,sevilla,6,0,home,las palmas,sevilla,0,0,1,0,0,0,2,ok,espn
SP1-2324-2024-04-14-sociedad-almeria,SP1,2324,2024-04-14,sociedad,almeria,87,0,home,sociedad,almeria,2,1,1,0,0,2,2,ok,espn
F1-2324-2024-04-21-brest-monaco,F1,2324,2024-04-21,brest,monaco,90,1,away,monaco,brest,2,0,1,0,0,0,2,ok,espn
F1-2324-2024-04-21-brest-monaco,F1,2324,2024-04-21,brest,monaco,90,5,away,monaco,brest,2,0,0,1,0,0,2,ok,espn
SP1-2324-2024-04-21-almeria-villarreal,SP1,2324,2024-04-21,almeria,villarreal,87,0,home,almeria,villarreal,1,1,1,0,0,1,2,ok,espn
I1-2324-2024-04-22-milan-inter,I1,2324,2024-04-22,milan,inter,90,3,away,inter,milan,2,1,1,0,0,1,2,ok,espn
I1-2324-2024-04-22-milan-inter,I1,2324,2024-04-22,milan,inter,90,3,home,milan,inter,1,2,0,0,1,1,2,ok,espn
I1-2324-2024-04-22-milan-inter,I1,2324,2024-04-22,milan,inter,90,7,home,milan,inter,1,2,0,1,1,1,2,ok,espn
E0-2324-2024-04-24-wolves-bournemouth,E0,2324,2024-04-24,Wolves,Bournemouth,79,0,away,Bournemouth,Wolves,1,0,1,0,0,0,1,ok,espn
F1-2324-2024-04-24-marseille-nice,F1,2324,2024-04-24,marseille,nice,45,2,home,marseille,nice,1,1,1,0,0,2,2,ok,espn
F1-2324-2024-04-26-montpellier-nantes,F1,2324,2024-04-26,montpellier,nantes,90,1,home,montpellier,nantes,1,1,1,0,0,1,1,ok,espn
F1-2324-2024-04-26-montpellier-nantes,F1,2324,2024-04-26,montpellier,nantes,90,5,home,montpellier,nantes,1,1,0,1,0,1,1,ok,espn
D1-2324-2024-04-27-freiburg-wolfsburg,D1,2324,2024-04-27,freiburg,wolfsburg,64,0,home,freiburg,wolfsburg,1,0,1,0,0,1,2,ok,espn
SP1-2324-2024-04-27-almeria-getafe,SP1,2324,2024-04-27,almeria,getafe,90,1,home,almeria,getafe,1,3,1,0,0,1,3,ok,espn
D1-2324-2024-04-28-mainz-koln,D1,2324,2024-04-28,mainz,koln,90,9,home,mainz,koln,1,1,1,0,0,1,1,ok,espn
F1-2324-2024-04-28-clermont-reims,F1,2324,2024-04-28,clermont,reims,77,0,away,reims,clermont,1,2,1,0,0,4,1,ok,espn
I1-2324-2024-04-28-bologna-udinese,I1,2324,2024-04-28,bologna,udinese,64,0,home,bologna,udinese,0,1,1,0,0,1,1,ok,espn
I1-2324-2024-04-28-inter-torino,I1,2324,2024-04-28,inter,torino,49,0,away,torino,inter,0,0,1,0,0,2,0,ok,espn
SP1-2324-2024-04-29-barcelona-valencia,SP1,2324,2024-04-29,barcelona,valencia,45,4,away,valencia,barcelona,2,1,1,0,0,4,2,ok,espn
D1-2324-2024-05-03-hoffenheim-rb-leipzig,D1,2324,2024-05-03,hoffenheim,rb leipzig,72,0,away,rb leipzig,hoffenheim,1,0,1,0,0,1,1,ok,espn
F1-2324-2024-05-03-toulouse-montpellier,F1,2324,2024-05-03,toulouse,montpellier,65,0,away,montpellier,toulouse,1,1,1,0,0,1,2,ok,espn
F1-2324-2024-05-03-toulouse-montpellier,F1,2324,2024-05-03,toulouse,montpellier,83,0,home,toulouse,montpellier,1,2,0,0,1,1,2,ok,espn
SP1-2324-2024-05-03-getafe-ath-bilbao,SP1,2324,2024-05-03,getafe,ath bilbao,58,0,away,ath bilbao,getafe,2,0,1,0,0,0,2,ok,espn
SP1-2324-2024-05-03-getafe-ath-bilbao,SP1,2324,2024-05-03,getafe,ath bilbao,79,0,away,ath bilbao,getafe,2,0,0,1,0,0,2,ok,espn
E0-2324-2024-05-04-sheffield-united-nott-m-forest,E0,2324,2024-05-04,Sheffield United,Nottingham Forest,90,6,home,Sheffield United,Nottingham Forest,1,3,1,0,0,1,3,ok,espn
F1-2324-2024-05-04-metz-rennes,F1,2324,2024-05-04,metz,rennes,90,5,home,metz,rennes,2,3,1,0,0,2,3,ok,espn
I1-2324-2024-05-05-cagliari-lecce,I1,2324,2024-05-05,cagliari,lecce,44,0,home,cagliari,lecce,1,0,1,0,0,1,1,ok,espn
SP1-2324-2024-05-05-celta-villarreal,SP1,2324,2024-05-05,celta,villarreal,17,0,away,villarreal,celta,1,0,1,0,0,3,2,ok,espn
SP1-2324-2024-05-05-osasuna-betis,SP1,2324,2024-05-05,osasuna,betis,26,0,home,osasuna,betis,0,0,1,0,0,0,2,ok,espn
E0-2324-2024-05-11-fulham-man-city,E0,2324,2024-05-11,Fulham,Manchester City,90,5,home,Fulham,Manchester City,0,3,1,0,0,0,4,ok,espn
E0-2324-2024-05-11-wolves-crystal-palace,E0,2324,2024-05-11,Wolves,Crystal Palace,85,0,away,Crystal Palace,Wolves,3,1,1,0,0,1,3,ok,espn
D1-2324-2024-05-12-bochum-leverkusen,D1,2324,2024-05-12,bochum,leverkusen,15,0,home,bochum,leverkusen,0,0,1,0,0,0,5,ok,espn
I1-2324-2024-05-12-verona-torino,I1,2324,2024-05-12,verona,torino,90,6,home,verona,torino,1,2,1,0,0,1,2,ok,espn
SP1-2324-2024-05-14-girona-villarreal,SP1,2324,2024-05-14,girona,villarreal,90,5,away,villarreal,girona,1,0,1,0,0,0,1,ok,espn
E0-2324-2024-05-15-brighton-chelsea,E0,2324,2024-05-15,Brighton,Chelsea,88,0,away,Chelsea,Brighton,2,0,1,0,0,1,2,ok,espn
F1-2324-2024-05-15-nice-paris-sg,F1,2324,2024-05-15,nice,paris sg,75,0,home,nice,paris sg,1,2,1,0,0,1,2,ok,espn
SP1-2324-2024-05-15-vallecano-granada,SP1,2324,2024-05-15,vallecano,granada,5,0,home,vallecano,granada,0,0,1,0,0,2,1,ok,espn
SP1-2324-2024-05-18-alaves-getafe,SP1,2324,2024-05-18,alaves,getafe,90,4,away,getafe,alaves,0,1,1,0,0,1,0,ok,espn
E0-2324-2024-05-19-liverpool-wolves,E0,2324,2024-05-19,Liverpool,Wolves,28,0,away,Wolves,Liverpool,0,0,1,0,0,2,0,ok,espn
F1-2324-2024-05-19-lille-nice,F1,2324,2024-05-19,lille,nice,90,8,home,lille,nice,2,2,1,0,0,2,2,ok,espn
I1-2324-2024-05-19-roma-genoa,I1,2324,2024-05-19,roma,genoa,72,0,home,roma,genoa,0,0,1,0,0,1,0,ok,espn
I1-2324-2024-05-19-sassuolo-cagliari,I1,2324,2024-05-19,sassuolo,cagliari,90,3,home,sassuolo,cagliari,0,2,1,0,0,0,2,ok,espn
I1-2324-2024-05-19-udinese-empoli,I1,2324,2024-05-19,udinese,empoli,90,15,away,empoli,udinese,1,1,1,0,0,1,1,ok,espn
SP1-2324-2024-05-19-cadiz-las-palmas,SP1,2324,2024-05-19,cadiz,las palmas,74,0,home,cadiz,las palmas,0,0,1,0,0,0,0,ok,espn
SP1-2324-2024-05-24-girona-granada,SP1,2324,2024-05-24,girona,granada,61,0,away,granada,girona,0,4,1,0,0,7,0,ok,espn
I1-2324-2024-05-25-juventus-monza,I1,2324,2024-05-25,juventus,monza,90,0,away,monza,juventus,0,2,1,0,0,2,0,ok,espn
SP1-2324-2024-05-25-sociedad-ath-madrid,SP1,2324,2024-05-25,sociedad,ath madrid,90,1,away,ath madrid,sociedad,1,0,1,0,0,0,2,ok,espn
